[2025-04-22T07:54:09.174+0000] {processor.py:186} INFO - Started process (PID=4887) to work on /opt/airflow/dags/minio_file_compression_and_email.py
[2025-04-22T07:54:09.174+0000] {processor.py:914} INFO - Processing file /opt/airflow/dags/minio_file_compression_and_email.py for tasks to queue
[2025-04-22T07:54:09.176+0000] {logging_mixin.py:190} INFO - [2025-04-22T07:54:09.175+0000] {dagbag.py:588} INFO - Filling up the DagBag from /opt/airflow/dags/minio_file_compression_and_email.py
[2025-04-22T07:54:09.188+0000] {processor.py:925} INFO - DAG(s) 'minio_file_compression_and_email' retrieved from /opt/airflow/dags/minio_file_compression_and_email.py
[2025-04-22T07:54:09.285+0000] {logging_mixin.py:190} INFO - [2025-04-22T07:54:09.284+0000] {dag.py:3239} INFO - Sync 1 DAGs
[2025-04-22T07:54:09.306+0000] {logging_mixin.py:190} INFO - [2025-04-22T07:54:09.306+0000] {dag.py:4180} INFO - Setting next_dagrun for minio_file_compression_and_email to 2025-04-22 00:00:00+00:00, run_after=2025-04-22 00:00:00+00:00
[2025-04-22T07:54:09.324+0000] {processor.py:208} INFO - Processing /opt/airflow/dags/minio_file_compression_and_email.py took 0.155 seconds
[2025-04-22T07:54:40.064+0000] {processor.py:186} INFO - Started process (PID=4957) to work on /opt/airflow/dags/minio_file_compression_and_email.py
[2025-04-22T07:54:40.064+0000] {processor.py:914} INFO - Processing file /opt/airflow/dags/minio_file_compression_and_email.py for tasks to queue
[2025-04-22T07:54:40.066+0000] {logging_mixin.py:190} INFO - [2025-04-22T07:54:40.065+0000] {dagbag.py:588} INFO - Filling up the DagBag from /opt/airflow/dags/minio_file_compression_and_email.py
[2025-04-22T07:54:40.077+0000] {processor.py:925} INFO - DAG(s) 'minio_file_compression_and_email' retrieved from /opt/airflow/dags/minio_file_compression_and_email.py
[2025-04-22T07:54:40.094+0000] {logging_mixin.py:190} INFO - [2025-04-22T07:54:40.094+0000] {dag.py:3239} INFO - Sync 1 DAGs
[2025-04-22T07:54:40.112+0000] {logging_mixin.py:190} INFO - [2025-04-22T07:54:40.111+0000] {dag.py:4180} INFO - Setting next_dagrun for minio_file_compression_and_email to 2025-04-22 00:00:00+00:00, run_after=2025-04-22 00:00:00+00:00
[2025-04-22T07:54:40.127+0000] {processor.py:208} INFO - Processing /opt/airflow/dags/minio_file_compression_and_email.py took 0.067 seconds
[2025-04-22T07:55:10.634+0000] {processor.py:186} INFO - Started process (PID=5027) to work on /opt/airflow/dags/minio_file_compression_and_email.py
[2025-04-22T07:55:10.635+0000] {processor.py:914} INFO - Processing file /opt/airflow/dags/minio_file_compression_and_email.py for tasks to queue
[2025-04-22T07:55:10.636+0000] {logging_mixin.py:190} INFO - [2025-04-22T07:55:10.636+0000] {dagbag.py:588} INFO - Filling up the DagBag from /opt/airflow/dags/minio_file_compression_and_email.py
[2025-04-22T07:55:10.645+0000] {processor.py:925} INFO - DAG(s) 'minio_file_compression_and_email' retrieved from /opt/airflow/dags/minio_file_compression_and_email.py
[2025-04-22T07:55:10.662+0000] {logging_mixin.py:190} INFO - [2025-04-22T07:55:10.662+0000] {dag.py:3239} INFO - Sync 1 DAGs
[2025-04-22T07:55:10.681+0000] {logging_mixin.py:190} INFO - [2025-04-22T07:55:10.680+0000] {dag.py:4180} INFO - Setting next_dagrun for minio_file_compression_and_email to 2025-04-22 00:00:00+00:00, run_after=2025-04-22 00:00:00+00:00
[2025-04-22T07:55:10.695+0000] {processor.py:208} INFO - Processing /opt/airflow/dags/minio_file_compression_and_email.py took 0.065 seconds
[2025-04-22T07:55:41.384+0000] {processor.py:186} INFO - Started process (PID=5097) to work on /opt/airflow/dags/minio_file_compression_and_email.py
[2025-04-22T07:55:41.385+0000] {processor.py:914} INFO - Processing file /opt/airflow/dags/minio_file_compression_and_email.py for tasks to queue
[2025-04-22T07:55:41.386+0000] {logging_mixin.py:190} INFO - [2025-04-22T07:55:41.385+0000] {dagbag.py:588} INFO - Filling up the DagBag from /opt/airflow/dags/minio_file_compression_and_email.py
[2025-04-22T07:55:41.397+0000] {processor.py:925} INFO - DAG(s) 'minio_file_compression_and_email' retrieved from /opt/airflow/dags/minio_file_compression_and_email.py
[2025-04-22T07:55:41.417+0000] {logging_mixin.py:190} INFO - [2025-04-22T07:55:41.417+0000] {dag.py:3239} INFO - Sync 1 DAGs
[2025-04-22T07:55:41.438+0000] {logging_mixin.py:190} INFO - [2025-04-22T07:55:41.438+0000] {dag.py:4180} INFO - Setting next_dagrun for minio_file_compression_and_email to 2025-04-22 00:00:00+00:00, run_after=2025-04-22 00:00:00+00:00
[2025-04-22T07:55:41.457+0000] {processor.py:208} INFO - Processing /opt/airflow/dags/minio_file_compression_and_email.py took 0.078 seconds
[2025-04-22T07:56:12.255+0000] {processor.py:186} INFO - Started process (PID=5168) to work on /opt/airflow/dags/minio_file_compression_and_email.py
[2025-04-22T07:56:12.256+0000] {processor.py:914} INFO - Processing file /opt/airflow/dags/minio_file_compression_and_email.py for tasks to queue
[2025-04-22T07:56:12.257+0000] {logging_mixin.py:190} INFO - [2025-04-22T07:56:12.257+0000] {dagbag.py:588} INFO - Filling up the DagBag from /opt/airflow/dags/minio_file_compression_and_email.py
[2025-04-22T07:56:12.272+0000] {processor.py:925} INFO - DAG(s) 'minio_file_compression_and_email' retrieved from /opt/airflow/dags/minio_file_compression_and_email.py
[2025-04-22T07:56:12.288+0000] {logging_mixin.py:190} INFO - [2025-04-22T07:56:12.288+0000] {dag.py:3239} INFO - Sync 1 DAGs
[2025-04-22T07:56:12.306+0000] {logging_mixin.py:190} INFO - [2025-04-22T07:56:12.306+0000] {dag.py:4180} INFO - Setting next_dagrun for minio_file_compression_and_email to None, run_after=None
[2025-04-22T07:56:12.320+0000] {processor.py:208} INFO - Processing /opt/airflow/dags/minio_file_compression_and_email.py took 0.069 seconds
[2025-04-22T07:56:43.082+0000] {processor.py:186} INFO - Started process (PID=5238) to work on /opt/airflow/dags/minio_file_compression_and_email.py
[2025-04-22T07:56:43.083+0000] {processor.py:914} INFO - Processing file /opt/airflow/dags/minio_file_compression_and_email.py for tasks to queue
[2025-04-22T07:56:43.084+0000] {logging_mixin.py:190} INFO - [2025-04-22T07:56:43.084+0000] {dagbag.py:588} INFO - Filling up the DagBag from /opt/airflow/dags/minio_file_compression_and_email.py
[2025-04-22T07:56:43.093+0000] {processor.py:925} INFO - DAG(s) 'minio_file_compression_and_email' retrieved from /opt/airflow/dags/minio_file_compression_and_email.py
[2025-04-22T07:56:43.112+0000] {logging_mixin.py:190} INFO - [2025-04-22T07:56:43.112+0000] {dag.py:3239} INFO - Sync 1 DAGs
[2025-04-22T07:56:43.128+0000] {logging_mixin.py:190} INFO - [2025-04-22T07:56:43.128+0000] {dag.py:4180} INFO - Setting next_dagrun for minio_file_compression_and_email to None, run_after=None
[2025-04-22T07:56:43.141+0000] {processor.py:208} INFO - Processing /opt/airflow/dags/minio_file_compression_and_email.py took 0.063 seconds
[2025-04-22T07:57:13.286+0000] {processor.py:186} INFO - Started process (PID=5308) to work on /opt/airflow/dags/minio_file_compression_and_email.py
[2025-04-22T07:57:13.287+0000] {processor.py:914} INFO - Processing file /opt/airflow/dags/minio_file_compression_and_email.py for tasks to queue
[2025-04-22T07:57:13.288+0000] {logging_mixin.py:190} INFO - [2025-04-22T07:57:13.288+0000] {dagbag.py:588} INFO - Filling up the DagBag from /opt/airflow/dags/minio_file_compression_and_email.py
[2025-04-22T07:57:13.297+0000] {processor.py:925} INFO - DAG(s) 'minio_file_compression_and_email' retrieved from /opt/airflow/dags/minio_file_compression_and_email.py
[2025-04-22T07:57:13.316+0000] {logging_mixin.py:190} INFO - [2025-04-22T07:57:13.316+0000] {dag.py:3239} INFO - Sync 1 DAGs
[2025-04-22T07:57:13.334+0000] {logging_mixin.py:190} INFO - [2025-04-22T07:57:13.334+0000] {dag.py:4180} INFO - Setting next_dagrun for minio_file_compression_and_email to None, run_after=None
[2025-04-22T07:57:13.350+0000] {processor.py:208} INFO - Processing /opt/airflow/dags/minio_file_compression_and_email.py took 0.068 seconds
[2025-04-22T07:57:44.050+0000] {processor.py:186} INFO - Started process (PID=5378) to work on /opt/airflow/dags/minio_file_compression_and_email.py
[2025-04-22T07:57:44.051+0000] {processor.py:914} INFO - Processing file /opt/airflow/dags/minio_file_compression_and_email.py for tasks to queue
[2025-04-22T07:57:44.052+0000] {logging_mixin.py:190} INFO - [2025-04-22T07:57:44.052+0000] {dagbag.py:588} INFO - Filling up the DagBag from /opt/airflow/dags/minio_file_compression_and_email.py
[2025-04-22T07:57:44.061+0000] {processor.py:925} INFO - DAG(s) 'minio_file_compression_and_email' retrieved from /opt/airflow/dags/minio_file_compression_and_email.py
[2025-04-22T07:57:44.077+0000] {logging_mixin.py:190} INFO - [2025-04-22T07:57:44.076+0000] {dag.py:3239} INFO - Sync 1 DAGs
[2025-04-22T07:57:44.096+0000] {logging_mixin.py:190} INFO - [2025-04-22T07:57:44.096+0000] {dag.py:4180} INFO - Setting next_dagrun for minio_file_compression_and_email to None, run_after=None
[2025-04-22T07:57:44.110+0000] {processor.py:208} INFO - Processing /opt/airflow/dags/minio_file_compression_and_email.py took 0.064 seconds
[2025-04-22T07:57:57.859+0000] {processor.py:186} INFO - Started process (PID=5437) to work on /opt/airflow/dags/minio_file_compression_and_email.py
[2025-04-22T07:57:57.860+0000] {processor.py:914} INFO - Processing file /opt/airflow/dags/minio_file_compression_and_email.py for tasks to queue
[2025-04-22T07:57:57.861+0000] {logging_mixin.py:190} INFO - [2025-04-22T07:57:57.861+0000] {dagbag.py:588} INFO - Filling up the DagBag from /opt/airflow/dags/minio_file_compression_and_email.py
[2025-04-22T07:57:57.872+0000] {processor.py:925} INFO - DAG(s) 'minio_file_compression_and_email' retrieved from /opt/airflow/dags/minio_file_compression_and_email.py
[2025-04-22T07:57:57.889+0000] {logging_mixin.py:190} INFO - [2025-04-22T07:57:57.889+0000] {dag.py:3239} INFO - Sync 1 DAGs
[2025-04-22T07:57:57.911+0000] {logging_mixin.py:190} INFO - [2025-04-22T07:57:57.910+0000] {dag.py:4180} INFO - Setting next_dagrun for minio_file_compression_and_email to None, run_after=None
[2025-04-22T07:57:57.930+0000] {processor.py:208} INFO - Processing /opt/airflow/dags/minio_file_compression_and_email.py took 0.075 seconds
[2025-04-22T07:58:28.735+0000] {processor.py:186} INFO - Started process (PID=5507) to work on /opt/airflow/dags/minio_file_compression_and_email.py
[2025-04-22T07:58:28.735+0000] {processor.py:914} INFO - Processing file /opt/airflow/dags/minio_file_compression_and_email.py for tasks to queue
[2025-04-22T07:58:28.736+0000] {logging_mixin.py:190} INFO - [2025-04-22T07:58:28.736+0000] {dagbag.py:588} INFO - Filling up the DagBag from /opt/airflow/dags/minio_file_compression_and_email.py
[2025-04-22T07:58:28.746+0000] {processor.py:925} INFO - DAG(s) 'minio_file_compression_and_email' retrieved from /opt/airflow/dags/minio_file_compression_and_email.py
[2025-04-22T07:58:28.762+0000] {logging_mixin.py:190} INFO - [2025-04-22T07:58:28.761+0000] {dag.py:3239} INFO - Sync 1 DAGs
[2025-04-22T07:58:28.779+0000] {logging_mixin.py:190} INFO - [2025-04-22T07:58:28.779+0000] {dag.py:4180} INFO - Setting next_dagrun for minio_file_compression_and_email to None, run_after=None
[2025-04-22T07:58:28.795+0000] {processor.py:208} INFO - Processing /opt/airflow/dags/minio_file_compression_and_email.py took 0.065 seconds
[2025-04-22T07:58:59.587+0000] {processor.py:186} INFO - Started process (PID=5577) to work on /opt/airflow/dags/minio_file_compression_and_email.py
[2025-04-22T07:58:59.587+0000] {processor.py:914} INFO - Processing file /opt/airflow/dags/minio_file_compression_and_email.py for tasks to queue
[2025-04-22T07:58:59.588+0000] {logging_mixin.py:190} INFO - [2025-04-22T07:58:59.588+0000] {dagbag.py:588} INFO - Filling up the DagBag from /opt/airflow/dags/minio_file_compression_and_email.py
[2025-04-22T07:58:59.598+0000] {processor.py:925} INFO - DAG(s) 'minio_file_compression_and_email' retrieved from /opt/airflow/dags/minio_file_compression_and_email.py
[2025-04-22T07:58:59.614+0000] {logging_mixin.py:190} INFO - [2025-04-22T07:58:59.614+0000] {dag.py:3239} INFO - Sync 1 DAGs
[2025-04-22T07:58:59.633+0000] {logging_mixin.py:190} INFO - [2025-04-22T07:58:59.633+0000] {dag.py:4180} INFO - Setting next_dagrun for minio_file_compression_and_email to None, run_after=None
[2025-04-22T07:58:59.649+0000] {processor.py:208} INFO - Processing /opt/airflow/dags/minio_file_compression_and_email.py took 0.066 seconds
[2025-04-22T07:59:30.561+0000] {processor.py:186} INFO - Started process (PID=5647) to work on /opt/airflow/dags/minio_file_compression_and_email.py
[2025-04-22T07:59:30.562+0000] {processor.py:914} INFO - Processing file /opt/airflow/dags/minio_file_compression_and_email.py for tasks to queue
[2025-04-22T07:59:30.563+0000] {logging_mixin.py:190} INFO - [2025-04-22T07:59:30.563+0000] {dagbag.py:588} INFO - Filling up the DagBag from /opt/airflow/dags/minio_file_compression_and_email.py
[2025-04-22T07:59:30.576+0000] {processor.py:925} INFO - DAG(s) 'minio_file_compression_and_email' retrieved from /opt/airflow/dags/minio_file_compression_and_email.py
[2025-04-22T07:59:30.596+0000] {logging_mixin.py:190} INFO - [2025-04-22T07:59:30.596+0000] {dag.py:3239} INFO - Sync 1 DAGs
[2025-04-22T07:59:30.615+0000] {logging_mixin.py:190} INFO - [2025-04-22T07:59:30.615+0000] {dag.py:4180} INFO - Setting next_dagrun for minio_file_compression_and_email to None, run_after=None
[2025-04-22T07:59:30.630+0000] {processor.py:208} INFO - Processing /opt/airflow/dags/minio_file_compression_and_email.py took 0.075 seconds
[2025-04-22T08:00:01.074+0000] {processor.py:186} INFO - Started process (PID=5717) to work on /opt/airflow/dags/minio_file_compression_and_email.py
[2025-04-22T08:00:01.075+0000] {processor.py:914} INFO - Processing file /opt/airflow/dags/minio_file_compression_and_email.py for tasks to queue
[2025-04-22T08:00:01.076+0000] {logging_mixin.py:190} INFO - [2025-04-22T08:00:01.076+0000] {dagbag.py:588} INFO - Filling up the DagBag from /opt/airflow/dags/minio_file_compression_and_email.py
[2025-04-22T08:00:01.093+0000] {processor.py:925} INFO - DAG(s) 'minio_file_compression_and_email' retrieved from /opt/airflow/dags/minio_file_compression_and_email.py
[2025-04-22T08:00:01.116+0000] {logging_mixin.py:190} INFO - [2025-04-22T08:00:01.116+0000] {dag.py:3239} INFO - Sync 1 DAGs
[2025-04-22T08:00:01.135+0000] {logging_mixin.py:190} INFO - [2025-04-22T08:00:01.135+0000] {dag.py:4180} INFO - Setting next_dagrun for minio_file_compression_and_email to None, run_after=None
[2025-04-22T08:00:01.151+0000] {processor.py:208} INFO - Processing /opt/airflow/dags/minio_file_compression_and_email.py took 0.083 seconds
[2025-04-22T08:00:31.841+0000] {processor.py:186} INFO - Started process (PID=5785) to work on /opt/airflow/dags/minio_file_compression_and_email.py
[2025-04-22T08:00:31.842+0000] {processor.py:914} INFO - Processing file /opt/airflow/dags/minio_file_compression_and_email.py for tasks to queue
[2025-04-22T08:00:31.843+0000] {logging_mixin.py:190} INFO - [2025-04-22T08:00:31.843+0000] {dagbag.py:588} INFO - Filling up the DagBag from /opt/airflow/dags/minio_file_compression_and_email.py
[2025-04-22T08:00:31.853+0000] {processor.py:925} INFO - DAG(s) 'minio_file_compression_and_email' retrieved from /opt/airflow/dags/minio_file_compression_and_email.py
[2025-04-22T08:00:31.868+0000] {logging_mixin.py:190} INFO - [2025-04-22T08:00:31.868+0000] {dag.py:3239} INFO - Sync 1 DAGs
[2025-04-22T08:00:31.885+0000] {logging_mixin.py:190} INFO - [2025-04-22T08:00:31.885+0000] {dag.py:4180} INFO - Setting next_dagrun for minio_file_compression_and_email to None, run_after=None
[2025-04-22T08:00:31.897+0000] {processor.py:208} INFO - Processing /opt/airflow/dags/minio_file_compression_and_email.py took 0.061 seconds
[2025-04-22T08:01:02.787+0000] {processor.py:186} INFO - Started process (PID=5845) to work on /opt/airflow/dags/minio_file_compression_and_email.py
[2025-04-22T08:01:02.788+0000] {processor.py:914} INFO - Processing file /opt/airflow/dags/minio_file_compression_and_email.py for tasks to queue
[2025-04-22T08:01:02.789+0000] {logging_mixin.py:190} INFO - [2025-04-22T08:01:02.789+0000] {dagbag.py:588} INFO - Filling up the DagBag from /opt/airflow/dags/minio_file_compression_and_email.py
[2025-04-22T08:01:02.801+0000] {processor.py:925} INFO - DAG(s) 'minio_file_compression_and_email' retrieved from /opt/airflow/dags/minio_file_compression_and_email.py
[2025-04-22T08:01:02.820+0000] {logging_mixin.py:190} INFO - [2025-04-22T08:01:02.819+0000] {dag.py:3239} INFO - Sync 1 DAGs
[2025-04-22T08:01:02.841+0000] {logging_mixin.py:190} INFO - [2025-04-22T08:01:02.840+0000] {dag.py:4180} INFO - Setting next_dagrun for minio_file_compression_and_email to None, run_after=None
[2025-04-22T08:01:02.856+0000] {processor.py:208} INFO - Processing /opt/airflow/dags/minio_file_compression_and_email.py took 0.075 seconds
[2025-04-22T08:07:10.157+0000] {processor.py:186} INFO - Started process (PID=55) to work on /opt/airflow/dags/minio_file_compression_and_email.py
[2025-04-22T08:07:10.159+0000] {processor.py:914} INFO - Processing file /opt/airflow/dags/minio_file_compression_and_email.py for tasks to queue
[2025-04-22T08:07:10.161+0000] {logging_mixin.py:190} INFO - [2025-04-22T08:07:10.161+0000] {dagbag.py:588} INFO - Filling up the DagBag from /opt/airflow/dags/minio_file_compression_and_email.py
[2025-04-22T08:07:10.181+0000] {processor.py:925} INFO - DAG(s) 'minio_file_compression_and_email' retrieved from /opt/airflow/dags/minio_file_compression_and_email.py
[2025-04-22T08:07:10.227+0000] {logging_mixin.py:190} INFO - [2025-04-22T08:07:10.227+0000] {dag.py:3239} INFO - Sync 1 DAGs
[2025-04-22T08:07:10.260+0000] {logging_mixin.py:190} INFO - [2025-04-22T08:07:10.259+0000] {dag.py:4180} INFO - Setting next_dagrun for minio_file_compression_and_email to None, run_after=None
[2025-04-22T08:07:10.287+0000] {processor.py:208} INFO - Processing /opt/airflow/dags/minio_file_compression_and_email.py took 0.140 seconds
[2025-04-22T08:07:20.030+0000] {processor.py:186} INFO - Started process (PID=125) to work on /opt/airflow/dags/minio_file_compression_and_email.py
[2025-04-22T08:07:20.031+0000] {processor.py:914} INFO - Processing file /opt/airflow/dags/minio_file_compression_and_email.py for tasks to queue
[2025-04-22T08:07:20.034+0000] {logging_mixin.py:190} INFO - [2025-04-22T08:07:20.034+0000] {dagbag.py:588} INFO - Filling up the DagBag from /opt/airflow/dags/minio_file_compression_and_email.py
[2025-04-22T08:07:20.043+0000] {processor.py:925} INFO - DAG(s) 'minio_file_compression_and_email' retrieved from /opt/airflow/dags/minio_file_compression_and_email.py
[2025-04-22T08:07:20.057+0000] {logging_mixin.py:190} INFO - [2025-04-22T08:07:20.057+0000] {taskinstance.py:3315} ERROR - {'DAG Id': 'minio_file_compression_and_email', 'Task Id': 'detect_file_in_minio', 'Run Id': 'scheduled__2025-04-22T00:00:00+00:00', 'Hostname': 'bfc8cd0b4cfa', 'External Executor Id': 'a8b531ad-c7c3-4728-81cb-9edeb38214d3'}
[2025-04-22T08:07:20.073+0000] {logging_mixin.py:190} INFO - Task instance in failure state
[2025-04-22T08:07:20.073+0000] {logging_mixin.py:190} INFO - Task start:2025-04-22 08:01:03.465103+00:00 end:2025-04-22 08:07:20.062676+00:00 duration:376.597573
[2025-04-22T08:07:20.073+0000] {logging_mixin.py:190} INFO - Task:<Task(S3KeySensor): detect_file_in_minio> dag:<DAG: minio_file_compression_and_email> dagrun:<DagRun minio_file_compression_and_email @ 2025-04-22 00:00:00+00:00: scheduled__2025-04-22T00:00:00+00:00, state:running, queued_at: 2025-04-22 07:55:55.683749+00:00. externally triggered: False>
[2025-04-22T08:07:20.074+0000] {logging_mixin.py:190} INFO - Failure caused by {'DAG Id': 'minio_file_compression_and_email', 'Task Id': 'detect_file_in_minio', 'Run Id': 'scheduled__2025-04-22T00:00:00+00:00', 'Hostname': 'bfc8cd0b4cfa', 'External Executor Id': 'a8b531ad-c7c3-4728-81cb-9edeb38214d3'}
[2025-04-22T08:07:20.074+0000] {logging_mixin.py:190} INFO - [2025-04-22T08:07:20.074+0000] {taskinstance.py:1226} INFO - Marking task as FAILED. dag_id=minio_file_compression_and_email, task_id=detect_file_in_minio, run_id=scheduled__2025-04-22T00:00:00+00:00, execution_date=20250422T000000, start_date=20250422T080103, end_date=20250422T080720
[2025-04-22T08:07:20.099+0000] {logging_mixin.py:190} INFO - [2025-04-22T08:07:20.099+0000] {processor.py:876} INFO - Executed callback for <TaskInstance: minio_file_compression_and_email.detect_file_in_minio scheduled__2025-04-22T00:00:00+00:00 [failed]> in state failed
[2025-04-22T08:07:20.108+0000] {logging_mixin.py:190} INFO - [2025-04-22T08:07:20.108+0000] {dag.py:3239} INFO - Sync 1 DAGs
[2025-04-22T08:07:20.123+0000] {logging_mixin.py:190} INFO - [2025-04-22T08:07:20.123+0000] {dag.py:4180} INFO - Setting next_dagrun for minio_file_compression_and_email to None, run_after=None
[2025-04-22T08:07:20.136+0000] {processor.py:208} INFO - Processing /opt/airflow/dags/minio_file_compression_and_email.py took 0.110 seconds
[2025-04-22T08:07:50.291+0000] {processor.py:186} INFO - Started process (PID=195) to work on /opt/airflow/dags/minio_file_compression_and_email.py
[2025-04-22T08:07:50.291+0000] {processor.py:914} INFO - Processing file /opt/airflow/dags/minio_file_compression_and_email.py for tasks to queue
[2025-04-22T08:07:50.294+0000] {logging_mixin.py:190} INFO - [2025-04-22T08:07:50.294+0000] {dagbag.py:588} INFO - Filling up the DagBag from /opt/airflow/dags/minio_file_compression_and_email.py
[2025-04-22T08:07:50.304+0000] {processor.py:925} INFO - DAG(s) 'minio_file_compression_and_email' retrieved from /opt/airflow/dags/minio_file_compression_and_email.py
[2025-04-22T08:07:50.322+0000] {logging_mixin.py:190} INFO - [2025-04-22T08:07:50.321+0000] {dag.py:3239} INFO - Sync 1 DAGs
[2025-04-22T08:07:50.341+0000] {logging_mixin.py:190} INFO - [2025-04-22T08:07:50.340+0000] {dag.py:4180} INFO - Setting next_dagrun for minio_file_compression_and_email to None, run_after=None
[2025-04-22T08:07:50.356+0000] {processor.py:208} INFO - Processing /opt/airflow/dags/minio_file_compression_and_email.py took 0.070 seconds
[2025-04-22T08:08:20.936+0000] {processor.py:186} INFO - Started process (PID=265) to work on /opt/airflow/dags/minio_file_compression_and_email.py
[2025-04-22T08:08:20.937+0000] {processor.py:914} INFO - Processing file /opt/airflow/dags/minio_file_compression_and_email.py for tasks to queue
[2025-04-22T08:08:20.940+0000] {logging_mixin.py:190} INFO - [2025-04-22T08:08:20.939+0000] {dagbag.py:588} INFO - Filling up the DagBag from /opt/airflow/dags/minio_file_compression_and_email.py
[2025-04-22T08:08:20.950+0000] {processor.py:925} INFO - DAG(s) 'minio_file_compression_and_email' retrieved from /opt/airflow/dags/minio_file_compression_and_email.py
[2025-04-22T08:08:20.968+0000] {logging_mixin.py:190} INFO - [2025-04-22T08:08:20.967+0000] {dag.py:3239} INFO - Sync 1 DAGs
[2025-04-22T08:08:20.985+0000] {logging_mixin.py:190} INFO - [2025-04-22T08:08:20.985+0000] {dag.py:4180} INFO - Setting next_dagrun for minio_file_compression_and_email to None, run_after=None
[2025-04-22T08:08:21.002+0000] {processor.py:208} INFO - Processing /opt/airflow/dags/minio_file_compression_and_email.py took 0.070 seconds
[2025-04-22T08:08:51.949+0000] {processor.py:186} INFO - Started process (PID=335) to work on /opt/airflow/dags/minio_file_compression_and_email.py
[2025-04-22T08:08:51.950+0000] {processor.py:914} INFO - Processing file /opt/airflow/dags/minio_file_compression_and_email.py for tasks to queue
[2025-04-22T08:08:51.952+0000] {logging_mixin.py:190} INFO - [2025-04-22T08:08:51.951+0000] {dagbag.py:588} INFO - Filling up the DagBag from /opt/airflow/dags/minio_file_compression_and_email.py
[2025-04-22T08:08:51.960+0000] {processor.py:925} INFO - DAG(s) 'minio_file_compression_and_email' retrieved from /opt/airflow/dags/minio_file_compression_and_email.py
[2025-04-22T08:08:51.974+0000] {logging_mixin.py:190} INFO - [2025-04-22T08:08:51.974+0000] {dag.py:3239} INFO - Sync 1 DAGs
[2025-04-22T08:08:51.992+0000] {logging_mixin.py:190} INFO - [2025-04-22T08:08:51.991+0000] {dag.py:4180} INFO - Setting next_dagrun for minio_file_compression_and_email to None, run_after=None
[2025-04-22T08:08:52.007+0000] {processor.py:208} INFO - Processing /opt/airflow/dags/minio_file_compression_and_email.py took 0.063 seconds
[2025-04-22T08:09:42.808+0000] {processor.py:186} INFO - Started process (PID=55) to work on /opt/airflow/dags/minio_file_compression_and_email.py
[2025-04-22T08:09:42.809+0000] {processor.py:914} INFO - Processing file /opt/airflow/dags/minio_file_compression_and_email.py for tasks to queue
[2025-04-22T08:09:42.812+0000] {logging_mixin.py:190} INFO - [2025-04-22T08:09:42.812+0000] {dagbag.py:588} INFO - Filling up the DagBag from /opt/airflow/dags/minio_file_compression_and_email.py
[2025-04-22T08:09:42.823+0000] {processor.py:925} INFO - DAG(s) 'minio_file_compression_and_email' retrieved from /opt/airflow/dags/minio_file_compression_and_email.py
[2025-04-22T08:09:42.846+0000] {logging_mixin.py:190} INFO - [2025-04-22T08:09:42.846+0000] {dag.py:3239} INFO - Sync 1 DAGs
[2025-04-22T08:09:42.867+0000] {logging_mixin.py:190} INFO - [2025-04-22T08:09:42.867+0000] {dag.py:4180} INFO - Setting next_dagrun for minio_file_compression_and_email to None, run_after=None
[2025-04-22T08:09:42.887+0000] {processor.py:208} INFO - Processing /opt/airflow/dags/minio_file_compression_and_email.py took 0.083 seconds
[2025-04-22T08:10:13.378+0000] {processor.py:186} INFO - Started process (PID=125) to work on /opt/airflow/dags/minio_file_compression_and_email.py
[2025-04-22T08:10:13.380+0000] {processor.py:914} INFO - Processing file /opt/airflow/dags/minio_file_compression_and_email.py for tasks to queue
[2025-04-22T08:10:13.384+0000] {logging_mixin.py:190} INFO - [2025-04-22T08:10:13.384+0000] {dagbag.py:588} INFO - Filling up the DagBag from /opt/airflow/dags/minio_file_compression_and_email.py
[2025-04-22T08:10:13.424+0000] {processor.py:925} INFO - DAG(s) 'minio_file_compression_and_email' retrieved from /opt/airflow/dags/minio_file_compression_and_email.py
[2025-04-22T08:10:13.467+0000] {logging_mixin.py:190} INFO - [2025-04-22T08:10:13.466+0000] {dag.py:3239} INFO - Sync 1 DAGs
[2025-04-22T08:10:13.516+0000] {logging_mixin.py:190} INFO - [2025-04-22T08:10:13.515+0000] {dag.py:4180} INFO - Setting next_dagrun for minio_file_compression_and_email to None, run_after=None
[2025-04-22T08:10:13.557+0000] {processor.py:208} INFO - Processing /opt/airflow/dags/minio_file_compression_and_email.py took 0.191 seconds
[2025-04-22T08:10:44.489+0000] {processor.py:186} INFO - Started process (PID=195) to work on /opt/airflow/dags/minio_file_compression_and_email.py
[2025-04-22T08:10:44.491+0000] {processor.py:914} INFO - Processing file /opt/airflow/dags/minio_file_compression_and_email.py for tasks to queue
[2025-04-22T08:10:44.497+0000] {logging_mixin.py:190} INFO - [2025-04-22T08:10:44.496+0000] {dagbag.py:588} INFO - Filling up the DagBag from /opt/airflow/dags/minio_file_compression_and_email.py
[2025-04-22T08:10:44.524+0000] {processor.py:925} INFO - DAG(s) 'minio_file_compression_and_email' retrieved from /opt/airflow/dags/minio_file_compression_and_email.py
[2025-04-22T08:10:44.571+0000] {logging_mixin.py:190} INFO - [2025-04-22T08:10:44.570+0000] {dag.py:3239} INFO - Sync 1 DAGs
[2025-04-22T08:10:44.617+0000] {logging_mixin.py:190} INFO - [2025-04-22T08:10:44.617+0000] {dag.py:4180} INFO - Setting next_dagrun for minio_file_compression_and_email to None, run_after=None
[2025-04-22T08:10:44.654+0000] {processor.py:208} INFO - Processing /opt/airflow/dags/minio_file_compression_and_email.py took 0.177 seconds
[2025-04-22T08:11:15.643+0000] {processor.py:186} INFO - Started process (PID=271) to work on /opt/airflow/dags/minio_file_compression_and_email.py
[2025-04-22T08:11:15.645+0000] {processor.py:914} INFO - Processing file /opt/airflow/dags/minio_file_compression_and_email.py for tasks to queue
[2025-04-22T08:11:15.648+0000] {logging_mixin.py:190} INFO - [2025-04-22T08:11:15.648+0000] {dagbag.py:588} INFO - Filling up the DagBag from /opt/airflow/dags/minio_file_compression_and_email.py
[2025-04-22T08:11:15.674+0000] {processor.py:925} INFO - DAG(s) 'minio_file_compression_and_email' retrieved from /opt/airflow/dags/minio_file_compression_and_email.py
[2025-04-22T08:11:15.717+0000] {logging_mixin.py:190} INFO - [2025-04-22T08:11:15.716+0000] {dag.py:3239} INFO - Sync 1 DAGs
[2025-04-22T08:11:15.770+0000] {logging_mixin.py:190} INFO - [2025-04-22T08:11:15.769+0000] {dag.py:4180} INFO - Setting next_dagrun for minio_file_compression_and_email to None, run_after=None
[2025-04-22T08:11:15.810+0000] {processor.py:208} INFO - Processing /opt/airflow/dags/minio_file_compression_and_email.py took 0.179 seconds
[2025-04-22T08:11:46.499+0000] {processor.py:186} INFO - Started process (PID=341) to work on /opt/airflow/dags/minio_file_compression_and_email.py
[2025-04-22T08:11:46.500+0000] {processor.py:914} INFO - Processing file /opt/airflow/dags/minio_file_compression_and_email.py for tasks to queue
[2025-04-22T08:11:46.503+0000] {logging_mixin.py:190} INFO - [2025-04-22T08:11:46.503+0000] {dagbag.py:588} INFO - Filling up the DagBag from /opt/airflow/dags/minio_file_compression_and_email.py
[2025-04-22T08:11:46.516+0000] {processor.py:925} INFO - DAG(s) 'minio_file_compression_and_email' retrieved from /opt/airflow/dags/minio_file_compression_and_email.py
[2025-04-22T08:11:46.534+0000] {logging_mixin.py:190} INFO - [2025-04-22T08:11:46.533+0000] {dag.py:3239} INFO - Sync 1 DAGs
[2025-04-22T08:11:46.551+0000] {logging_mixin.py:190} INFO - [2025-04-22T08:11:46.551+0000] {dag.py:4180} INFO - Setting next_dagrun for minio_file_compression_and_email to None, run_after=None
[2025-04-22T08:11:46.568+0000] {processor.py:208} INFO - Processing /opt/airflow/dags/minio_file_compression_and_email.py took 0.073 seconds
[2025-04-22T08:12:17.365+0000] {processor.py:186} INFO - Started process (PID=410) to work on /opt/airflow/dags/minio_file_compression_and_email.py
[2025-04-22T08:12:17.367+0000] {processor.py:914} INFO - Processing file /opt/airflow/dags/minio_file_compression_and_email.py for tasks to queue
[2025-04-22T08:12:17.370+0000] {logging_mixin.py:190} INFO - [2025-04-22T08:12:17.369+0000] {dagbag.py:588} INFO - Filling up the DagBag from /opt/airflow/dags/minio_file_compression_and_email.py
[2025-04-22T08:12:17.387+0000] {processor.py:925} INFO - DAG(s) 'minio_file_compression_and_email' retrieved from /opt/airflow/dags/minio_file_compression_and_email.py
[2025-04-22T08:12:17.417+0000] {logging_mixin.py:190} INFO - [2025-04-22T08:12:17.417+0000] {dag.py:3239} INFO - Sync 1 DAGs
[2025-04-22T08:12:17.452+0000] {logging_mixin.py:190} INFO - [2025-04-22T08:12:17.452+0000] {dag.py:4180} INFO - Setting next_dagrun for minio_file_compression_and_email to None, run_after=None
[2025-04-22T08:12:17.484+0000] {processor.py:208} INFO - Processing /opt/airflow/dags/minio_file_compression_and_email.py took 0.128 seconds
[2025-04-22T08:12:48.180+0000] {processor.py:186} INFO - Started process (PID=480) to work on /opt/airflow/dags/minio_file_compression_and_email.py
[2025-04-22T08:12:48.182+0000] {processor.py:914} INFO - Processing file /opt/airflow/dags/minio_file_compression_and_email.py for tasks to queue
[2025-04-22T08:12:48.187+0000] {logging_mixin.py:190} INFO - [2025-04-22T08:12:48.187+0000] {dagbag.py:588} INFO - Filling up the DagBag from /opt/airflow/dags/minio_file_compression_and_email.py
[2025-04-22T08:12:48.216+0000] {processor.py:925} INFO - DAG(s) 'minio_file_compression_and_email' retrieved from /opt/airflow/dags/minio_file_compression_and_email.py
[2025-04-22T08:12:48.250+0000] {logging_mixin.py:190} INFO - [2025-04-22T08:12:48.250+0000] {dag.py:3239} INFO - Sync 1 DAGs
[2025-04-22T08:12:48.300+0000] {logging_mixin.py:190} INFO - [2025-04-22T08:12:48.299+0000] {dag.py:4180} INFO - Setting next_dagrun for minio_file_compression_and_email to None, run_after=None
[2025-04-22T08:12:48.330+0000] {processor.py:208} INFO - Processing /opt/airflow/dags/minio_file_compression_and_email.py took 0.161 seconds
[2025-04-22T08:13:18.938+0000] {processor.py:186} INFO - Started process (PID=550) to work on /opt/airflow/dags/minio_file_compression_and_email.py
[2025-04-22T08:13:18.939+0000] {processor.py:914} INFO - Processing file /opt/airflow/dags/minio_file_compression_and_email.py for tasks to queue
[2025-04-22T08:13:18.945+0000] {logging_mixin.py:190} INFO - [2025-04-22T08:13:18.944+0000] {dagbag.py:588} INFO - Filling up the DagBag from /opt/airflow/dags/minio_file_compression_and_email.py
[2025-04-22T08:13:18.975+0000] {processor.py:925} INFO - DAG(s) 'minio_file_compression_and_email' retrieved from /opt/airflow/dags/minio_file_compression_and_email.py
[2025-04-22T08:13:19.017+0000] {logging_mixin.py:190} INFO - [2025-04-22T08:13:19.016+0000] {dag.py:3239} INFO - Sync 1 DAGs
[2025-04-22T08:13:19.055+0000] {logging_mixin.py:190} INFO - [2025-04-22T08:13:19.054+0000] {dag.py:4180} INFO - Setting next_dagrun for minio_file_compression_and_email to None, run_after=None
[2025-04-22T08:13:19.098+0000] {processor.py:208} INFO - Processing /opt/airflow/dags/minio_file_compression_and_email.py took 0.167 seconds
[2025-04-22T08:13:50.068+0000] {processor.py:186} INFO - Started process (PID=620) to work on /opt/airflow/dags/minio_file_compression_and_email.py
[2025-04-22T08:13:50.069+0000] {processor.py:914} INFO - Processing file /opt/airflow/dags/minio_file_compression_and_email.py for tasks to queue
[2025-04-22T08:13:50.073+0000] {logging_mixin.py:190} INFO - [2025-04-22T08:13:50.073+0000] {dagbag.py:588} INFO - Filling up the DagBag from /opt/airflow/dags/minio_file_compression_and_email.py
[2025-04-22T08:13:50.093+0000] {processor.py:925} INFO - DAG(s) 'minio_file_compression_and_email' retrieved from /opt/airflow/dags/minio_file_compression_and_email.py
[2025-04-22T08:13:50.130+0000] {logging_mixin.py:190} INFO - [2025-04-22T08:13:50.130+0000] {dag.py:3239} INFO - Sync 1 DAGs
[2025-04-22T08:13:50.180+0000] {logging_mixin.py:190} INFO - [2025-04-22T08:13:50.179+0000] {dag.py:4180} INFO - Setting next_dagrun for minio_file_compression_and_email to None, run_after=None
[2025-04-22T08:13:50.207+0000] {processor.py:208} INFO - Processing /opt/airflow/dags/minio_file_compression_and_email.py took 0.146 seconds
[2025-04-22T08:14:21.071+0000] {processor.py:186} INFO - Started process (PID=690) to work on /opt/airflow/dags/minio_file_compression_and_email.py
[2025-04-22T08:14:21.073+0000] {processor.py:914} INFO - Processing file /opt/airflow/dags/minio_file_compression_and_email.py for tasks to queue
[2025-04-22T08:14:21.078+0000] {logging_mixin.py:190} INFO - [2025-04-22T08:14:21.078+0000] {dagbag.py:588} INFO - Filling up the DagBag from /opt/airflow/dags/minio_file_compression_and_email.py
[2025-04-22T08:14:21.099+0000] {processor.py:925} INFO - DAG(s) 'minio_file_compression_and_email' retrieved from /opt/airflow/dags/minio_file_compression_and_email.py
[2025-04-22T08:14:21.140+0000] {logging_mixin.py:190} INFO - [2025-04-22T08:14:21.139+0000] {dag.py:3239} INFO - Sync 1 DAGs
[2025-04-22T08:14:21.201+0000] {logging_mixin.py:190} INFO - [2025-04-22T08:14:21.200+0000] {dag.py:4180} INFO - Setting next_dagrun for minio_file_compression_and_email to None, run_after=None
[2025-04-22T08:14:21.248+0000] {processor.py:208} INFO - Processing /opt/airflow/dags/minio_file_compression_and_email.py took 0.189 seconds
[2025-04-22T08:14:51.544+0000] {processor.py:186} INFO - Started process (PID=760) to work on /opt/airflow/dags/minio_file_compression_and_email.py
[2025-04-22T08:14:51.546+0000] {processor.py:914} INFO - Processing file /opt/airflow/dags/minio_file_compression_and_email.py for tasks to queue
[2025-04-22T08:14:51.550+0000] {logging_mixin.py:190} INFO - [2025-04-22T08:14:51.549+0000] {dagbag.py:588} INFO - Filling up the DagBag from /opt/airflow/dags/minio_file_compression_and_email.py
[2025-04-22T08:14:51.572+0000] {processor.py:925} INFO - DAG(s) 'minio_file_compression_and_email' retrieved from /opt/airflow/dags/minio_file_compression_and_email.py
[2025-04-22T08:14:51.609+0000] {logging_mixin.py:190} INFO - [2025-04-22T08:14:51.609+0000] {dag.py:3239} INFO - Sync 1 DAGs
[2025-04-22T08:14:51.656+0000] {logging_mixin.py:190} INFO - [2025-04-22T08:14:51.656+0000] {dag.py:4180} INFO - Setting next_dagrun for minio_file_compression_and_email to None, run_after=None
[2025-04-22T08:14:51.684+0000] {processor.py:208} INFO - Processing /opt/airflow/dags/minio_file_compression_and_email.py took 0.152 seconds
[2025-04-22T08:15:21.975+0000] {processor.py:186} INFO - Started process (PID=829) to work on /opt/airflow/dags/minio_file_compression_and_email.py
[2025-04-22T08:15:21.977+0000] {processor.py:914} INFO - Processing file /opt/airflow/dags/minio_file_compression_and_email.py for tasks to queue
[2025-04-22T08:15:21.982+0000] {logging_mixin.py:190} INFO - [2025-04-22T08:15:21.981+0000] {dagbag.py:588} INFO - Filling up the DagBag from /opt/airflow/dags/minio_file_compression_and_email.py
[2025-04-22T08:15:22.003+0000] {processor.py:925} INFO - DAG(s) 'minio_file_compression_and_email' retrieved from /opt/airflow/dags/minio_file_compression_and_email.py
[2025-04-22T08:15:22.039+0000] {logging_mixin.py:190} INFO - [2025-04-22T08:15:22.039+0000] {dag.py:3239} INFO - Sync 1 DAGs
[2025-04-22T08:15:22.091+0000] {logging_mixin.py:190} INFO - [2025-04-22T08:15:22.090+0000] {dag.py:4180} INFO - Setting next_dagrun for minio_file_compression_and_email to None, run_after=None
[2025-04-22T08:15:22.130+0000] {processor.py:208} INFO - Processing /opt/airflow/dags/minio_file_compression_and_email.py took 0.163 seconds
[2025-04-22T08:15:52.792+0000] {processor.py:186} INFO - Started process (PID=899) to work on /opt/airflow/dags/minio_file_compression_and_email.py
[2025-04-22T08:15:52.794+0000] {processor.py:914} INFO - Processing file /opt/airflow/dags/minio_file_compression_and_email.py for tasks to queue
[2025-04-22T08:15:52.799+0000] {logging_mixin.py:190} INFO - [2025-04-22T08:15:52.798+0000] {dagbag.py:588} INFO - Filling up the DagBag from /opt/airflow/dags/minio_file_compression_and_email.py
[2025-04-22T08:15:52.815+0000] {processor.py:925} INFO - DAG(s) 'minio_file_compression_and_email' retrieved from /opt/airflow/dags/minio_file_compression_and_email.py
[2025-04-22T08:15:52.849+0000] {logging_mixin.py:190} INFO - [2025-04-22T08:15:52.849+0000] {dag.py:3239} INFO - Sync 1 DAGs
[2025-04-22T08:15:52.898+0000] {logging_mixin.py:190} INFO - [2025-04-22T08:15:52.898+0000] {dag.py:4180} INFO - Setting next_dagrun for minio_file_compression_and_email to None, run_after=None
[2025-04-22T08:15:52.931+0000] {processor.py:208} INFO - Processing /opt/airflow/dags/minio_file_compression_and_email.py took 0.149 seconds
[2025-04-22T08:16:23.105+0000] {processor.py:186} INFO - Started process (PID=969) to work on /opt/airflow/dags/minio_file_compression_and_email.py
[2025-04-22T08:16:23.107+0000] {processor.py:914} INFO - Processing file /opt/airflow/dags/minio_file_compression_and_email.py for tasks to queue
[2025-04-22T08:16:23.112+0000] {logging_mixin.py:190} INFO - [2025-04-22T08:16:23.112+0000] {dagbag.py:588} INFO - Filling up the DagBag from /opt/airflow/dags/minio_file_compression_and_email.py
[2025-04-22T08:16:23.131+0000] {processor.py:925} INFO - DAG(s) 'minio_file_compression_and_email' retrieved from /opt/airflow/dags/minio_file_compression_and_email.py
[2025-04-22T08:16:23.169+0000] {logging_mixin.py:190} INFO - [2025-04-22T08:16:23.168+0000] {dag.py:3239} INFO - Sync 1 DAGs
[2025-04-22T08:16:23.217+0000] {logging_mixin.py:190} INFO - [2025-04-22T08:16:23.216+0000] {dag.py:4180} INFO - Setting next_dagrun for minio_file_compression_and_email to None, run_after=None
[2025-04-22T08:16:23.257+0000] {processor.py:208} INFO - Processing /opt/airflow/dags/minio_file_compression_and_email.py took 0.164 seconds
[2025-04-22T08:16:53.455+0000] {processor.py:186} INFO - Started process (PID=1039) to work on /opt/airflow/dags/minio_file_compression_and_email.py
[2025-04-22T08:16:53.457+0000] {processor.py:914} INFO - Processing file /opt/airflow/dags/minio_file_compression_and_email.py for tasks to queue
[2025-04-22T08:16:53.461+0000] {logging_mixin.py:190} INFO - [2025-04-22T08:16:53.461+0000] {dagbag.py:588} INFO - Filling up the DagBag from /opt/airflow/dags/minio_file_compression_and_email.py
[2025-04-22T08:16:53.482+0000] {processor.py:925} INFO - DAG(s) 'minio_file_compression_and_email' retrieved from /opt/airflow/dags/minio_file_compression_and_email.py
[2025-04-22T08:16:53.524+0000] {logging_mixin.py:190} INFO - [2025-04-22T08:16:53.524+0000] {dag.py:3239} INFO - Sync 1 DAGs
[2025-04-22T08:16:53.570+0000] {logging_mixin.py:190} INFO - [2025-04-22T08:16:53.570+0000] {dag.py:4180} INFO - Setting next_dagrun for minio_file_compression_and_email to None, run_after=None
[2025-04-22T08:16:53.609+0000] {processor.py:208} INFO - Processing /opt/airflow/dags/minio_file_compression_and_email.py took 0.162 seconds
[2025-04-22T08:17:23.904+0000] {processor.py:186} INFO - Started process (PID=1109) to work on /opt/airflow/dags/minio_file_compression_and_email.py
[2025-04-22T08:17:23.906+0000] {processor.py:914} INFO - Processing file /opt/airflow/dags/minio_file_compression_and_email.py for tasks to queue
[2025-04-22T08:17:23.912+0000] {logging_mixin.py:190} INFO - [2025-04-22T08:17:23.911+0000] {dagbag.py:588} INFO - Filling up the DagBag from /opt/airflow/dags/minio_file_compression_and_email.py
[2025-04-22T08:17:23.942+0000] {processor.py:925} INFO - DAG(s) 'minio_file_compression_and_email' retrieved from /opt/airflow/dags/minio_file_compression_and_email.py
[2025-04-22T08:17:23.985+0000] {logging_mixin.py:190} INFO - [2025-04-22T08:17:23.984+0000] {dag.py:3239} INFO - Sync 1 DAGs
[2025-04-22T08:17:24.019+0000] {logging_mixin.py:190} INFO - [2025-04-22T08:17:24.019+0000] {dag.py:4180} INFO - Setting next_dagrun for minio_file_compression_and_email to None, run_after=None
[2025-04-22T08:17:24.045+0000] {processor.py:208} INFO - Processing /opt/airflow/dags/minio_file_compression_and_email.py took 0.153 seconds
[2025-04-22T08:17:54.429+0000] {processor.py:186} INFO - Started process (PID=1179) to work on /opt/airflow/dags/minio_file_compression_and_email.py
[2025-04-22T08:17:54.432+0000] {processor.py:914} INFO - Processing file /opt/airflow/dags/minio_file_compression_and_email.py for tasks to queue
[2025-04-22T08:17:54.442+0000] {logging_mixin.py:190} INFO - [2025-04-22T08:17:54.442+0000] {dagbag.py:588} INFO - Filling up the DagBag from /opt/airflow/dags/minio_file_compression_and_email.py
[2025-04-22T08:17:54.464+0000] {processor.py:925} INFO - DAG(s) 'minio_file_compression_and_email' retrieved from /opt/airflow/dags/minio_file_compression_and_email.py
[2025-04-22T08:17:54.522+0000] {logging_mixin.py:190} INFO - [2025-04-22T08:17:54.521+0000] {dag.py:3239} INFO - Sync 1 DAGs
[2025-04-22T08:17:54.562+0000] {logging_mixin.py:190} INFO - [2025-04-22T08:17:54.562+0000] {dag.py:4180} INFO - Setting next_dagrun for minio_file_compression_and_email to None, run_after=None
[2025-04-22T08:17:54.590+0000] {processor.py:208} INFO - Processing /opt/airflow/dags/minio_file_compression_and_email.py took 0.175 seconds
[2025-04-22T08:18:24.928+0000] {processor.py:186} INFO - Started process (PID=1249) to work on /opt/airflow/dags/minio_file_compression_and_email.py
[2025-04-22T08:18:24.930+0000] {processor.py:914} INFO - Processing file /opt/airflow/dags/minio_file_compression_and_email.py for tasks to queue
[2025-04-22T08:18:24.933+0000] {logging_mixin.py:190} INFO - [2025-04-22T08:18:24.933+0000] {dagbag.py:588} INFO - Filling up the DagBag from /opt/airflow/dags/minio_file_compression_and_email.py
[2025-04-22T08:18:24.951+0000] {processor.py:925} INFO - DAG(s) 'minio_file_compression_and_email' retrieved from /opt/airflow/dags/minio_file_compression_and_email.py
[2025-04-22T08:18:24.994+0000] {logging_mixin.py:190} INFO - [2025-04-22T08:18:24.993+0000] {dag.py:3239} INFO - Sync 1 DAGs
[2025-04-22T08:18:25.032+0000] {logging_mixin.py:190} INFO - [2025-04-22T08:18:25.032+0000] {dag.py:4180} INFO - Setting next_dagrun for minio_file_compression_and_email to None, run_after=None
[2025-04-22T08:18:25.065+0000] {processor.py:208} INFO - Processing /opt/airflow/dags/minio_file_compression_and_email.py took 0.149 seconds
[2025-04-22T08:18:55.119+0000] {processor.py:186} INFO - Started process (PID=1319) to work on /opt/airflow/dags/minio_file_compression_and_email.py
[2025-04-22T08:18:55.121+0000] {processor.py:914} INFO - Processing file /opt/airflow/dags/minio_file_compression_and_email.py for tasks to queue
[2025-04-22T08:18:55.127+0000] {logging_mixin.py:190} INFO - [2025-04-22T08:18:55.126+0000] {dagbag.py:588} INFO - Filling up the DagBag from /opt/airflow/dags/minio_file_compression_and_email.py
[2025-04-22T08:18:55.154+0000] {processor.py:925} INFO - DAG(s) 'minio_file_compression_and_email' retrieved from /opt/airflow/dags/minio_file_compression_and_email.py
[2025-04-22T08:18:55.192+0000] {logging_mixin.py:190} INFO - [2025-04-22T08:18:55.192+0000] {dag.py:3239} INFO - Sync 1 DAGs
[2025-04-22T08:18:55.241+0000] {logging_mixin.py:190} INFO - [2025-04-22T08:18:55.241+0000] {dag.py:4180} INFO - Setting next_dagrun for minio_file_compression_and_email to None, run_after=None
[2025-04-22T08:18:55.271+0000] {processor.py:208} INFO - Processing /opt/airflow/dags/minio_file_compression_and_email.py took 0.165 seconds
[2025-04-22T08:19:25.356+0000] {processor.py:186} INFO - Started process (PID=1389) to work on /opt/airflow/dags/minio_file_compression_and_email.py
[2025-04-22T08:19:25.359+0000] {processor.py:914} INFO - Processing file /opt/airflow/dags/minio_file_compression_and_email.py for tasks to queue
[2025-04-22T08:19:25.364+0000] {logging_mixin.py:190} INFO - [2025-04-22T08:19:25.363+0000] {dagbag.py:588} INFO - Filling up the DagBag from /opt/airflow/dags/minio_file_compression_and_email.py
[2025-04-22T08:19:25.385+0000] {processor.py:925} INFO - DAG(s) 'minio_file_compression_and_email' retrieved from /opt/airflow/dags/minio_file_compression_and_email.py
[2025-04-22T08:19:25.420+0000] {logging_mixin.py:190} INFO - [2025-04-22T08:19:25.420+0000] {dag.py:3239} INFO - Sync 1 DAGs
[2025-04-22T08:19:25.453+0000] {logging_mixin.py:190} INFO - [2025-04-22T08:19:25.453+0000] {dag.py:4180} INFO - Setting next_dagrun for minio_file_compression_and_email to None, run_after=None
[2025-04-22T08:19:25.478+0000] {processor.py:208} INFO - Processing /opt/airflow/dags/minio_file_compression_and_email.py took 0.134 seconds
[2025-04-22T08:19:55.944+0000] {processor.py:186} INFO - Started process (PID=1459) to work on /opt/airflow/dags/minio_file_compression_and_email.py
[2025-04-22T08:19:55.946+0000] {processor.py:914} INFO - Processing file /opt/airflow/dags/minio_file_compression_and_email.py for tasks to queue
[2025-04-22T08:19:55.951+0000] {logging_mixin.py:190} INFO - [2025-04-22T08:19:55.950+0000] {dagbag.py:588} INFO - Filling up the DagBag from /opt/airflow/dags/minio_file_compression_and_email.py
[2025-04-22T08:19:55.979+0000] {processor.py:925} INFO - DAG(s) 'minio_file_compression_and_email' retrieved from /opt/airflow/dags/minio_file_compression_and_email.py
[2025-04-22T08:19:56.029+0000] {logging_mixin.py:190} INFO - [2025-04-22T08:19:56.029+0000] {dag.py:3239} INFO - Sync 1 DAGs
[2025-04-22T08:19:56.084+0000] {logging_mixin.py:190} INFO - [2025-04-22T08:19:56.084+0000] {dag.py:4180} INFO - Setting next_dagrun for minio_file_compression_and_email to None, run_after=None
[2025-04-22T08:19:56.126+0000] {processor.py:208} INFO - Processing /opt/airflow/dags/minio_file_compression_and_email.py took 0.190 seconds
[2025-04-22T08:20:26.398+0000] {processor.py:186} INFO - Started process (PID=1529) to work on /opt/airflow/dags/minio_file_compression_and_email.py
[2025-04-22T08:20:26.400+0000] {processor.py:914} INFO - Processing file /opt/airflow/dags/minio_file_compression_and_email.py for tasks to queue
[2025-04-22T08:20:26.405+0000] {logging_mixin.py:190} INFO - [2025-04-22T08:20:26.405+0000] {dagbag.py:588} INFO - Filling up the DagBag from /opt/airflow/dags/minio_file_compression_and_email.py
[2025-04-22T08:20:26.425+0000] {processor.py:925} INFO - DAG(s) 'minio_file_compression_and_email' retrieved from /opt/airflow/dags/minio_file_compression_and_email.py
[2025-04-22T08:20:26.455+0000] {logging_mixin.py:190} INFO - [2025-04-22T08:20:26.454+0000] {dag.py:3239} INFO - Sync 1 DAGs
[2025-04-22T08:20:26.499+0000] {logging_mixin.py:190} INFO - [2025-04-22T08:20:26.498+0000] {dag.py:4180} INFO - Setting next_dagrun for minio_file_compression_and_email to None, run_after=None
[2025-04-22T08:20:26.535+0000] {processor.py:208} INFO - Processing /opt/airflow/dags/minio_file_compression_and_email.py took 0.149 seconds
[2025-04-22T08:20:56.705+0000] {processor.py:186} INFO - Started process (PID=1599) to work on /opt/airflow/dags/minio_file_compression_and_email.py
[2025-04-22T08:20:56.707+0000] {processor.py:914} INFO - Processing file /opt/airflow/dags/minio_file_compression_and_email.py for tasks to queue
[2025-04-22T08:20:56.714+0000] {logging_mixin.py:190} INFO - [2025-04-22T08:20:56.713+0000] {dagbag.py:588} INFO - Filling up the DagBag from /opt/airflow/dags/minio_file_compression_and_email.py
[2025-04-22T08:20:56.734+0000] {processor.py:925} INFO - DAG(s) 'minio_file_compression_and_email' retrieved from /opt/airflow/dags/minio_file_compression_and_email.py
[2025-04-22T08:20:56.773+0000] {logging_mixin.py:190} INFO - [2025-04-22T08:20:56.773+0000] {dag.py:3239} INFO - Sync 1 DAGs
[2025-04-22T08:20:56.805+0000] {logging_mixin.py:190} INFO - [2025-04-22T08:20:56.805+0000] {dag.py:4180} INFO - Setting next_dagrun for minio_file_compression_and_email to None, run_after=None
[2025-04-22T08:20:56.830+0000] {processor.py:208} INFO - Processing /opt/airflow/dags/minio_file_compression_and_email.py took 0.137 seconds
[2025-04-22T08:21:38.948+0000] {processor.py:186} INFO - Started process (PID=55) to work on /opt/airflow/dags/minio_file_compression_and_email.py
[2025-04-22T08:21:38.949+0000] {processor.py:914} INFO - Processing file /opt/airflow/dags/minio_file_compression_and_email.py for tasks to queue
[2025-04-22T08:21:38.952+0000] {logging_mixin.py:190} INFO - [2025-04-22T08:21:38.952+0000] {dagbag.py:588} INFO - Filling up the DagBag from /opt/airflow/dags/minio_file_compression_and_email.py
[2025-04-22T08:21:38.962+0000] {processor.py:925} INFO - DAG(s) 'minio_file_compression_and_email' retrieved from /opt/airflow/dags/minio_file_compression_and_email.py
[2025-04-22T08:21:38.984+0000] {logging_mixin.py:190} INFO - [2025-04-22T08:21:38.984+0000] {dag.py:3239} INFO - Sync 1 DAGs
[2025-04-22T08:21:39.005+0000] {logging_mixin.py:190} INFO - [2025-04-22T08:21:39.005+0000] {dag.py:4180} INFO - Setting next_dagrun for minio_file_compression_and_email to None, run_after=None
[2025-04-22T08:21:39.025+0000] {processor.py:208} INFO - Processing /opt/airflow/dags/minio_file_compression_and_email.py took 0.081 seconds
[2025-04-22T08:22:10.038+0000] {processor.py:186} INFO - Started process (PID=125) to work on /opt/airflow/dags/minio_file_compression_and_email.py
[2025-04-22T08:22:10.040+0000] {processor.py:914} INFO - Processing file /opt/airflow/dags/minio_file_compression_and_email.py for tasks to queue
[2025-04-22T08:22:10.043+0000] {logging_mixin.py:190} INFO - [2025-04-22T08:22:10.043+0000] {dagbag.py:588} INFO - Filling up the DagBag from /opt/airflow/dags/minio_file_compression_and_email.py
[2025-04-22T08:22:10.060+0000] {processor.py:925} INFO - DAG(s) 'minio_file_compression_and_email' retrieved from /opt/airflow/dags/minio_file_compression_and_email.py
[2025-04-22T08:22:10.095+0000] {logging_mixin.py:190} INFO - [2025-04-22T08:22:10.094+0000] {dag.py:3239} INFO - Sync 1 DAGs
[2025-04-22T08:22:10.135+0000] {logging_mixin.py:190} INFO - [2025-04-22T08:22:10.135+0000] {dag.py:4180} INFO - Setting next_dagrun for minio_file_compression_and_email to None, run_after=None
[2025-04-22T08:22:10.182+0000] {processor.py:208} INFO - Processing /opt/airflow/dags/minio_file_compression_and_email.py took 0.153 seconds
[2025-04-22T08:22:40.565+0000] {processor.py:186} INFO - Started process (PID=201) to work on /opt/airflow/dags/minio_file_compression_and_email.py
[2025-04-22T08:22:40.567+0000] {processor.py:914} INFO - Processing file /opt/airflow/dags/minio_file_compression_and_email.py for tasks to queue
[2025-04-22T08:22:40.571+0000] {logging_mixin.py:190} INFO - [2025-04-22T08:22:40.570+0000] {dagbag.py:588} INFO - Filling up the DagBag from /opt/airflow/dags/minio_file_compression_and_email.py
[2025-04-22T08:22:40.593+0000] {processor.py:925} INFO - DAG(s) 'minio_file_compression_and_email' retrieved from /opt/airflow/dags/minio_file_compression_and_email.py
[2025-04-22T08:22:40.624+0000] {logging_mixin.py:190} INFO - [2025-04-22T08:22:40.624+0000] {dag.py:3239} INFO - Sync 1 DAGs
[2025-04-22T08:22:40.667+0000] {logging_mixin.py:190} INFO - [2025-04-22T08:22:40.666+0000] {dag.py:4180} INFO - Setting next_dagrun for minio_file_compression_and_email to None, run_after=None
[2025-04-22T08:22:40.702+0000] {processor.py:208} INFO - Processing /opt/airflow/dags/minio_file_compression_and_email.py took 0.144 seconds
[2025-04-22T08:23:11.342+0000] {processor.py:186} INFO - Started process (PID=271) to work on /opt/airflow/dags/minio_file_compression_and_email.py
[2025-04-22T08:23:11.344+0000] {processor.py:914} INFO - Processing file /opt/airflow/dags/minio_file_compression_and_email.py for tasks to queue
[2025-04-22T08:23:11.349+0000] {logging_mixin.py:190} INFO - [2025-04-22T08:23:11.349+0000] {dagbag.py:588} INFO - Filling up the DagBag from /opt/airflow/dags/minio_file_compression_and_email.py
[2025-04-22T08:23:11.373+0000] {processor.py:925} INFO - DAG(s) 'minio_file_compression_and_email' retrieved from /opt/airflow/dags/minio_file_compression_and_email.py
[2025-04-22T08:23:11.415+0000] {logging_mixin.py:190} INFO - [2025-04-22T08:23:11.415+0000] {dag.py:3239} INFO - Sync 1 DAGs
[2025-04-22T08:23:11.462+0000] {logging_mixin.py:190} INFO - [2025-04-22T08:23:11.461+0000] {dag.py:4180} INFO - Setting next_dagrun for minio_file_compression_and_email to None, run_after=None
[2025-04-22T08:23:11.502+0000] {processor.py:208} INFO - Processing /opt/airflow/dags/minio_file_compression_and_email.py took 0.171 seconds
[2025-04-22T08:23:41.601+0000] {processor.py:186} INFO - Started process (PID=341) to work on /opt/airflow/dags/minio_file_compression_and_email.py
[2025-04-22T08:23:41.603+0000] {processor.py:914} INFO - Processing file /opt/airflow/dags/minio_file_compression_and_email.py for tasks to queue
[2025-04-22T08:23:41.609+0000] {logging_mixin.py:190} INFO - [2025-04-22T08:23:41.608+0000] {dagbag.py:588} INFO - Filling up the DagBag from /opt/airflow/dags/minio_file_compression_and_email.py
[2025-04-22T08:23:41.634+0000] {processor.py:925} INFO - DAG(s) 'minio_file_compression_and_email' retrieved from /opt/airflow/dags/minio_file_compression_and_email.py
[2025-04-22T08:23:41.681+0000] {logging_mixin.py:190} INFO - [2025-04-22T08:23:41.680+0000] {dag.py:3239} INFO - Sync 1 DAGs
[2025-04-22T08:23:41.719+0000] {logging_mixin.py:190} INFO - [2025-04-22T08:23:41.719+0000] {dag.py:4180} INFO - Setting next_dagrun for minio_file_compression_and_email to None, run_after=None
[2025-04-22T08:23:41.750+0000] {processor.py:208} INFO - Processing /opt/airflow/dags/minio_file_compression_and_email.py took 0.157 seconds
[2025-04-22T08:24:12.412+0000] {processor.py:186} INFO - Started process (PID=411) to work on /opt/airflow/dags/minio_file_compression_and_email.py
[2025-04-22T08:24:12.414+0000] {processor.py:914} INFO - Processing file /opt/airflow/dags/minio_file_compression_and_email.py for tasks to queue
[2025-04-22T08:24:12.420+0000] {logging_mixin.py:190} INFO - [2025-04-22T08:24:12.419+0000] {dagbag.py:588} INFO - Filling up the DagBag from /opt/airflow/dags/minio_file_compression_and_email.py
[2025-04-22T08:24:12.448+0000] {processor.py:925} INFO - DAG(s) 'minio_file_compression_and_email' retrieved from /opt/airflow/dags/minio_file_compression_and_email.py
[2025-04-22T08:24:12.486+0000] {logging_mixin.py:190} INFO - [2025-04-22T08:24:12.486+0000] {dag.py:3239} INFO - Sync 1 DAGs
[2025-04-22T08:24:12.532+0000] {logging_mixin.py:190} INFO - [2025-04-22T08:24:12.532+0000] {dag.py:4180} INFO - Setting next_dagrun for minio_file_compression_and_email to None, run_after=None
[2025-04-22T08:24:12.569+0000] {processor.py:208} INFO - Processing /opt/airflow/dags/minio_file_compression_and_email.py took 0.170 seconds
[2025-04-22T08:24:42.852+0000] {processor.py:186} INFO - Started process (PID=481) to work on /opt/airflow/dags/minio_file_compression_and_email.py
[2025-04-22T08:24:42.854+0000] {processor.py:914} INFO - Processing file /opt/airflow/dags/minio_file_compression_and_email.py for tasks to queue
[2025-04-22T08:24:42.860+0000] {logging_mixin.py:190} INFO - [2025-04-22T08:24:42.859+0000] {dagbag.py:588} INFO - Filling up the DagBag from /opt/airflow/dags/minio_file_compression_and_email.py
[2025-04-22T08:24:42.887+0000] {processor.py:925} INFO - DAG(s) 'minio_file_compression_and_email' retrieved from /opt/airflow/dags/minio_file_compression_and_email.py
[2025-04-22T08:24:42.932+0000] {logging_mixin.py:190} INFO - [2025-04-22T08:24:42.931+0000] {dag.py:3239} INFO - Sync 1 DAGs
[2025-04-22T08:24:42.971+0000] {logging_mixin.py:190} INFO - [2025-04-22T08:24:42.971+0000] {dag.py:4180} INFO - Setting next_dagrun for minio_file_compression_and_email to None, run_after=None
[2025-04-22T08:24:43.003+0000] {processor.py:208} INFO - Processing /opt/airflow/dags/minio_file_compression_and_email.py took 0.161 seconds
[2025-04-22T08:25:13.552+0000] {processor.py:186} INFO - Started process (PID=551) to work on /opt/airflow/dags/minio_file_compression_and_email.py
[2025-04-22T08:25:13.554+0000] {processor.py:914} INFO - Processing file /opt/airflow/dags/minio_file_compression_and_email.py for tasks to queue
[2025-04-22T08:25:13.560+0000] {logging_mixin.py:190} INFO - [2025-04-22T08:25:13.559+0000] {dagbag.py:588} INFO - Filling up the DagBag from /opt/airflow/dags/minio_file_compression_and_email.py
[2025-04-22T08:25:13.587+0000] {processor.py:925} INFO - DAG(s) 'minio_file_compression_and_email' retrieved from /opt/airflow/dags/minio_file_compression_and_email.py
[2025-04-22T08:25:13.636+0000] {logging_mixin.py:190} INFO - [2025-04-22T08:25:13.636+0000] {dag.py:3239} INFO - Sync 1 DAGs
[2025-04-22T08:25:13.684+0000] {logging_mixin.py:190} INFO - [2025-04-22T08:25:13.684+0000] {dag.py:4180} INFO - Setting next_dagrun for minio_file_compression_and_email to None, run_after=None
[2025-04-22T08:25:13.721+0000] {processor.py:208} INFO - Processing /opt/airflow/dags/minio_file_compression_and_email.py took 0.178 seconds
[2025-04-22T08:25:44.095+0000] {processor.py:186} INFO - Started process (PID=621) to work on /opt/airflow/dags/minio_file_compression_and_email.py
[2025-04-22T08:25:44.097+0000] {processor.py:914} INFO - Processing file /opt/airflow/dags/minio_file_compression_and_email.py for tasks to queue
[2025-04-22T08:25:44.101+0000] {logging_mixin.py:190} INFO - [2025-04-22T08:25:44.100+0000] {dagbag.py:588} INFO - Filling up the DagBag from /opt/airflow/dags/minio_file_compression_and_email.py
[2025-04-22T08:25:44.121+0000] {processor.py:925} INFO - DAG(s) 'minio_file_compression_and_email' retrieved from /opt/airflow/dags/minio_file_compression_and_email.py
[2025-04-22T08:25:44.155+0000] {logging_mixin.py:190} INFO - [2025-04-22T08:25:44.154+0000] {dag.py:3239} INFO - Sync 1 DAGs
[2025-04-22T08:25:44.199+0000] {logging_mixin.py:190} INFO - [2025-04-22T08:25:44.198+0000] {dag.py:4180} INFO - Setting next_dagrun for minio_file_compression_and_email to None, run_after=None
[2025-04-22T08:25:44.229+0000] {processor.py:208} INFO - Processing /opt/airflow/dags/minio_file_compression_and_email.py took 0.147 seconds
[2025-04-22T08:26:15.032+0000] {processor.py:186} INFO - Started process (PID=691) to work on /opt/airflow/dags/minio_file_compression_and_email.py
[2025-04-22T08:26:15.034+0000] {processor.py:914} INFO - Processing file /opt/airflow/dags/minio_file_compression_and_email.py for tasks to queue
[2025-04-22T08:26:15.039+0000] {logging_mixin.py:190} INFO - [2025-04-22T08:26:15.038+0000] {dagbag.py:588} INFO - Filling up the DagBag from /opt/airflow/dags/minio_file_compression_and_email.py
[2025-04-22T08:26:15.057+0000] {processor.py:925} INFO - DAG(s) 'minio_file_compression_and_email' retrieved from /opt/airflow/dags/minio_file_compression_and_email.py
[2025-04-22T08:26:15.098+0000] {logging_mixin.py:190} INFO - [2025-04-22T08:26:15.098+0000] {dag.py:3239} INFO - Sync 1 DAGs
[2025-04-22T08:26:15.139+0000] {logging_mixin.py:190} INFO - [2025-04-22T08:26:15.139+0000] {dag.py:4180} INFO - Setting next_dagrun for minio_file_compression_and_email to None, run_after=None
[2025-04-22T08:26:15.171+0000] {processor.py:208} INFO - Processing /opt/airflow/dags/minio_file_compression_and_email.py took 0.146 seconds
[2025-04-22T08:26:45.478+0000] {processor.py:186} INFO - Started process (PID=761) to work on /opt/airflow/dags/minio_file_compression_and_email.py
[2025-04-22T08:26:45.479+0000] {processor.py:914} INFO - Processing file /opt/airflow/dags/minio_file_compression_and_email.py for tasks to queue
[2025-04-22T08:26:45.484+0000] {logging_mixin.py:190} INFO - [2025-04-22T08:26:45.483+0000] {dagbag.py:588} INFO - Filling up the DagBag from /opt/airflow/dags/minio_file_compression_and_email.py
[2025-04-22T08:26:45.502+0000] {processor.py:925} INFO - DAG(s) 'minio_file_compression_and_email' retrieved from /opt/airflow/dags/minio_file_compression_and_email.py
[2025-04-22T08:26:45.546+0000] {logging_mixin.py:190} INFO - [2025-04-22T08:26:45.545+0000] {dag.py:3239} INFO - Sync 1 DAGs
[2025-04-22T08:26:45.596+0000] {logging_mixin.py:190} INFO - [2025-04-22T08:26:45.596+0000] {dag.py:4180} INFO - Setting next_dagrun for minio_file_compression_and_email to None, run_after=None
[2025-04-22T08:26:45.657+0000] {processor.py:208} INFO - Processing /opt/airflow/dags/minio_file_compression_and_email.py took 0.192 seconds
[2025-04-22T08:27:16.324+0000] {processor.py:186} INFO - Started process (PID=830) to work on /opt/airflow/dags/minio_file_compression_and_email.py
[2025-04-22T08:27:16.326+0000] {processor.py:914} INFO - Processing file /opt/airflow/dags/minio_file_compression_and_email.py for tasks to queue
[2025-04-22T08:27:16.329+0000] {logging_mixin.py:190} INFO - [2025-04-22T08:27:16.329+0000] {dagbag.py:588} INFO - Filling up the DagBag from /opt/airflow/dags/minio_file_compression_and_email.py
[2025-04-22T08:27:16.345+0000] {processor.py:925} INFO - DAG(s) 'minio_file_compression_and_email' retrieved from /opt/airflow/dags/minio_file_compression_and_email.py
[2025-04-22T08:27:16.381+0000] {logging_mixin.py:190} INFO - [2025-04-22T08:27:16.380+0000] {dag.py:3239} INFO - Sync 1 DAGs
[2025-04-22T08:27:16.419+0000] {logging_mixin.py:190} INFO - [2025-04-22T08:27:16.419+0000] {dag.py:4180} INFO - Setting next_dagrun for minio_file_compression_and_email to None, run_after=None
[2025-04-22T08:27:16.457+0000] {processor.py:208} INFO - Processing /opt/airflow/dags/minio_file_compression_and_email.py took 0.140 seconds
[2025-04-22T08:27:47.118+0000] {processor.py:186} INFO - Started process (PID=900) to work on /opt/airflow/dags/minio_file_compression_and_email.py
[2025-04-22T08:27:47.120+0000] {processor.py:914} INFO - Processing file /opt/airflow/dags/minio_file_compression_and_email.py for tasks to queue
[2025-04-22T08:27:47.123+0000] {logging_mixin.py:190} INFO - [2025-04-22T08:27:47.123+0000] {dagbag.py:588} INFO - Filling up the DagBag from /opt/airflow/dags/minio_file_compression_and_email.py
[2025-04-22T08:27:47.141+0000] {processor.py:925} INFO - DAG(s) 'minio_file_compression_and_email' retrieved from /opt/airflow/dags/minio_file_compression_and_email.py
[2025-04-22T08:27:47.185+0000] {logging_mixin.py:190} INFO - [2025-04-22T08:27:47.185+0000] {dag.py:3239} INFO - Sync 1 DAGs
[2025-04-22T08:27:47.229+0000] {logging_mixin.py:190} INFO - [2025-04-22T08:27:47.229+0000] {dag.py:4180} INFO - Setting next_dagrun for minio_file_compression_and_email to None, run_after=None
[2025-04-22T08:27:47.254+0000] {processor.py:208} INFO - Processing /opt/airflow/dags/minio_file_compression_and_email.py took 0.148 seconds
[2025-04-22T08:28:17.792+0000] {processor.py:186} INFO - Started process (PID=970) to work on /opt/airflow/dags/minio_file_compression_and_email.py
[2025-04-22T08:28:17.794+0000] {processor.py:914} INFO - Processing file /opt/airflow/dags/minio_file_compression_and_email.py for tasks to queue
[2025-04-22T08:28:17.798+0000] {logging_mixin.py:190} INFO - [2025-04-22T08:28:17.798+0000] {dagbag.py:588} INFO - Filling up the DagBag from /opt/airflow/dags/minio_file_compression_and_email.py
[2025-04-22T08:28:17.819+0000] {processor.py:925} INFO - DAG(s) 'minio_file_compression_and_email' retrieved from /opt/airflow/dags/minio_file_compression_and_email.py
[2025-04-22T08:28:17.848+0000] {logging_mixin.py:190} INFO - [2025-04-22T08:28:17.847+0000] {dag.py:3239} INFO - Sync 1 DAGs
[2025-04-22T08:28:17.888+0000] {logging_mixin.py:190} INFO - [2025-04-22T08:28:17.888+0000] {dag.py:4180} INFO - Setting next_dagrun for minio_file_compression_and_email to None, run_after=None
[2025-04-22T08:28:17.922+0000] {processor.py:208} INFO - Processing /opt/airflow/dags/minio_file_compression_and_email.py took 0.138 seconds
[2025-04-22T08:28:48.026+0000] {processor.py:186} INFO - Started process (PID=1040) to work on /opt/airflow/dags/minio_file_compression_and_email.py
[2025-04-22T08:28:48.027+0000] {processor.py:914} INFO - Processing file /opt/airflow/dags/minio_file_compression_and_email.py for tasks to queue
[2025-04-22T08:28:48.031+0000] {logging_mixin.py:190} INFO - [2025-04-22T08:28:48.030+0000] {dagbag.py:588} INFO - Filling up the DagBag from /opt/airflow/dags/minio_file_compression_and_email.py
[2025-04-22T08:28:48.055+0000] {processor.py:925} INFO - DAG(s) 'minio_file_compression_and_email' retrieved from /opt/airflow/dags/minio_file_compression_and_email.py
[2025-04-22T08:28:48.092+0000] {logging_mixin.py:190} INFO - [2025-04-22T08:28:48.091+0000] {dag.py:3239} INFO - Sync 1 DAGs
[2025-04-22T08:28:48.130+0000] {logging_mixin.py:190} INFO - [2025-04-22T08:28:48.129+0000] {dag.py:4180} INFO - Setting next_dagrun for minio_file_compression_and_email to None, run_after=None
[2025-04-22T08:28:48.160+0000] {processor.py:208} INFO - Processing /opt/airflow/dags/minio_file_compression_and_email.py took 0.146 seconds
[2025-04-22T08:29:18.443+0000] {processor.py:186} INFO - Started process (PID=1110) to work on /opt/airflow/dags/minio_file_compression_and_email.py
[2025-04-22T08:29:18.445+0000] {processor.py:914} INFO - Processing file /opt/airflow/dags/minio_file_compression_and_email.py for tasks to queue
[2025-04-22T08:29:18.449+0000] {logging_mixin.py:190} INFO - [2025-04-22T08:29:18.448+0000] {dagbag.py:588} INFO - Filling up the DagBag from /opt/airflow/dags/minio_file_compression_and_email.py
[2025-04-22T08:29:18.468+0000] {processor.py:925} INFO - DAG(s) 'minio_file_compression_and_email' retrieved from /opt/airflow/dags/minio_file_compression_and_email.py
[2025-04-22T08:29:18.506+0000] {logging_mixin.py:190} INFO - [2025-04-22T08:29:18.506+0000] {dag.py:3239} INFO - Sync 1 DAGs
[2025-04-22T08:29:18.543+0000] {logging_mixin.py:190} INFO - [2025-04-22T08:29:18.543+0000] {dag.py:4180} INFO - Setting next_dagrun for minio_file_compression_and_email to None, run_after=None
[2025-04-22T08:29:18.572+0000] {processor.py:208} INFO - Processing /opt/airflow/dags/minio_file_compression_and_email.py took 0.141 seconds
[2025-04-22T08:29:48.987+0000] {processor.py:186} INFO - Started process (PID=1180) to work on /opt/airflow/dags/minio_file_compression_and_email.py
[2025-04-22T08:29:48.989+0000] {processor.py:914} INFO - Processing file /opt/airflow/dags/minio_file_compression_and_email.py for tasks to queue
[2025-04-22T08:29:48.995+0000] {logging_mixin.py:190} INFO - [2025-04-22T08:29:48.994+0000] {dagbag.py:588} INFO - Filling up the DagBag from /opt/airflow/dags/minio_file_compression_and_email.py
[2025-04-22T08:29:49.016+0000] {processor.py:925} INFO - DAG(s) 'minio_file_compression_and_email' retrieved from /opt/airflow/dags/minio_file_compression_and_email.py
[2025-04-22T08:29:49.065+0000] {logging_mixin.py:190} INFO - [2025-04-22T08:29:49.064+0000] {dag.py:3239} INFO - Sync 1 DAGs
[2025-04-22T08:29:49.115+0000] {logging_mixin.py:190} INFO - [2025-04-22T08:29:49.115+0000] {dag.py:4180} INFO - Setting next_dagrun for minio_file_compression_and_email to None, run_after=None
[2025-04-22T08:29:49.151+0000] {processor.py:208} INFO - Processing /opt/airflow/dags/minio_file_compression_and_email.py took 0.178 seconds
[2025-04-22T08:30:19.253+0000] {processor.py:186} INFO - Started process (PID=1250) to work on /opt/airflow/dags/minio_file_compression_and_email.py
[2025-04-22T08:30:19.255+0000] {processor.py:914} INFO - Processing file /opt/airflow/dags/minio_file_compression_and_email.py for tasks to queue
[2025-04-22T08:30:19.260+0000] {logging_mixin.py:190} INFO - [2025-04-22T08:30:19.260+0000] {dagbag.py:588} INFO - Filling up the DagBag from /opt/airflow/dags/minio_file_compression_and_email.py
[2025-04-22T08:30:19.288+0000] {processor.py:925} INFO - DAG(s) 'minio_file_compression_and_email' retrieved from /opt/airflow/dags/minio_file_compression_and_email.py
[2025-04-22T08:30:19.331+0000] {logging_mixin.py:190} INFO - [2025-04-22T08:30:19.330+0000] {dag.py:3239} INFO - Sync 1 DAGs
[2025-04-22T08:30:19.377+0000] {logging_mixin.py:190} INFO - [2025-04-22T08:30:19.377+0000] {dag.py:4180} INFO - Setting next_dagrun for minio_file_compression_and_email to None, run_after=None
[2025-04-22T08:30:19.412+0000] {processor.py:208} INFO - Processing /opt/airflow/dags/minio_file_compression_and_email.py took 0.171 seconds
[2025-04-22T08:30:50.403+0000] {processor.py:186} INFO - Started process (PID=1320) to work on /opt/airflow/dags/minio_file_compression_and_email.py
[2025-04-22T08:30:50.404+0000] {processor.py:914} INFO - Processing file /opt/airflow/dags/minio_file_compression_and_email.py for tasks to queue
[2025-04-22T08:30:50.408+0000] {logging_mixin.py:190} INFO - [2025-04-22T08:30:50.407+0000] {dagbag.py:588} INFO - Filling up the DagBag from /opt/airflow/dags/minio_file_compression_and_email.py
[2025-04-22T08:30:50.423+0000] {processor.py:925} INFO - DAG(s) 'minio_file_compression_and_email' retrieved from /opt/airflow/dags/minio_file_compression_and_email.py
[2025-04-22T08:30:50.457+0000] {logging_mixin.py:190} INFO - [2025-04-22T08:30:50.457+0000] {dag.py:3239} INFO - Sync 1 DAGs
[2025-04-22T08:30:50.497+0000] {logging_mixin.py:190} INFO - [2025-04-22T08:30:50.496+0000] {dag.py:4180} INFO - Setting next_dagrun for minio_file_compression_and_email to None, run_after=None
[2025-04-22T08:30:50.532+0000] {processor.py:208} INFO - Processing /opt/airflow/dags/minio_file_compression_and_email.py took 0.137 seconds
[2025-04-22T08:31:20.993+0000] {processor.py:186} INFO - Started process (PID=1390) to work on /opt/airflow/dags/minio_file_compression_and_email.py
[2025-04-22T08:31:20.995+0000] {processor.py:914} INFO - Processing file /opt/airflow/dags/minio_file_compression_and_email.py for tasks to queue
[2025-04-22T08:31:21.000+0000] {logging_mixin.py:190} INFO - [2025-04-22T08:31:20.999+0000] {dagbag.py:588} INFO - Filling up the DagBag from /opt/airflow/dags/minio_file_compression_and_email.py
[2025-04-22T08:31:21.019+0000] {processor.py:925} INFO - DAG(s) 'minio_file_compression_and_email' retrieved from /opt/airflow/dags/minio_file_compression_and_email.py
[2025-04-22T08:31:21.058+0000] {logging_mixin.py:190} INFO - [2025-04-22T08:31:21.057+0000] {dag.py:3239} INFO - Sync 1 DAGs
[2025-04-22T08:31:21.093+0000] {logging_mixin.py:190} INFO - [2025-04-22T08:31:21.093+0000] {dag.py:4180} INFO - Setting next_dagrun for minio_file_compression_and_email to None, run_after=None
[2025-04-22T08:31:21.123+0000] {processor.py:208} INFO - Processing /opt/airflow/dags/minio_file_compression_and_email.py took 0.141 seconds
[2025-04-22T08:33:19.000+0000] {processor.py:186} INFO - Started process (PID=85) to work on /opt/airflow/dags/minio_file_compression_and_email.py
[2025-04-22T08:33:19.001+0000] {processor.py:914} INFO - Processing file /opt/airflow/dags/minio_file_compression_and_email.py for tasks to queue
[2025-04-22T08:33:19.003+0000] {logging_mixin.py:190} INFO - [2025-04-22T08:33:19.003+0000] {dagbag.py:588} INFO - Filling up the DagBag from /opt/airflow/dags/minio_file_compression_and_email.py
[2025-04-22T08:33:19.092+0000] {processor.py:925} INFO - DAG(s) 'minio_file_compression_and_email' retrieved from /opt/airflow/dags/minio_file_compression_and_email.py
[2025-04-22T08:33:19.126+0000] {logging_mixin.py:190} INFO - [2025-04-22T08:33:19.126+0000] {dag.py:3239} INFO - Sync 1 DAGs
[2025-04-22T08:33:19.153+0000] {logging_mixin.py:190} INFO - [2025-04-22T08:33:19.153+0000] {dag.py:4180} INFO - Setting next_dagrun for minio_file_compression_and_email to None, run_after=None
[2025-04-22T08:33:19.181+0000] {processor.py:208} INFO - Processing /opt/airflow/dags/minio_file_compression_and_email.py took 0.187 seconds
[2025-04-22T08:33:49.278+0000] {processor.py:186} INFO - Started process (PID=161) to work on /opt/airflow/dags/minio_file_compression_and_email.py
[2025-04-22T08:33:49.280+0000] {processor.py:914} INFO - Processing file /opt/airflow/dags/minio_file_compression_and_email.py for tasks to queue
[2025-04-22T08:33:49.285+0000] {logging_mixin.py:190} INFO - [2025-04-22T08:33:49.284+0000] {dagbag.py:588} INFO - Filling up the DagBag from /opt/airflow/dags/minio_file_compression_and_email.py
[2025-04-22T08:33:49.315+0000] {processor.py:925} INFO - DAG(s) 'minio_file_compression_and_email' retrieved from /opt/airflow/dags/minio_file_compression_and_email.py
[2025-04-22T08:33:49.360+0000] {logging_mixin.py:190} INFO - [2025-04-22T08:33:49.360+0000] {dag.py:3239} INFO - Sync 1 DAGs
[2025-04-22T08:33:49.402+0000] {logging_mixin.py:190} INFO - [2025-04-22T08:33:49.402+0000] {dag.py:4180} INFO - Setting next_dagrun for minio_file_compression_and_email to None, run_after=None
[2025-04-22T08:33:49.479+0000] {processor.py:208} INFO - Processing /opt/airflow/dags/minio_file_compression_and_email.py took 0.218 seconds
[2025-04-22T08:34:20.285+0000] {processor.py:186} INFO - Started process (PID=231) to work on /opt/airflow/dags/minio_file_compression_and_email.py
[2025-04-22T08:34:20.286+0000] {processor.py:914} INFO - Processing file /opt/airflow/dags/minio_file_compression_and_email.py for tasks to queue
[2025-04-22T08:34:20.290+0000] {logging_mixin.py:190} INFO - [2025-04-22T08:34:20.290+0000] {dagbag.py:588} INFO - Filling up the DagBag from /opt/airflow/dags/minio_file_compression_and_email.py
[2025-04-22T08:34:20.314+0000] {processor.py:925} INFO - DAG(s) 'minio_file_compression_and_email' retrieved from /opt/airflow/dags/minio_file_compression_and_email.py
[2025-04-22T08:34:20.358+0000] {logging_mixin.py:190} INFO - [2025-04-22T08:34:20.357+0000] {dag.py:3239} INFO - Sync 1 DAGs
[2025-04-22T08:34:20.403+0000] {logging_mixin.py:190} INFO - [2025-04-22T08:34:20.403+0000] {dag.py:4180} INFO - Setting next_dagrun for minio_file_compression_and_email to None, run_after=None
[2025-04-22T08:34:20.442+0000] {processor.py:208} INFO - Processing /opt/airflow/dags/minio_file_compression_and_email.py took 0.168 seconds
[2025-04-22T08:34:50.872+0000] {processor.py:186} INFO - Started process (PID=301) to work on /opt/airflow/dags/minio_file_compression_and_email.py
[2025-04-22T08:34:50.874+0000] {processor.py:914} INFO - Processing file /opt/airflow/dags/minio_file_compression_and_email.py for tasks to queue
[2025-04-22T08:34:50.880+0000] {logging_mixin.py:190} INFO - [2025-04-22T08:34:50.879+0000] {dagbag.py:588} INFO - Filling up the DagBag from /opt/airflow/dags/minio_file_compression_and_email.py
[2025-04-22T08:34:50.907+0000] {processor.py:925} INFO - DAG(s) 'minio_file_compression_and_email' retrieved from /opt/airflow/dags/minio_file_compression_and_email.py
[2025-04-22T08:34:50.945+0000] {logging_mixin.py:190} INFO - [2025-04-22T08:34:50.945+0000] {dag.py:3239} INFO - Sync 1 DAGs
[2025-04-22T08:34:50.994+0000] {logging_mixin.py:190} INFO - [2025-04-22T08:34:50.994+0000] {dag.py:4180} INFO - Setting next_dagrun for minio_file_compression_and_email to None, run_after=None
[2025-04-22T08:34:51.033+0000] {processor.py:208} INFO - Processing /opt/airflow/dags/minio_file_compression_and_email.py took 0.172 seconds
[2025-04-22T08:35:21.847+0000] {processor.py:186} INFO - Started process (PID=371) to work on /opt/airflow/dags/minio_file_compression_and_email.py
[2025-04-22T08:35:21.848+0000] {processor.py:914} INFO - Processing file /opt/airflow/dags/minio_file_compression_and_email.py for tasks to queue
[2025-04-22T08:35:21.852+0000] {logging_mixin.py:190} INFO - [2025-04-22T08:35:21.851+0000] {dagbag.py:588} INFO - Filling up the DagBag from /opt/airflow/dags/minio_file_compression_and_email.py
[2025-04-22T08:35:21.872+0000] {processor.py:925} INFO - DAG(s) 'minio_file_compression_and_email' retrieved from /opt/airflow/dags/minio_file_compression_and_email.py
[2025-04-22T08:35:21.906+0000] {logging_mixin.py:190} INFO - [2025-04-22T08:35:21.906+0000] {dag.py:3239} INFO - Sync 1 DAGs
[2025-04-22T08:35:21.958+0000] {logging_mixin.py:190} INFO - [2025-04-22T08:35:21.958+0000] {dag.py:4180} INFO - Setting next_dagrun for minio_file_compression_and_email to None, run_after=None
[2025-04-22T08:35:21.997+0000] {processor.py:208} INFO - Processing /opt/airflow/dags/minio_file_compression_and_email.py took 0.158 seconds
[2025-04-22T08:35:52.878+0000] {processor.py:186} INFO - Started process (PID=441) to work on /opt/airflow/dags/minio_file_compression_and_email.py
[2025-04-22T08:35:52.880+0000] {processor.py:914} INFO - Processing file /opt/airflow/dags/minio_file_compression_and_email.py for tasks to queue
[2025-04-22T08:35:52.885+0000] {logging_mixin.py:190} INFO - [2025-04-22T08:35:52.884+0000] {dagbag.py:588} INFO - Filling up the DagBag from /opt/airflow/dags/minio_file_compression_and_email.py
[2025-04-22T08:35:52.905+0000] {processor.py:925} INFO - DAG(s) 'minio_file_compression_and_email' retrieved from /opt/airflow/dags/minio_file_compression_and_email.py
[2025-04-22T08:35:52.942+0000] {logging_mixin.py:190} INFO - [2025-04-22T08:35:52.942+0000] {dag.py:3239} INFO - Sync 1 DAGs
[2025-04-22T08:35:52.980+0000] {logging_mixin.py:190} INFO - [2025-04-22T08:35:52.980+0000] {dag.py:4180} INFO - Setting next_dagrun for minio_file_compression_and_email to None, run_after=None
[2025-04-22T08:35:53.017+0000] {processor.py:208} INFO - Processing /opt/airflow/dags/minio_file_compression_and_email.py took 0.152 seconds
[2025-04-22T08:36:23.636+0000] {processor.py:186} INFO - Started process (PID=511) to work on /opt/airflow/dags/minio_file_compression_and_email.py
[2025-04-22T08:36:23.638+0000] {processor.py:914} INFO - Processing file /opt/airflow/dags/minio_file_compression_and_email.py for tasks to queue
[2025-04-22T08:36:23.642+0000] {logging_mixin.py:190} INFO - [2025-04-22T08:36:23.642+0000] {dagbag.py:588} INFO - Filling up the DagBag from /opt/airflow/dags/minio_file_compression_and_email.py
[2025-04-22T08:36:23.664+0000] {processor.py:925} INFO - DAG(s) 'minio_file_compression_and_email' retrieved from /opt/airflow/dags/minio_file_compression_and_email.py
[2025-04-22T08:36:23.706+0000] {logging_mixin.py:190} INFO - [2025-04-22T08:36:23.706+0000] {dag.py:3239} INFO - Sync 1 DAGs
[2025-04-22T08:36:23.754+0000] {logging_mixin.py:190} INFO - [2025-04-22T08:36:23.753+0000] {dag.py:4180} INFO - Setting next_dagrun for minio_file_compression_and_email to None, run_after=None
[2025-04-22T08:36:23.787+0000] {processor.py:208} INFO - Processing /opt/airflow/dags/minio_file_compression_and_email.py took 0.162 seconds
[2025-04-22T08:36:54.065+0000] {processor.py:186} INFO - Started process (PID=581) to work on /opt/airflow/dags/minio_file_compression_and_email.py
[2025-04-22T08:36:54.067+0000] {processor.py:914} INFO - Processing file /opt/airflow/dags/minio_file_compression_and_email.py for tasks to queue
[2025-04-22T08:36:54.073+0000] {logging_mixin.py:190} INFO - [2025-04-22T08:36:54.072+0000] {dagbag.py:588} INFO - Filling up the DagBag from /opt/airflow/dags/minio_file_compression_and_email.py
[2025-04-22T08:36:54.097+0000] {processor.py:925} INFO - DAG(s) 'minio_file_compression_and_email' retrieved from /opt/airflow/dags/minio_file_compression_and_email.py
[2025-04-22T08:36:54.146+0000] {logging_mixin.py:190} INFO - [2025-04-22T08:36:54.146+0000] {dag.py:3239} INFO - Sync 1 DAGs
[2025-04-22T08:36:54.195+0000] {logging_mixin.py:190} INFO - [2025-04-22T08:36:54.194+0000] {dag.py:4180} INFO - Setting next_dagrun for minio_file_compression_and_email to None, run_after=None
[2025-04-22T08:36:54.234+0000] {processor.py:208} INFO - Processing /opt/airflow/dags/minio_file_compression_and_email.py took 0.182 seconds
[2025-04-22T08:37:25.158+0000] {processor.py:186} INFO - Started process (PID=651) to work on /opt/airflow/dags/minio_file_compression_and_email.py
[2025-04-22T08:37:25.160+0000] {processor.py:914} INFO - Processing file /opt/airflow/dags/minio_file_compression_and_email.py for tasks to queue
[2025-04-22T08:37:25.164+0000] {logging_mixin.py:190} INFO - [2025-04-22T08:37:25.163+0000] {dagbag.py:588} INFO - Filling up the DagBag from /opt/airflow/dags/minio_file_compression_and_email.py
[2025-04-22T08:37:25.189+0000] {processor.py:925} INFO - DAG(s) 'minio_file_compression_and_email' retrieved from /opt/airflow/dags/minio_file_compression_and_email.py
[2025-04-22T08:37:25.240+0000] {logging_mixin.py:190} INFO - [2025-04-22T08:37:25.239+0000] {dag.py:3239} INFO - Sync 1 DAGs
[2025-04-22T08:37:25.295+0000] {logging_mixin.py:190} INFO - [2025-04-22T08:37:25.295+0000] {dag.py:4180} INFO - Setting next_dagrun for minio_file_compression_and_email to None, run_after=None
[2025-04-22T08:37:25.328+0000] {processor.py:208} INFO - Processing /opt/airflow/dags/minio_file_compression_and_email.py took 0.182 seconds
[2025-04-22T08:37:55.818+0000] {processor.py:186} INFO - Started process (PID=721) to work on /opt/airflow/dags/minio_file_compression_and_email.py
[2025-04-22T08:37:55.820+0000] {processor.py:914} INFO - Processing file /opt/airflow/dags/minio_file_compression_and_email.py for tasks to queue
[2025-04-22T08:37:55.824+0000] {logging_mixin.py:190} INFO - [2025-04-22T08:37:55.823+0000] {dagbag.py:588} INFO - Filling up the DagBag from /opt/airflow/dags/minio_file_compression_and_email.py
[2025-04-22T08:37:55.840+0000] {processor.py:925} INFO - DAG(s) 'minio_file_compression_and_email' retrieved from /opt/airflow/dags/minio_file_compression_and_email.py
[2025-04-22T08:37:55.879+0000] {logging_mixin.py:190} INFO - [2025-04-22T08:37:55.879+0000] {dag.py:3239} INFO - Sync 1 DAGs
[2025-04-22T08:37:55.926+0000] {logging_mixin.py:190} INFO - [2025-04-22T08:37:55.925+0000] {dag.py:4180} INFO - Setting next_dagrun for minio_file_compression_and_email to None, run_after=None
[2025-04-22T08:37:55.965+0000] {processor.py:208} INFO - Processing /opt/airflow/dags/minio_file_compression_and_email.py took 0.160 seconds
[2025-04-22T08:38:26.311+0000] {processor.py:186} INFO - Started process (PID=791) to work on /opt/airflow/dags/minio_file_compression_and_email.py
[2025-04-22T08:38:26.313+0000] {processor.py:914} INFO - Processing file /opt/airflow/dags/minio_file_compression_and_email.py for tasks to queue
[2025-04-22T08:38:26.321+0000] {logging_mixin.py:190} INFO - [2025-04-22T08:38:26.320+0000] {dagbag.py:588} INFO - Filling up the DagBag from /opt/airflow/dags/minio_file_compression_and_email.py
[2025-04-22T08:38:26.349+0000] {processor.py:925} INFO - DAG(s) 'minio_file_compression_and_email' retrieved from /opt/airflow/dags/minio_file_compression_and_email.py
[2025-04-22T08:38:26.397+0000] {logging_mixin.py:190} INFO - [2025-04-22T08:38:26.397+0000] {dag.py:3239} INFO - Sync 1 DAGs
[2025-04-22T08:38:26.444+0000] {logging_mixin.py:190} INFO - [2025-04-22T08:38:26.443+0000] {dag.py:4180} INFO - Setting next_dagrun for minio_file_compression_and_email to None, run_after=None
[2025-04-22T08:38:26.482+0000] {processor.py:208} INFO - Processing /opt/airflow/dags/minio_file_compression_and_email.py took 0.182 seconds
[2025-04-22T08:38:56.723+0000] {processor.py:186} INFO - Started process (PID=861) to work on /opt/airflow/dags/minio_file_compression_and_email.py
[2025-04-22T08:38:56.725+0000] {processor.py:914} INFO - Processing file /opt/airflow/dags/minio_file_compression_and_email.py for tasks to queue
[2025-04-22T08:38:56.730+0000] {logging_mixin.py:190} INFO - [2025-04-22T08:38:56.729+0000] {dagbag.py:588} INFO - Filling up the DagBag from /opt/airflow/dags/minio_file_compression_and_email.py
[2025-04-22T08:38:56.755+0000] {processor.py:925} INFO - DAG(s) 'minio_file_compression_and_email' retrieved from /opt/airflow/dags/minio_file_compression_and_email.py
[2025-04-22T08:38:56.784+0000] {logging_mixin.py:190} INFO - [2025-04-22T08:38:56.784+0000] {dag.py:3239} INFO - Sync 1 DAGs
[2025-04-22T08:38:56.830+0000] {logging_mixin.py:190} INFO - [2025-04-22T08:38:56.830+0000] {dag.py:4180} INFO - Setting next_dagrun for minio_file_compression_and_email to None, run_after=None
[2025-04-22T08:38:56.859+0000] {processor.py:208} INFO - Processing /opt/airflow/dags/minio_file_compression_and_email.py took 0.149 seconds
[2025-04-22T08:39:27.561+0000] {processor.py:186} INFO - Started process (PID=931) to work on /opt/airflow/dags/minio_file_compression_and_email.py
[2025-04-22T08:39:27.565+0000] {processor.py:914} INFO - Processing file /opt/airflow/dags/minio_file_compression_and_email.py for tasks to queue
[2025-04-22T08:39:27.569+0000] {logging_mixin.py:190} INFO - [2025-04-22T08:39:27.568+0000] {dagbag.py:588} INFO - Filling up the DagBag from /opt/airflow/dags/minio_file_compression_and_email.py
[2025-04-22T08:39:27.592+0000] {processor.py:925} INFO - DAG(s) 'minio_file_compression_and_email' retrieved from /opt/airflow/dags/minio_file_compression_and_email.py
[2025-04-22T08:39:27.626+0000] {logging_mixin.py:190} INFO - [2025-04-22T08:39:27.626+0000] {dag.py:3239} INFO - Sync 1 DAGs
[2025-04-22T08:39:27.686+0000] {logging_mixin.py:190} INFO - [2025-04-22T08:39:27.685+0000] {dag.py:4180} INFO - Setting next_dagrun for minio_file_compression_and_email to None, run_after=None
[2025-04-22T08:39:27.718+0000] {processor.py:208} INFO - Processing /opt/airflow/dags/minio_file_compression_and_email.py took 0.166 seconds
[2025-04-22T08:39:57.789+0000] {processor.py:186} INFO - Started process (PID=1001) to work on /opt/airflow/dags/minio_file_compression_and_email.py
[2025-04-22T08:39:57.790+0000] {processor.py:914} INFO - Processing file /opt/airflow/dags/minio_file_compression_and_email.py for tasks to queue
[2025-04-22T08:39:57.793+0000] {logging_mixin.py:190} INFO - [2025-04-22T08:39:57.793+0000] {dagbag.py:588} INFO - Filling up the DagBag from /opt/airflow/dags/minio_file_compression_and_email.py
[2025-04-22T08:39:57.809+0000] {processor.py:925} INFO - DAG(s) 'minio_file_compression_and_email' retrieved from /opt/airflow/dags/minio_file_compression_and_email.py
[2025-04-22T08:39:57.834+0000] {logging_mixin.py:190} INFO - [2025-04-22T08:39:57.834+0000] {dag.py:3239} INFO - Sync 1 DAGs
[2025-04-22T08:39:57.864+0000] {logging_mixin.py:190} INFO - [2025-04-22T08:39:57.864+0000] {dag.py:4180} INFO - Setting next_dagrun for minio_file_compression_and_email to None, run_after=None
[2025-04-22T08:39:57.887+0000] {processor.py:208} INFO - Processing /opt/airflow/dags/minio_file_compression_and_email.py took 0.104 seconds
[2025-04-22T08:39:58.931+0000] {processor.py:186} INFO - Started process (PID=1003) to work on /opt/airflow/dags/minio_file_compression_and_email.py
[2025-04-22T08:39:58.932+0000] {processor.py:914} INFO - Processing file /opt/airflow/dags/minio_file_compression_and_email.py for tasks to queue
[2025-04-22T08:39:58.936+0000] {logging_mixin.py:190} INFO - [2025-04-22T08:39:58.936+0000] {dagbag.py:588} INFO - Filling up the DagBag from /opt/airflow/dags/minio_file_compression_and_email.py
[2025-04-22T08:39:58.942+0000] {logging_mixin.py:190} INFO - [2025-04-22T08:39:58.940+0000] {dagbag.py:387} ERROR - Failed to import: /opt/airflow/dags/minio_file_compression_and_email.py
Traceback (most recent call last):
  File "/home/airflow/.local/lib/python3.12/site-packages/airflow/models/dagbag.py", line 383, in parse
    loader.exec_module(new_module)
  File "<frozen importlib._bootstrap_external>", line 995, in exec_module
  File "<frozen importlib._bootstrap_external>", line 1133, in get_code
  File "<frozen importlib._bootstrap_external>", line 1063, in source_to_code
  File "<frozen importlib._bootstrap>", line 488, in _call_with_frames_removed
  File "/opt/airflow/dags/minio_file_compression_and_email.py", line 88
    return {
           ^
SyntaxError: '{' was never closed
[2025-04-22T08:39:58.942+0000] {processor.py:927} WARNING - No viable dags retrieved from /opt/airflow/dags/minio_file_compression_and_email.py
[2025-04-22T08:39:58.969+0000] {processor.py:208} INFO - Processing /opt/airflow/dags/minio_file_compression_and_email.py took 0.045 seconds
[2025-04-22T08:40:05.031+0000] {processor.py:186} INFO - Started process (PID=1043) to work on /opt/airflow/dags/minio_file_compression_and_email.py
[2025-04-22T08:40:05.033+0000] {processor.py:914} INFO - Processing file /opt/airflow/dags/minio_file_compression_and_email.py for tasks to queue
[2025-04-22T08:40:05.038+0000] {logging_mixin.py:190} INFO - [2025-04-22T08:40:05.038+0000] {dagbag.py:588} INFO - Filling up the DagBag from /opt/airflow/dags/minio_file_compression_and_email.py
[2025-04-22T08:40:05.071+0000] {processor.py:925} INFO - DAG(s) 'minio_file_compression_dag' retrieved from /opt/airflow/dags/minio_file_compression_and_email.py
[2025-04-22T08:40:05.261+0000] {logging_mixin.py:190} INFO - [2025-04-22T08:40:05.260+0000] {override.py:1912} INFO - Created Permission View: can delete on DAG:minio_file_compression_dag
[2025-04-22T08:40:05.281+0000] {logging_mixin.py:190} INFO - [2025-04-22T08:40:05.280+0000] {override.py:1912} INFO - Created Permission View: can edit on DAG:minio_file_compression_dag
[2025-04-22T08:40:05.291+0000] {logging_mixin.py:190} INFO - [2025-04-22T08:40:05.291+0000] {override.py:1912} INFO - Created Permission View: can read on DAG:minio_file_compression_dag
[2025-04-22T08:40:05.307+0000] {logging_mixin.py:190} INFO - [2025-04-22T08:40:05.307+0000] {override.py:1912} INFO - Created Permission View: can create on DAG Run:minio_file_compression_dag
[2025-04-22T08:40:05.323+0000] {logging_mixin.py:190} INFO - [2025-04-22T08:40:05.322+0000] {override.py:1912} INFO - Created Permission View: can delete on DAG Run:minio_file_compression_dag
[2025-04-22T08:40:05.337+0000] {logging_mixin.py:190} INFO - [2025-04-22T08:40:05.336+0000] {override.py:1912} INFO - Created Permission View: can read on DAG Run:minio_file_compression_dag
[2025-04-22T08:40:05.353+0000] {logging_mixin.py:190} INFO - [2025-04-22T08:40:05.352+0000] {override.py:1912} INFO - Created Permission View: menu access on DAG Run:minio_file_compression_dag
[2025-04-22T08:40:05.354+0000] {logging_mixin.py:190} INFO - [2025-04-22T08:40:05.354+0000] {dag.py:3239} INFO - Sync 1 DAGs
[2025-04-22T08:40:05.378+0000] {logging_mixin.py:190} INFO - [2025-04-22T08:40:05.377+0000] {dag.py:3262} INFO - Creating ORM DAG for minio_file_compression_dag
[2025-04-22T08:40:05.380+0000] {logging_mixin.py:190} INFO - [2025-04-22T08:40:05.379+0000] {dag.py:4180} INFO - Setting next_dagrun for minio_file_compression_dag to None, run_after=None
[2025-04-22T08:40:05.422+0000] {processor.py:208} INFO - Processing /opt/airflow/dags/minio_file_compression_and_email.py took 0.404 seconds
[2025-04-22T08:40:06.172+0000] {processor.py:186} INFO - Started process (PID=1052) to work on /opt/airflow/dags/minio_file_compression_and_email.py
[2025-04-22T08:40:06.174+0000] {processor.py:914} INFO - Processing file /opt/airflow/dags/minio_file_compression_and_email.py for tasks to queue
[2025-04-22T08:40:06.179+0000] {logging_mixin.py:190} INFO - [2025-04-22T08:40:06.178+0000] {dagbag.py:588} INFO - Filling up the DagBag from /opt/airflow/dags/minio_file_compression_and_email.py
[2025-04-22T08:40:06.198+0000] {processor.py:925} INFO - DAG(s) 'minio_file_compression_dag' retrieved from /opt/airflow/dags/minio_file_compression_and_email.py
[2025-04-22T08:40:06.217+0000] {logging_mixin.py:190} INFO - [2025-04-22T08:40:06.217+0000] {dag.py:3239} INFO - Sync 1 DAGs
[2025-04-22T08:40:06.250+0000] {logging_mixin.py:190} INFO - [2025-04-22T08:40:06.249+0000] {dag.py:4180} INFO - Setting next_dagrun for minio_file_compression_dag to None, run_after=None
[2025-04-22T08:40:06.298+0000] {processor.py:208} INFO - Processing /opt/airflow/dags/minio_file_compression_and_email.py took 0.134 seconds
[2025-04-22T08:40:36.380+0000] {processor.py:186} INFO - Started process (PID=1122) to work on /opt/airflow/dags/minio_file_compression_and_email.py
[2025-04-22T08:40:36.381+0000] {processor.py:914} INFO - Processing file /opt/airflow/dags/minio_file_compression_and_email.py for tasks to queue
[2025-04-22T08:40:36.384+0000] {logging_mixin.py:190} INFO - [2025-04-22T08:40:36.384+0000] {dagbag.py:588} INFO - Filling up the DagBag from /opt/airflow/dags/minio_file_compression_and_email.py
[2025-04-22T08:40:36.400+0000] {processor.py:925} INFO - DAG(s) 'minio_file_compression_dag' retrieved from /opt/airflow/dags/minio_file_compression_and_email.py
[2025-04-22T08:40:36.431+0000] {logging_mixin.py:190} INFO - [2025-04-22T08:40:36.430+0000] {dag.py:3239} INFO - Sync 1 DAGs
[2025-04-22T08:40:36.449+0000] {logging_mixin.py:190} INFO - [2025-04-22T08:40:36.449+0000] {dag.py:4180} INFO - Setting next_dagrun for minio_file_compression_dag to None, run_after=None
[2025-04-22T08:40:36.478+0000] {processor.py:208} INFO - Processing /opt/airflow/dags/minio_file_compression_and_email.py took 0.106 seconds
[2025-04-22T08:41:07.247+0000] {processor.py:186} INFO - Started process (PID=1190) to work on /opt/airflow/dags/minio_file_compression_and_email.py
[2025-04-22T08:41:07.249+0000] {processor.py:914} INFO - Processing file /opt/airflow/dags/minio_file_compression_and_email.py for tasks to queue
[2025-04-22T08:41:07.252+0000] {logging_mixin.py:190} INFO - [2025-04-22T08:41:07.252+0000] {dagbag.py:588} INFO - Filling up the DagBag from /opt/airflow/dags/minio_file_compression_and_email.py
[2025-04-22T08:41:07.277+0000] {processor.py:925} INFO - DAG(s) 'minio_file_compression_dag' retrieved from /opt/airflow/dags/minio_file_compression_and_email.py
[2025-04-22T08:41:07.309+0000] {logging_mixin.py:190} INFO - [2025-04-22T08:41:07.309+0000] {dag.py:3239} INFO - Sync 1 DAGs
[2025-04-22T08:41:07.341+0000] {logging_mixin.py:190} INFO - [2025-04-22T08:41:07.340+0000] {dag.py:4180} INFO - Setting next_dagrun for minio_file_compression_dag to None, run_after=None
[2025-04-22T08:41:07.371+0000] {processor.py:208} INFO - Processing /opt/airflow/dags/minio_file_compression_and_email.py took 0.136 seconds
[2025-04-22T08:41:38.193+0000] {processor.py:186} INFO - Started process (PID=1260) to work on /opt/airflow/dags/minio_file_compression_and_email.py
[2025-04-22T08:41:38.194+0000] {processor.py:914} INFO - Processing file /opt/airflow/dags/minio_file_compression_and_email.py for tasks to queue
[2025-04-22T08:41:38.196+0000] {logging_mixin.py:190} INFO - [2025-04-22T08:41:38.196+0000] {dagbag.py:588} INFO - Filling up the DagBag from /opt/airflow/dags/minio_file_compression_and_email.py
[2025-04-22T08:41:38.212+0000] {processor.py:925} INFO - DAG(s) 'minio_file_compression_dag' retrieved from /opt/airflow/dags/minio_file_compression_and_email.py
[2025-04-22T08:41:38.246+0000] {logging_mixin.py:190} INFO - [2025-04-22T08:41:38.245+0000] {dag.py:3239} INFO - Sync 1 DAGs
[2025-04-22T08:41:38.279+0000] {logging_mixin.py:190} INFO - [2025-04-22T08:41:38.279+0000] {dag.py:4180} INFO - Setting next_dagrun for minio_file_compression_dag to None, run_after=None
[2025-04-22T08:41:38.318+0000] {processor.py:208} INFO - Processing /opt/airflow/dags/minio_file_compression_and_email.py took 0.134 seconds
[2025-04-22T08:42:08.796+0000] {processor.py:186} INFO - Started process (PID=1330) to work on /opt/airflow/dags/minio_file_compression_and_email.py
[2025-04-22T08:42:08.797+0000] {processor.py:914} INFO - Processing file /opt/airflow/dags/minio_file_compression_and_email.py for tasks to queue
[2025-04-22T08:42:08.799+0000] {logging_mixin.py:190} INFO - [2025-04-22T08:42:08.798+0000] {dagbag.py:588} INFO - Filling up the DagBag from /opt/airflow/dags/minio_file_compression_and_email.py
[2025-04-22T08:42:08.813+0000] {processor.py:925} INFO - DAG(s) 'minio_file_compression_dag' retrieved from /opt/airflow/dags/minio_file_compression_and_email.py
[2025-04-22T08:42:08.838+0000] {logging_mixin.py:190} INFO - [2025-04-22T08:42:08.838+0000] {dag.py:3239} INFO - Sync 1 DAGs
[2025-04-22T08:42:08.856+0000] {logging_mixin.py:190} INFO - [2025-04-22T08:42:08.856+0000] {dag.py:4180} INFO - Setting next_dagrun for minio_file_compression_dag to None, run_after=None
[2025-04-22T08:42:08.881+0000] {processor.py:208} INFO - Processing /opt/airflow/dags/minio_file_compression_and_email.py took 0.091 seconds
[2025-04-22T08:42:39.271+0000] {processor.py:186} INFO - Started process (PID=1400) to work on /opt/airflow/dags/minio_file_compression_and_email.py
[2025-04-22T08:42:39.273+0000] {processor.py:914} INFO - Processing file /opt/airflow/dags/minio_file_compression_and_email.py for tasks to queue
[2025-04-22T08:42:39.275+0000] {logging_mixin.py:190} INFO - [2025-04-22T08:42:39.275+0000] {dagbag.py:588} INFO - Filling up the DagBag from /opt/airflow/dags/minio_file_compression_and_email.py
[2025-04-22T08:42:39.299+0000] {processor.py:925} INFO - DAG(s) 'minio_file_compression_dag' retrieved from /opt/airflow/dags/minio_file_compression_and_email.py
[2025-04-22T08:42:39.338+0000] {logging_mixin.py:190} INFO - [2025-04-22T08:42:39.338+0000] {dag.py:3239} INFO - Sync 1 DAGs
[2025-04-22T08:42:39.358+0000] {logging_mixin.py:190} INFO - [2025-04-22T08:42:39.358+0000] {dag.py:4180} INFO - Setting next_dagrun for minio_file_compression_dag to None, run_after=None
[2025-04-22T08:42:39.395+0000] {processor.py:208} INFO - Processing /opt/airflow/dags/minio_file_compression_and_email.py took 0.136 seconds
[2025-04-22T08:43:10.286+0000] {processor.py:186} INFO - Started process (PID=1470) to work on /opt/airflow/dags/minio_file_compression_and_email.py
[2025-04-22T08:43:10.288+0000] {processor.py:914} INFO - Processing file /opt/airflow/dags/minio_file_compression_and_email.py for tasks to queue
[2025-04-22T08:43:10.291+0000] {logging_mixin.py:190} INFO - [2025-04-22T08:43:10.290+0000] {dagbag.py:588} INFO - Filling up the DagBag from /opt/airflow/dags/minio_file_compression_and_email.py
[2025-04-22T08:43:10.322+0000] {processor.py:925} INFO - DAG(s) 'minio_file_compression_dag' retrieved from /opt/airflow/dags/minio_file_compression_and_email.py
[2025-04-22T08:43:10.365+0000] {logging_mixin.py:190} INFO - [2025-04-22T08:43:10.365+0000] {dag.py:3239} INFO - Sync 1 DAGs
[2025-04-22T08:43:10.399+0000] {logging_mixin.py:190} INFO - [2025-04-22T08:43:10.399+0000] {dag.py:4180} INFO - Setting next_dagrun for minio_file_compression_dag to None, run_after=None
[2025-04-22T08:43:10.442+0000] {processor.py:208} INFO - Processing /opt/airflow/dags/minio_file_compression_and_email.py took 0.168 seconds
[2025-04-22T08:43:40.743+0000] {processor.py:186} INFO - Started process (PID=1540) to work on /opt/airflow/dags/minio_file_compression_and_email.py
[2025-04-22T08:43:40.744+0000] {processor.py:914} INFO - Processing file /opt/airflow/dags/minio_file_compression_and_email.py for tasks to queue
[2025-04-22T08:43:40.746+0000] {logging_mixin.py:190} INFO - [2025-04-22T08:43:40.746+0000] {dagbag.py:588} INFO - Filling up the DagBag from /opt/airflow/dags/minio_file_compression_and_email.py
[2025-04-22T08:43:40.763+0000] {processor.py:925} INFO - DAG(s) 'minio_file_compression_dag' retrieved from /opt/airflow/dags/minio_file_compression_and_email.py
[2025-04-22T08:43:40.793+0000] {logging_mixin.py:190} INFO - [2025-04-22T08:43:40.793+0000] {dag.py:3239} INFO - Sync 1 DAGs
[2025-04-22T08:43:40.816+0000] {logging_mixin.py:190} INFO - [2025-04-22T08:43:40.816+0000] {dag.py:4180} INFO - Setting next_dagrun for minio_file_compression_dag to None, run_after=None
[2025-04-22T08:43:40.851+0000] {processor.py:208} INFO - Processing /opt/airflow/dags/minio_file_compression_and_email.py took 0.117 seconds
[2025-04-22T08:44:10.934+0000] {processor.py:186} INFO - Started process (PID=1610) to work on /opt/airflow/dags/minio_file_compression_and_email.py
[2025-04-22T08:44:10.935+0000] {processor.py:914} INFO - Processing file /opt/airflow/dags/minio_file_compression_and_email.py for tasks to queue
[2025-04-22T08:44:10.939+0000] {logging_mixin.py:190} INFO - [2025-04-22T08:44:10.938+0000] {dagbag.py:588} INFO - Filling up the DagBag from /opt/airflow/dags/minio_file_compression_and_email.py
[2025-04-22T08:44:10.958+0000] {processor.py:925} INFO - DAG(s) 'minio_file_compression_dag' retrieved from /opt/airflow/dags/minio_file_compression_and_email.py
[2025-04-22T08:44:10.993+0000] {logging_mixin.py:190} INFO - [2025-04-22T08:44:10.992+0000] {dag.py:3239} INFO - Sync 1 DAGs
[2025-04-22T08:44:11.022+0000] {logging_mixin.py:190} INFO - [2025-04-22T08:44:11.022+0000] {dag.py:4180} INFO - Setting next_dagrun for minio_file_compression_dag to None, run_after=None
[2025-04-22T08:44:11.055+0000] {processor.py:208} INFO - Processing /opt/airflow/dags/minio_file_compression_and_email.py took 0.131 seconds
[2025-04-22T08:44:41.214+0000] {processor.py:186} INFO - Started process (PID=1679) to work on /opt/airflow/dags/minio_file_compression_and_email.py
[2025-04-22T08:44:41.217+0000] {processor.py:914} INFO - Processing file /opt/airflow/dags/minio_file_compression_and_email.py for tasks to queue
[2025-04-22T08:44:41.218+0000] {logging_mixin.py:190} INFO - [2025-04-22T08:44:41.218+0000] {dagbag.py:588} INFO - Filling up the DagBag from /opt/airflow/dags/minio_file_compression_and_email.py
[2025-04-22T08:44:41.236+0000] {processor.py:925} INFO - DAG(s) 'minio_file_compression_dag' retrieved from /opt/airflow/dags/minio_file_compression_and_email.py
[2025-04-22T08:44:41.271+0000] {logging_mixin.py:190} INFO - [2025-04-22T08:44:41.270+0000] {dag.py:3239} INFO - Sync 1 DAGs
[2025-04-22T08:44:41.294+0000] {logging_mixin.py:190} INFO - [2025-04-22T08:44:41.293+0000] {dag.py:4180} INFO - Setting next_dagrun for minio_file_compression_dag to None, run_after=None
[2025-04-22T08:44:41.323+0000] {processor.py:208} INFO - Processing /opt/airflow/dags/minio_file_compression_and_email.py took 0.117 seconds
[2025-04-22T08:45:11.403+0000] {processor.py:186} INFO - Started process (PID=1745) to work on /opt/airflow/dags/minio_file_compression_and_email.py
[2025-04-22T08:45:11.405+0000] {processor.py:914} INFO - Processing file /opt/airflow/dags/minio_file_compression_and_email.py for tasks to queue
[2025-04-22T08:45:11.406+0000] {logging_mixin.py:190} INFO - [2025-04-22T08:45:11.406+0000] {dagbag.py:588} INFO - Filling up the DagBag from /opt/airflow/dags/minio_file_compression_and_email.py
[2025-04-22T08:45:11.425+0000] {processor.py:925} INFO - DAG(s) 'minio_file_compression_dag' retrieved from /opt/airflow/dags/minio_file_compression_and_email.py
[2025-04-22T08:45:11.464+0000] {logging_mixin.py:190} INFO - [2025-04-22T08:45:11.463+0000] {dag.py:3239} INFO - Sync 1 DAGs
[2025-04-22T08:45:11.493+0000] {logging_mixin.py:190} INFO - [2025-04-22T08:45:11.492+0000] {dag.py:4180} INFO - Setting next_dagrun for minio_file_compression_dag to None, run_after=None
[2025-04-22T08:45:11.520+0000] {processor.py:208} INFO - Processing /opt/airflow/dags/minio_file_compression_and_email.py took 0.129 seconds
[2025-04-22T08:45:41.635+0000] {processor.py:186} INFO - Started process (PID=1816) to work on /opt/airflow/dags/minio_file_compression_and_email.py
[2025-04-22T08:45:41.636+0000] {processor.py:914} INFO - Processing file /opt/airflow/dags/minio_file_compression_and_email.py for tasks to queue
[2025-04-22T08:45:41.637+0000] {logging_mixin.py:190} INFO - [2025-04-22T08:45:41.637+0000] {dagbag.py:588} INFO - Filling up the DagBag from /opt/airflow/dags/minio_file_compression_and_email.py
[2025-04-22T08:45:41.648+0000] {processor.py:925} INFO - DAG(s) 'minio_file_compression_dag' retrieved from /opt/airflow/dags/minio_file_compression_and_email.py
[2025-04-22T08:45:41.667+0000] {logging_mixin.py:190} INFO - [2025-04-22T08:45:41.667+0000] {dag.py:3239} INFO - Sync 1 DAGs
[2025-04-22T08:45:41.683+0000] {logging_mixin.py:190} INFO - [2025-04-22T08:45:41.683+0000] {dag.py:4180} INFO - Setting next_dagrun for minio_file_compression_dag to None, run_after=None
[2025-04-22T08:45:41.704+0000] {processor.py:208} INFO - Processing /opt/airflow/dags/minio_file_compression_and_email.py took 0.074 seconds
[2025-04-22T08:46:11.746+0000] {processor.py:186} INFO - Started process (PID=1886) to work on /opt/airflow/dags/minio_file_compression_and_email.py
[2025-04-22T08:46:11.748+0000] {processor.py:914} INFO - Processing file /opt/airflow/dags/minio_file_compression_and_email.py for tasks to queue
[2025-04-22T08:46:11.750+0000] {logging_mixin.py:190} INFO - [2025-04-22T08:46:11.749+0000] {dagbag.py:588} INFO - Filling up the DagBag from /opt/airflow/dags/minio_file_compression_and_email.py
[2025-04-22T08:46:11.770+0000] {processor.py:925} INFO - DAG(s) 'minio_file_compression_dag' retrieved from /opt/airflow/dags/minio_file_compression_and_email.py
[2025-04-22T08:46:11.789+0000] {logging_mixin.py:190} INFO - [2025-04-22T08:46:11.788+0000] {dag.py:3239} INFO - Sync 1 DAGs
[2025-04-22T08:46:11.803+0000] {logging_mixin.py:190} INFO - [2025-04-22T08:46:11.803+0000] {dag.py:4180} INFO - Setting next_dagrun for minio_file_compression_dag to None, run_after=None
[2025-04-22T08:46:11.826+0000] {processor.py:208} INFO - Processing /opt/airflow/dags/minio_file_compression_and_email.py took 0.086 seconds
[2025-04-22T08:46:42.434+0000] {processor.py:186} INFO - Started process (PID=1952) to work on /opt/airflow/dags/minio_file_compression_and_email.py
[2025-04-22T08:46:42.436+0000] {processor.py:914} INFO - Processing file /opt/airflow/dags/minio_file_compression_and_email.py for tasks to queue
[2025-04-22T08:46:42.437+0000] {logging_mixin.py:190} INFO - [2025-04-22T08:46:42.437+0000] {dagbag.py:588} INFO - Filling up the DagBag from /opt/airflow/dags/minio_file_compression_and_email.py
[2025-04-22T08:46:42.447+0000] {processor.py:925} INFO - DAG(s) 'minio_file_compression_dag' retrieved from /opt/airflow/dags/minio_file_compression_and_email.py
[2025-04-22T08:46:42.467+0000] {logging_mixin.py:190} INFO - [2025-04-22T08:46:42.467+0000] {dag.py:3239} INFO - Sync 1 DAGs
[2025-04-22T08:46:42.480+0000] {logging_mixin.py:190} INFO - [2025-04-22T08:46:42.480+0000] {dag.py:4180} INFO - Setting next_dagrun for minio_file_compression_dag to None, run_after=None
[2025-04-22T08:46:42.501+0000] {processor.py:208} INFO - Processing /opt/airflow/dags/minio_file_compression_and_email.py took 0.071 seconds
[2025-04-22T08:47:13.280+0000] {processor.py:186} INFO - Started process (PID=2022) to work on /opt/airflow/dags/minio_file_compression_and_email.py
[2025-04-22T08:47:13.281+0000] {processor.py:914} INFO - Processing file /opt/airflow/dags/minio_file_compression_and_email.py for tasks to queue
[2025-04-22T08:47:13.283+0000] {logging_mixin.py:190} INFO - [2025-04-22T08:47:13.283+0000] {dagbag.py:588} INFO - Filling up the DagBag from /opt/airflow/dags/minio_file_compression_and_email.py
[2025-04-22T08:47:13.298+0000] {processor.py:925} INFO - DAG(s) 'minio_file_compression_dag' retrieved from /opt/airflow/dags/minio_file_compression_and_email.py
[2025-04-22T08:47:13.329+0000] {logging_mixin.py:190} INFO - [2025-04-22T08:47:13.328+0000] {dag.py:3239} INFO - Sync 1 DAGs
[2025-04-22T08:47:13.349+0000] {logging_mixin.py:190} INFO - [2025-04-22T08:47:13.348+0000] {dag.py:4180} INFO - Setting next_dagrun for minio_file_compression_dag to None, run_after=None
[2025-04-22T08:47:13.374+0000] {processor.py:208} INFO - Processing /opt/airflow/dags/minio_file_compression_and_email.py took 0.102 seconds
[2025-04-22T08:47:43.992+0000] {processor.py:186} INFO - Started process (PID=2092) to work on /opt/airflow/dags/minio_file_compression_and_email.py
[2025-04-22T08:47:43.994+0000] {processor.py:914} INFO - Processing file /opt/airflow/dags/minio_file_compression_and_email.py for tasks to queue
[2025-04-22T08:47:43.997+0000] {logging_mixin.py:190} INFO - [2025-04-22T08:47:43.997+0000] {dagbag.py:588} INFO - Filling up the DagBag from /opt/airflow/dags/minio_file_compression_and_email.py
[2025-04-22T08:47:44.022+0000] {processor.py:925} INFO - DAG(s) 'minio_file_compression_dag' retrieved from /opt/airflow/dags/minio_file_compression_and_email.py
[2025-04-22T08:47:44.070+0000] {logging_mixin.py:190} INFO - [2025-04-22T08:47:44.069+0000] {dag.py:3239} INFO - Sync 1 DAGs
[2025-04-22T08:47:44.116+0000] {logging_mixin.py:190} INFO - [2025-04-22T08:47:44.115+0000] {dag.py:4180} INFO - Setting next_dagrun for minio_file_compression_dag to None, run_after=None
[2025-04-22T08:47:44.165+0000] {processor.py:208} INFO - Processing /opt/airflow/dags/minio_file_compression_and_email.py took 0.186 seconds
[2025-04-22T08:48:14.478+0000] {processor.py:186} INFO - Started process (PID=2162) to work on /opt/airflow/dags/minio_file_compression_and_email.py
[2025-04-22T08:48:14.480+0000] {processor.py:914} INFO - Processing file /opt/airflow/dags/minio_file_compression_and_email.py for tasks to queue
[2025-04-22T08:48:14.483+0000] {logging_mixin.py:190} INFO - [2025-04-22T08:48:14.482+0000] {dagbag.py:588} INFO - Filling up the DagBag from /opt/airflow/dags/minio_file_compression_and_email.py
[2025-04-22T08:48:14.506+0000] {processor.py:925} INFO - DAG(s) 'minio_file_compression_dag' retrieved from /opt/airflow/dags/minio_file_compression_and_email.py
[2025-04-22T08:48:14.553+0000] {logging_mixin.py:190} INFO - [2025-04-22T08:48:14.553+0000] {dag.py:3239} INFO - Sync 1 DAGs
[2025-04-22T08:48:14.581+0000] {logging_mixin.py:190} INFO - [2025-04-22T08:48:14.581+0000] {dag.py:4180} INFO - Setting next_dagrun for minio_file_compression_dag to None, run_after=None
[2025-04-22T08:48:14.615+0000] {processor.py:208} INFO - Processing /opt/airflow/dags/minio_file_compression_and_email.py took 0.149 seconds
[2025-04-22T08:48:22.078+0000] {processor.py:186} INFO - Started process (PID=2180) to work on /opt/airflow/dags/minio_file_compression_and_email.py
[2025-04-22T08:48:22.080+0000] {processor.py:914} INFO - Processing file /opt/airflow/dags/minio_file_compression_and_email.py for tasks to queue
[2025-04-22T08:48:22.083+0000] {logging_mixin.py:190} INFO - [2025-04-22T08:48:22.083+0000] {dagbag.py:588} INFO - Filling up the DagBag from /opt/airflow/dags/minio_file_compression_and_email.py
[2025-04-22T08:48:22.116+0000] {processor.py:925} INFO - DAG(s) 'minio_file_monitoring_compression_dag' retrieved from /opt/airflow/dags/minio_file_compression_and_email.py
[2025-04-22T08:48:22.301+0000] {logging_mixin.py:190} INFO - [2025-04-22T08:48:22.299+0000] {override.py:1912} INFO - Created Permission View: can delete on DAG:minio_file_monitoring_compression_dag
[2025-04-22T08:48:22.316+0000] {logging_mixin.py:190} INFO - [2025-04-22T08:48:22.316+0000] {override.py:1912} INFO - Created Permission View: can edit on DAG:minio_file_monitoring_compression_dag
[2025-04-22T08:48:22.328+0000] {logging_mixin.py:190} INFO - [2025-04-22T08:48:22.328+0000] {override.py:1912} INFO - Created Permission View: can read on DAG:minio_file_monitoring_compression_dag
[2025-04-22T08:48:22.342+0000] {logging_mixin.py:190} INFO - [2025-04-22T08:48:22.341+0000] {override.py:1912} INFO - Created Permission View: can create on DAG Run:minio_file_monitoring_compression_dag
[2025-04-22T08:48:22.352+0000] {logging_mixin.py:190} INFO - [2025-04-22T08:48:22.351+0000] {override.py:1912} INFO - Created Permission View: can delete on DAG Run:minio_file_monitoring_compression_dag
[2025-04-22T08:48:22.364+0000] {logging_mixin.py:190} INFO - [2025-04-22T08:48:22.364+0000] {override.py:1912} INFO - Created Permission View: can read on DAG Run:minio_file_monitoring_compression_dag
[2025-04-22T08:48:22.379+0000] {logging_mixin.py:190} INFO - [2025-04-22T08:48:22.378+0000] {override.py:1912} INFO - Created Permission View: menu access on DAG Run:minio_file_monitoring_compression_dag
[2025-04-22T08:48:22.380+0000] {logging_mixin.py:190} INFO - [2025-04-22T08:48:22.380+0000] {dag.py:3239} INFO - Sync 1 DAGs
[2025-04-22T08:48:22.408+0000] {logging_mixin.py:190} INFO - [2025-04-22T08:48:22.408+0000] {dag.py:3262} INFO - Creating ORM DAG for minio_file_monitoring_compression_dag
[2025-04-22T08:48:22.411+0000] {logging_mixin.py:190} INFO - [2025-04-22T08:48:22.410+0000] {dag.py:4180} INFO - Setting next_dagrun for minio_file_monitoring_compression_dag to None, run_after=None
[2025-04-22T08:48:22.448+0000] {processor.py:208} INFO - Processing /opt/airflow/dags/minio_file_compression_and_email.py took 0.382 seconds
[2025-04-22T08:48:25.637+0000] {processor.py:186} INFO - Started process (PID=2185) to work on /opt/airflow/dags/minio_file_compression_and_email.py
[2025-04-22T08:48:25.638+0000] {processor.py:914} INFO - Processing file /opt/airflow/dags/minio_file_compression_and_email.py for tasks to queue
[2025-04-22T08:48:25.641+0000] {logging_mixin.py:190} INFO - [2025-04-22T08:48:25.640+0000] {dagbag.py:588} INFO - Filling up the DagBag from /opt/airflow/dags/minio_file_compression_and_email.py
[2025-04-22T08:48:25.675+0000] {processor.py:925} INFO - DAG(s) 'minio_file_monitoring_compression_dag' retrieved from /opt/airflow/dags/minio_file_compression_and_email.py
[2025-04-22T08:48:25.700+0000] {logging_mixin.py:190} INFO - [2025-04-22T08:48:25.699+0000] {dag.py:3239} INFO - Sync 1 DAGs
[2025-04-22T08:48:25.734+0000] {logging_mixin.py:190} INFO - [2025-04-22T08:48:25.733+0000] {dag.py:4180} INFO - Setting next_dagrun for minio_file_monitoring_compression_dag to None, run_after=None
[2025-04-22T08:48:25.795+0000] {processor.py:208} INFO - Processing /opt/airflow/dags/minio_file_compression_and_email.py took 0.171 seconds
[2025-04-22T08:48:55.908+0000] {processor.py:186} INFO - Started process (PID=2255) to work on /opt/airflow/dags/minio_file_compression_and_email.py
[2025-04-22T08:48:55.910+0000] {processor.py:914} INFO - Processing file /opt/airflow/dags/minio_file_compression_and_email.py for tasks to queue
[2025-04-22T08:48:55.912+0000] {logging_mixin.py:190} INFO - [2025-04-22T08:48:55.911+0000] {dagbag.py:588} INFO - Filling up the DagBag from /opt/airflow/dags/minio_file_compression_and_email.py
[2025-04-22T08:48:55.932+0000] {processor.py:925} INFO - DAG(s) 'minio_file_monitoring_compression_dag' retrieved from /opt/airflow/dags/minio_file_compression_and_email.py
[2025-04-22T08:48:55.970+0000] {logging_mixin.py:190} INFO - [2025-04-22T08:48:55.970+0000] {dag.py:3239} INFO - Sync 1 DAGs
[2025-04-22T08:48:55.994+0000] {logging_mixin.py:190} INFO - [2025-04-22T08:48:55.994+0000] {dag.py:4180} INFO - Setting next_dagrun for minio_file_monitoring_compression_dag to None, run_after=None
[2025-04-22T08:48:56.029+0000] {processor.py:208} INFO - Processing /opt/airflow/dags/minio_file_compression_and_email.py took 0.136 seconds
[2025-04-22T08:49:26.188+0000] {processor.py:186} INFO - Started process (PID=2325) to work on /opt/airflow/dags/minio_file_compression_and_email.py
[2025-04-22T08:49:26.190+0000] {processor.py:914} INFO - Processing file /opt/airflow/dags/minio_file_compression_and_email.py for tasks to queue
[2025-04-22T08:49:26.193+0000] {logging_mixin.py:190} INFO - [2025-04-22T08:49:26.192+0000] {dagbag.py:588} INFO - Filling up the DagBag from /opt/airflow/dags/minio_file_compression_and_email.py
[2025-04-22T08:49:26.219+0000] {processor.py:925} INFO - DAG(s) 'minio_file_monitoring_compression_dag' retrieved from /opt/airflow/dags/minio_file_compression_and_email.py
[2025-04-22T08:49:26.251+0000] {logging_mixin.py:190} INFO - [2025-04-22T08:49:26.251+0000] {dag.py:3239} INFO - Sync 1 DAGs
[2025-04-22T08:49:26.274+0000] {logging_mixin.py:190} INFO - [2025-04-22T08:49:26.274+0000] {dag.py:4180} INFO - Setting next_dagrun for minio_file_monitoring_compression_dag to None, run_after=None
[2025-04-22T08:49:26.310+0000] {processor.py:208} INFO - Processing /opt/airflow/dags/minio_file_compression_and_email.py took 0.135 seconds
[2025-04-22T08:49:56.560+0000] {processor.py:186} INFO - Started process (PID=2395) to work on /opt/airflow/dags/minio_file_compression_and_email.py
[2025-04-22T08:49:56.562+0000] {processor.py:914} INFO - Processing file /opt/airflow/dags/minio_file_compression_and_email.py for tasks to queue
[2025-04-22T08:49:56.566+0000] {logging_mixin.py:190} INFO - [2025-04-22T08:49:56.565+0000] {dagbag.py:588} INFO - Filling up the DagBag from /opt/airflow/dags/minio_file_compression_and_email.py
[2025-04-22T08:49:56.593+0000] {processor.py:925} INFO - DAG(s) 'minio_file_monitoring_compression_dag' retrieved from /opt/airflow/dags/minio_file_compression_and_email.py
[2025-04-22T08:49:56.630+0000] {logging_mixin.py:190} INFO - [2025-04-22T08:49:56.629+0000] {dag.py:3239} INFO - Sync 1 DAGs
[2025-04-22T08:49:56.663+0000] {logging_mixin.py:190} INFO - [2025-04-22T08:49:56.662+0000] {dag.py:4180} INFO - Setting next_dagrun for minio_file_monitoring_compression_dag to None, run_after=None
[2025-04-22T08:49:56.693+0000] {processor.py:208} INFO - Processing /opt/airflow/dags/minio_file_compression_and_email.py took 0.151 seconds
[2025-04-22T08:50:27.081+0000] {processor.py:186} INFO - Started process (PID=2465) to work on /opt/airflow/dags/minio_file_compression_and_email.py
[2025-04-22T08:50:27.082+0000] {processor.py:914} INFO - Processing file /opt/airflow/dags/minio_file_compression_and_email.py for tasks to queue
[2025-04-22T08:50:27.084+0000] {logging_mixin.py:190} INFO - [2025-04-22T08:50:27.083+0000] {dagbag.py:588} INFO - Filling up the DagBag from /opt/airflow/dags/minio_file_compression_and_email.py
[2025-04-22T08:50:27.106+0000] {processor.py:925} INFO - DAG(s) 'minio_file_monitoring_compression_dag' retrieved from /opt/airflow/dags/minio_file_compression_and_email.py
[2025-04-22T08:50:27.139+0000] {logging_mixin.py:190} INFO - [2025-04-22T08:50:27.139+0000] {dag.py:3239} INFO - Sync 1 DAGs
[2025-04-22T08:50:27.160+0000] {logging_mixin.py:190} INFO - [2025-04-22T08:50:27.160+0000] {dag.py:4180} INFO - Setting next_dagrun for minio_file_monitoring_compression_dag to None, run_after=None
[2025-04-22T08:50:27.193+0000] {processor.py:208} INFO - Processing /opt/airflow/dags/minio_file_compression_and_email.py took 0.120 seconds
[2025-04-22T08:50:57.484+0000] {processor.py:186} INFO - Started process (PID=2534) to work on /opt/airflow/dags/minio_file_compression_and_email.py
[2025-04-22T08:50:57.487+0000] {processor.py:914} INFO - Processing file /opt/airflow/dags/minio_file_compression_and_email.py for tasks to queue
[2025-04-22T08:50:57.490+0000] {logging_mixin.py:190} INFO - [2025-04-22T08:50:57.489+0000] {dagbag.py:588} INFO - Filling up the DagBag from /opt/airflow/dags/minio_file_compression_and_email.py
[2025-04-22T08:50:57.520+0000] {processor.py:925} INFO - DAG(s) 'minio_file_monitoring_compression_dag' retrieved from /opt/airflow/dags/minio_file_compression_and_email.py
[2025-04-22T08:50:57.568+0000] {logging_mixin.py:190} INFO - [2025-04-22T08:50:57.567+0000] {dag.py:3239} INFO - Sync 1 DAGs
[2025-04-22T08:50:57.594+0000] {logging_mixin.py:190} INFO - [2025-04-22T08:50:57.593+0000] {dag.py:4180} INFO - Setting next_dagrun for minio_file_monitoring_compression_dag to None, run_after=None
[2025-04-22T08:50:57.631+0000] {processor.py:208} INFO - Processing /opt/airflow/dags/minio_file_compression_and_email.py took 0.156 seconds
[2025-04-22T08:51:27.866+0000] {processor.py:186} INFO - Started process (PID=2604) to work on /opt/airflow/dags/minio_file_compression_and_email.py
[2025-04-22T08:51:27.867+0000] {processor.py:914} INFO - Processing file /opt/airflow/dags/minio_file_compression_and_email.py for tasks to queue
[2025-04-22T08:51:27.871+0000] {logging_mixin.py:190} INFO - [2025-04-22T08:51:27.870+0000] {dagbag.py:588} INFO - Filling up the DagBag from /opt/airflow/dags/minio_file_compression_and_email.py
[2025-04-22T08:51:27.903+0000] {processor.py:925} INFO - DAG(s) 'minio_file_monitoring_compression_dag' retrieved from /opt/airflow/dags/minio_file_compression_and_email.py
[2025-04-22T08:51:27.949+0000] {logging_mixin.py:190} INFO - [2025-04-22T08:51:27.948+0000] {dag.py:3239} INFO - Sync 1 DAGs
[2025-04-22T08:51:27.976+0000] {logging_mixin.py:190} INFO - [2025-04-22T08:51:27.976+0000] {dag.py:4180} INFO - Setting next_dagrun for minio_file_monitoring_compression_dag to None, run_after=None
[2025-04-22T08:51:28.009+0000] {processor.py:208} INFO - Processing /opt/airflow/dags/minio_file_compression_and_email.py took 0.157 seconds
[2025-04-22T08:51:58.909+0000] {processor.py:186} INFO - Started process (PID=2674) to work on /opt/airflow/dags/minio_file_compression_and_email.py
[2025-04-22T08:51:58.911+0000] {processor.py:914} INFO - Processing file /opt/airflow/dags/minio_file_compression_and_email.py for tasks to queue
[2025-04-22T08:51:58.914+0000] {logging_mixin.py:190} INFO - [2025-04-22T08:51:58.913+0000] {dagbag.py:588} INFO - Filling up the DagBag from /opt/airflow/dags/minio_file_compression_and_email.py
[2025-04-22T08:51:58.932+0000] {processor.py:925} INFO - DAG(s) 'minio_file_monitoring_compression_dag' retrieved from /opt/airflow/dags/minio_file_compression_and_email.py
[2025-04-22T08:51:58.975+0000] {logging_mixin.py:190} INFO - [2025-04-22T08:51:58.975+0000] {dag.py:3239} INFO - Sync 1 DAGs
[2025-04-22T08:51:59.009+0000] {logging_mixin.py:190} INFO - [2025-04-22T08:51:59.009+0000] {dag.py:4180} INFO - Setting next_dagrun for minio_file_monitoring_compression_dag to None, run_after=None
[2025-04-22T08:51:59.054+0000] {processor.py:208} INFO - Processing /opt/airflow/dags/minio_file_compression_and_email.py took 0.158 seconds
[2025-04-22T08:52:29.551+0000] {processor.py:186} INFO - Started process (PID=2744) to work on /opt/airflow/dags/minio_file_compression_and_email.py
[2025-04-22T08:52:29.553+0000] {processor.py:914} INFO - Processing file /opt/airflow/dags/minio_file_compression_and_email.py for tasks to queue
[2025-04-22T08:52:29.556+0000] {logging_mixin.py:190} INFO - [2025-04-22T08:52:29.555+0000] {dagbag.py:588} INFO - Filling up the DagBag from /opt/airflow/dags/minio_file_compression_and_email.py
[2025-04-22T08:52:29.584+0000] {processor.py:925} INFO - DAG(s) 'minio_file_monitoring_compression_dag' retrieved from /opt/airflow/dags/minio_file_compression_and_email.py
[2025-04-22T08:52:29.622+0000] {logging_mixin.py:190} INFO - [2025-04-22T08:52:29.621+0000] {dag.py:3239} INFO - Sync 1 DAGs
[2025-04-22T08:52:29.656+0000] {logging_mixin.py:190} INFO - [2025-04-22T08:52:29.655+0000] {dag.py:4180} INFO - Setting next_dagrun for minio_file_monitoring_compression_dag to None, run_after=None
[2025-04-22T08:52:29.690+0000] {processor.py:208} INFO - Processing /opt/airflow/dags/minio_file_compression_and_email.py took 0.153 seconds
[2025-04-22T08:52:59.758+0000] {processor.py:186} INFO - Started process (PID=2814) to work on /opt/airflow/dags/minio_file_compression_and_email.py
[2025-04-22T08:52:59.760+0000] {processor.py:914} INFO - Processing file /opt/airflow/dags/minio_file_compression_and_email.py for tasks to queue
[2025-04-22T08:52:59.762+0000] {logging_mixin.py:190} INFO - [2025-04-22T08:52:59.761+0000] {dagbag.py:588} INFO - Filling up the DagBag from /opt/airflow/dags/minio_file_compression_and_email.py
[2025-04-22T08:52:59.780+0000] {processor.py:925} INFO - DAG(s) 'minio_file_monitoring_compression_dag' retrieved from /opt/airflow/dags/minio_file_compression_and_email.py
[2025-04-22T08:52:59.821+0000] {logging_mixin.py:190} INFO - [2025-04-22T08:52:59.821+0000] {dag.py:3239} INFO - Sync 1 DAGs
[2025-04-22T08:52:59.843+0000] {logging_mixin.py:190} INFO - [2025-04-22T08:52:59.843+0000] {dag.py:4180} INFO - Setting next_dagrun for minio_file_monitoring_compression_dag to None, run_after=None
[2025-04-22T08:52:59.878+0000] {processor.py:208} INFO - Processing /opt/airflow/dags/minio_file_compression_and_email.py took 0.130 seconds
[2025-04-22T08:53:30.211+0000] {processor.py:186} INFO - Started process (PID=2883) to work on /opt/airflow/dags/minio_file_compression_and_email.py
[2025-04-22T08:53:30.213+0000] {processor.py:914} INFO - Processing file /opt/airflow/dags/minio_file_compression_and_email.py for tasks to queue
[2025-04-22T08:53:30.215+0000] {logging_mixin.py:190} INFO - [2025-04-22T08:53:30.215+0000] {dagbag.py:588} INFO - Filling up the DagBag from /opt/airflow/dags/minio_file_compression_and_email.py
[2025-04-22T08:53:30.241+0000] {processor.py:925} INFO - DAG(s) 'minio_file_monitoring_compression_dag' retrieved from /opt/airflow/dags/minio_file_compression_and_email.py
[2025-04-22T08:53:30.282+0000] {logging_mixin.py:190} INFO - [2025-04-22T08:53:30.282+0000] {dag.py:3239} INFO - Sync 1 DAGs
[2025-04-22T08:53:30.314+0000] {logging_mixin.py:190} INFO - [2025-04-22T08:53:30.313+0000] {dag.py:4180} INFO - Setting next_dagrun for minio_file_monitoring_compression_dag to None, run_after=None
[2025-04-22T08:53:30.352+0000] {processor.py:208} INFO - Processing /opt/airflow/dags/minio_file_compression_and_email.py took 0.157 seconds
[2025-04-22T08:54:01.142+0000] {processor.py:186} INFO - Started process (PID=2953) to work on /opt/airflow/dags/minio_file_compression_and_email.py
[2025-04-22T08:54:01.144+0000] {processor.py:914} INFO - Processing file /opt/airflow/dags/minio_file_compression_and_email.py for tasks to queue
[2025-04-22T08:54:01.148+0000] {logging_mixin.py:190} INFO - [2025-04-22T08:54:01.147+0000] {dagbag.py:588} INFO - Filling up the DagBag from /opt/airflow/dags/minio_file_compression_and_email.py
[2025-04-22T08:54:01.174+0000] {processor.py:925} INFO - DAG(s) 'minio_file_monitoring_compression_dag' retrieved from /opt/airflow/dags/minio_file_compression_and_email.py
[2025-04-22T08:54:01.221+0000] {logging_mixin.py:190} INFO - [2025-04-22T08:54:01.221+0000] {dag.py:3239} INFO - Sync 1 DAGs
[2025-04-22T08:54:01.255+0000] {logging_mixin.py:190} INFO - [2025-04-22T08:54:01.255+0000] {dag.py:4180} INFO - Setting next_dagrun for minio_file_monitoring_compression_dag to None, run_after=None
[2025-04-22T08:54:01.298+0000] {processor.py:208} INFO - Processing /opt/airflow/dags/minio_file_compression_and_email.py took 0.169 seconds
[2025-04-22T08:54:31.975+0000] {processor.py:186} INFO - Started process (PID=3023) to work on /opt/airflow/dags/minio_file_compression_and_email.py
[2025-04-22T08:54:31.976+0000] {processor.py:914} INFO - Processing file /opt/airflow/dags/minio_file_compression_and_email.py for tasks to queue
[2025-04-22T08:54:31.978+0000] {logging_mixin.py:190} INFO - [2025-04-22T08:54:31.978+0000] {dagbag.py:588} INFO - Filling up the DagBag from /opt/airflow/dags/minio_file_compression_and_email.py
[2025-04-22T08:54:32.001+0000] {processor.py:925} INFO - DAG(s) 'minio_file_monitoring_compression_dag' retrieved from /opt/airflow/dags/minio_file_compression_and_email.py
[2025-04-22T08:54:32.033+0000] {logging_mixin.py:190} INFO - [2025-04-22T08:54:32.032+0000] {dag.py:3239} INFO - Sync 1 DAGs
[2025-04-22T08:54:32.056+0000] {logging_mixin.py:190} INFO - [2025-04-22T08:54:32.056+0000] {dag.py:4180} INFO - Setting next_dagrun for minio_file_monitoring_compression_dag to None, run_after=None
[2025-04-22T08:54:32.086+0000] {processor.py:208} INFO - Processing /opt/airflow/dags/minio_file_compression_and_email.py took 0.119 seconds
[2025-04-22T08:55:02.209+0000] {processor.py:186} INFO - Started process (PID=3093) to work on /opt/airflow/dags/minio_file_compression_and_email.py
[2025-04-22T08:55:02.210+0000] {processor.py:914} INFO - Processing file /opt/airflow/dags/minio_file_compression_and_email.py for tasks to queue
[2025-04-22T08:55:02.212+0000] {logging_mixin.py:190} INFO - [2025-04-22T08:55:02.212+0000] {dagbag.py:588} INFO - Filling up the DagBag from /opt/airflow/dags/minio_file_compression_and_email.py
[2025-04-22T08:55:02.231+0000] {processor.py:925} INFO - DAG(s) 'minio_file_monitoring_compression_dag' retrieved from /opt/airflow/dags/minio_file_compression_and_email.py
[2025-04-22T08:55:02.485+0000] {logging_mixin.py:190} INFO - [2025-04-22T08:55:02.485+0000] {dag.py:3239} INFO - Sync 1 DAGs
[2025-04-22T08:55:02.503+0000] {logging_mixin.py:190} INFO - [2025-04-22T08:55:02.503+0000] {dag.py:4180} INFO - Setting next_dagrun for minio_file_monitoring_compression_dag to None, run_after=None
[2025-04-22T08:55:02.528+0000] {processor.py:208} INFO - Processing /opt/airflow/dags/minio_file_compression_and_email.py took 0.328 seconds
[2025-04-22T08:55:32.652+0000] {processor.py:186} INFO - Started process (PID=3163) to work on /opt/airflow/dags/minio_file_compression_and_email.py
[2025-04-22T08:55:32.655+0000] {processor.py:914} INFO - Processing file /opt/airflow/dags/minio_file_compression_and_email.py for tasks to queue
[2025-04-22T08:55:32.658+0000] {logging_mixin.py:190} INFO - [2025-04-22T08:55:32.657+0000] {dagbag.py:588} INFO - Filling up the DagBag from /opt/airflow/dags/minio_file_compression_and_email.py
[2025-04-22T08:55:32.688+0000] {processor.py:925} INFO - DAG(s) 'minio_file_monitoring_compression_dag' retrieved from /opt/airflow/dags/minio_file_compression_and_email.py
[2025-04-22T08:55:32.741+0000] {logging_mixin.py:190} INFO - [2025-04-22T08:55:32.740+0000] {dag.py:3239} INFO - Sync 1 DAGs
[2025-04-22T08:55:32.774+0000] {logging_mixin.py:190} INFO - [2025-04-22T08:55:32.773+0000] {dag.py:4180} INFO - Setting next_dagrun for minio_file_monitoring_compression_dag to None, run_after=None
[2025-04-22T08:55:32.818+0000] {processor.py:208} INFO - Processing /opt/airflow/dags/minio_file_compression_and_email.py took 0.179 seconds
[2025-04-22T08:56:03.470+0000] {processor.py:186} INFO - Started process (PID=3233) to work on /opt/airflow/dags/minio_file_compression_and_email.py
[2025-04-22T08:56:03.472+0000] {processor.py:914} INFO - Processing file /opt/airflow/dags/minio_file_compression_and_email.py for tasks to queue
[2025-04-22T08:56:03.475+0000] {logging_mixin.py:190} INFO - [2025-04-22T08:56:03.474+0000] {dagbag.py:588} INFO - Filling up the DagBag from /opt/airflow/dags/minio_file_compression_and_email.py
[2025-04-22T08:56:03.502+0000] {processor.py:925} INFO - DAG(s) 'minio_file_monitoring_compression_dag' retrieved from /opt/airflow/dags/minio_file_compression_and_email.py
[2025-04-22T08:56:03.544+0000] {logging_mixin.py:190} INFO - [2025-04-22T08:56:03.543+0000] {dag.py:3239} INFO - Sync 1 DAGs
[2025-04-22T08:56:03.568+0000] {logging_mixin.py:190} INFO - [2025-04-22T08:56:03.567+0000] {dag.py:4180} INFO - Setting next_dagrun for minio_file_monitoring_compression_dag to None, run_after=None
[2025-04-22T08:56:03.597+0000] {processor.py:208} INFO - Processing /opt/airflow/dags/minio_file_compression_and_email.py took 0.137 seconds
[2025-04-22T08:56:34.014+0000] {processor.py:186} INFO - Started process (PID=3302) to work on /opt/airflow/dags/minio_file_compression_and_email.py
[2025-04-22T08:56:34.016+0000] {processor.py:914} INFO - Processing file /opt/airflow/dags/minio_file_compression_and_email.py for tasks to queue
[2025-04-22T08:56:34.020+0000] {logging_mixin.py:190} INFO - [2025-04-22T08:56:34.019+0000] {dagbag.py:588} INFO - Filling up the DagBag from /opt/airflow/dags/minio_file_compression_and_email.py
[2025-04-22T08:56:34.042+0000] {processor.py:925} INFO - DAG(s) 'minio_file_monitoring_compression_dag' retrieved from /opt/airflow/dags/minio_file_compression_and_email.py
[2025-04-22T08:56:34.077+0000] {logging_mixin.py:190} INFO - [2025-04-22T08:56:34.076+0000] {dag.py:3239} INFO - Sync 1 DAGs
[2025-04-22T08:56:34.099+0000] {logging_mixin.py:190} INFO - [2025-04-22T08:56:34.099+0000] {dag.py:4180} INFO - Setting next_dagrun for minio_file_monitoring_compression_dag to None, run_after=None
[2025-04-22T08:56:34.129+0000] {processor.py:208} INFO - Processing /opt/airflow/dags/minio_file_compression_and_email.py took 0.128 seconds
[2025-04-22T08:57:04.259+0000] {processor.py:186} INFO - Started process (PID=3372) to work on /opt/airflow/dags/minio_file_compression_and_email.py
[2025-04-22T08:57:04.261+0000] {processor.py:914} INFO - Processing file /opt/airflow/dags/minio_file_compression_and_email.py for tasks to queue
[2025-04-22T08:57:04.264+0000] {logging_mixin.py:190} INFO - [2025-04-22T08:57:04.263+0000] {dagbag.py:588} INFO - Filling up the DagBag from /opt/airflow/dags/minio_file_compression_and_email.py
[2025-04-22T08:57:04.288+0000] {processor.py:925} INFO - DAG(s) 'minio_file_monitoring_compression_dag' retrieved from /opt/airflow/dags/minio_file_compression_and_email.py
[2025-04-22T08:57:04.331+0000] {logging_mixin.py:190} INFO - [2025-04-22T08:57:04.331+0000] {dag.py:3239} INFO - Sync 1 DAGs
[2025-04-22T08:57:04.359+0000] {logging_mixin.py:190} INFO - [2025-04-22T08:57:04.358+0000] {dag.py:4180} INFO - Setting next_dagrun for minio_file_monitoring_compression_dag to None, run_after=None
[2025-04-22T08:57:04.387+0000] {processor.py:208} INFO - Processing /opt/airflow/dags/minio_file_compression_and_email.py took 0.141 seconds
[2025-04-22T08:57:34.955+0000] {processor.py:186} INFO - Started process (PID=3442) to work on /opt/airflow/dags/minio_file_compression_and_email.py
[2025-04-22T08:57:34.956+0000] {processor.py:914} INFO - Processing file /opt/airflow/dags/minio_file_compression_and_email.py for tasks to queue
[2025-04-22T08:57:34.959+0000] {logging_mixin.py:190} INFO - [2025-04-22T08:57:34.958+0000] {dagbag.py:588} INFO - Filling up the DagBag from /opt/airflow/dags/minio_file_compression_and_email.py
[2025-04-22T08:57:34.983+0000] {processor.py:925} INFO - DAG(s) 'minio_file_monitoring_compression_dag' retrieved from /opt/airflow/dags/minio_file_compression_and_email.py
[2025-04-22T08:57:35.019+0000] {logging_mixin.py:190} INFO - [2025-04-22T08:57:35.018+0000] {dag.py:3239} INFO - Sync 1 DAGs
[2025-04-22T08:57:35.045+0000] {logging_mixin.py:190} INFO - [2025-04-22T08:57:35.044+0000] {dag.py:4180} INFO - Setting next_dagrun for minio_file_monitoring_compression_dag to None, run_after=None
[2025-04-22T08:57:35.075+0000] {processor.py:208} INFO - Processing /opt/airflow/dags/minio_file_compression_and_email.py took 0.128 seconds
[2025-04-22T08:58:05.122+0000] {processor.py:186} INFO - Started process (PID=3512) to work on /opt/airflow/dags/minio_file_compression_and_email.py
[2025-04-22T08:58:05.122+0000] {processor.py:914} INFO - Processing file /opt/airflow/dags/minio_file_compression_and_email.py for tasks to queue
[2025-04-22T08:58:05.124+0000] {logging_mixin.py:190} INFO - [2025-04-22T08:58:05.123+0000] {dagbag.py:588} INFO - Filling up the DagBag from /opt/airflow/dags/minio_file_compression_and_email.py
[2025-04-22T08:58:05.134+0000] {processor.py:925} INFO - DAG(s) 'minio_file_monitoring_compression_dag' retrieved from /opt/airflow/dags/minio_file_compression_and_email.py
[2025-04-22T08:58:05.151+0000] {logging_mixin.py:190} INFO - [2025-04-22T08:58:05.151+0000] {dag.py:3239} INFO - Sync 1 DAGs
[2025-04-22T08:58:05.164+0000] {logging_mixin.py:190} INFO - [2025-04-22T08:58:05.164+0000] {dag.py:4180} INFO - Setting next_dagrun for minio_file_monitoring_compression_dag to None, run_after=None
[2025-04-22T08:58:05.180+0000] {processor.py:208} INFO - Processing /opt/airflow/dags/minio_file_compression_and_email.py took 0.064 seconds
[2025-04-22T08:58:35.247+0000] {processor.py:186} INFO - Started process (PID=3582) to work on /opt/airflow/dags/minio_file_compression_and_email.py
[2025-04-22T08:58:35.248+0000] {processor.py:914} INFO - Processing file /opt/airflow/dags/minio_file_compression_and_email.py for tasks to queue
[2025-04-22T08:58:35.251+0000] {logging_mixin.py:190} INFO - [2025-04-22T08:58:35.250+0000] {dagbag.py:588} INFO - Filling up the DagBag from /opt/airflow/dags/minio_file_compression_and_email.py
[2025-04-22T08:58:35.270+0000] {processor.py:925} INFO - DAG(s) 'minio_file_monitoring_compression_dag' retrieved from /opt/airflow/dags/minio_file_compression_and_email.py
[2025-04-22T08:58:35.310+0000] {logging_mixin.py:190} INFO - [2025-04-22T08:58:35.310+0000] {dag.py:3239} INFO - Sync 1 DAGs
[2025-04-22T08:58:35.340+0000] {logging_mixin.py:190} INFO - [2025-04-22T08:58:35.339+0000] {dag.py:4180} INFO - Setting next_dagrun for minio_file_monitoring_compression_dag to None, run_after=None
[2025-04-22T08:58:35.376+0000] {processor.py:208} INFO - Processing /opt/airflow/dags/minio_file_compression_and_email.py took 0.137 seconds
[2025-04-22T08:59:05.690+0000] {processor.py:186} INFO - Started process (PID=3651) to work on /opt/airflow/dags/minio_file_compression_and_email.py
[2025-04-22T08:59:05.691+0000] {processor.py:914} INFO - Processing file /opt/airflow/dags/minio_file_compression_and_email.py for tasks to queue
[2025-04-22T08:59:05.693+0000] {logging_mixin.py:190} INFO - [2025-04-22T08:59:05.693+0000] {dagbag.py:588} INFO - Filling up the DagBag from /opt/airflow/dags/minio_file_compression_and_email.py
[2025-04-22T08:59:05.713+0000] {processor.py:925} INFO - DAG(s) 'minio_file_monitoring_compression_dag' retrieved from /opt/airflow/dags/minio_file_compression_and_email.py
[2025-04-22T08:59:05.744+0000] {logging_mixin.py:190} INFO - [2025-04-22T08:59:05.743+0000] {dag.py:3239} INFO - Sync 1 DAGs
[2025-04-22T08:59:05.769+0000] {logging_mixin.py:190} INFO - [2025-04-22T08:59:05.768+0000] {dag.py:4180} INFO - Setting next_dagrun for minio_file_monitoring_compression_dag to None, run_after=None
[2025-04-22T08:59:05.801+0000] {processor.py:208} INFO - Processing /opt/airflow/dags/minio_file_compression_and_email.py took 0.120 seconds
[2025-04-22T08:59:36.224+0000] {processor.py:186} INFO - Started process (PID=3721) to work on /opt/airflow/dags/minio_file_compression_and_email.py
[2025-04-22T08:59:36.226+0000] {processor.py:914} INFO - Processing file /opt/airflow/dags/minio_file_compression_and_email.py for tasks to queue
[2025-04-22T08:59:36.229+0000] {logging_mixin.py:190} INFO - [2025-04-22T08:59:36.228+0000] {dagbag.py:588} INFO - Filling up the DagBag from /opt/airflow/dags/minio_file_compression_and_email.py
[2025-04-22T08:59:36.250+0000] {processor.py:925} INFO - DAG(s) 'minio_file_monitoring_compression_dag' retrieved from /opt/airflow/dags/minio_file_compression_and_email.py
[2025-04-22T08:59:36.292+0000] {logging_mixin.py:190} INFO - [2025-04-22T08:59:36.291+0000] {dag.py:3239} INFO - Sync 1 DAGs
[2025-04-22T08:59:36.324+0000] {logging_mixin.py:190} INFO - [2025-04-22T08:59:36.324+0000] {dag.py:4180} INFO - Setting next_dagrun for minio_file_monitoring_compression_dag to None, run_after=None
[2025-04-22T08:59:36.368+0000] {processor.py:208} INFO - Processing /opt/airflow/dags/minio_file_compression_and_email.py took 0.155 seconds
[2025-04-22T09:00:06.777+0000] {processor.py:186} INFO - Started process (PID=3791) to work on /opt/airflow/dags/minio_file_compression_and_email.py
[2025-04-22T09:00:06.779+0000] {processor.py:914} INFO - Processing file /opt/airflow/dags/minio_file_compression_and_email.py for tasks to queue
[2025-04-22T09:00:06.781+0000] {logging_mixin.py:190} INFO - [2025-04-22T09:00:06.781+0000] {dagbag.py:588} INFO - Filling up the DagBag from /opt/airflow/dags/minio_file_compression_and_email.py
[2025-04-22T09:00:06.801+0000] {processor.py:925} INFO - DAG(s) 'minio_file_monitoring_compression_dag' retrieved from /opt/airflow/dags/minio_file_compression_and_email.py
[2025-04-22T09:00:06.835+0000] {logging_mixin.py:190} INFO - [2025-04-22T09:00:06.834+0000] {dag.py:3239} INFO - Sync 1 DAGs
[2025-04-22T09:00:06.862+0000] {logging_mixin.py:190} INFO - [2025-04-22T09:00:06.861+0000] {dag.py:4180} INFO - Setting next_dagrun for minio_file_monitoring_compression_dag to None, run_after=None
[2025-04-22T09:00:06.893+0000] {processor.py:208} INFO - Processing /opt/airflow/dags/minio_file_compression_and_email.py took 0.126 seconds
[2025-04-22T09:00:37.655+0000] {processor.py:186} INFO - Started process (PID=3861) to work on /opt/airflow/dags/minio_file_compression_and_email.py
[2025-04-22T09:00:37.656+0000] {processor.py:914} INFO - Processing file /opt/airflow/dags/minio_file_compression_and_email.py for tasks to queue
[2025-04-22T09:00:37.657+0000] {logging_mixin.py:190} INFO - [2025-04-22T09:00:37.657+0000] {dagbag.py:588} INFO - Filling up the DagBag from /opt/airflow/dags/minio_file_compression_and_email.py
[2025-04-22T09:00:37.671+0000] {processor.py:925} INFO - DAG(s) 'minio_file_monitoring_compression_dag' retrieved from /opt/airflow/dags/minio_file_compression_and_email.py
[2025-04-22T09:00:37.696+0000] {logging_mixin.py:190} INFO - [2025-04-22T09:00:37.696+0000] {dag.py:3239} INFO - Sync 1 DAGs
[2025-04-22T09:00:37.712+0000] {logging_mixin.py:190} INFO - [2025-04-22T09:00:37.712+0000] {dag.py:4180} INFO - Setting next_dagrun for minio_file_monitoring_compression_dag to None, run_after=None
[2025-04-22T09:00:37.737+0000] {processor.py:208} INFO - Processing /opt/airflow/dags/minio_file_compression_and_email.py took 0.089 seconds
[2025-04-22T09:01:07.987+0000] {processor.py:186} INFO - Started process (PID=3931) to work on /opt/airflow/dags/minio_file_compression_and_email.py
[2025-04-22T09:01:07.988+0000] {processor.py:914} INFO - Processing file /opt/airflow/dags/minio_file_compression_and_email.py for tasks to queue
[2025-04-22T09:01:07.991+0000] {logging_mixin.py:190} INFO - [2025-04-22T09:01:07.990+0000] {dagbag.py:588} INFO - Filling up the DagBag from /opt/airflow/dags/minio_file_compression_and_email.py
[2025-04-22T09:01:08.005+0000] {processor.py:925} INFO - DAG(s) 'minio_file_monitoring_compression_dag' retrieved from /opt/airflow/dags/minio_file_compression_and_email.py
[2025-04-22T09:01:08.030+0000] {logging_mixin.py:190} INFO - [2025-04-22T09:01:08.030+0000] {dag.py:3239} INFO - Sync 1 DAGs
[2025-04-22T09:01:08.046+0000] {logging_mixin.py:190} INFO - [2025-04-22T09:01:08.046+0000] {dag.py:4180} INFO - Setting next_dagrun for minio_file_monitoring_compression_dag to None, run_after=None
[2025-04-22T09:01:08.072+0000] {processor.py:208} INFO - Processing /opt/airflow/dags/minio_file_compression_and_email.py took 0.092 seconds
[2025-04-22T09:01:38.693+0000] {processor.py:186} INFO - Started process (PID=3998) to work on /opt/airflow/dags/minio_file_compression_and_email.py
[2025-04-22T09:01:38.694+0000] {processor.py:914} INFO - Processing file /opt/airflow/dags/minio_file_compression_and_email.py for tasks to queue
[2025-04-22T09:01:38.696+0000] {logging_mixin.py:190} INFO - [2025-04-22T09:01:38.696+0000] {dagbag.py:588} INFO - Filling up the DagBag from /opt/airflow/dags/minio_file_compression_and_email.py
[2025-04-22T09:01:38.711+0000] {processor.py:925} INFO - DAG(s) 'minio_file_monitoring_compression_dag' retrieved from /opt/airflow/dags/minio_file_compression_and_email.py
[2025-04-22T09:01:38.734+0000] {logging_mixin.py:190} INFO - [2025-04-22T09:01:38.734+0000] {dag.py:3239} INFO - Sync 1 DAGs
[2025-04-22T09:01:38.750+0000] {logging_mixin.py:190} INFO - [2025-04-22T09:01:38.750+0000] {dag.py:4180} INFO - Setting next_dagrun for minio_file_monitoring_compression_dag to None, run_after=None
[2025-04-22T09:01:38.768+0000] {processor.py:208} INFO - Processing /opt/airflow/dags/minio_file_compression_and_email.py took 0.081 seconds
[2025-04-22T09:01:48.866+0000] {processor.py:186} INFO - Started process (PID=4010) to work on /opt/airflow/dags/minio_file_compression_and_email.py
[2025-04-22T09:01:48.868+0000] {processor.py:914} INFO - Processing file /opt/airflow/dags/minio_file_compression_and_email.py for tasks to queue
[2025-04-22T09:01:48.871+0000] {logging_mixin.py:190} INFO - [2025-04-22T09:01:48.871+0000] {dagbag.py:588} INFO - Filling up the DagBag from /opt/airflow/dags/minio_file_compression_and_email.py
[2025-04-22T09:01:48.915+0000] {processor.py:925} INFO - DAG(s) 'minio_file_monitoring_compression_dag' retrieved from /opt/airflow/dags/minio_file_compression_and_email.py
[2025-04-22T09:01:49.166+0000] {logging_mixin.py:190} INFO - [2025-04-22T09:01:49.166+0000] {dag.py:3239} INFO - Sync 1 DAGs
[2025-04-22T09:01:49.213+0000] {logging_mixin.py:190} INFO - [2025-04-22T09:01:49.213+0000] {dag.py:4180} INFO - Setting next_dagrun for minio_file_monitoring_compression_dag to 2025-04-22 09:00:00+00:00, run_after=2025-04-22 09:01:00+00:00
[2025-04-22T09:01:49.259+0000] {processor.py:208} INFO - Processing /opt/airflow/dags/minio_file_compression_and_email.py took 0.401 seconds
[2025-04-22T09:01:52.271+0000] {processor.py:186} INFO - Started process (PID=4017) to work on /opt/airflow/dags/minio_file_compression_and_email.py
[2025-04-22T09:01:52.273+0000] {processor.py:914} INFO - Processing file /opt/airflow/dags/minio_file_compression_and_email.py for tasks to queue
[2025-04-22T09:01:52.277+0000] {logging_mixin.py:190} INFO - [2025-04-22T09:01:52.275+0000] {dagbag.py:588} INFO - Filling up the DagBag from /opt/airflow/dags/minio_file_compression_and_email.py
[2025-04-22T09:01:52.318+0000] {processor.py:925} INFO - DAG(s) 'minio_file_monitoring_compression_dag' retrieved from /opt/airflow/dags/minio_file_compression_and_email.py
[2025-04-22T09:01:52.363+0000] {logging_mixin.py:190} INFO - [2025-04-22T09:01:52.360+0000] {dag.py:3239} INFO - Sync 1 DAGs
[2025-04-22T09:01:52.421+0000] {logging_mixin.py:190} INFO - [2025-04-22T09:01:52.420+0000] {dag.py:4180} INFO - Setting next_dagrun for minio_file_monitoring_compression_dag to 2025-04-22 09:01:00+00:00, run_after=2025-04-22 09:02:00+00:00
[2025-04-22T09:01:52.463+0000] {processor.py:208} INFO - Processing /opt/airflow/dags/minio_file_compression_and_email.py took 0.202 seconds
[2025-04-22T09:05:35.071+0000] {processor.py:186} INFO - Started process (PID=77) to work on /opt/airflow/dags/minio_file_compression_and_email.py
[2025-04-22T09:05:35.073+0000] {processor.py:914} INFO - Processing file /opt/airflow/dags/minio_file_compression_and_email.py for tasks to queue
[2025-04-22T09:05:35.077+0000] {logging_mixin.py:190} INFO - [2025-04-22T09:05:35.076+0000] {dagbag.py:588} INFO - Filling up the DagBag from /opt/airflow/dags/minio_file_compression_and_email.py
[2025-04-22T09:05:35.099+0000] {processor.py:925} INFO - DAG(s) 'minio_file_monitoring_compression_dag' retrieved from /opt/airflow/dags/minio_file_compression_and_email.py
[2025-04-22T09:05:35.239+0000] {logging_mixin.py:190} INFO - [2025-04-22T09:05:35.239+0000] {dag.py:3239} INFO - Sync 1 DAGs
[2025-04-22T09:05:35.253+0000] {logging_mixin.py:190} INFO - [2025-04-22T09:05:35.253+0000] {dag.py:4180} INFO - Setting next_dagrun for minio_file_monitoring_compression_dag to None, run_after=None
[2025-04-22T09:05:35.282+0000] {processor.py:208} INFO - Processing /opt/airflow/dags/minio_file_compression_and_email.py took 0.218 seconds
[2025-04-22T09:06:05.352+0000] {processor.py:186} INFO - Started process (PID=151) to work on /opt/airflow/dags/minio_file_compression_and_email.py
[2025-04-22T09:06:05.354+0000] {processor.py:914} INFO - Processing file /opt/airflow/dags/minio_file_compression_and_email.py for tasks to queue
[2025-04-22T09:06:05.359+0000] {logging_mixin.py:190} INFO - [2025-04-22T09:06:05.358+0000] {dagbag.py:588} INFO - Filling up the DagBag from /opt/airflow/dags/minio_file_compression_and_email.py
[2025-04-22T09:06:05.379+0000] {processor.py:925} INFO - DAG(s) 'minio_file_monitoring_compression_dag' retrieved from /opt/airflow/dags/minio_file_compression_and_email.py
[2025-04-22T09:06:05.412+0000] {logging_mixin.py:190} INFO - [2025-04-22T09:06:05.411+0000] {dag.py:3239} INFO - Sync 1 DAGs
[2025-04-22T09:06:05.432+0000] {logging_mixin.py:190} INFO - [2025-04-22T09:06:05.432+0000] {dag.py:4180} INFO - Setting next_dagrun for minio_file_monitoring_compression_dag to None, run_after=None
[2025-04-22T09:06:05.459+0000] {processor.py:208} INFO - Processing /opt/airflow/dags/minio_file_compression_and_email.py took 0.114 seconds
[2025-04-22T09:06:36.359+0000] {processor.py:186} INFO - Started process (PID=221) to work on /opt/airflow/dags/minio_file_compression_and_email.py
[2025-04-22T09:06:36.361+0000] {processor.py:914} INFO - Processing file /opt/airflow/dags/minio_file_compression_and_email.py for tasks to queue
[2025-04-22T09:06:36.366+0000] {logging_mixin.py:190} INFO - [2025-04-22T09:06:36.366+0000] {dagbag.py:588} INFO - Filling up the DagBag from /opt/airflow/dags/minio_file_compression_and_email.py
[2025-04-22T09:06:36.394+0000] {processor.py:925} INFO - DAG(s) 'minio_file_monitoring_compression_dag' retrieved from /opt/airflow/dags/minio_file_compression_and_email.py
[2025-04-22T09:06:36.440+0000] {logging_mixin.py:190} INFO - [2025-04-22T09:06:36.439+0000] {dag.py:3239} INFO - Sync 1 DAGs
[2025-04-22T09:06:36.464+0000] {logging_mixin.py:190} INFO - [2025-04-22T09:06:36.464+0000] {dag.py:4180} INFO - Setting next_dagrun for minio_file_monitoring_compression_dag to None, run_after=None
[2025-04-22T09:06:36.494+0000] {processor.py:208} INFO - Processing /opt/airflow/dags/minio_file_compression_and_email.py took 0.147 seconds
[2025-04-22T09:09:06.613+0000] {processor.py:186} INFO - Started process (PID=90) to work on /opt/airflow/dags/minio_file_compression_and_email.py
[2025-04-22T09:09:06.614+0000] {processor.py:914} INFO - Processing file /opt/airflow/dags/minio_file_compression_and_email.py for tasks to queue
[2025-04-22T09:09:06.616+0000] {logging_mixin.py:190} INFO - [2025-04-22T09:09:06.615+0000] {dagbag.py:588} INFO - Filling up the DagBag from /opt/airflow/dags/minio_file_compression_and_email.py
[2025-04-22T09:09:06.634+0000] {processor.py:925} INFO - DAG(s) 'minio_file_monitoring_compression_dag' retrieved from /opt/airflow/dags/minio_file_compression_and_email.py
[2025-04-22T09:09:06.671+0000] {logging_mixin.py:190} INFO - [2025-04-22T09:09:06.670+0000] {dag.py:3239} INFO - Sync 1 DAGs
[2025-04-22T09:09:06.686+0000] {logging_mixin.py:190} INFO - [2025-04-22T09:09:06.686+0000] {dag.py:4180} INFO - Setting next_dagrun for minio_file_monitoring_compression_dag to None, run_after=None
[2025-04-22T09:09:06.706+0000] {processor.py:208} INFO - Processing /opt/airflow/dags/minio_file_compression_and_email.py took 0.097 seconds
[2025-04-22T09:09:15.957+0000] {processor.py:186} INFO - Started process (PID=160) to work on /opt/airflow/dags/minio_file_compression_and_email.py
[2025-04-22T09:09:15.958+0000] {processor.py:914} INFO - Processing file /opt/airflow/dags/minio_file_compression_and_email.py for tasks to queue
[2025-04-22T09:09:15.960+0000] {logging_mixin.py:190} INFO - [2025-04-22T09:09:15.960+0000] {dagbag.py:588} INFO - Filling up the DagBag from /opt/airflow/dags/minio_file_compression_and_email.py
[2025-04-22T09:09:15.971+0000] {processor.py:925} INFO - DAG(s) 'minio_file_monitoring_compression_dag' retrieved from /opt/airflow/dags/minio_file_compression_and_email.py
[2025-04-22T09:09:15.987+0000] {logging_mixin.py:190} INFO - [2025-04-22T09:09:15.986+0000] {taskinstance.py:3315} ERROR - {'DAG Id': 'minio_file_monitoring_compression_dag', 'Task Id': 'detect_file_in_minio', 'Run Id': 'scheduled__2025-04-22T09:01:00+00:00', 'Hostname': '00ea650ea0df', 'External Executor Id': '18fbc40b-8051-4436-be79-46c1f7a01bb4'}
[2025-04-22T09:09:16.013+0000] {logging_mixin.py:190} INFO - Task instance in failure state
[2025-04-22T09:09:16.013+0000] {logging_mixin.py:190} INFO - Task start:2025-04-22 09:02:08.279173+00:00 end:2025-04-22 09:09:16.012680+00:00 duration:427.733507
[2025-04-22T09:09:16.013+0000] {logging_mixin.py:190} INFO - Task:<Task(S3KeySensor): detect_file_in_minio> dag:<DAG: minio_file_monitoring_compression_dag> dagrun:<DagRun minio_file_monitoring_compression_dag @ 2025-04-22 09:01:00+00:00: scheduled__2025-04-22T09:01:00+00:00, state:running, queued_at: 2025-04-22 09:02:00.222341+00:00. externally triggered: False>
[2025-04-22T09:09:16.014+0000] {logging_mixin.py:190} INFO - Failure caused by {'DAG Id': 'minio_file_monitoring_compression_dag', 'Task Id': 'detect_file_in_minio', 'Run Id': 'scheduled__2025-04-22T09:01:00+00:00', 'Hostname': '00ea650ea0df', 'External Executor Id': '18fbc40b-8051-4436-be79-46c1f7a01bb4'}
[2025-04-22T09:09:16.014+0000] {logging_mixin.py:190} INFO - [2025-04-22T09:09:16.014+0000] {taskinstance.py:1226} INFO - Marking task as UP_FOR_RETRY. dag_id=minio_file_monitoring_compression_dag, task_id=detect_file_in_minio, run_id=scheduled__2025-04-22T09:01:00+00:00, execution_date=20250422T090100, start_date=20250422T090208, end_date=20250422T090916
[2025-04-22T09:09:16.049+0000] {logging_mixin.py:190} INFO - [2025-04-22T09:09:16.049+0000] {processor.py:876} INFO - Executed callback for <TaskInstance: minio_file_monitoring_compression_dag.detect_file_in_minio scheduled__2025-04-22T09:01:00+00:00 [up_for_retry]> in state up_for_retry
[2025-04-22T09:09:16.059+0000] {logging_mixin.py:190} INFO - [2025-04-22T09:09:16.059+0000] {dag.py:3239} INFO - Sync 1 DAGs
[2025-04-22T09:09:16.068+0000] {logging_mixin.py:190} INFO - [2025-04-22T09:09:16.068+0000] {dag.py:4180} INFO - Setting next_dagrun for minio_file_monitoring_compression_dag to None, run_after=None
[2025-04-22T09:09:16.088+0000] {processor.py:208} INFO - Processing /opt/airflow/dags/minio_file_compression_and_email.py took 0.136 seconds
[2025-04-22T09:09:46.416+0000] {processor.py:186} INFO - Started process (PID=230) to work on /opt/airflow/dags/minio_file_compression_and_email.py
[2025-04-22T09:09:46.417+0000] {processor.py:914} INFO - Processing file /opt/airflow/dags/minio_file_compression_and_email.py for tasks to queue
[2025-04-22T09:09:46.419+0000] {logging_mixin.py:190} INFO - [2025-04-22T09:09:46.419+0000] {dagbag.py:588} INFO - Filling up the DagBag from /opt/airflow/dags/minio_file_compression_and_email.py
[2025-04-22T09:09:46.429+0000] {processor.py:925} INFO - DAG(s) 'minio_file_monitoring_compression_dag' retrieved from /opt/airflow/dags/minio_file_compression_and_email.py
[2025-04-22T09:09:46.447+0000] {logging_mixin.py:190} INFO - [2025-04-22T09:09:46.447+0000] {dag.py:3239} INFO - Sync 1 DAGs
[2025-04-22T09:09:46.459+0000] {logging_mixin.py:190} INFO - [2025-04-22T09:09:46.459+0000] {dag.py:4180} INFO - Setting next_dagrun for minio_file_monitoring_compression_dag to None, run_after=None
[2025-04-22T09:09:46.474+0000] {processor.py:208} INFO - Processing /opt/airflow/dags/minio_file_compression_and_email.py took 0.063 seconds
[2025-04-22T09:10:17.132+0000] {processor.py:186} INFO - Started process (PID=291) to work on /opt/airflow/dags/minio_file_compression_and_email.py
[2025-04-22T09:10:17.133+0000] {processor.py:914} INFO - Processing file /opt/airflow/dags/minio_file_compression_and_email.py for tasks to queue
[2025-04-22T09:10:17.138+0000] {logging_mixin.py:190} INFO - [2025-04-22T09:10:17.137+0000] {dagbag.py:588} INFO - Filling up the DagBag from /opt/airflow/dags/minio_file_compression_and_email.py
[2025-04-22T09:10:17.157+0000] {processor.py:925} INFO - DAG(s) 'minio_file_monitoring_compression_dag' retrieved from /opt/airflow/dags/minio_file_compression_and_email.py
[2025-04-22T09:10:17.193+0000] {logging_mixin.py:190} INFO - [2025-04-22T09:10:17.193+0000] {dag.py:3239} INFO - Sync 1 DAGs
[2025-04-22T09:10:17.218+0000] {logging_mixin.py:190} INFO - [2025-04-22T09:10:17.218+0000] {dag.py:4180} INFO - Setting next_dagrun for minio_file_monitoring_compression_dag to None, run_after=None
[2025-04-22T09:10:17.250+0000] {processor.py:208} INFO - Processing /opt/airflow/dags/minio_file_compression_and_email.py took 0.126 seconds
[2025-04-22T09:10:47.615+0000] {processor.py:186} INFO - Started process (PID=359) to work on /opt/airflow/dags/minio_file_compression_and_email.py
[2025-04-22T09:10:47.616+0000] {processor.py:914} INFO - Processing file /opt/airflow/dags/minio_file_compression_and_email.py for tasks to queue
[2025-04-22T09:10:47.619+0000] {logging_mixin.py:190} INFO - [2025-04-22T09:10:47.619+0000] {dagbag.py:588} INFO - Filling up the DagBag from /opt/airflow/dags/minio_file_compression_and_email.py
[2025-04-22T09:10:47.637+0000] {processor.py:925} INFO - DAG(s) 'minio_file_monitoring_compression_dag' retrieved from /opt/airflow/dags/minio_file_compression_and_email.py
[2025-04-22T09:10:47.668+0000] {logging_mixin.py:190} INFO - [2025-04-22T09:10:47.667+0000] {dag.py:3239} INFO - Sync 1 DAGs
[2025-04-22T09:10:47.700+0000] {logging_mixin.py:190} INFO - [2025-04-22T09:10:47.700+0000] {dag.py:4180} INFO - Setting next_dagrun for minio_file_monitoring_compression_dag to None, run_after=None
[2025-04-22T09:10:47.736+0000] {processor.py:208} INFO - Processing /opt/airflow/dags/minio_file_compression_and_email.py took 0.131 seconds
[2025-04-22T09:11:18.286+0000] {processor.py:186} INFO - Started process (PID=428) to work on /opt/airflow/dags/minio_file_compression_and_email.py
[2025-04-22T09:11:18.287+0000] {processor.py:914} INFO - Processing file /opt/airflow/dags/minio_file_compression_and_email.py for tasks to queue
[2025-04-22T09:11:18.289+0000] {logging_mixin.py:190} INFO - [2025-04-22T09:11:18.288+0000] {dagbag.py:588} INFO - Filling up the DagBag from /opt/airflow/dags/minio_file_compression_and_email.py
[2025-04-22T09:11:18.300+0000] {processor.py:925} INFO - DAG(s) 'minio_file_monitoring_compression_dag' retrieved from /opt/airflow/dags/minio_file_compression_and_email.py
[2025-04-22T09:11:18.320+0000] {logging_mixin.py:190} INFO - [2025-04-22T09:11:18.319+0000] {dag.py:3239} INFO - Sync 1 DAGs
[2025-04-22T09:11:18.332+0000] {logging_mixin.py:190} INFO - [2025-04-22T09:11:18.331+0000] {dag.py:4180} INFO - Setting next_dagrun for minio_file_monitoring_compression_dag to None, run_after=None
[2025-04-22T09:11:18.349+0000] {processor.py:208} INFO - Processing /opt/airflow/dags/minio_file_compression_and_email.py took 0.068 seconds
[2025-04-22T09:11:48.792+0000] {processor.py:186} INFO - Started process (PID=498) to work on /opt/airflow/dags/minio_file_compression_and_email.py
[2025-04-22T09:11:48.795+0000] {processor.py:914} INFO - Processing file /opt/airflow/dags/minio_file_compression_and_email.py for tasks to queue
[2025-04-22T09:11:48.800+0000] {logging_mixin.py:190} INFO - [2025-04-22T09:11:48.799+0000] {dagbag.py:588} INFO - Filling up the DagBag from /opt/airflow/dags/minio_file_compression_and_email.py
[2025-04-22T09:11:48.828+0000] {processor.py:925} INFO - DAG(s) 'minio_file_monitoring_compression_dag' retrieved from /opt/airflow/dags/minio_file_compression_and_email.py
[2025-04-22T09:11:48.865+0000] {logging_mixin.py:190} INFO - [2025-04-22T09:11:48.864+0000] {dag.py:3239} INFO - Sync 1 DAGs
[2025-04-22T09:11:48.896+0000] {logging_mixin.py:190} INFO - [2025-04-22T09:11:48.895+0000] {dag.py:4180} INFO - Setting next_dagrun for minio_file_monitoring_compression_dag to None, run_after=None
[2025-04-22T09:11:48.938+0000] {processor.py:208} INFO - Processing /opt/airflow/dags/minio_file_compression_and_email.py took 0.160 seconds
[2025-04-22T09:12:19.101+0000] {processor.py:186} INFO - Started process (PID=567) to work on /opt/airflow/dags/minio_file_compression_and_email.py
[2025-04-22T09:12:19.102+0000] {processor.py:914} INFO - Processing file /opt/airflow/dags/minio_file_compression_and_email.py for tasks to queue
[2025-04-22T09:12:19.106+0000] {logging_mixin.py:190} INFO - [2025-04-22T09:12:19.105+0000] {dagbag.py:588} INFO - Filling up the DagBag from /opt/airflow/dags/minio_file_compression_and_email.py
[2025-04-22T09:12:19.124+0000] {processor.py:925} INFO - DAG(s) 'minio_file_monitoring_compression_dag' retrieved from /opt/airflow/dags/minio_file_compression_and_email.py
[2025-04-22T09:12:19.162+0000] {logging_mixin.py:190} INFO - [2025-04-22T09:12:19.162+0000] {dag.py:3239} INFO - Sync 1 DAGs
[2025-04-22T09:12:19.193+0000] {logging_mixin.py:190} INFO - [2025-04-22T09:12:19.193+0000] {dag.py:4180} INFO - Setting next_dagrun for minio_file_monitoring_compression_dag to None, run_after=None
[2025-04-22T09:12:19.228+0000] {processor.py:208} INFO - Processing /opt/airflow/dags/minio_file_compression_and_email.py took 0.136 seconds
[2025-04-22T09:12:49.853+0000] {processor.py:186} INFO - Started process (PID=629) to work on /opt/airflow/dags/minio_file_compression_and_email.py
[2025-04-22T09:12:49.854+0000] {processor.py:914} INFO - Processing file /opt/airflow/dags/minio_file_compression_and_email.py for tasks to queue
[2025-04-22T09:12:49.857+0000] {logging_mixin.py:190} INFO - [2025-04-22T09:12:49.857+0000] {dagbag.py:588} INFO - Filling up the DagBag from /opt/airflow/dags/minio_file_compression_and_email.py
[2025-04-22T09:12:49.876+0000] {processor.py:925} INFO - DAG(s) 'minio_file_monitoring_compression_dag' retrieved from /opt/airflow/dags/minio_file_compression_and_email.py
[2025-04-22T09:12:49.908+0000] {logging_mixin.py:190} INFO - [2025-04-22T09:12:49.908+0000] {dag.py:3239} INFO - Sync 1 DAGs
[2025-04-22T09:12:49.930+0000] {logging_mixin.py:190} INFO - [2025-04-22T09:12:49.930+0000] {dag.py:4180} INFO - Setting next_dagrun for minio_file_monitoring_compression_dag to None, run_after=None
[2025-04-22T09:12:49.966+0000] {processor.py:208} INFO - Processing /opt/airflow/dags/minio_file_compression_and_email.py took 0.122 seconds
[2025-04-22T09:13:20.601+0000] {processor.py:186} INFO - Started process (PID=699) to work on /opt/airflow/dags/minio_file_compression_and_email.py
[2025-04-22T09:13:20.603+0000] {processor.py:914} INFO - Processing file /opt/airflow/dags/minio_file_compression_and_email.py for tasks to queue
[2025-04-22T09:13:20.607+0000] {logging_mixin.py:190} INFO - [2025-04-22T09:13:20.607+0000] {dagbag.py:588} INFO - Filling up the DagBag from /opt/airflow/dags/minio_file_compression_and_email.py
[2025-04-22T09:13:20.629+0000] {processor.py:925} INFO - DAG(s) 'minio_file_monitoring_compression_dag' retrieved from /opt/airflow/dags/minio_file_compression_and_email.py
[2025-04-22T09:13:20.673+0000] {logging_mixin.py:190} INFO - [2025-04-22T09:13:20.673+0000] {dag.py:3239} INFO - Sync 1 DAGs
[2025-04-22T09:13:20.704+0000] {logging_mixin.py:190} INFO - [2025-04-22T09:13:20.703+0000] {dag.py:4180} INFO - Setting next_dagrun for minio_file_monitoring_compression_dag to None, run_after=None
[2025-04-22T09:13:20.744+0000] {processor.py:208} INFO - Processing /opt/airflow/dags/minio_file_compression_and_email.py took 0.151 seconds
[2025-04-22T09:13:50.992+0000] {processor.py:186} INFO - Started process (PID=768) to work on /opt/airflow/dags/minio_file_compression_and_email.py
[2025-04-22T09:13:50.994+0000] {processor.py:914} INFO - Processing file /opt/airflow/dags/minio_file_compression_and_email.py for tasks to queue
[2025-04-22T09:13:51.000+0000] {logging_mixin.py:190} INFO - [2025-04-22T09:13:50.999+0000] {dagbag.py:588} INFO - Filling up the DagBag from /opt/airflow/dags/minio_file_compression_and_email.py
[2025-04-22T09:13:51.019+0000] {processor.py:925} INFO - DAG(s) 'minio_file_monitoring_compression_dag' retrieved from /opt/airflow/dags/minio_file_compression_and_email.py
[2025-04-22T09:13:51.064+0000] {logging_mixin.py:190} INFO - [2025-04-22T09:13:51.064+0000] {dag.py:3239} INFO - Sync 1 DAGs
[2025-04-22T09:13:51.097+0000] {logging_mixin.py:190} INFO - [2025-04-22T09:13:51.096+0000] {dag.py:4180} INFO - Setting next_dagrun for minio_file_monitoring_compression_dag to None, run_after=None
[2025-04-22T09:13:51.132+0000] {processor.py:208} INFO - Processing /opt/airflow/dags/minio_file_compression_and_email.py took 0.148 seconds
[2025-04-22T09:14:21.761+0000] {processor.py:186} INFO - Started process (PID=838) to work on /opt/airflow/dags/minio_file_compression_and_email.py
[2025-04-22T09:14:21.763+0000] {processor.py:914} INFO - Processing file /opt/airflow/dags/minio_file_compression_and_email.py for tasks to queue
[2025-04-22T09:14:21.767+0000] {logging_mixin.py:190} INFO - [2025-04-22T09:14:21.767+0000] {dagbag.py:588} INFO - Filling up the DagBag from /opt/airflow/dags/minio_file_compression_and_email.py
[2025-04-22T09:14:21.794+0000] {processor.py:925} INFO - DAG(s) 'minio_file_monitoring_compression_dag' retrieved from /opt/airflow/dags/minio_file_compression_and_email.py
[2025-04-22T09:14:21.827+0000] {logging_mixin.py:190} INFO - [2025-04-22T09:14:21.826+0000] {dag.py:3239} INFO - Sync 1 DAGs
[2025-04-22T09:14:21.852+0000] {logging_mixin.py:190} INFO - [2025-04-22T09:14:21.851+0000] {dag.py:4180} INFO - Setting next_dagrun for minio_file_monitoring_compression_dag to None, run_after=None
[2025-04-22T09:14:21.887+0000] {processor.py:208} INFO - Processing /opt/airflow/dags/minio_file_compression_and_email.py took 0.135 seconds
[2025-04-22T09:14:52.242+0000] {processor.py:186} INFO - Started process (PID=903) to work on /opt/airflow/dags/minio_file_compression_and_email.py
[2025-04-22T09:14:52.244+0000] {processor.py:914} INFO - Processing file /opt/airflow/dags/minio_file_compression_and_email.py for tasks to queue
[2025-04-22T09:14:52.249+0000] {logging_mixin.py:190} INFO - [2025-04-22T09:14:52.249+0000] {dagbag.py:588} INFO - Filling up the DagBag from /opt/airflow/dags/minio_file_compression_and_email.py
[2025-04-22T09:14:52.276+0000] {processor.py:925} INFO - DAG(s) 'minio_file_monitoring_compression_dag' retrieved from /opt/airflow/dags/minio_file_compression_and_email.py
[2025-04-22T09:14:52.309+0000] {logging_mixin.py:190} INFO - [2025-04-22T09:14:52.308+0000] {dag.py:3239} INFO - Sync 1 DAGs
[2025-04-22T09:14:52.336+0000] {logging_mixin.py:190} INFO - [2025-04-22T09:14:52.336+0000] {dag.py:4180} INFO - Setting next_dagrun for minio_file_monitoring_compression_dag to None, run_after=None
[2025-04-22T09:14:52.369+0000] {processor.py:208} INFO - Processing /opt/airflow/dags/minio_file_compression_and_email.py took 0.137 seconds
[2025-04-22T09:15:22.470+0000] {processor.py:186} INFO - Started process (PID=972) to work on /opt/airflow/dags/minio_file_compression_and_email.py
[2025-04-22T09:15:22.472+0000] {processor.py:914} INFO - Processing file /opt/airflow/dags/minio_file_compression_and_email.py for tasks to queue
[2025-04-22T09:15:22.475+0000] {logging_mixin.py:190} INFO - [2025-04-22T09:15:22.475+0000] {dagbag.py:588} INFO - Filling up the DagBag from /opt/airflow/dags/minio_file_compression_and_email.py
[2025-04-22T09:15:22.494+0000] {processor.py:925} INFO - DAG(s) 'minio_file_monitoring_compression_dag' retrieved from /opt/airflow/dags/minio_file_compression_and_email.py
[2025-04-22T09:15:22.532+0000] {logging_mixin.py:190} INFO - [2025-04-22T09:15:22.532+0000] {dag.py:3239} INFO - Sync 1 DAGs
[2025-04-22T09:15:22.560+0000] {logging_mixin.py:190} INFO - [2025-04-22T09:15:22.560+0000] {dag.py:4180} INFO - Setting next_dagrun for minio_file_monitoring_compression_dag to None, run_after=None
[2025-04-22T09:15:22.597+0000] {processor.py:208} INFO - Processing /opt/airflow/dags/minio_file_compression_and_email.py took 0.135 seconds
[2025-04-22T09:15:52.776+0000] {processor.py:186} INFO - Started process (PID=1042) to work on /opt/airflow/dags/minio_file_compression_and_email.py
[2025-04-22T09:15:52.778+0000] {processor.py:914} INFO - Processing file /opt/airflow/dags/minio_file_compression_and_email.py for tasks to queue
[2025-04-22T09:15:52.781+0000] {logging_mixin.py:190} INFO - [2025-04-22T09:15:52.781+0000] {dagbag.py:588} INFO - Filling up the DagBag from /opt/airflow/dags/minio_file_compression_and_email.py
[2025-04-22T09:15:52.799+0000] {processor.py:925} INFO - DAG(s) 'minio_file_monitoring_compression_dag' retrieved from /opt/airflow/dags/minio_file_compression_and_email.py
[2025-04-22T09:15:52.842+0000] {logging_mixin.py:190} INFO - [2025-04-22T09:15:52.842+0000] {dag.py:3239} INFO - Sync 1 DAGs
[2025-04-22T09:15:52.864+0000] {logging_mixin.py:190} INFO - [2025-04-22T09:15:52.864+0000] {dag.py:4180} INFO - Setting next_dagrun for minio_file_monitoring_compression_dag to None, run_after=None
[2025-04-22T09:15:52.906+0000] {processor.py:208} INFO - Processing /opt/airflow/dags/minio_file_compression_and_email.py took 0.139 seconds
[2025-04-22T09:16:23.365+0000] {processor.py:186} INFO - Started process (PID=1111) to work on /opt/airflow/dags/minio_file_compression_and_email.py
[2025-04-22T09:16:23.367+0000] {processor.py:914} INFO - Processing file /opt/airflow/dags/minio_file_compression_and_email.py for tasks to queue
[2025-04-22T09:16:23.372+0000] {logging_mixin.py:190} INFO - [2025-04-22T09:16:23.371+0000] {dagbag.py:588} INFO - Filling up the DagBag from /opt/airflow/dags/minio_file_compression_and_email.py
[2025-04-22T09:16:23.394+0000] {processor.py:925} INFO - DAG(s) 'minio_file_monitoring_compression_dag' retrieved from /opt/airflow/dags/minio_file_compression_and_email.py
[2025-04-22T09:16:23.425+0000] {logging_mixin.py:190} INFO - [2025-04-22T09:16:23.425+0000] {dag.py:3239} INFO - Sync 1 DAGs
[2025-04-22T09:16:23.449+0000] {logging_mixin.py:190} INFO - [2025-04-22T09:16:23.448+0000] {dag.py:4180} INFO - Setting next_dagrun for minio_file_monitoring_compression_dag to None, run_after=None
[2025-04-22T09:16:23.486+0000] {processor.py:208} INFO - Processing /opt/airflow/dags/minio_file_compression_and_email.py took 0.130 seconds
[2025-04-22T09:16:54.265+0000] {processor.py:186} INFO - Started process (PID=1181) to work on /opt/airflow/dags/minio_file_compression_and_email.py
[2025-04-22T09:16:54.267+0000] {processor.py:914} INFO - Processing file /opt/airflow/dags/minio_file_compression_and_email.py for tasks to queue
[2025-04-22T09:16:54.272+0000] {logging_mixin.py:190} INFO - [2025-04-22T09:16:54.270+0000] {dagbag.py:588} INFO - Filling up the DagBag from /opt/airflow/dags/minio_file_compression_and_email.py
[2025-04-22T09:16:54.300+0000] {processor.py:925} INFO - DAG(s) 'minio_file_monitoring_compression_dag' retrieved from /opt/airflow/dags/minio_file_compression_and_email.py
[2025-04-22T09:16:54.339+0000] {logging_mixin.py:190} INFO - [2025-04-22T09:16:54.338+0000] {dag.py:3239} INFO - Sync 1 DAGs
[2025-04-22T09:16:54.365+0000] {logging_mixin.py:190} INFO - [2025-04-22T09:16:54.365+0000] {dag.py:4180} INFO - Setting next_dagrun for minio_file_monitoring_compression_dag to None, run_after=None
[2025-04-22T09:16:54.403+0000] {processor.py:208} INFO - Processing /opt/airflow/dags/minio_file_compression_and_email.py took 0.147 seconds
[2025-04-22T09:17:24.584+0000] {processor.py:186} INFO - Started process (PID=1251) to work on /opt/airflow/dags/minio_file_compression_and_email.py
[2025-04-22T09:17:24.586+0000] {processor.py:914} INFO - Processing file /opt/airflow/dags/minio_file_compression_and_email.py for tasks to queue
[2025-04-22T09:17:24.590+0000] {logging_mixin.py:190} INFO - [2025-04-22T09:17:24.590+0000] {dagbag.py:588} INFO - Filling up the DagBag from /opt/airflow/dags/minio_file_compression_and_email.py
[2025-04-22T09:17:24.615+0000] {processor.py:925} INFO - DAG(s) 'minio_file_monitoring_compression_dag' retrieved from /opt/airflow/dags/minio_file_compression_and_email.py
[2025-04-22T09:17:24.653+0000] {logging_mixin.py:190} INFO - [2025-04-22T09:17:24.653+0000] {dag.py:3239} INFO - Sync 1 DAGs
[2025-04-22T09:17:24.686+0000] {logging_mixin.py:190} INFO - [2025-04-22T09:17:24.686+0000] {dag.py:4180} INFO - Setting next_dagrun for minio_file_monitoring_compression_dag to None, run_after=None
[2025-04-22T09:17:24.719+0000] {processor.py:208} INFO - Processing /opt/airflow/dags/minio_file_compression_and_email.py took 0.149 seconds
[2025-04-22T09:17:55.315+0000] {processor.py:186} INFO - Started process (PID=1321) to work on /opt/airflow/dags/minio_file_compression_and_email.py
[2025-04-22T09:17:55.316+0000] {processor.py:914} INFO - Processing file /opt/airflow/dags/minio_file_compression_and_email.py for tasks to queue
[2025-04-22T09:17:55.319+0000] {logging_mixin.py:190} INFO - [2025-04-22T09:17:55.318+0000] {dagbag.py:588} INFO - Filling up the DagBag from /opt/airflow/dags/minio_file_compression_and_email.py
[2025-04-22T09:17:55.332+0000] {processor.py:925} INFO - DAG(s) 'minio_file_monitoring_compression_dag' retrieved from /opt/airflow/dags/minio_file_compression_and_email.py
[2025-04-22T09:17:55.359+0000] {logging_mixin.py:190} INFO - [2025-04-22T09:17:55.358+0000] {dag.py:3239} INFO - Sync 1 DAGs
[2025-04-22T09:17:55.373+0000] {logging_mixin.py:190} INFO - [2025-04-22T09:17:55.372+0000] {dag.py:4180} INFO - Setting next_dagrun for minio_file_monitoring_compression_dag to None, run_after=None
[2025-04-22T09:17:55.397+0000] {processor.py:208} INFO - Processing /opt/airflow/dags/minio_file_compression_and_email.py took 0.090 seconds
[2025-04-22T09:18:25.867+0000] {processor.py:186} INFO - Started process (PID=1391) to work on /opt/airflow/dags/minio_file_compression_and_email.py
[2025-04-22T09:18:25.868+0000] {processor.py:914} INFO - Processing file /opt/airflow/dags/minio_file_compression_and_email.py for tasks to queue
[2025-04-22T09:18:25.871+0000] {logging_mixin.py:190} INFO - [2025-04-22T09:18:25.871+0000] {dagbag.py:588} INFO - Filling up the DagBag from /opt/airflow/dags/minio_file_compression_and_email.py
[2025-04-22T09:18:25.893+0000] {processor.py:925} INFO - DAG(s) 'minio_file_monitoring_compression_dag' retrieved from /opt/airflow/dags/minio_file_compression_and_email.py
[2025-04-22T09:18:25.921+0000] {logging_mixin.py:190} INFO - [2025-04-22T09:18:25.921+0000] {dag.py:3239} INFO - Sync 1 DAGs
[2025-04-22T09:18:25.942+0000] {logging_mixin.py:190} INFO - [2025-04-22T09:18:25.942+0000] {dag.py:4180} INFO - Setting next_dagrun for minio_file_monitoring_compression_dag to None, run_after=None
[2025-04-22T09:18:25.973+0000] {processor.py:208} INFO - Processing /opt/airflow/dags/minio_file_compression_and_email.py took 0.113 seconds
[2025-04-22T09:18:56.841+0000] {processor.py:186} INFO - Started process (PID=1461) to work on /opt/airflow/dags/minio_file_compression_and_email.py
[2025-04-22T09:18:56.842+0000] {processor.py:914} INFO - Processing file /opt/airflow/dags/minio_file_compression_and_email.py for tasks to queue
[2025-04-22T09:18:56.844+0000] {logging_mixin.py:190} INFO - [2025-04-22T09:18:56.844+0000] {dagbag.py:588} INFO - Filling up the DagBag from /opt/airflow/dags/minio_file_compression_and_email.py
[2025-04-22T09:18:56.856+0000] {processor.py:925} INFO - DAG(s) 'minio_file_monitoring_compression_dag' retrieved from /opt/airflow/dags/minio_file_compression_and_email.py
[2025-04-22T09:18:56.884+0000] {logging_mixin.py:190} INFO - [2025-04-22T09:18:56.883+0000] {dag.py:3239} INFO - Sync 1 DAGs
[2025-04-22T09:18:56.904+0000] {logging_mixin.py:190} INFO - [2025-04-22T09:18:56.904+0000] {dag.py:4180} INFO - Setting next_dagrun for minio_file_monitoring_compression_dag to None, run_after=None
[2025-04-22T09:18:56.940+0000] {processor.py:208} INFO - Processing /opt/airflow/dags/minio_file_compression_and_email.py took 0.104 seconds
[2025-04-22T09:19:27.069+0000] {processor.py:186} INFO - Started process (PID=1531) to work on /opt/airflow/dags/minio_file_compression_and_email.py
[2025-04-22T09:19:27.071+0000] {processor.py:914} INFO - Processing file /opt/airflow/dags/minio_file_compression_and_email.py for tasks to queue
[2025-04-22T09:19:27.076+0000] {logging_mixin.py:190} INFO - [2025-04-22T09:19:27.075+0000] {dagbag.py:588} INFO - Filling up the DagBag from /opt/airflow/dags/minio_file_compression_and_email.py
[2025-04-22T09:19:27.105+0000] {processor.py:925} INFO - DAG(s) 'minio_file_monitoring_compression_dag' retrieved from /opt/airflow/dags/minio_file_compression_and_email.py
[2025-04-22T09:19:27.145+0000] {logging_mixin.py:190} INFO - [2025-04-22T09:19:27.145+0000] {dag.py:3239} INFO - Sync 1 DAGs
[2025-04-22T09:19:27.167+0000] {logging_mixin.py:190} INFO - [2025-04-22T09:19:27.166+0000] {dag.py:4180} INFO - Setting next_dagrun for minio_file_monitoring_compression_dag to None, run_after=None
[2025-04-22T09:19:27.210+0000] {processor.py:208} INFO - Processing /opt/airflow/dags/minio_file_compression_and_email.py took 0.156 seconds
[2025-04-22T09:19:58.019+0000] {processor.py:186} INFO - Started process (PID=1601) to work on /opt/airflow/dags/minio_file_compression_and_email.py
[2025-04-22T09:19:58.021+0000] {processor.py:914} INFO - Processing file /opt/airflow/dags/minio_file_compression_and_email.py for tasks to queue
[2025-04-22T09:19:58.026+0000] {logging_mixin.py:190} INFO - [2025-04-22T09:19:58.025+0000] {dagbag.py:588} INFO - Filling up the DagBag from /opt/airflow/dags/minio_file_compression_and_email.py
[2025-04-22T09:19:58.050+0000] {processor.py:925} INFO - DAG(s) 'minio_file_monitoring_compression_dag' retrieved from /opt/airflow/dags/minio_file_compression_and_email.py
[2025-04-22T09:19:58.087+0000] {logging_mixin.py:190} INFO - [2025-04-22T09:19:58.086+0000] {dag.py:3239} INFO - Sync 1 DAGs
[2025-04-22T09:19:58.113+0000] {logging_mixin.py:190} INFO - [2025-04-22T09:19:58.112+0000] {dag.py:4180} INFO - Setting next_dagrun for minio_file_monitoring_compression_dag to None, run_after=None
[2025-04-22T09:19:58.152+0000] {processor.py:208} INFO - Processing /opt/airflow/dags/minio_file_compression_and_email.py took 0.143 seconds
[2025-04-22T09:20:28.549+0000] {processor.py:186} INFO - Started process (PID=1671) to work on /opt/airflow/dags/minio_file_compression_and_email.py
[2025-04-22T09:20:28.550+0000] {processor.py:914} INFO - Processing file /opt/airflow/dags/minio_file_compression_and_email.py for tasks to queue
[2025-04-22T09:20:28.554+0000] {logging_mixin.py:190} INFO - [2025-04-22T09:20:28.553+0000] {dagbag.py:588} INFO - Filling up the DagBag from /opt/airflow/dags/minio_file_compression_and_email.py
[2025-04-22T09:20:28.573+0000] {processor.py:925} INFO - DAG(s) 'minio_file_monitoring_compression_dag' retrieved from /opt/airflow/dags/minio_file_compression_and_email.py
[2025-04-22T09:20:28.620+0000] {logging_mixin.py:190} INFO - [2025-04-22T09:20:28.619+0000] {dag.py:3239} INFO - Sync 1 DAGs
[2025-04-22T09:20:28.651+0000] {logging_mixin.py:190} INFO - [2025-04-22T09:20:28.650+0000] {dag.py:4180} INFO - Setting next_dagrun for minio_file_monitoring_compression_dag to None, run_after=None
[2025-04-22T09:20:28.680+0000] {processor.py:208} INFO - Processing /opt/airflow/dags/minio_file_compression_and_email.py took 0.140 seconds
[2025-04-22T09:20:59.048+0000] {processor.py:186} INFO - Started process (PID=1741) to work on /opt/airflow/dags/minio_file_compression_and_email.py
[2025-04-22T09:20:59.050+0000] {processor.py:914} INFO - Processing file /opt/airflow/dags/minio_file_compression_and_email.py for tasks to queue
[2025-04-22T09:20:59.054+0000] {logging_mixin.py:190} INFO - [2025-04-22T09:20:59.054+0000] {dagbag.py:588} INFO - Filling up the DagBag from /opt/airflow/dags/minio_file_compression_and_email.py
[2025-04-22T09:20:59.071+0000] {processor.py:925} INFO - DAG(s) 'minio_file_monitoring_compression_dag' retrieved from /opt/airflow/dags/minio_file_compression_and_email.py
[2025-04-22T09:20:59.106+0000] {logging_mixin.py:190} INFO - [2025-04-22T09:20:59.105+0000] {dag.py:3239} INFO - Sync 1 DAGs
[2025-04-22T09:20:59.128+0000] {logging_mixin.py:190} INFO - [2025-04-22T09:20:59.128+0000] {dag.py:4180} INFO - Setting next_dagrun for minio_file_monitoring_compression_dag to None, run_after=None
[2025-04-22T09:20:59.157+0000] {processor.py:208} INFO - Processing /opt/airflow/dags/minio_file_compression_and_email.py took 0.120 seconds
[2025-04-22T09:21:29.943+0000] {processor.py:186} INFO - Started process (PID=1811) to work on /opt/airflow/dags/minio_file_compression_and_email.py
[2025-04-22T09:21:29.945+0000] {processor.py:914} INFO - Processing file /opt/airflow/dags/minio_file_compression_and_email.py for tasks to queue
[2025-04-22T09:21:29.950+0000] {logging_mixin.py:190} INFO - [2025-04-22T09:21:29.950+0000] {dagbag.py:588} INFO - Filling up the DagBag from /opt/airflow/dags/minio_file_compression_and_email.py
[2025-04-22T09:21:29.971+0000] {processor.py:925} INFO - DAG(s) 'minio_file_monitoring_compression_dag' retrieved from /opt/airflow/dags/minio_file_compression_and_email.py
[2025-04-22T09:21:30.012+0000] {logging_mixin.py:190} INFO - [2025-04-22T09:21:30.012+0000] {dag.py:3239} INFO - Sync 1 DAGs
[2025-04-22T09:21:30.041+0000] {logging_mixin.py:190} INFO - [2025-04-22T09:21:30.040+0000] {dag.py:4180} INFO - Setting next_dagrun for minio_file_monitoring_compression_dag to None, run_after=None
[2025-04-22T09:21:30.076+0000] {processor.py:208} INFO - Processing /opt/airflow/dags/minio_file_compression_and_email.py took 0.147 seconds
[2025-04-22T09:22:00.307+0000] {processor.py:186} INFO - Started process (PID=1881) to work on /opt/airflow/dags/minio_file_compression_and_email.py
[2025-04-22T09:22:00.309+0000] {processor.py:914} INFO - Processing file /opt/airflow/dags/minio_file_compression_and_email.py for tasks to queue
[2025-04-22T09:22:00.312+0000] {logging_mixin.py:190} INFO - [2025-04-22T09:22:00.312+0000] {dagbag.py:588} INFO - Filling up the DagBag from /opt/airflow/dags/minio_file_compression_and_email.py
[2025-04-22T09:22:00.332+0000] {processor.py:925} INFO - DAG(s) 'minio_file_monitoring_compression_dag' retrieved from /opt/airflow/dags/minio_file_compression_and_email.py
[2025-04-22T09:22:00.368+0000] {logging_mixin.py:190} INFO - [2025-04-22T09:22:00.368+0000] {dag.py:3239} INFO - Sync 1 DAGs
[2025-04-22T09:22:00.392+0000] {logging_mixin.py:190} INFO - [2025-04-22T09:22:00.391+0000] {dag.py:4180} INFO - Setting next_dagrun for minio_file_monitoring_compression_dag to None, run_after=None
[2025-04-22T09:22:00.430+0000] {processor.py:208} INFO - Processing /opt/airflow/dags/minio_file_compression_and_email.py took 0.132 seconds
[2025-04-22T09:22:30.962+0000] {processor.py:186} INFO - Started process (PID=1951) to work on /opt/airflow/dags/minio_file_compression_and_email.py
[2025-04-22T09:22:30.964+0000] {processor.py:914} INFO - Processing file /opt/airflow/dags/minio_file_compression_and_email.py for tasks to queue
[2025-04-22T09:22:30.969+0000] {logging_mixin.py:190} INFO - [2025-04-22T09:22:30.968+0000] {dagbag.py:588} INFO - Filling up the DagBag from /opt/airflow/dags/minio_file_compression_and_email.py
[2025-04-22T09:22:30.992+0000] {processor.py:925} INFO - DAG(s) 'minio_file_monitoring_compression_dag' retrieved from /opt/airflow/dags/minio_file_compression_and_email.py
[2025-04-22T09:22:31.030+0000] {logging_mixin.py:190} INFO - [2025-04-22T09:22:31.029+0000] {dag.py:3239} INFO - Sync 1 DAGs
[2025-04-22T09:22:31.061+0000] {logging_mixin.py:190} INFO - [2025-04-22T09:22:31.060+0000] {dag.py:4180} INFO - Setting next_dagrun for minio_file_monitoring_compression_dag to None, run_after=None
[2025-04-22T09:22:31.100+0000] {processor.py:208} INFO - Processing /opt/airflow/dags/minio_file_compression_and_email.py took 0.151 seconds
[2025-04-22T09:23:01.360+0000] {processor.py:186} INFO - Started process (PID=2021) to work on /opt/airflow/dags/minio_file_compression_and_email.py
[2025-04-22T09:23:01.362+0000] {processor.py:914} INFO - Processing file /opt/airflow/dags/minio_file_compression_and_email.py for tasks to queue
[2025-04-22T09:23:01.368+0000] {logging_mixin.py:190} INFO - [2025-04-22T09:23:01.367+0000] {dagbag.py:588} INFO - Filling up the DagBag from /opt/airflow/dags/minio_file_compression_and_email.py
[2025-04-22T09:23:01.404+0000] {processor.py:925} INFO - DAG(s) 'minio_file_monitoring_compression_dag' retrieved from /opt/airflow/dags/minio_file_compression_and_email.py
[2025-04-22T09:23:01.441+0000] {logging_mixin.py:190} INFO - [2025-04-22T09:23:01.441+0000] {dag.py:3239} INFO - Sync 1 DAGs
[2025-04-22T09:23:01.464+0000] {logging_mixin.py:190} INFO - [2025-04-22T09:23:01.463+0000] {dag.py:4180} INFO - Setting next_dagrun for minio_file_monitoring_compression_dag to None, run_after=None
[2025-04-22T09:23:01.510+0000] {processor.py:208} INFO - Processing /opt/airflow/dags/minio_file_compression_and_email.py took 0.164 seconds
[2025-04-22T09:23:32.259+0000] {processor.py:186} INFO - Started process (PID=2091) to work on /opt/airflow/dags/minio_file_compression_and_email.py
[2025-04-22T09:23:32.261+0000] {processor.py:914} INFO - Processing file /opt/airflow/dags/minio_file_compression_and_email.py for tasks to queue
[2025-04-22T09:23:32.267+0000] {logging_mixin.py:190} INFO - [2025-04-22T09:23:32.266+0000] {dagbag.py:588} INFO - Filling up the DagBag from /opt/airflow/dags/minio_file_compression_and_email.py
[2025-04-22T09:23:32.300+0000] {processor.py:925} INFO - DAG(s) 'minio_file_monitoring_compression_dag' retrieved from /opt/airflow/dags/minio_file_compression_and_email.py
[2025-04-22T09:23:32.345+0000] {logging_mixin.py:190} INFO - [2025-04-22T09:23:32.345+0000] {dag.py:3239} INFO - Sync 1 DAGs
[2025-04-22T09:23:32.378+0000] {logging_mixin.py:190} INFO - [2025-04-22T09:23:32.378+0000] {dag.py:4180} INFO - Setting next_dagrun for minio_file_monitoring_compression_dag to None, run_after=None
[2025-04-22T09:23:32.411+0000] {processor.py:208} INFO - Processing /opt/airflow/dags/minio_file_compression_and_email.py took 0.167 seconds
[2025-04-22T09:24:03.320+0000] {processor.py:186} INFO - Started process (PID=2161) to work on /opt/airflow/dags/minio_file_compression_and_email.py
[2025-04-22T09:24:03.322+0000] {processor.py:914} INFO - Processing file /opt/airflow/dags/minio_file_compression_and_email.py for tasks to queue
[2025-04-22T09:24:03.326+0000] {logging_mixin.py:190} INFO - [2025-04-22T09:24:03.325+0000] {dagbag.py:588} INFO - Filling up the DagBag from /opt/airflow/dags/minio_file_compression_and_email.py
[2025-04-22T09:24:03.353+0000] {processor.py:925} INFO - DAG(s) 'minio_file_monitoring_compression_dag' retrieved from /opt/airflow/dags/minio_file_compression_and_email.py
[2025-04-22T09:24:03.391+0000] {logging_mixin.py:190} INFO - [2025-04-22T09:24:03.391+0000] {dag.py:3239} INFO - Sync 1 DAGs
[2025-04-22T09:24:03.414+0000] {logging_mixin.py:190} INFO - [2025-04-22T09:24:03.414+0000] {dag.py:4180} INFO - Setting next_dagrun for minio_file_monitoring_compression_dag to None, run_after=None
[2025-04-22T09:24:03.447+0000] {processor.py:208} INFO - Processing /opt/airflow/dags/minio_file_compression_and_email.py took 0.136 seconds
[2025-04-22T09:24:24.809+0000] {processor.py:186} INFO - Started process (PID=2183) to work on /opt/airflow/dags/minio_file_compression_and_email.py
[2025-04-22T09:24:24.811+0000] {processor.py:914} INFO - Processing file /opt/airflow/dags/minio_file_compression_and_email.py for tasks to queue
[2025-04-22T09:24:24.816+0000] {logging_mixin.py:190} INFO - [2025-04-22T09:24:24.816+0000] {dagbag.py:588} INFO - Filling up the DagBag from /opt/airflow/dags/minio_file_compression_and_email.py
[2025-04-22T09:24:24.847+0000] {processor.py:925} INFO - DAG(s) 'minio_file_monitoring_compression_dag' retrieved from /opt/airflow/dags/minio_file_compression_and_email.py
[2025-04-22T09:24:25.105+0000] {logging_mixin.py:190} INFO - [2025-04-22T09:24:25.104+0000] {dag.py:3239} INFO - Sync 1 DAGs
[2025-04-22T09:24:25.126+0000] {logging_mixin.py:190} INFO - [2025-04-22T09:24:25.125+0000] {dag.py:4180} INFO - Setting next_dagrun for minio_file_monitoring_compression_dag to None, run_after=None
[2025-04-22T09:24:25.168+0000] {processor.py:208} INFO - Processing /opt/airflow/dags/minio_file_compression_and_email.py took 0.368 seconds
[2025-04-22T09:24:56.095+0000] {processor.py:186} INFO - Started process (PID=2254) to work on /opt/airflow/dags/minio_file_compression_and_email.py
[2025-04-22T09:24:56.096+0000] {processor.py:914} INFO - Processing file /opt/airflow/dags/minio_file_compression_and_email.py for tasks to queue
[2025-04-22T09:24:56.098+0000] {logging_mixin.py:190} INFO - [2025-04-22T09:24:56.098+0000] {dagbag.py:588} INFO - Filling up the DagBag from /opt/airflow/dags/minio_file_compression_and_email.py
[2025-04-22T09:24:56.112+0000] {processor.py:925} INFO - DAG(s) 'minio_file_monitoring_compression_dag' retrieved from /opt/airflow/dags/minio_file_compression_and_email.py
[2025-04-22T09:24:56.138+0000] {logging_mixin.py:190} INFO - [2025-04-22T09:24:56.138+0000] {dag.py:3239} INFO - Sync 1 DAGs
[2025-04-22T09:24:56.152+0000] {logging_mixin.py:190} INFO - [2025-04-22T09:24:56.152+0000] {dag.py:4180} INFO - Setting next_dagrun for minio_file_monitoring_compression_dag to None, run_after=None
[2025-04-22T09:24:56.173+0000] {processor.py:208} INFO - Processing /opt/airflow/dags/minio_file_compression_and_email.py took 0.084 seconds
[2025-04-22T09:25:26.472+0000] {processor.py:186} INFO - Started process (PID=2324) to work on /opt/airflow/dags/minio_file_compression_and_email.py
[2025-04-22T09:25:26.473+0000] {processor.py:914} INFO - Processing file /opt/airflow/dags/minio_file_compression_and_email.py for tasks to queue
[2025-04-22T09:25:26.477+0000] {logging_mixin.py:190} INFO - [2025-04-22T09:25:26.477+0000] {dagbag.py:588} INFO - Filling up the DagBag from /opt/airflow/dags/minio_file_compression_and_email.py
[2025-04-22T09:25:26.498+0000] {processor.py:925} INFO - DAG(s) 'minio_file_monitoring_compression_dag' retrieved from /opt/airflow/dags/minio_file_compression_and_email.py
[2025-04-22T09:25:26.532+0000] {logging_mixin.py:190} INFO - [2025-04-22T09:25:26.532+0000] {dag.py:3239} INFO - Sync 1 DAGs
[2025-04-22T09:25:26.560+0000] {logging_mixin.py:190} INFO - [2025-04-22T09:25:26.559+0000] {dag.py:4180} INFO - Setting next_dagrun for minio_file_monitoring_compression_dag to None, run_after=None
[2025-04-22T09:25:26.598+0000] {processor.py:208} INFO - Processing /opt/airflow/dags/minio_file_compression_and_email.py took 0.141 seconds
[2025-04-22T09:25:57.094+0000] {processor.py:186} INFO - Started process (PID=2393) to work on /opt/airflow/dags/minio_file_compression_and_email.py
[2025-04-22T09:25:57.095+0000] {processor.py:914} INFO - Processing file /opt/airflow/dags/minio_file_compression_and_email.py for tasks to queue
[2025-04-22T09:25:57.099+0000] {logging_mixin.py:190} INFO - [2025-04-22T09:25:57.098+0000] {dagbag.py:588} INFO - Filling up the DagBag from /opt/airflow/dags/minio_file_compression_and_email.py
[2025-04-22T09:25:57.127+0000] {processor.py:925} INFO - DAG(s) 'minio_file_monitoring_compression_dag' retrieved from /opt/airflow/dags/minio_file_compression_and_email.py
[2025-04-22T09:25:57.159+0000] {logging_mixin.py:190} INFO - [2025-04-22T09:25:57.159+0000] {dag.py:3239} INFO - Sync 1 DAGs
[2025-04-22T09:25:57.191+0000] {logging_mixin.py:190} INFO - [2025-04-22T09:25:57.191+0000] {dag.py:4180} INFO - Setting next_dagrun for minio_file_monitoring_compression_dag to None, run_after=None
[2025-04-22T09:25:57.227+0000] {processor.py:208} INFO - Processing /opt/airflow/dags/minio_file_compression_and_email.py took 0.143 seconds
[2025-04-22T09:26:10.528+0000] {processor.py:186} INFO - Started process (PID=2454) to work on /opt/airflow/dags/minio_file_compression_and_email.py
[2025-04-22T09:26:10.529+0000] {processor.py:914} INFO - Processing file /opt/airflow/dags/minio_file_compression_and_email.py for tasks to queue
[2025-04-22T09:26:10.533+0000] {logging_mixin.py:190} INFO - [2025-04-22T09:26:10.532+0000] {dagbag.py:588} INFO - Filling up the DagBag from /opt/airflow/dags/minio_file_compression_and_email.py
[2025-04-22T09:26:10.547+0000] {logging_mixin.py:190} INFO - [2025-04-22T09:26:10.546+0000] {minio_file_compression_and_email.py:242} INFO - S3KeySensor initialized to detect files in MinIO
[2025-04-22T09:26:10.556+0000] {processor.py:925} INFO - DAG(s) 'minio_file_monitoring_compression_dag' retrieved from /opt/airflow/dags/minio_file_compression_and_email.py
[2025-04-22T09:26:10.587+0000] {logging_mixin.py:190} INFO - [2025-04-22T09:26:10.586+0000] {dag.py:3239} INFO - Sync 1 DAGs
[2025-04-22T09:26:10.607+0000] {logging_mixin.py:190} INFO - [2025-04-22T09:26:10.607+0000] {dag.py:4180} INFO - Setting next_dagrun for minio_file_monitoring_compression_dag to None, run_after=None
[2025-04-22T09:26:10.638+0000] {processor.py:208} INFO - Processing /opt/airflow/dags/minio_file_compression_and_email.py took 0.117 seconds
[2025-04-22T09:26:19.394+0000] {processor.py:186} INFO - Started process (PID=2462) to work on /opt/airflow/dags/minio_file_compression_and_email.py
[2025-04-22T09:26:19.395+0000] {processor.py:914} INFO - Processing file /opt/airflow/dags/minio_file_compression_and_email.py for tasks to queue
[2025-04-22T09:26:19.397+0000] {logging_mixin.py:190} INFO - [2025-04-22T09:26:19.397+0000] {dagbag.py:588} INFO - Filling up the DagBag from /opt/airflow/dags/minio_file_compression_and_email.py
[2025-04-22T09:26:19.408+0000] {logging_mixin.py:190} INFO - [2025-04-22T09:26:19.407+0000] {minio_file_compression_and_email.py:243} INFO - S3KeySensor initialized to detect files in MinIO
[2025-04-22T09:26:19.415+0000] {processor.py:925} INFO - DAG(s) 'minio_file_monitoring_compression_dag' retrieved from /opt/airflow/dags/minio_file_compression_and_email.py
[2025-04-22T09:26:19.439+0000] {logging_mixin.py:190} INFO - [2025-04-22T09:26:19.439+0000] {dag.py:3239} INFO - Sync 1 DAGs
[2025-04-22T09:26:19.455+0000] {logging_mixin.py:190} INFO - [2025-04-22T09:26:19.455+0000] {dag.py:4180} INFO - Setting next_dagrun for minio_file_monitoring_compression_dag to None, run_after=None
[2025-04-22T09:26:19.479+0000] {processor.py:208} INFO - Processing /opt/airflow/dags/minio_file_compression_and_email.py took 0.092 seconds
[2025-04-22T09:26:49.876+0000] {processor.py:186} INFO - Started process (PID=2531) to work on /opt/airflow/dags/minio_file_compression_and_email.py
[2025-04-22T09:26:49.877+0000] {processor.py:914} INFO - Processing file /opt/airflow/dags/minio_file_compression_and_email.py for tasks to queue
[2025-04-22T09:26:49.881+0000] {logging_mixin.py:190} INFO - [2025-04-22T09:26:49.880+0000] {dagbag.py:588} INFO - Filling up the DagBag from /opt/airflow/dags/minio_file_compression_and_email.py
[2025-04-22T09:26:49.892+0000] {logging_mixin.py:190} INFO - [2025-04-22T09:26:49.892+0000] {minio_file_compression_and_email.py:243} INFO - S3KeySensor initialized to detect files in MinIO
[2025-04-22T09:26:49.902+0000] {processor.py:925} INFO - DAG(s) 'minio_file_monitoring_compression_dag' retrieved from /opt/airflow/dags/minio_file_compression_and_email.py
[2025-04-22T09:26:49.944+0000] {logging_mixin.py:190} INFO - [2025-04-22T09:26:49.944+0000] {dag.py:3239} INFO - Sync 1 DAGs
[2025-04-22T09:26:49.967+0000] {logging_mixin.py:190} INFO - [2025-04-22T09:26:49.967+0000] {dag.py:4180} INFO - Setting next_dagrun for minio_file_monitoring_compression_dag to None, run_after=None
[2025-04-22T09:26:49.999+0000] {processor.py:208} INFO - Processing /opt/airflow/dags/minio_file_compression_and_email.py took 0.139 seconds
[2025-04-22T09:27:17.955+0000] {processor.py:186} INFO - Started process (PID=2601) to work on /opt/airflow/dags/minio_file_compression_and_email.py
[2025-04-22T09:27:17.958+0000] {processor.py:914} INFO - Processing file /opt/airflow/dags/minio_file_compression_and_email.py for tasks to queue
[2025-04-22T09:27:17.964+0000] {logging_mixin.py:190} INFO - [2025-04-22T09:27:17.963+0000] {dagbag.py:588} INFO - Filling up the DagBag from /opt/airflow/dags/minio_file_compression_and_email.py
[2025-04-22T09:27:17.987+0000] {logging_mixin.py:190} INFO - [2025-04-22T09:27:17.986+0000] {minio_file_compression_and_email.py:245} INFO - S3KeySensor initialized to detect files in MinIO
[2025-04-22T09:27:18.000+0000] {processor.py:925} INFO - DAG(s) 'minio_file_monitoring_compression_dag' retrieved from /opt/airflow/dags/minio_file_compression_and_email.py
[2025-04-22T09:27:18.038+0000] {logging_mixin.py:190} INFO - [2025-04-22T09:27:18.038+0000] {dag.py:3239} INFO - Sync 1 DAGs
[2025-04-22T09:27:18.065+0000] {logging_mixin.py:190} INFO - [2025-04-22T09:27:18.064+0000] {dag.py:4180} INFO - Setting next_dagrun for minio_file_monitoring_compression_dag to None, run_after=None
[2025-04-22T09:27:18.105+0000] {processor.py:208} INFO - Processing /opt/airflow/dags/minio_file_compression_and_email.py took 0.161 seconds
[2025-04-22T09:27:18.970+0000] {processor.py:186} INFO - Started process (PID=2602) to work on /opt/airflow/dags/minio_file_compression_and_email.py
[2025-04-22T09:27:18.972+0000] {processor.py:914} INFO - Processing file /opt/airflow/dags/minio_file_compression_and_email.py for tasks to queue
[2025-04-22T09:27:18.976+0000] {logging_mixin.py:190} INFO - [2025-04-22T09:27:18.976+0000] {dagbag.py:588} INFO - Filling up the DagBag from /opt/airflow/dags/minio_file_compression_and_email.py
[2025-04-22T09:27:18.990+0000] {logging_mixin.py:190} INFO - [2025-04-22T09:27:18.989+0000] {minio_file_compression_and_email.py:245} INFO - S3KeySensor initialized to detect files in MinIO
[2025-04-22T09:27:19.001+0000] {processor.py:925} INFO - DAG(s) 'minio_file_monitoring_compression_dag' retrieved from /opt/airflow/dags/minio_file_compression_and_email.py
[2025-04-22T09:27:19.036+0000] {logging_mixin.py:190} INFO - [2025-04-22T09:27:19.036+0000] {dag.py:3239} INFO - Sync 1 DAGs
[2025-04-22T09:27:19.056+0000] {logging_mixin.py:190} INFO - [2025-04-22T09:27:19.056+0000] {dag.py:4180} INFO - Setting next_dagrun for minio_file_monitoring_compression_dag to None, run_after=None
[2025-04-22T09:27:19.088+0000] {processor.py:208} INFO - Processing /opt/airflow/dags/minio_file_compression_and_email.py took 0.127 seconds
[2025-04-22T09:27:20.158+0000] {processor.py:186} INFO - Started process (PID=2603) to work on /opt/airflow/dags/minio_file_compression_and_email.py
[2025-04-22T09:27:20.159+0000] {processor.py:914} INFO - Processing file /opt/airflow/dags/minio_file_compression_and_email.py for tasks to queue
[2025-04-22T09:27:20.166+0000] {logging_mixin.py:190} INFO - [2025-04-22T09:27:20.164+0000] {dagbag.py:588} INFO - Filling up the DagBag from /opt/airflow/dags/minio_file_compression_and_email.py
[2025-04-22T09:27:20.187+0000] {logging_mixin.py:190} INFO - [2025-04-22T09:27:20.186+0000] {minio_file_compression_and_email.py:245} INFO - S3KeySensor initialized to detect files in MinIO
[2025-04-22T09:27:20.198+0000] {processor.py:925} INFO - DAG(s) 'minio_file_monitoring_compression_dag' retrieved from /opt/airflow/dags/minio_file_compression_and_email.py
[2025-04-22T09:27:20.234+0000] {logging_mixin.py:190} INFO - [2025-04-22T09:27:20.233+0000] {dag.py:3239} INFO - Sync 1 DAGs
[2025-04-22T09:27:20.269+0000] {logging_mixin.py:190} INFO - [2025-04-22T09:27:20.268+0000] {dag.py:4180} INFO - Setting next_dagrun for minio_file_monitoring_compression_dag to None, run_after=None
[2025-04-22T09:27:20.580+0000] {processor.py:208} INFO - Processing /opt/airflow/dags/minio_file_compression_and_email.py took 0.432 seconds
[2025-04-22T09:27:21.181+0000] {processor.py:186} INFO - Started process (PID=2604) to work on /opt/airflow/dags/minio_file_compression_and_email.py
[2025-04-22T09:27:21.182+0000] {processor.py:914} INFO - Processing file /opt/airflow/dags/minio_file_compression_and_email.py for tasks to queue
[2025-04-22T09:27:21.187+0000] {logging_mixin.py:190} INFO - [2025-04-22T09:27:21.186+0000] {dagbag.py:588} INFO - Filling up the DagBag from /opt/airflow/dags/minio_file_compression_and_email.py
[2025-04-22T09:27:21.201+0000] {logging_mixin.py:190} INFO - [2025-04-22T09:27:21.200+0000] {minio_file_compression_and_email.py:245} INFO - S3KeySensor initialized to detect files in MinIO
[2025-04-22T09:27:21.211+0000] {processor.py:925} INFO - DAG(s) 'minio_file_monitoring_compression_dag' retrieved from /opt/airflow/dags/minio_file_compression_and_email.py
[2025-04-22T09:27:21.249+0000] {logging_mixin.py:190} INFO - [2025-04-22T09:27:21.248+0000] {dag.py:3239} INFO - Sync 1 DAGs
[2025-04-22T09:27:21.588+0000] {logging_mixin.py:190} INFO - [2025-04-22T09:27:21.582+0000] {dag.py:4180} INFO - Setting next_dagrun for minio_file_monitoring_compression_dag to None, run_after=None
[2025-04-22T09:27:21.623+0000] {processor.py:208} INFO - Processing /opt/airflow/dags/minio_file_compression_and_email.py took 0.451 seconds
[2025-04-22T09:27:28.261+0000] {processor.py:186} INFO - Started process (PID=2608) to work on /opt/airflow/dags/minio_file_compression_and_email.py
[2025-04-22T09:27:28.262+0000] {processor.py:914} INFO - Processing file /opt/airflow/dags/minio_file_compression_and_email.py for tasks to queue
[2025-04-22T09:27:28.266+0000] {logging_mixin.py:190} INFO - [2025-04-22T09:27:28.265+0000] {dagbag.py:588} INFO - Filling up the DagBag from /opt/airflow/dags/minio_file_compression_and_email.py
[2025-04-22T09:27:28.278+0000] {logging_mixin.py:190} INFO - [2025-04-22T09:27:28.278+0000] {minio_file_compression_and_email.py:245} INFO - S3KeySensor initialized to detect files in MinIO
[2025-04-22T09:27:28.288+0000] {processor.py:925} INFO - DAG(s) 'minio_file_monitoring_compression_dag' retrieved from /opt/airflow/dags/minio_file_compression_and_email.py
[2025-04-22T09:27:28.321+0000] {logging_mixin.py:190} INFO - [2025-04-22T09:27:28.321+0000] {dag.py:3239} INFO - Sync 1 DAGs
[2025-04-22T09:27:28.587+0000] {logging_mixin.py:190} INFO - [2025-04-22T09:27:28.587+0000] {dag.py:4180} INFO - Setting next_dagrun for minio_file_monitoring_compression_dag to None, run_after=None
[2025-04-22T09:27:28.615+0000] {processor.py:208} INFO - Processing /opt/airflow/dags/minio_file_compression_and_email.py took 0.365 seconds
[2025-04-22T09:27:29.726+0000] {processor.py:186} INFO - Started process (PID=2612) to work on /opt/airflow/dags/minio_file_compression_and_email.py
[2025-04-22T09:27:29.727+0000] {processor.py:914} INFO - Processing file /opt/airflow/dags/minio_file_compression_and_email.py for tasks to queue
[2025-04-22T09:27:29.731+0000] {logging_mixin.py:190} INFO - [2025-04-22T09:27:29.730+0000] {dagbag.py:588} INFO - Filling up the DagBag from /opt/airflow/dags/minio_file_compression_and_email.py
[2025-04-22T09:27:29.746+0000] {logging_mixin.py:190} INFO - [2025-04-22T09:27:29.745+0000] {minio_file_compression_and_email.py:245} INFO - S3KeySensor initialized to detect files in MinIO
[2025-04-22T09:27:29.758+0000] {processor.py:925} INFO - DAG(s) 'minio_file_monitoring_compression_dag' retrieved from /opt/airflow/dags/minio_file_compression_and_email.py
[2025-04-22T09:27:29.792+0000] {logging_mixin.py:190} INFO - [2025-04-22T09:27:29.792+0000] {dag.py:3239} INFO - Sync 1 DAGs
[2025-04-22T09:27:29.815+0000] {logging_mixin.py:190} INFO - [2025-04-22T09:27:29.814+0000] {dag.py:4180} INFO - Setting next_dagrun for minio_file_monitoring_compression_dag to None, run_after=None
[2025-04-22T09:27:29.856+0000] {processor.py:208} INFO - Processing /opt/airflow/dags/minio_file_compression_and_email.py took 0.145 seconds
[2025-04-22T09:34:05.840+0000] {processor.py:186} INFO - Started process (PID=81) to work on /opt/airflow/dags/minio_file_compression_and_email.py
[2025-04-22T09:34:05.842+0000] {processor.py:914} INFO - Processing file /opt/airflow/dags/minio_file_compression_and_email.py for tasks to queue
[2025-04-22T09:34:05.845+0000] {logging_mixin.py:190} INFO - [2025-04-22T09:34:05.844+0000] {dagbag.py:588} INFO - Filling up the DagBag from /opt/airflow/dags/minio_file_compression_and_email.py
[2025-04-22T09:34:05.856+0000] {logging_mixin.py:190} INFO - [2025-04-22T09:34:05.855+0000] {minio_file_compression_and_email.py:245} INFO - S3KeySensor initialized to detect files in MinIO
[2025-04-22T09:34:05.867+0000] {processor.py:925} INFO - DAG(s) 'minio_file_monitoring_compression_dag' retrieved from /opt/airflow/dags/minio_file_compression_and_email.py
[2025-04-22T09:34:05.902+0000] {logging_mixin.py:190} INFO - [2025-04-22T09:34:05.901+0000] {dag.py:3239} INFO - Sync 1 DAGs
[2025-04-22T09:34:05.922+0000] {logging_mixin.py:190} INFO - [2025-04-22T09:34:05.922+0000] {dag.py:4180} INFO - Setting next_dagrun for minio_file_monitoring_compression_dag to None, run_after=None
[2025-04-22T09:34:05.944+0000] {processor.py:208} INFO - Processing /opt/airflow/dags/minio_file_compression_and_email.py took 0.114 seconds
[2025-04-22T09:34:36.748+0000] {processor.py:186} INFO - Started process (PID=151) to work on /opt/airflow/dags/minio_file_compression_and_email.py
[2025-04-22T09:34:36.751+0000] {processor.py:914} INFO - Processing file /opt/airflow/dags/minio_file_compression_and_email.py for tasks to queue
[2025-04-22T09:34:36.757+0000] {logging_mixin.py:190} INFO - [2025-04-22T09:34:36.756+0000] {dagbag.py:588} INFO - Filling up the DagBag from /opt/airflow/dags/minio_file_compression_and_email.py
[2025-04-22T09:34:36.770+0000] {logging_mixin.py:190} INFO - [2025-04-22T09:34:36.770+0000] {minio_file_compression_and_email.py:245} INFO - S3KeySensor initialized to detect files in MinIO
[2025-04-22T09:34:36.791+0000] {processor.py:925} INFO - DAG(s) 'minio_file_monitoring_compression_dag' retrieved from /opt/airflow/dags/minio_file_compression_and_email.py
[2025-04-22T09:34:36.828+0000] {logging_mixin.py:190} INFO - [2025-04-22T09:34:36.827+0000] {dag.py:3239} INFO - Sync 1 DAGs
[2025-04-22T09:34:36.861+0000] {logging_mixin.py:190} INFO - [2025-04-22T09:34:36.860+0000] {dag.py:4180} INFO - Setting next_dagrun for minio_file_monitoring_compression_dag to None, run_after=None
[2025-04-22T09:34:36.902+0000] {processor.py:208} INFO - Processing /opt/airflow/dags/minio_file_compression_and_email.py took 0.167 seconds
[2025-04-22T09:35:07.796+0000] {processor.py:186} INFO - Started process (PID=221) to work on /opt/airflow/dags/minio_file_compression_and_email.py
[2025-04-22T09:35:07.798+0000] {processor.py:914} INFO - Processing file /opt/airflow/dags/minio_file_compression_and_email.py for tasks to queue
[2025-04-22T09:35:07.802+0000] {logging_mixin.py:190} INFO - [2025-04-22T09:35:07.802+0000] {dagbag.py:588} INFO - Filling up the DagBag from /opt/airflow/dags/minio_file_compression_and_email.py
[2025-04-22T09:35:07.811+0000] {logging_mixin.py:190} INFO - [2025-04-22T09:35:07.811+0000] {minio_file_compression_and_email.py:245} INFO - S3KeySensor initialized to detect files in MinIO
[2025-04-22T09:35:07.828+0000] {processor.py:925} INFO - DAG(s) 'minio_file_monitoring_compression_dag' retrieved from /opt/airflow/dags/minio_file_compression_and_email.py
[2025-04-22T09:35:07.875+0000] {logging_mixin.py:190} INFO - [2025-04-22T09:35:07.874+0000] {dag.py:3239} INFO - Sync 1 DAGs
[2025-04-22T09:35:07.909+0000] {logging_mixin.py:190} INFO - [2025-04-22T09:35:07.909+0000] {dag.py:4180} INFO - Setting next_dagrun for minio_file_monitoring_compression_dag to None, run_after=None
[2025-04-22T09:35:07.953+0000] {processor.py:208} INFO - Processing /opt/airflow/dags/minio_file_compression_and_email.py took 0.165 seconds
[2025-04-22T09:35:38.520+0000] {processor.py:186} INFO - Started process (PID=291) to work on /opt/airflow/dags/minio_file_compression_and_email.py
[2025-04-22T09:35:38.522+0000] {processor.py:914} INFO - Processing file /opt/airflow/dags/minio_file_compression_and_email.py for tasks to queue
[2025-04-22T09:35:38.528+0000] {logging_mixin.py:190} INFO - [2025-04-22T09:35:38.528+0000] {dagbag.py:588} INFO - Filling up the DagBag from /opt/airflow/dags/minio_file_compression_and_email.py
[2025-04-22T09:35:38.542+0000] {logging_mixin.py:190} INFO - [2025-04-22T09:35:38.542+0000] {minio_file_compression_and_email.py:245} INFO - S3KeySensor initialized to detect files in MinIO
[2025-04-22T09:35:38.560+0000] {processor.py:925} INFO - DAG(s) 'minio_file_monitoring_compression_dag' retrieved from /opt/airflow/dags/minio_file_compression_and_email.py
[2025-04-22T09:35:38.607+0000] {logging_mixin.py:190} INFO - [2025-04-22T09:35:38.607+0000] {dag.py:3239} INFO - Sync 1 DAGs
[2025-04-22T09:35:38.637+0000] {logging_mixin.py:190} INFO - [2025-04-22T09:35:38.636+0000] {dag.py:4180} INFO - Setting next_dagrun for minio_file_monitoring_compression_dag to None, run_after=None
[2025-04-22T09:35:38.673+0000] {processor.py:208} INFO - Processing /opt/airflow/dags/minio_file_compression_and_email.py took 0.163 seconds
[2025-04-22T09:36:09.682+0000] {processor.py:186} INFO - Started process (PID=361) to work on /opt/airflow/dags/minio_file_compression_and_email.py
[2025-04-22T09:36:09.683+0000] {processor.py:914} INFO - Processing file /opt/airflow/dags/minio_file_compression_and_email.py for tasks to queue
[2025-04-22T09:36:09.687+0000] {logging_mixin.py:190} INFO - [2025-04-22T09:36:09.686+0000] {dagbag.py:588} INFO - Filling up the DagBag from /opt/airflow/dags/minio_file_compression_and_email.py
[2025-04-22T09:36:09.696+0000] {logging_mixin.py:190} INFO - [2025-04-22T09:36:09.696+0000] {minio_file_compression_and_email.py:245} INFO - S3KeySensor initialized to detect files in MinIO
[2025-04-22T09:36:09.708+0000] {processor.py:925} INFO - DAG(s) 'minio_file_monitoring_compression_dag' retrieved from /opt/airflow/dags/minio_file_compression_and_email.py
[2025-04-22T09:36:09.741+0000] {logging_mixin.py:190} INFO - [2025-04-22T09:36:09.741+0000] {dag.py:3239} INFO - Sync 1 DAGs
[2025-04-22T09:36:09.761+0000] {logging_mixin.py:190} INFO - [2025-04-22T09:36:09.760+0000] {dag.py:4180} INFO - Setting next_dagrun for minio_file_monitoring_compression_dag to None, run_after=None
[2025-04-22T09:36:09.787+0000] {processor.py:208} INFO - Processing /opt/airflow/dags/minio_file_compression_and_email.py took 0.112 seconds
[2025-04-22T09:36:40.741+0000] {processor.py:186} INFO - Started process (PID=431) to work on /opt/airflow/dags/minio_file_compression_and_email.py
[2025-04-22T09:36:40.743+0000] {processor.py:914} INFO - Processing file /opt/airflow/dags/minio_file_compression_and_email.py for tasks to queue
[2025-04-22T09:36:40.752+0000] {logging_mixin.py:190} INFO - [2025-04-22T09:36:40.751+0000] {dagbag.py:588} INFO - Filling up the DagBag from /opt/airflow/dags/minio_file_compression_and_email.py
[2025-04-22T09:36:40.784+0000] {logging_mixin.py:190} INFO - [2025-04-22T09:36:40.783+0000] {minio_file_compression_and_email.py:245} INFO - S3KeySensor initialized to detect files in MinIO
[2025-04-22T09:36:40.828+0000] {processor.py:925} INFO - DAG(s) 'minio_file_monitoring_compression_dag' retrieved from /opt/airflow/dags/minio_file_compression_and_email.py
[2025-04-22T09:36:40.881+0000] {logging_mixin.py:190} INFO - [2025-04-22T09:36:40.880+0000] {dag.py:3239} INFO - Sync 1 DAGs
[2025-04-22T09:36:40.937+0000] {logging_mixin.py:190} INFO - [2025-04-22T09:36:40.937+0000] {dag.py:4180} INFO - Setting next_dagrun for minio_file_monitoring_compression_dag to None, run_after=None
[2025-04-22T09:36:41.012+0000] {processor.py:208} INFO - Processing /opt/airflow/dags/minio_file_compression_and_email.py took 0.284 seconds
[2025-04-22T09:37:11.770+0000] {processor.py:186} INFO - Started process (PID=507) to work on /opt/airflow/dags/minio_file_compression_and_email.py
[2025-04-22T09:37:11.772+0000] {processor.py:914} INFO - Processing file /opt/airflow/dags/minio_file_compression_and_email.py for tasks to queue
[2025-04-22T09:37:11.776+0000] {logging_mixin.py:190} INFO - [2025-04-22T09:37:11.775+0000] {dagbag.py:588} INFO - Filling up the DagBag from /opt/airflow/dags/minio_file_compression_and_email.py
[2025-04-22T09:37:11.789+0000] {logging_mixin.py:190} INFO - [2025-04-22T09:37:11.788+0000] {minio_file_compression_and_email.py:245} INFO - S3KeySensor initialized to detect files in MinIO
[2025-04-22T09:37:11.800+0000] {processor.py:925} INFO - DAG(s) 'minio_file_monitoring_compression_dag' retrieved from /opt/airflow/dags/minio_file_compression_and_email.py
[2025-04-22T09:37:11.843+0000] {logging_mixin.py:190} INFO - [2025-04-22T09:37:11.843+0000] {dag.py:3239} INFO - Sync 1 DAGs
[2025-04-22T09:37:11.871+0000] {logging_mixin.py:190} INFO - [2025-04-22T09:37:11.871+0000] {dag.py:4180} INFO - Setting next_dagrun for minio_file_monitoring_compression_dag to None, run_after=None
[2025-04-22T09:37:11.912+0000] {processor.py:208} INFO - Processing /opt/airflow/dags/minio_file_compression_and_email.py took 0.154 seconds
[2025-04-22T09:37:42.503+0000] {processor.py:186} INFO - Started process (PID=577) to work on /opt/airflow/dags/minio_file_compression_and_email.py
[2025-04-22T09:37:42.505+0000] {processor.py:914} INFO - Processing file /opt/airflow/dags/minio_file_compression_and_email.py for tasks to queue
[2025-04-22T09:37:42.510+0000] {logging_mixin.py:190} INFO - [2025-04-22T09:37:42.510+0000] {dagbag.py:588} INFO - Filling up the DagBag from /opt/airflow/dags/minio_file_compression_and_email.py
[2025-04-22T09:37:42.526+0000] {logging_mixin.py:190} INFO - [2025-04-22T09:37:42.526+0000] {minio_file_compression_and_email.py:245} INFO - S3KeySensor initialized to detect files in MinIO
[2025-04-22T09:37:42.540+0000] {processor.py:925} INFO - DAG(s) 'minio_file_monitoring_compression_dag' retrieved from /opt/airflow/dags/minio_file_compression_and_email.py
[2025-04-22T09:37:42.586+0000] {logging_mixin.py:190} INFO - [2025-04-22T09:37:42.585+0000] {dag.py:3239} INFO - Sync 1 DAGs
[2025-04-22T09:37:42.618+0000] {logging_mixin.py:190} INFO - [2025-04-22T09:37:42.617+0000] {dag.py:4180} INFO - Setting next_dagrun for minio_file_monitoring_compression_dag to None, run_after=None
[2025-04-22T09:37:42.657+0000] {processor.py:208} INFO - Processing /opt/airflow/dags/minio_file_compression_and_email.py took 0.168 seconds
[2025-04-22T09:38:12.871+0000] {processor.py:186} INFO - Started process (PID=647) to work on /opt/airflow/dags/minio_file_compression_and_email.py
[2025-04-22T09:38:12.872+0000] {processor.py:914} INFO - Processing file /opt/airflow/dags/minio_file_compression_and_email.py for tasks to queue
[2025-04-22T09:38:12.876+0000] {logging_mixin.py:190} INFO - [2025-04-22T09:38:12.876+0000] {dagbag.py:588} INFO - Filling up the DagBag from /opt/airflow/dags/minio_file_compression_and_email.py
[2025-04-22T09:38:12.886+0000] {logging_mixin.py:190} INFO - [2025-04-22T09:38:12.886+0000] {minio_file_compression_and_email.py:245} INFO - S3KeySensor initialized to detect files in MinIO
[2025-04-22T09:38:12.898+0000] {processor.py:925} INFO - DAG(s) 'minio_file_monitoring_compression_dag' retrieved from /opt/airflow/dags/minio_file_compression_and_email.py
[2025-04-22T09:38:12.932+0000] {logging_mixin.py:190} INFO - [2025-04-22T09:38:12.932+0000] {dag.py:3239} INFO - Sync 1 DAGs
[2025-04-22T09:38:12.957+0000] {logging_mixin.py:190} INFO - [2025-04-22T09:38:12.956+0000] {dag.py:4180} INFO - Setting next_dagrun for minio_file_monitoring_compression_dag to None, run_after=None
[2025-04-22T09:38:12.992+0000] {processor.py:208} INFO - Processing /opt/airflow/dags/minio_file_compression_and_email.py took 0.129 seconds
[2025-04-22T09:38:43.784+0000] {processor.py:186} INFO - Started process (PID=717) to work on /opt/airflow/dags/minio_file_compression_and_email.py
[2025-04-22T09:38:43.786+0000] {processor.py:914} INFO - Processing file /opt/airflow/dags/minio_file_compression_and_email.py for tasks to queue
[2025-04-22T09:38:43.792+0000] {logging_mixin.py:190} INFO - [2025-04-22T09:38:43.791+0000] {dagbag.py:588} INFO - Filling up the DagBag from /opt/airflow/dags/minio_file_compression_and_email.py
[2025-04-22T09:38:43.807+0000] {logging_mixin.py:190} INFO - [2025-04-22T09:38:43.807+0000] {minio_file_compression_and_email.py:245} INFO - S3KeySensor initialized to detect files in MinIO
[2025-04-22T09:38:43.826+0000] {processor.py:925} INFO - DAG(s) 'minio_file_monitoring_compression_dag' retrieved from /opt/airflow/dags/minio_file_compression_and_email.py
[2025-04-22T09:38:43.864+0000] {logging_mixin.py:190} INFO - [2025-04-22T09:38:43.864+0000] {dag.py:3239} INFO - Sync 1 DAGs
[2025-04-22T09:38:43.890+0000] {logging_mixin.py:190} INFO - [2025-04-22T09:38:43.889+0000] {dag.py:4180} INFO - Setting next_dagrun for minio_file_monitoring_compression_dag to None, run_after=None
[2025-04-22T09:38:43.924+0000] {processor.py:208} INFO - Processing /opt/airflow/dags/minio_file_compression_and_email.py took 0.148 seconds
[2025-04-22T09:39:14.346+0000] {processor.py:186} INFO - Started process (PID=787) to work on /opt/airflow/dags/minio_file_compression_and_email.py
[2025-04-22T09:39:14.347+0000] {processor.py:914} INFO - Processing file /opt/airflow/dags/minio_file_compression_and_email.py for tasks to queue
[2025-04-22T09:39:14.351+0000] {logging_mixin.py:190} INFO - [2025-04-22T09:39:14.351+0000] {dagbag.py:588} INFO - Filling up the DagBag from /opt/airflow/dags/minio_file_compression_and_email.py
[2025-04-22T09:39:14.364+0000] {logging_mixin.py:190} INFO - [2025-04-22T09:39:14.364+0000] {minio_file_compression_and_email.py:245} INFO - S3KeySensor initialized to detect files in MinIO
[2025-04-22T09:39:14.376+0000] {processor.py:925} INFO - DAG(s) 'minio_file_monitoring_compression_dag' retrieved from /opt/airflow/dags/minio_file_compression_and_email.py
[2025-04-22T09:39:14.413+0000] {logging_mixin.py:190} INFO - [2025-04-22T09:39:14.413+0000] {dag.py:3239} INFO - Sync 1 DAGs
[2025-04-22T09:39:14.438+0000] {logging_mixin.py:190} INFO - [2025-04-22T09:39:14.437+0000] {dag.py:4180} INFO - Setting next_dagrun for minio_file_monitoring_compression_dag to None, run_after=None
[2025-04-22T09:39:14.479+0000] {processor.py:208} INFO - Processing /opt/airflow/dags/minio_file_compression_and_email.py took 0.141 seconds
[2025-04-22T09:39:44.725+0000] {processor.py:186} INFO - Started process (PID=857) to work on /opt/airflow/dags/minio_file_compression_and_email.py
[2025-04-22T09:39:44.727+0000] {processor.py:914} INFO - Processing file /opt/airflow/dags/minio_file_compression_and_email.py for tasks to queue
[2025-04-22T09:39:44.731+0000] {logging_mixin.py:190} INFO - [2025-04-22T09:39:44.730+0000] {dagbag.py:588} INFO - Filling up the DagBag from /opt/airflow/dags/minio_file_compression_and_email.py
[2025-04-22T09:39:44.743+0000] {logging_mixin.py:190} INFO - [2025-04-22T09:39:44.743+0000] {minio_file_compression_and_email.py:245} INFO - S3KeySensor initialized to detect files in MinIO
[2025-04-22T09:39:44.756+0000] {processor.py:925} INFO - DAG(s) 'minio_file_monitoring_compression_dag' retrieved from /opt/airflow/dags/minio_file_compression_and_email.py
[2025-04-22T09:39:44.793+0000] {logging_mixin.py:190} INFO - [2025-04-22T09:39:44.792+0000] {dag.py:3239} INFO - Sync 1 DAGs
[2025-04-22T09:39:44.815+0000] {logging_mixin.py:190} INFO - [2025-04-22T09:39:44.815+0000] {dag.py:4180} INFO - Setting next_dagrun for minio_file_monitoring_compression_dag to None, run_after=None
[2025-04-22T09:39:44.848+0000] {processor.py:208} INFO - Processing /opt/airflow/dags/minio_file_compression_and_email.py took 0.134 seconds
[2025-04-22T09:40:14.984+0000] {processor.py:186} INFO - Started process (PID=931) to work on /opt/airflow/dags/minio_file_compression_and_email.py
[2025-04-22T09:40:14.985+0000] {processor.py:914} INFO - Processing file /opt/airflow/dags/minio_file_compression_and_email.py for tasks to queue
[2025-04-22T09:40:14.987+0000] {logging_mixin.py:190} INFO - [2025-04-22T09:40:14.987+0000] {dagbag.py:588} INFO - Filling up the DagBag from /opt/airflow/dags/minio_file_compression_and_email.py
[2025-04-22T09:40:14.993+0000] {logging_mixin.py:190} INFO - [2025-04-22T09:40:14.992+0000] {minio_file_compression_and_email.py:245} INFO - S3KeySensor initialized to detect files in MinIO
[2025-04-22T09:40:15.005+0000] {processor.py:925} INFO - DAG(s) 'minio_file_monitoring_compression_dag' retrieved from /opt/airflow/dags/minio_file_compression_and_email.py
[2025-04-22T09:40:15.026+0000] {logging_mixin.py:190} INFO - [2025-04-22T09:40:15.026+0000] {dag.py:3239} INFO - Sync 1 DAGs
[2025-04-22T09:40:15.039+0000] {logging_mixin.py:190} INFO - [2025-04-22T09:40:15.039+0000] {dag.py:4180} INFO - Setting next_dagrun for minio_file_monitoring_compression_dag to None, run_after=None
[2025-04-22T09:40:15.062+0000] {processor.py:208} INFO - Processing /opt/airflow/dags/minio_file_compression_and_email.py took 0.083 seconds
[2025-04-22T09:40:45.743+0000] {processor.py:186} INFO - Started process (PID=1001) to work on /opt/airflow/dags/minio_file_compression_and_email.py
[2025-04-22T09:40:45.745+0000] {processor.py:914} INFO - Processing file /opt/airflow/dags/minio_file_compression_and_email.py for tasks to queue
[2025-04-22T09:40:45.749+0000] {logging_mixin.py:190} INFO - [2025-04-22T09:40:45.748+0000] {dagbag.py:588} INFO - Filling up the DagBag from /opt/airflow/dags/minio_file_compression_and_email.py
[2025-04-22T09:40:45.756+0000] {logging_mixin.py:190} INFO - [2025-04-22T09:40:45.756+0000] {minio_file_compression_and_email.py:245} INFO - S3KeySensor initialized to detect files in MinIO
[2025-04-22T09:40:45.767+0000] {processor.py:925} INFO - DAG(s) 'minio_file_monitoring_compression_dag' retrieved from /opt/airflow/dags/minio_file_compression_and_email.py
[2025-04-22T09:40:45.802+0000] {logging_mixin.py:190} INFO - [2025-04-22T09:40:45.802+0000] {dag.py:3239} INFO - Sync 1 DAGs
[2025-04-22T09:40:45.825+0000] {logging_mixin.py:190} INFO - [2025-04-22T09:40:45.824+0000] {dag.py:4180} INFO - Setting next_dagrun for minio_file_monitoring_compression_dag to None, run_after=None
[2025-04-22T09:40:45.863+0000] {processor.py:208} INFO - Processing /opt/airflow/dags/minio_file_compression_and_email.py took 0.133 seconds
[2025-04-22T09:41:16.122+0000] {processor.py:186} INFO - Started process (PID=1071) to work on /opt/airflow/dags/minio_file_compression_and_email.py
[2025-04-22T09:41:16.124+0000] {processor.py:914} INFO - Processing file /opt/airflow/dags/minio_file_compression_and_email.py for tasks to queue
[2025-04-22T09:41:16.129+0000] {logging_mixin.py:190} INFO - [2025-04-22T09:41:16.129+0000] {dagbag.py:588} INFO - Filling up the DagBag from /opt/airflow/dags/minio_file_compression_and_email.py
[2025-04-22T09:41:16.144+0000] {logging_mixin.py:190} INFO - [2025-04-22T09:41:16.144+0000] {minio_file_compression_and_email.py:245} INFO - S3KeySensor initialized to detect files in MinIO
[2025-04-22T09:41:16.156+0000] {processor.py:925} INFO - DAG(s) 'minio_file_monitoring_compression_dag' retrieved from /opt/airflow/dags/minio_file_compression_and_email.py
[2025-04-22T09:41:16.196+0000] {logging_mixin.py:190} INFO - [2025-04-22T09:41:16.195+0000] {dag.py:3239} INFO - Sync 1 DAGs
[2025-04-22T09:41:16.222+0000] {logging_mixin.py:190} INFO - [2025-04-22T09:41:16.221+0000] {dag.py:4180} INFO - Setting next_dagrun for minio_file_monitoring_compression_dag to None, run_after=None
[2025-04-22T09:41:16.265+0000] {processor.py:208} INFO - Processing /opt/airflow/dags/minio_file_compression_and_email.py took 0.156 seconds
[2025-04-22T09:41:46.992+0000] {processor.py:186} INFO - Started process (PID=1141) to work on /opt/airflow/dags/minio_file_compression_and_email.py
[2025-04-22T09:41:46.994+0000] {processor.py:914} INFO - Processing file /opt/airflow/dags/minio_file_compression_and_email.py for tasks to queue
[2025-04-22T09:41:46.999+0000] {logging_mixin.py:190} INFO - [2025-04-22T09:41:46.999+0000] {dagbag.py:588} INFO - Filling up the DagBag from /opt/airflow/dags/minio_file_compression_and_email.py
[2025-04-22T09:41:47.011+0000] {logging_mixin.py:190} INFO - [2025-04-22T09:41:47.011+0000] {minio_file_compression_and_email.py:245} INFO - S3KeySensor initialized to detect files in MinIO
[2025-04-22T09:41:47.023+0000] {processor.py:925} INFO - DAG(s) 'minio_file_monitoring_compression_dag' retrieved from /opt/airflow/dags/minio_file_compression_and_email.py
[2025-04-22T09:41:47.067+0000] {logging_mixin.py:190} INFO - [2025-04-22T09:41:47.067+0000] {dag.py:3239} INFO - Sync 1 DAGs
[2025-04-22T09:41:47.097+0000] {logging_mixin.py:190} INFO - [2025-04-22T09:41:47.097+0000] {dag.py:4180} INFO - Setting next_dagrun for minio_file_monitoring_compression_dag to None, run_after=None
[2025-04-22T09:41:47.131+0000] {processor.py:208} INFO - Processing /opt/airflow/dags/minio_file_compression_and_email.py took 0.150 seconds
[2025-04-22T09:42:17.272+0000] {processor.py:186} INFO - Started process (PID=1211) to work on /opt/airflow/dags/minio_file_compression_and_email.py
[2025-04-22T09:42:17.274+0000] {processor.py:914} INFO - Processing file /opt/airflow/dags/minio_file_compression_and_email.py for tasks to queue
[2025-04-22T09:42:17.279+0000] {logging_mixin.py:190} INFO - [2025-04-22T09:42:17.279+0000] {dagbag.py:588} INFO - Filling up the DagBag from /opt/airflow/dags/minio_file_compression_and_email.py
[2025-04-22T09:42:17.289+0000] {logging_mixin.py:190} INFO - [2025-04-22T09:42:17.288+0000] {minio_file_compression_and_email.py:245} INFO - S3KeySensor initialized to detect files in MinIO
[2025-04-22T09:42:17.305+0000] {processor.py:925} INFO - DAG(s) 'minio_file_monitoring_compression_dag' retrieved from /opt/airflow/dags/minio_file_compression_and_email.py
[2025-04-22T09:42:17.353+0000] {logging_mixin.py:190} INFO - [2025-04-22T09:42:17.353+0000] {dag.py:3239} INFO - Sync 1 DAGs
[2025-04-22T09:42:17.387+0000] {logging_mixin.py:190} INFO - [2025-04-22T09:42:17.387+0000] {dag.py:4180} INFO - Setting next_dagrun for minio_file_monitoring_compression_dag to None, run_after=None
[2025-04-22T09:42:17.429+0000] {processor.py:208} INFO - Processing /opt/airflow/dags/minio_file_compression_and_email.py took 0.168 seconds
[2025-04-22T09:42:48.271+0000] {processor.py:186} INFO - Started process (PID=1281) to work on /opt/airflow/dags/minio_file_compression_and_email.py
[2025-04-22T09:42:48.272+0000] {processor.py:914} INFO - Processing file /opt/airflow/dags/minio_file_compression_and_email.py for tasks to queue
[2025-04-22T09:42:48.277+0000] {logging_mixin.py:190} INFO - [2025-04-22T09:42:48.276+0000] {dagbag.py:588} INFO - Filling up the DagBag from /opt/airflow/dags/minio_file_compression_and_email.py
[2025-04-22T09:42:48.291+0000] {logging_mixin.py:190} INFO - [2025-04-22T09:42:48.290+0000] {minio_file_compression_and_email.py:245} INFO - S3KeySensor initialized to detect files in MinIO
[2025-04-22T09:42:48.307+0000] {processor.py:925} INFO - DAG(s) 'minio_file_monitoring_compression_dag' retrieved from /opt/airflow/dags/minio_file_compression_and_email.py
[2025-04-22T09:42:48.349+0000] {logging_mixin.py:190} INFO - [2025-04-22T09:42:48.349+0000] {dag.py:3239} INFO - Sync 1 DAGs
[2025-04-22T09:42:48.375+0000] {logging_mixin.py:190} INFO - [2025-04-22T09:42:48.375+0000] {dag.py:4180} INFO - Setting next_dagrun for minio_file_monitoring_compression_dag to None, run_after=None
[2025-04-22T09:42:48.409+0000] {processor.py:208} INFO - Processing /opt/airflow/dags/minio_file_compression_and_email.py took 0.146 seconds
[2025-04-22T09:43:18.761+0000] {processor.py:186} INFO - Started process (PID=1351) to work on /opt/airflow/dags/minio_file_compression_and_email.py
[2025-04-22T09:43:18.763+0000] {processor.py:914} INFO - Processing file /opt/airflow/dags/minio_file_compression_and_email.py for tasks to queue
[2025-04-22T09:43:18.766+0000] {logging_mixin.py:190} INFO - [2025-04-22T09:43:18.766+0000] {dagbag.py:588} INFO - Filling up the DagBag from /opt/airflow/dags/minio_file_compression_and_email.py
[2025-04-22T09:43:18.779+0000] {logging_mixin.py:190} INFO - [2025-04-22T09:43:18.778+0000] {minio_file_compression_and_email.py:245} INFO - S3KeySensor initialized to detect files in MinIO
[2025-04-22T09:43:18.793+0000] {processor.py:925} INFO - DAG(s) 'minio_file_monitoring_compression_dag' retrieved from /opt/airflow/dags/minio_file_compression_and_email.py
[2025-04-22T09:43:18.831+0000] {logging_mixin.py:190} INFO - [2025-04-22T09:43:18.831+0000] {dag.py:3239} INFO - Sync 1 DAGs
[2025-04-22T09:43:18.858+0000] {logging_mixin.py:190} INFO - [2025-04-22T09:43:18.857+0000] {dag.py:4180} INFO - Setting next_dagrun for minio_file_monitoring_compression_dag to None, run_after=None
[2025-04-22T09:43:18.893+0000] {processor.py:208} INFO - Processing /opt/airflow/dags/minio_file_compression_and_email.py took 0.139 seconds
[2025-04-22T09:43:20.216+0000] {processor.py:186} INFO - Started process (PID=1356) to work on /opt/airflow/dags/minio_file_compression_and_email.py
[2025-04-22T09:43:20.218+0000] {processor.py:914} INFO - Processing file /opt/airflow/dags/minio_file_compression_and_email.py for tasks to queue
[2025-04-22T09:43:20.224+0000] {logging_mixin.py:190} INFO - [2025-04-22T09:43:20.223+0000] {dagbag.py:588} INFO - Filling up the DagBag from /opt/airflow/dags/minio_file_compression_and_email.py
[2025-04-22T09:43:20.262+0000] {processor.py:925} INFO - DAG(s) 'minio_file_monitoring_compression_dag' retrieved from /opt/airflow/dags/minio_file_compression_and_email.py
[2025-04-22T09:43:20.519+0000] {logging_mixin.py:190} INFO - [2025-04-22T09:43:20.518+0000] {dag.py:3239} INFO - Sync 1 DAGs
[2025-04-22T09:43:20.543+0000] {logging_mixin.py:190} INFO - [2025-04-22T09:43:20.543+0000] {dag.py:4180} INFO - Setting next_dagrun for minio_file_monitoring_compression_dag to None, run_after=None
[2025-04-22T09:43:20.578+0000] {processor.py:208} INFO - Processing /opt/airflow/dags/minio_file_compression_and_email.py took 0.373 seconds
[2025-04-22T09:43:22.521+0000] {processor.py:186} INFO - Started process (PID=1384) to work on /opt/airflow/dags/minio_file_compression_and_email.py
[2025-04-22T09:43:22.523+0000] {processor.py:914} INFO - Processing file /opt/airflow/dags/minio_file_compression_and_email.py for tasks to queue
[2025-04-22T09:43:22.528+0000] {logging_mixin.py:190} INFO - [2025-04-22T09:43:22.527+0000] {dagbag.py:588} INFO - Filling up the DagBag from /opt/airflow/dags/minio_file_compression_and_email.py
[2025-04-22T09:43:22.555+0000] {processor.py:925} INFO - DAG(s) 'minio_file_monitoring_compression_dag' retrieved from /opt/airflow/dags/minio_file_compression_and_email.py
[2025-04-22T09:43:22.576+0000] {logging_mixin.py:190} INFO - [2025-04-22T09:43:22.576+0000] {dag.py:3239} INFO - Sync 1 DAGs
[2025-04-22T09:43:22.600+0000] {logging_mixin.py:190} INFO - [2025-04-22T09:43:22.600+0000] {dag.py:4180} INFO - Setting next_dagrun for minio_file_monitoring_compression_dag to None, run_after=None
[2025-04-22T09:43:22.646+0000] {processor.py:208} INFO - Processing /opt/airflow/dags/minio_file_compression_and_email.py took 0.136 seconds
[2025-04-22T09:43:52.819+0000] {processor.py:186} INFO - Started process (PID=1453) to work on /opt/airflow/dags/minio_file_compression_and_email.py
[2025-04-22T09:43:52.820+0000] {processor.py:914} INFO - Processing file /opt/airflow/dags/minio_file_compression_and_email.py for tasks to queue
[2025-04-22T09:43:52.823+0000] {logging_mixin.py:190} INFO - [2025-04-22T09:43:52.823+0000] {dagbag.py:588} INFO - Filling up the DagBag from /opt/airflow/dags/minio_file_compression_and_email.py
[2025-04-22T09:43:52.842+0000] {processor.py:925} INFO - DAG(s) 'minio_file_monitoring_compression_dag' retrieved from /opt/airflow/dags/minio_file_compression_and_email.py
[2025-04-22T09:43:52.873+0000] {logging_mixin.py:190} INFO - [2025-04-22T09:43:52.873+0000] {dag.py:3239} INFO - Sync 1 DAGs
[2025-04-22T09:43:52.895+0000] {logging_mixin.py:190} INFO - [2025-04-22T09:43:52.895+0000] {dag.py:4180} INFO - Setting next_dagrun for minio_file_monitoring_compression_dag to None, run_after=None
[2025-04-22T09:43:52.922+0000] {processor.py:208} INFO - Processing /opt/airflow/dags/minio_file_compression_and_email.py took 0.111 seconds
[2025-04-22T09:44:23.326+0000] {processor.py:186} INFO - Started process (PID=1521) to work on /opt/airflow/dags/minio_file_compression_and_email.py
[2025-04-22T09:44:23.327+0000] {processor.py:914} INFO - Processing file /opt/airflow/dags/minio_file_compression_and_email.py for tasks to queue
[2025-04-22T09:44:23.331+0000] {logging_mixin.py:190} INFO - [2025-04-22T09:44:23.330+0000] {dagbag.py:588} INFO - Filling up the DagBag from /opt/airflow/dags/minio_file_compression_and_email.py
[2025-04-22T09:44:23.348+0000] {processor.py:925} INFO - DAG(s) 'minio_file_monitoring_compression_dag' retrieved from /opt/airflow/dags/minio_file_compression_and_email.py
[2025-04-22T09:44:23.382+0000] {logging_mixin.py:190} INFO - [2025-04-22T09:44:23.382+0000] {dag.py:3239} INFO - Sync 1 DAGs
[2025-04-22T09:44:23.405+0000] {logging_mixin.py:190} INFO - [2025-04-22T09:44:23.405+0000] {dag.py:4180} INFO - Setting next_dagrun for minio_file_monitoring_compression_dag to None, run_after=None
[2025-04-22T09:44:23.432+0000] {processor.py:208} INFO - Processing /opt/airflow/dags/minio_file_compression_and_email.py took 0.116 seconds
[2025-04-22T09:44:53.512+0000] {processor.py:186} INFO - Started process (PID=1589) to work on /opt/airflow/dags/minio_file_compression_and_email.py
[2025-04-22T09:44:53.513+0000] {processor.py:914} INFO - Processing file /opt/airflow/dags/minio_file_compression_and_email.py for tasks to queue
[2025-04-22T09:44:53.516+0000] {logging_mixin.py:190} INFO - [2025-04-22T09:44:53.516+0000] {dagbag.py:588} INFO - Filling up the DagBag from /opt/airflow/dags/minio_file_compression_and_email.py
[2025-04-22T09:44:53.539+0000] {processor.py:925} INFO - DAG(s) 'minio_file_monitoring_compression_dag' retrieved from /opt/airflow/dags/minio_file_compression_and_email.py
[2025-04-22T09:44:53.575+0000] {logging_mixin.py:190} INFO - [2025-04-22T09:44:53.574+0000] {dag.py:3239} INFO - Sync 1 DAGs
[2025-04-22T09:44:53.596+0000] {logging_mixin.py:190} INFO - [2025-04-22T09:44:53.595+0000] {dag.py:4180} INFO - Setting next_dagrun for minio_file_monitoring_compression_dag to None, run_after=None
[2025-04-22T09:44:53.622+0000] {processor.py:208} INFO - Processing /opt/airflow/dags/minio_file_compression_and_email.py took 0.122 seconds
[2025-04-22T09:49:31.276+0000] {processor.py:186} INFO - Started process (PID=78) to work on /opt/airflow/dags/minio_file_compression_and_email.py
[2025-04-22T09:49:31.278+0000] {processor.py:914} INFO - Processing file /opt/airflow/dags/minio_file_compression_and_email.py for tasks to queue
[2025-04-22T09:49:31.282+0000] {logging_mixin.py:190} INFO - [2025-04-22T09:49:31.281+0000] {dagbag.py:588} INFO - Filling up the DagBag from /opt/airflow/dags/minio_file_compression_and_email.py
[2025-04-22T09:49:31.305+0000] {processor.py:925} INFO - DAG(s) 'minio_file_monitoring_compression_dag' retrieved from /opt/airflow/dags/minio_file_compression_and_email.py
[2025-04-22T09:49:31.345+0000] {logging_mixin.py:190} INFO - [2025-04-22T09:49:31.345+0000] {dag.py:3239} INFO - Sync 1 DAGs
[2025-04-22T09:49:31.366+0000] {logging_mixin.py:190} INFO - [2025-04-22T09:49:31.366+0000] {dag.py:4180} INFO - Setting next_dagrun for minio_file_monitoring_compression_dag to None, run_after=None
[2025-04-22T09:49:31.394+0000] {processor.py:208} INFO - Processing /opt/airflow/dags/minio_file_compression_and_email.py took 0.127 seconds
[2025-04-22T09:49:56.677+0000] {processor.py:186} INFO - Started process (PID=148) to work on /opt/airflow/dags/minio_file_compression_and_email.py
[2025-04-22T09:49:56.679+0000] {processor.py:914} INFO - Processing file /opt/airflow/dags/minio_file_compression_and_email.py for tasks to queue
[2025-04-22T09:49:56.685+0000] {logging_mixin.py:190} INFO - [2025-04-22T09:49:56.684+0000] {dagbag.py:588} INFO - Filling up the DagBag from /opt/airflow/dags/minio_file_compression_and_email.py
[2025-04-22T09:49:56.717+0000] {processor.py:925} INFO - DAG(s) 'compress_and_email_dag' retrieved from /opt/airflow/dags/minio_file_compression_and_email.py
[2025-04-22T09:49:56.890+0000] {logging_mixin.py:190} INFO - [2025-04-22T09:49:56.888+0000] {override.py:1912} INFO - Created Permission View: can edit on DAG:compress_and_email_dag
[2025-04-22T09:49:56.910+0000] {logging_mixin.py:190} INFO - [2025-04-22T09:49:56.910+0000] {override.py:1912} INFO - Created Permission View: can read on DAG:compress_and_email_dag
[2025-04-22T09:49:56.927+0000] {logging_mixin.py:190} INFO - [2025-04-22T09:49:56.927+0000] {override.py:1912} INFO - Created Permission View: can delete on DAG:compress_and_email_dag
[2025-04-22T09:49:56.945+0000] {logging_mixin.py:190} INFO - [2025-04-22T09:49:56.945+0000] {override.py:1912} INFO - Created Permission View: can create on DAG Run:compress_and_email_dag
[2025-04-22T09:49:56.961+0000] {logging_mixin.py:190} INFO - [2025-04-22T09:49:56.961+0000] {override.py:1912} INFO - Created Permission View: can read on DAG Run:compress_and_email_dag
[2025-04-22T09:49:56.972+0000] {logging_mixin.py:190} INFO - [2025-04-22T09:49:56.972+0000] {override.py:1912} INFO - Created Permission View: menu access on DAG Run:compress_and_email_dag
[2025-04-22T09:49:56.987+0000] {logging_mixin.py:190} INFO - [2025-04-22T09:49:56.986+0000] {override.py:1912} INFO - Created Permission View: can delete on DAG Run:compress_and_email_dag
[2025-04-22T09:49:56.989+0000] {logging_mixin.py:190} INFO - [2025-04-22T09:49:56.988+0000] {dag.py:3239} INFO - Sync 1 DAGs
[2025-04-22T09:49:57.008+0000] {logging_mixin.py:190} INFO - [2025-04-22T09:49:57.007+0000] {dag.py:3262} INFO - Creating ORM DAG for compress_and_email_dag
[2025-04-22T09:49:57.009+0000] {logging_mixin.py:190} INFO - [2025-04-22T09:49:57.009+0000] {dag.py:4180} INFO - Setting next_dagrun for compress_and_email_dag to None, run_after=None
[2025-04-22T09:49:57.038+0000] {processor.py:208} INFO - Processing /opt/airflow/dags/minio_file_compression_and_email.py took 0.370 seconds
[2025-04-22T09:51:16.291+0000] {processor.py:186} INFO - Started process (PID=78) to work on /opt/airflow/dags/minio_file_compression_and_email.py
[2025-04-22T09:51:16.292+0000] {processor.py:914} INFO - Processing file /opt/airflow/dags/minio_file_compression_and_email.py for tasks to queue
[2025-04-22T09:51:16.295+0000] {logging_mixin.py:190} INFO - [2025-04-22T09:51:16.295+0000] {dagbag.py:588} INFO - Filling up the DagBag from /opt/airflow/dags/minio_file_compression_and_email.py
[2025-04-22T09:51:16.306+0000] {processor.py:925} INFO - DAG(s) 'compress_and_email_dag' retrieved from /opt/airflow/dags/minio_file_compression_and_email.py
[2025-04-22T09:51:16.330+0000] {logging_mixin.py:190} INFO - [2025-04-22T09:51:16.329+0000] {dag.py:3239} INFO - Sync 1 DAGs
[2025-04-22T09:51:16.344+0000] {logging_mixin.py:190} INFO - [2025-04-22T09:51:16.343+0000] {dag.py:4180} INFO - Setting next_dagrun for compress_and_email_dag to None, run_after=None
[2025-04-22T09:51:16.364+0000] {processor.py:208} INFO - Processing /opt/airflow/dags/minio_file_compression_and_email.py took 0.077 seconds
[2025-04-22T09:51:36.440+0000] {processor.py:186} INFO - Started process (PID=148) to work on /opt/airflow/dags/minio_file_compression_and_email.py
[2025-04-22T09:51:36.442+0000] {processor.py:914} INFO - Processing file /opt/airflow/dags/minio_file_compression_and_email.py for tasks to queue
[2025-04-22T09:51:36.446+0000] {logging_mixin.py:190} INFO - [2025-04-22T09:51:36.446+0000] {dagbag.py:588} INFO - Filling up the DagBag from /opt/airflow/dags/minio_file_compression_and_email.py
[2025-04-22T09:51:36.471+0000] {processor.py:925} INFO - DAG(s) 'compress_and_email_dag' retrieved from /opt/airflow/dags/minio_file_compression_and_email.py
[2025-04-22T09:51:36.524+0000] {logging_mixin.py:190} INFO - [2025-04-22T09:51:36.524+0000] {taskinstance.py:3315} ERROR - {'DAG Id': 'minio_file_monitoring_compression_dag', 'Task Id': 'detect_file_in_minio', 'Run Id': 'manual__2025-04-22T09:43:53.338772+00:00', 'Hostname': '218dff27a00b', 'External Executor Id': 'cc2fb38b-1584-44af-946c-cd83cfa490ca'}
[2025-04-22T09:51:36.581+0000] {logging_mixin.py:190} INFO - Task instance in failure state
[2025-04-22T09:51:36.582+0000] {logging_mixin.py:190} INFO - Task start:2025-04-22 09:44:03.398131+00:00 end:2025-04-22 09:51:36.580777+00:00 duration:453.182646
[2025-04-22T09:51:36.583+0000] {logging_mixin.py:190} INFO - Task:<Task(S3KeySensor): detect_file_in_minio> dag:<DAG: minio_file_monitoring_compression_dag> dagrun:<DagRun minio_file_monitoring_compression_dag @ 2025-04-22 09:43:53.338772+00:00: manual__2025-04-22T09:43:53.338772+00:00, state:running, queued_at: 2025-04-22 09:43:53.358962+00:00. externally triggered: True>
[2025-04-22T09:51:36.584+0000] {logging_mixin.py:190} INFO - Failure caused by {'DAG Id': 'minio_file_monitoring_compression_dag', 'Task Id': 'detect_file_in_minio', 'Run Id': 'manual__2025-04-22T09:43:53.338772+00:00', 'Hostname': '218dff27a00b', 'External Executor Id': 'cc2fb38b-1584-44af-946c-cd83cfa490ca'}
[2025-04-22T09:51:36.585+0000] {logging_mixin.py:190} INFO - [2025-04-22T09:51:36.585+0000] {taskinstance.py:1226} INFO - Marking task as UP_FOR_RETRY. dag_id=minio_file_monitoring_compression_dag, task_id=detect_file_in_minio, run_id=manual__2025-04-22T09:43:53.338772+00:00, execution_date=20250422T094353, start_date=20250422T094403, end_date=20250422T095136
[2025-04-22T09:51:36.653+0000] {logging_mixin.py:190} INFO - [2025-04-22T09:51:36.653+0000] {processor.py:876} INFO - Executed callback for <TaskInstance: minio_file_monitoring_compression_dag.detect_file_in_minio manual__2025-04-22T09:43:53.338772+00:00 [up_for_retry]> in state up_for_retry
[2025-04-22T09:51:36.672+0000] {logging_mixin.py:190} INFO - [2025-04-22T09:51:36.672+0000] {dag.py:3239} INFO - Sync 1 DAGs
[2025-04-22T09:51:36.692+0000] {logging_mixin.py:190} INFO - [2025-04-22T09:51:36.692+0000] {dag.py:4180} INFO - Setting next_dagrun for compress_and_email_dag to None, run_after=None
[2025-04-22T09:51:36.721+0000] {processor.py:208} INFO - Processing /opt/airflow/dags/minio_file_compression_and_email.py took 0.294 seconds
[2025-04-22T09:52:06.995+0000] {processor.py:186} INFO - Started process (PID=217) to work on /opt/airflow/dags/minio_file_compression_and_email.py
[2025-04-22T09:52:06.996+0000] {processor.py:914} INFO - Processing file /opt/airflow/dags/minio_file_compression_and_email.py for tasks to queue
[2025-04-22T09:52:07.000+0000] {logging_mixin.py:190} INFO - [2025-04-22T09:52:06.999+0000] {dagbag.py:588} INFO - Filling up the DagBag from /opt/airflow/dags/minio_file_compression_and_email.py
[2025-04-22T09:52:07.017+0000] {processor.py:925} INFO - DAG(s) 'compress_and_email_dag' retrieved from /opt/airflow/dags/minio_file_compression_and_email.py
[2025-04-22T09:52:07.056+0000] {logging_mixin.py:190} INFO - [2025-04-22T09:52:07.055+0000] {dag.py:3239} INFO - Sync 1 DAGs
[2025-04-22T09:52:07.093+0000] {logging_mixin.py:190} INFO - [2025-04-22T09:52:07.093+0000] {dag.py:4180} INFO - Setting next_dagrun for compress_and_email_dag to None, run_after=None
[2025-04-22T09:52:07.128+0000] {processor.py:208} INFO - Processing /opt/airflow/dags/minio_file_compression_and_email.py took 0.140 seconds
[2025-04-22T09:52:37.393+0000] {processor.py:186} INFO - Started process (PID=287) to work on /opt/airflow/dags/minio_file_compression_and_email.py
[2025-04-22T09:52:37.395+0000] {processor.py:914} INFO - Processing file /opt/airflow/dags/minio_file_compression_and_email.py for tasks to queue
[2025-04-22T09:52:37.396+0000] {logging_mixin.py:190} INFO - [2025-04-22T09:52:37.396+0000] {dagbag.py:588} INFO - Filling up the DagBag from /opt/airflow/dags/minio_file_compression_and_email.py
[2025-04-22T09:52:37.413+0000] {processor.py:925} INFO - DAG(s) 'compress_and_email_dag' retrieved from /opt/airflow/dags/minio_file_compression_and_email.py
[2025-04-22T09:52:37.442+0000] {logging_mixin.py:190} INFO - [2025-04-22T09:52:37.442+0000] {dag.py:3239} INFO - Sync 1 DAGs
[2025-04-22T09:52:37.467+0000] {logging_mixin.py:190} INFO - [2025-04-22T09:52:37.466+0000] {dag.py:4180} INFO - Setting next_dagrun for compress_and_email_dag to None, run_after=None
[2025-04-22T09:52:37.495+0000] {processor.py:208} INFO - Processing /opt/airflow/dags/minio_file_compression_and_email.py took 0.114 seconds
[2025-04-22T09:53:08.260+0000] {processor.py:186} INFO - Started process (PID=357) to work on /opt/airflow/dags/minio_file_compression_and_email.py
[2025-04-22T09:53:08.261+0000] {processor.py:914} INFO - Processing file /opt/airflow/dags/minio_file_compression_and_email.py for tasks to queue
[2025-04-22T09:53:08.265+0000] {logging_mixin.py:190} INFO - [2025-04-22T09:53:08.264+0000] {dagbag.py:588} INFO - Filling up the DagBag from /opt/airflow/dags/minio_file_compression_and_email.py
[2025-04-22T09:53:08.289+0000] {processor.py:925} INFO - DAG(s) 'compress_and_email_dag' retrieved from /opt/airflow/dags/minio_file_compression_and_email.py
[2025-04-22T09:53:08.320+0000] {logging_mixin.py:190} INFO - [2025-04-22T09:53:08.320+0000] {dag.py:3239} INFO - Sync 1 DAGs
[2025-04-22T09:53:08.353+0000] {logging_mixin.py:190} INFO - [2025-04-22T09:53:08.352+0000] {dag.py:4180} INFO - Setting next_dagrun for compress_and_email_dag to None, run_after=None
[2025-04-22T09:53:08.384+0000] {processor.py:208} INFO - Processing /opt/airflow/dags/minio_file_compression_and_email.py took 0.132 seconds
[2025-04-22T09:53:38.819+0000] {processor.py:186} INFO - Started process (PID=427) to work on /opt/airflow/dags/minio_file_compression_and_email.py
[2025-04-22T09:53:38.820+0000] {processor.py:914} INFO - Processing file /opt/airflow/dags/minio_file_compression_and_email.py for tasks to queue
[2025-04-22T09:53:38.822+0000] {logging_mixin.py:190} INFO - [2025-04-22T09:53:38.822+0000] {dagbag.py:588} INFO - Filling up the DagBag from /opt/airflow/dags/minio_file_compression_and_email.py
[2025-04-22T09:53:38.840+0000] {processor.py:925} INFO - DAG(s) 'compress_and_email_dag' retrieved from /opt/airflow/dags/minio_file_compression_and_email.py
[2025-04-22T09:53:38.871+0000] {logging_mixin.py:190} INFO - [2025-04-22T09:53:38.870+0000] {dag.py:3239} INFO - Sync 1 DAGs
[2025-04-22T09:53:38.901+0000] {logging_mixin.py:190} INFO - [2025-04-22T09:53:38.900+0000] {dag.py:4180} INFO - Setting next_dagrun for compress_and_email_dag to None, run_after=None
[2025-04-22T09:53:38.940+0000] {processor.py:208} INFO - Processing /opt/airflow/dags/minio_file_compression_and_email.py took 0.130 seconds
[2025-04-22T09:53:55.018+0000] {processor.py:186} INFO - Started process (PID=474) to work on /opt/airflow/dags/minio_file_compression_and_email.py
[2025-04-22T09:53:55.020+0000] {processor.py:914} INFO - Processing file /opt/airflow/dags/minio_file_compression_and_email.py for tasks to queue
[2025-04-22T09:53:55.023+0000] {logging_mixin.py:190} INFO - [2025-04-22T09:53:55.022+0000] {dagbag.py:588} INFO - Filling up the DagBag from /opt/airflow/dags/minio_file_compression_and_email.py
[2025-04-22T09:53:55.042+0000] {processor.py:925} INFO - DAG(s) 'compress_file_on_upload' retrieved from /opt/airflow/dags/minio_file_compression_and_email.py
[2025-04-22T09:53:55.242+0000] {logging_mixin.py:190} INFO - [2025-04-22T09:53:55.239+0000] {override.py:1912} INFO - Created Permission View: can delete on DAG:compress_file_on_upload
[2025-04-22T09:53:55.258+0000] {logging_mixin.py:190} INFO - [2025-04-22T09:53:55.258+0000] {override.py:1912} INFO - Created Permission View: can read on DAG:compress_file_on_upload
[2025-04-22T09:53:55.273+0000] {logging_mixin.py:190} INFO - [2025-04-22T09:53:55.272+0000] {override.py:1912} INFO - Created Permission View: can edit on DAG:compress_file_on_upload
[2025-04-22T09:53:55.286+0000] {logging_mixin.py:190} INFO - [2025-04-22T09:53:55.285+0000] {override.py:1912} INFO - Created Permission View: can create on DAG Run:compress_file_on_upload
[2025-04-22T09:53:55.298+0000] {logging_mixin.py:190} INFO - [2025-04-22T09:53:55.297+0000] {override.py:1912} INFO - Created Permission View: can delete on DAG Run:compress_file_on_upload
[2025-04-22T09:53:55.310+0000] {logging_mixin.py:190} INFO - [2025-04-22T09:53:55.310+0000] {override.py:1912} INFO - Created Permission View: can read on DAG Run:compress_file_on_upload
[2025-04-22T09:53:55.321+0000] {logging_mixin.py:190} INFO - [2025-04-22T09:53:55.321+0000] {override.py:1912} INFO - Created Permission View: menu access on DAG Run:compress_file_on_upload
[2025-04-22T09:53:55.322+0000] {logging_mixin.py:190} INFO - [2025-04-22T09:53:55.322+0000] {dag.py:3239} INFO - Sync 1 DAGs
[2025-04-22T09:53:55.342+0000] {logging_mixin.py:190} INFO - [2025-04-22T09:53:55.342+0000] {dag.py:3262} INFO - Creating ORM DAG for compress_file_on_upload
[2025-04-22T09:53:55.343+0000] {logging_mixin.py:190} INFO - [2025-04-22T09:53:55.343+0000] {dag.py:4180} INFO - Setting next_dagrun for compress_file_on_upload to None, run_after=None
[2025-04-22T09:53:55.375+0000] {processor.py:208} INFO - Processing /opt/airflow/dags/minio_file_compression_and_email.py took 0.369 seconds
[2025-04-22T09:54:25.809+0000] {processor.py:186} INFO - Started process (PID=544) to work on /opt/airflow/dags/minio_file_compression_and_email.py
[2025-04-22T09:54:25.810+0000] {processor.py:914} INFO - Processing file /opt/airflow/dags/minio_file_compression_and_email.py for tasks to queue
[2025-04-22T09:54:25.812+0000] {logging_mixin.py:190} INFO - [2025-04-22T09:54:25.812+0000] {dagbag.py:588} INFO - Filling up the DagBag from /opt/airflow/dags/minio_file_compression_and_email.py
[2025-04-22T09:54:25.839+0000] {processor.py:925} INFO - DAG(s) 'compress_file_on_upload' retrieved from /opt/airflow/dags/minio_file_compression_and_email.py
[2025-04-22T09:54:25.883+0000] {logging_mixin.py:190} INFO - [2025-04-22T09:54:25.882+0000] {dag.py:3239} INFO - Sync 1 DAGs
[2025-04-22T09:54:25.917+0000] {logging_mixin.py:190} INFO - [2025-04-22T09:54:25.917+0000] {dag.py:4180} INFO - Setting next_dagrun for compress_file_on_upload to None, run_after=None
[2025-04-22T09:54:25.958+0000] {processor.py:208} INFO - Processing /opt/airflow/dags/minio_file_compression_and_email.py took 0.157 seconds
[2025-04-22T09:54:56.543+0000] {processor.py:186} INFO - Started process (PID=612) to work on /opt/airflow/dags/minio_file_compression_and_email.py
[2025-04-22T09:54:56.545+0000] {processor.py:914} INFO - Processing file /opt/airflow/dags/minio_file_compression_and_email.py for tasks to queue
[2025-04-22T09:54:56.547+0000] {logging_mixin.py:190} INFO - [2025-04-22T09:54:56.546+0000] {dagbag.py:588} INFO - Filling up the DagBag from /opt/airflow/dags/minio_file_compression_and_email.py
[2025-04-22T09:54:56.565+0000] {processor.py:925} INFO - DAG(s) 'compress_file_on_upload' retrieved from /opt/airflow/dags/minio_file_compression_and_email.py
[2025-04-22T09:54:56.601+0000] {logging_mixin.py:190} INFO - [2025-04-22T09:54:56.600+0000] {dag.py:3239} INFO - Sync 1 DAGs
[2025-04-22T09:54:56.628+0000] {logging_mixin.py:190} INFO - [2025-04-22T09:54:56.628+0000] {dag.py:4180} INFO - Setting next_dagrun for compress_file_on_upload to None, run_after=None
[2025-04-22T09:54:56.662+0000] {processor.py:208} INFO - Processing /opt/airflow/dags/minio_file_compression_and_email.py took 0.129 seconds
[2025-04-22T09:55:26.870+0000] {processor.py:186} INFO - Started process (PID=679) to work on /opt/airflow/dags/minio_file_compression_and_email.py
[2025-04-22T09:55:26.871+0000] {processor.py:914} INFO - Processing file /opt/airflow/dags/minio_file_compression_and_email.py for tasks to queue
[2025-04-22T09:55:26.873+0000] {logging_mixin.py:190} INFO - [2025-04-22T09:55:26.873+0000] {dagbag.py:588} INFO - Filling up the DagBag from /opt/airflow/dags/minio_file_compression_and_email.py
[2025-04-22T09:55:26.900+0000] {processor.py:925} INFO - DAG(s) 'compress_file_on_upload' retrieved from /opt/airflow/dags/minio_file_compression_and_email.py
[2025-04-22T09:55:26.937+0000] {logging_mixin.py:190} INFO - [2025-04-22T09:55:26.936+0000] {dag.py:3239} INFO - Sync 1 DAGs
[2025-04-22T09:55:26.970+0000] {logging_mixin.py:190} INFO - [2025-04-22T09:55:26.969+0000] {dag.py:4180} INFO - Setting next_dagrun for compress_file_on_upload to None, run_after=None
[2025-04-22T09:55:27.002+0000] {processor.py:208} INFO - Processing /opt/airflow/dags/minio_file_compression_and_email.py took 0.144 seconds
[2025-04-22T09:55:57.272+0000] {processor.py:186} INFO - Started process (PID=749) to work on /opt/airflow/dags/minio_file_compression_and_email.py
[2025-04-22T09:55:57.273+0000] {processor.py:914} INFO - Processing file /opt/airflow/dags/minio_file_compression_and_email.py for tasks to queue
[2025-04-22T09:55:57.274+0000] {logging_mixin.py:190} INFO - [2025-04-22T09:55:57.274+0000] {dagbag.py:588} INFO - Filling up the DagBag from /opt/airflow/dags/minio_file_compression_and_email.py
[2025-04-22T09:55:57.286+0000] {processor.py:925} INFO - DAG(s) 'compress_file_on_upload' retrieved from /opt/airflow/dags/minio_file_compression_and_email.py
[2025-04-22T09:55:57.309+0000] {logging_mixin.py:190} INFO - [2025-04-22T09:55:57.309+0000] {dag.py:3239} INFO - Sync 1 DAGs
[2025-04-22T09:55:57.323+0000] {logging_mixin.py:190} INFO - [2025-04-22T09:55:57.323+0000] {dag.py:4180} INFO - Setting next_dagrun for compress_file_on_upload to None, run_after=None
[2025-04-22T09:55:57.342+0000] {processor.py:208} INFO - Processing /opt/airflow/dags/minio_file_compression_and_email.py took 0.076 seconds
[2025-04-22T09:56:27.524+0000] {processor.py:186} INFO - Started process (PID=818) to work on /opt/airflow/dags/minio_file_compression_and_email.py
[2025-04-22T09:56:27.526+0000] {processor.py:914} INFO - Processing file /opt/airflow/dags/minio_file_compression_and_email.py for tasks to queue
[2025-04-22T09:56:27.528+0000] {logging_mixin.py:190} INFO - [2025-04-22T09:56:27.527+0000] {dagbag.py:588} INFO - Filling up the DagBag from /opt/airflow/dags/minio_file_compression_and_email.py
[2025-04-22T09:56:27.545+0000] {processor.py:925} INFO - DAG(s) 'compress_file_on_upload' retrieved from /opt/airflow/dags/minio_file_compression_and_email.py
[2025-04-22T09:56:27.588+0000] {logging_mixin.py:190} INFO - [2025-04-22T09:56:27.587+0000] {dag.py:3239} INFO - Sync 1 DAGs
[2025-04-22T09:56:27.612+0000] {logging_mixin.py:190} INFO - [2025-04-22T09:56:27.611+0000] {dag.py:4180} INFO - Setting next_dagrun for compress_file_on_upload to None, run_after=None
[2025-04-22T09:56:27.647+0000] {processor.py:208} INFO - Processing /opt/airflow/dags/minio_file_compression_and_email.py took 0.130 seconds
[2025-04-22T09:56:57.761+0000] {processor.py:186} INFO - Started process (PID=887) to work on /opt/airflow/dags/minio_file_compression_and_email.py
[2025-04-22T09:56:57.762+0000] {processor.py:914} INFO - Processing file /opt/airflow/dags/minio_file_compression_and_email.py for tasks to queue
[2025-04-22T09:56:57.764+0000] {logging_mixin.py:190} INFO - [2025-04-22T09:56:57.764+0000] {dagbag.py:588} INFO - Filling up the DagBag from /opt/airflow/dags/minio_file_compression_and_email.py
[2025-04-22T09:56:57.783+0000] {processor.py:925} INFO - DAG(s) 'compress_file_on_upload' retrieved from /opt/airflow/dags/minio_file_compression_and_email.py
[2025-04-22T09:56:57.814+0000] {logging_mixin.py:190} INFO - [2025-04-22T09:56:57.813+0000] {dag.py:3239} INFO - Sync 1 DAGs
[2025-04-22T09:56:57.838+0000] {logging_mixin.py:190} INFO - [2025-04-22T09:56:57.837+0000] {dag.py:4180} INFO - Setting next_dagrun for compress_file_on_upload to None, run_after=None
[2025-04-22T09:56:57.867+0000] {processor.py:208} INFO - Processing /opt/airflow/dags/minio_file_compression_and_email.py took 0.118 seconds
[2025-04-22T09:57:28.017+0000] {processor.py:186} INFO - Started process (PID=958) to work on /opt/airflow/dags/minio_file_compression_and_email.py
[2025-04-22T09:57:28.019+0000] {processor.py:914} INFO - Processing file /opt/airflow/dags/minio_file_compression_and_email.py for tasks to queue
[2025-04-22T09:57:28.021+0000] {logging_mixin.py:190} INFO - [2025-04-22T09:57:28.021+0000] {dagbag.py:588} INFO - Filling up the DagBag from /opt/airflow/dags/minio_file_compression_and_email.py
[2025-04-22T09:57:28.047+0000] {processor.py:925} INFO - DAG(s) 'compress_file_on_upload' retrieved from /opt/airflow/dags/minio_file_compression_and_email.py
[2025-04-22T09:57:28.082+0000] {logging_mixin.py:190} INFO - [2025-04-22T09:57:28.082+0000] {dag.py:3239} INFO - Sync 1 DAGs
[2025-04-22T09:57:28.116+0000] {logging_mixin.py:190} INFO - [2025-04-22T09:57:28.115+0000] {dag.py:4180} INFO - Setting next_dagrun for compress_file_on_upload to None, run_after=None
[2025-04-22T09:57:28.141+0000] {processor.py:208} INFO - Processing /opt/airflow/dags/minio_file_compression_and_email.py took 0.131 seconds
[2025-04-22T09:57:58.387+0000] {processor.py:186} INFO - Started process (PID=1027) to work on /opt/airflow/dags/minio_file_compression_and_email.py
[2025-04-22T09:57:58.389+0000] {processor.py:914} INFO - Processing file /opt/airflow/dags/minio_file_compression_and_email.py for tasks to queue
[2025-04-22T09:57:58.391+0000] {logging_mixin.py:190} INFO - [2025-04-22T09:57:58.390+0000] {dagbag.py:588} INFO - Filling up the DagBag from /opt/airflow/dags/minio_file_compression_and_email.py
[2025-04-22T09:57:58.413+0000] {processor.py:925} INFO - DAG(s) 'compress_file_on_upload' retrieved from /opt/airflow/dags/minio_file_compression_and_email.py
[2025-04-22T09:57:58.446+0000] {logging_mixin.py:190} INFO - [2025-04-22T09:57:58.446+0000] {dag.py:3239} INFO - Sync 1 DAGs
[2025-04-22T09:57:58.470+0000] {logging_mixin.py:190} INFO - [2025-04-22T09:57:58.470+0000] {dag.py:4180} INFO - Setting next_dagrun for compress_file_on_upload to None, run_after=None
[2025-04-22T09:57:58.503+0000] {processor.py:208} INFO - Processing /opt/airflow/dags/minio_file_compression_and_email.py took 0.123 seconds
[2025-04-22T09:58:28.543+0000] {processor.py:186} INFO - Started process (PID=1095) to work on /opt/airflow/dags/minio_file_compression_and_email.py
[2025-04-22T09:58:28.544+0000] {processor.py:914} INFO - Processing file /opt/airflow/dags/minio_file_compression_and_email.py for tasks to queue
[2025-04-22T09:58:28.546+0000] {logging_mixin.py:190} INFO - [2025-04-22T09:58:28.545+0000] {dagbag.py:588} INFO - Filling up the DagBag from /opt/airflow/dags/minio_file_compression_and_email.py
[2025-04-22T09:58:28.564+0000] {processor.py:925} INFO - DAG(s) 'compress_file_on_upload' retrieved from /opt/airflow/dags/minio_file_compression_and_email.py
[2025-04-22T09:58:28.594+0000] {logging_mixin.py:190} INFO - [2025-04-22T09:58:28.593+0000] {dag.py:3239} INFO - Sync 1 DAGs
[2025-04-22T09:58:28.619+0000] {logging_mixin.py:190} INFO - [2025-04-22T09:58:28.619+0000] {dag.py:4180} INFO - Setting next_dagrun for compress_file_on_upload to None, run_after=None
[2025-04-22T09:58:28.653+0000] {processor.py:208} INFO - Processing /opt/airflow/dags/minio_file_compression_and_email.py took 0.118 seconds
[2025-04-22T09:58:59.682+0000] {processor.py:186} INFO - Started process (PID=1165) to work on /opt/airflow/dags/minio_file_compression_and_email.py
[2025-04-22T09:58:59.682+0000] {processor.py:914} INFO - Processing file /opt/airflow/dags/minio_file_compression_and_email.py for tasks to queue
[2025-04-22T09:58:59.683+0000] {logging_mixin.py:190} INFO - [2025-04-22T09:58:59.683+0000] {dagbag.py:588} INFO - Filling up the DagBag from /opt/airflow/dags/minio_file_compression_and_email.py
[2025-04-22T09:58:59.695+0000] {processor.py:925} INFO - DAG(s) 'compress_file_on_upload' retrieved from /opt/airflow/dags/minio_file_compression_and_email.py
[2025-04-22T09:58:59.718+0000] {logging_mixin.py:190} INFO - [2025-04-22T09:58:59.718+0000] {dag.py:3239} INFO - Sync 1 DAGs
[2025-04-22T09:58:59.737+0000] {logging_mixin.py:190} INFO - [2025-04-22T09:58:59.736+0000] {dag.py:4180} INFO - Setting next_dagrun for compress_file_on_upload to None, run_after=None
[2025-04-22T09:58:59.757+0000] {processor.py:208} INFO - Processing /opt/airflow/dags/minio_file_compression_and_email.py took 0.080 seconds
[2025-04-22T09:59:11.199+0000] {processor.py:186} INFO - Started process (PID=1190) to work on /opt/airflow/dags/minio_file_compression_and_email.py
[2025-04-22T09:59:11.200+0000] {processor.py:914} INFO - Processing file /opt/airflow/dags/minio_file_compression_and_email.py for tasks to queue
[2025-04-22T09:59:11.202+0000] {logging_mixin.py:190} INFO - [2025-04-22T09:59:11.201+0000] {dagbag.py:588} INFO - Filling up the DagBag from /opt/airflow/dags/minio_file_compression_and_email.py
[2025-04-22T09:59:11.216+0000] {processor.py:925} INFO - DAG(s) 'compress_file_on_upload' retrieved from /opt/airflow/dags/minio_file_compression_and_email.py
[2025-04-22T09:59:11.318+0000] {logging_mixin.py:190} INFO - [2025-04-22T09:59:11.318+0000] {dag.py:3239} INFO - Sync 1 DAGs
[2025-04-22T09:59:11.331+0000] {logging_mixin.py:190} INFO - [2025-04-22T09:59:11.330+0000] {dag.py:4180} INFO - Setting next_dagrun for compress_file_on_upload to None, run_after=None
[2025-04-22T09:59:11.357+0000] {processor.py:208} INFO - Processing /opt/airflow/dags/minio_file_compression_and_email.py took 0.164 seconds
[2025-04-22T09:59:41.632+0000] {processor.py:186} INFO - Started process (PID=1260) to work on /opt/airflow/dags/minio_file_compression_and_email.py
[2025-04-22T09:59:41.634+0000] {processor.py:914} INFO - Processing file /opt/airflow/dags/minio_file_compression_and_email.py for tasks to queue
[2025-04-22T09:59:41.636+0000] {logging_mixin.py:190} INFO - [2025-04-22T09:59:41.635+0000] {dagbag.py:588} INFO - Filling up the DagBag from /opt/airflow/dags/minio_file_compression_and_email.py
[2025-04-22T09:59:41.664+0000] {processor.py:925} INFO - DAG(s) 'compress_file_on_upload' retrieved from /opt/airflow/dags/minio_file_compression_and_email.py
[2025-04-22T09:59:41.698+0000] {logging_mixin.py:190} INFO - [2025-04-22T09:59:41.698+0000] {dag.py:3239} INFO - Sync 1 DAGs
[2025-04-22T09:59:41.722+0000] {logging_mixin.py:190} INFO - [2025-04-22T09:59:41.722+0000] {dag.py:4180} INFO - Setting next_dagrun for compress_file_on_upload to None, run_after=None
[2025-04-22T09:59:41.762+0000] {processor.py:208} INFO - Processing /opt/airflow/dags/minio_file_compression_and_email.py took 0.141 seconds
[2025-04-22T10:00:11.988+0000] {processor.py:186} INFO - Started process (PID=1329) to work on /opt/airflow/dags/minio_file_compression_and_email.py
[2025-04-22T10:00:11.990+0000] {processor.py:914} INFO - Processing file /opt/airflow/dags/minio_file_compression_and_email.py for tasks to queue
[2025-04-22T10:00:11.993+0000] {logging_mixin.py:190} INFO - [2025-04-22T10:00:11.992+0000] {dagbag.py:588} INFO - Filling up the DagBag from /opt/airflow/dags/minio_file_compression_and_email.py
[2025-04-22T10:00:12.017+0000] {processor.py:925} INFO - DAG(s) 'compress_file_on_upload' retrieved from /opt/airflow/dags/minio_file_compression_and_email.py
[2025-04-22T10:00:12.061+0000] {logging_mixin.py:190} INFO - [2025-04-22T10:00:12.060+0000] {dag.py:3239} INFO - Sync 1 DAGs
[2025-04-22T10:00:12.092+0000] {logging_mixin.py:190} INFO - [2025-04-22T10:00:12.091+0000] {dag.py:4180} INFO - Setting next_dagrun for compress_file_on_upload to None, run_after=None
[2025-04-22T10:00:12.133+0000] {processor.py:208} INFO - Processing /opt/airflow/dags/minio_file_compression_and_email.py took 0.154 seconds
[2025-04-22T10:00:42.451+0000] {processor.py:186} INFO - Started process (PID=1399) to work on /opt/airflow/dags/minio_file_compression_and_email.py
[2025-04-22T10:00:42.453+0000] {processor.py:914} INFO - Processing file /opt/airflow/dags/minio_file_compression_and_email.py for tasks to queue
[2025-04-22T10:00:42.455+0000] {logging_mixin.py:190} INFO - [2025-04-22T10:00:42.454+0000] {dagbag.py:588} INFO - Filling up the DagBag from /opt/airflow/dags/minio_file_compression_and_email.py
[2025-04-22T10:00:42.471+0000] {processor.py:925} INFO - DAG(s) 'compress_file_on_upload' retrieved from /opt/airflow/dags/minio_file_compression_and_email.py
[2025-04-22T10:00:42.500+0000] {logging_mixin.py:190} INFO - [2025-04-22T10:00:42.500+0000] {dag.py:3239} INFO - Sync 1 DAGs
[2025-04-22T10:00:42.522+0000] {logging_mixin.py:190} INFO - [2025-04-22T10:00:42.521+0000] {dag.py:4180} INFO - Setting next_dagrun for compress_file_on_upload to None, run_after=None
[2025-04-22T10:00:42.549+0000] {processor.py:208} INFO - Processing /opt/airflow/dags/minio_file_compression_and_email.py took 0.105 seconds
[2025-04-22T10:01:12.742+0000] {processor.py:186} INFO - Started process (PID=1468) to work on /opt/airflow/dags/minio_file_compression_and_email.py
[2025-04-22T10:01:12.744+0000] {processor.py:914} INFO - Processing file /opt/airflow/dags/minio_file_compression_and_email.py for tasks to queue
[2025-04-22T10:01:12.747+0000] {logging_mixin.py:190} INFO - [2025-04-22T10:01:12.746+0000] {dagbag.py:588} INFO - Filling up the DagBag from /opt/airflow/dags/minio_file_compression_and_email.py
[2025-04-22T10:01:12.771+0000] {processor.py:925} INFO - DAG(s) 'compress_file_on_upload' retrieved from /opt/airflow/dags/minio_file_compression_and_email.py
[2025-04-22T10:01:12.818+0000] {logging_mixin.py:190} INFO - [2025-04-22T10:01:12.817+0000] {dag.py:3239} INFO - Sync 1 DAGs
[2025-04-22T10:01:12.848+0000] {logging_mixin.py:190} INFO - [2025-04-22T10:01:12.847+0000] {dag.py:4180} INFO - Setting next_dagrun for compress_file_on_upload to None, run_after=None
[2025-04-22T10:01:12.887+0000] {processor.py:208} INFO - Processing /opt/airflow/dags/minio_file_compression_and_email.py took 0.157 seconds
[2025-04-22T10:01:43.487+0000] {processor.py:186} INFO - Started process (PID=1538) to work on /opt/airflow/dags/minio_file_compression_and_email.py
[2025-04-22T10:01:43.489+0000] {processor.py:914} INFO - Processing file /opt/airflow/dags/minio_file_compression_and_email.py for tasks to queue
[2025-04-22T10:01:43.491+0000] {logging_mixin.py:190} INFO - [2025-04-22T10:01:43.491+0000] {dagbag.py:588} INFO - Filling up the DagBag from /opt/airflow/dags/minio_file_compression_and_email.py
[2025-04-22T10:01:43.516+0000] {processor.py:925} INFO - DAG(s) 'compress_file_on_upload' retrieved from /opt/airflow/dags/minio_file_compression_and_email.py
[2025-04-22T10:01:43.546+0000] {logging_mixin.py:190} INFO - [2025-04-22T10:01:43.546+0000] {dag.py:3239} INFO - Sync 1 DAGs
[2025-04-22T10:01:43.570+0000] {logging_mixin.py:190} INFO - [2025-04-22T10:01:43.570+0000] {dag.py:4180} INFO - Setting next_dagrun for compress_file_on_upload to None, run_after=None
[2025-04-22T10:01:43.603+0000] {processor.py:208} INFO - Processing /opt/airflow/dags/minio_file_compression_and_email.py took 0.125 seconds
[2025-04-22T10:02:13.764+0000] {processor.py:186} INFO - Started process (PID=1608) to work on /opt/airflow/dags/minio_file_compression_and_email.py
[2025-04-22T10:02:13.766+0000] {processor.py:914} INFO - Processing file /opt/airflow/dags/minio_file_compression_and_email.py for tasks to queue
[2025-04-22T10:02:13.768+0000] {logging_mixin.py:190} INFO - [2025-04-22T10:02:13.768+0000] {dagbag.py:588} INFO - Filling up the DagBag from /opt/airflow/dags/minio_file_compression_and_email.py
[2025-04-22T10:02:13.789+0000] {processor.py:925} INFO - DAG(s) 'compress_file_on_upload' retrieved from /opt/airflow/dags/minio_file_compression_and_email.py
[2025-04-22T10:02:13.823+0000] {logging_mixin.py:190} INFO - [2025-04-22T10:02:13.823+0000] {dag.py:3239} INFO - Sync 1 DAGs
[2025-04-22T10:02:13.849+0000] {logging_mixin.py:190} INFO - [2025-04-22T10:02:13.848+0000] {dag.py:4180} INFO - Setting next_dagrun for compress_file_on_upload to None, run_after=None
[2025-04-22T10:02:13.887+0000] {processor.py:208} INFO - Processing /opt/airflow/dags/minio_file_compression_and_email.py took 0.132 seconds
[2025-04-22T10:02:16.893+0000] {processor.py:186} INFO - Started process (PID=1610) to work on /opt/airflow/dags/minio_file_compression_and_email.py
[2025-04-22T10:02:16.895+0000] {processor.py:914} INFO - Processing file /opt/airflow/dags/minio_file_compression_and_email.py for tasks to queue
[2025-04-22T10:02:16.897+0000] {logging_mixin.py:190} INFO - [2025-04-22T10:02:16.896+0000] {dagbag.py:588} INFO - Filling up the DagBag from /opt/airflow/dags/minio_file_compression_and_email.py
[2025-04-22T10:02:16.920+0000] {processor.py:925} INFO - DAG(s) 'compress_file_on_upload' retrieved from /opt/airflow/dags/minio_file_compression_and_email.py
[2025-04-22T10:02:17.106+0000] {logging_mixin.py:190} INFO - [2025-04-22T10:02:17.106+0000] {dag.py:3239} INFO - Sync 1 DAGs
[2025-04-22T10:02:17.125+0000] {logging_mixin.py:190} INFO - [2025-04-22T10:02:17.125+0000] {dag.py:4180} INFO - Setting next_dagrun for compress_file_on_upload to None, run_after=None
[2025-04-22T10:02:17.159+0000] {processor.py:208} INFO - Processing /opt/airflow/dags/minio_file_compression_and_email.py took 0.273 seconds
[2025-04-22T10:02:47.671+0000] {processor.py:186} INFO - Started process (PID=1680) to work on /opt/airflow/dags/minio_file_compression_and_email.py
[2025-04-22T10:02:47.673+0000] {processor.py:914} INFO - Processing file /opt/airflow/dags/minio_file_compression_and_email.py for tasks to queue
[2025-04-22T10:02:47.675+0000] {logging_mixin.py:190} INFO - [2025-04-22T10:02:47.674+0000] {dagbag.py:588} INFO - Filling up the DagBag from /opt/airflow/dags/minio_file_compression_and_email.py
[2025-04-22T10:02:47.694+0000] {processor.py:925} INFO - DAG(s) 'compress_file_on_upload' retrieved from /opt/airflow/dags/minio_file_compression_and_email.py
[2025-04-22T10:02:47.732+0000] {logging_mixin.py:190} INFO - [2025-04-22T10:02:47.731+0000] {dag.py:3239} INFO - Sync 1 DAGs
[2025-04-22T10:02:47.758+0000] {logging_mixin.py:190} INFO - [2025-04-22T10:02:47.757+0000] {dag.py:4180} INFO - Setting next_dagrun for compress_file_on_upload to None, run_after=None
[2025-04-22T10:02:47.788+0000] {processor.py:208} INFO - Processing /opt/airflow/dags/minio_file_compression_and_email.py took 0.127 seconds
[2025-04-22T10:03:18.669+0000] {processor.py:186} INFO - Started process (PID=1749) to work on /opt/airflow/dags/minio_file_compression_and_email.py
[2025-04-22T10:03:18.671+0000] {processor.py:914} INFO - Processing file /opt/airflow/dags/minio_file_compression_and_email.py for tasks to queue
[2025-04-22T10:03:18.675+0000] {logging_mixin.py:190} INFO - [2025-04-22T10:03:18.674+0000] {dagbag.py:588} INFO - Filling up the DagBag from /opt/airflow/dags/minio_file_compression_and_email.py
[2025-04-22T10:03:18.693+0000] {processor.py:925} INFO - DAG(s) 'compress_file_on_upload' retrieved from /opt/airflow/dags/minio_file_compression_and_email.py
[2025-04-22T10:03:18.723+0000] {logging_mixin.py:190} INFO - [2025-04-22T10:03:18.723+0000] {dag.py:3239} INFO - Sync 1 DAGs
[2025-04-22T10:03:18.748+0000] {logging_mixin.py:190} INFO - [2025-04-22T10:03:18.747+0000] {dag.py:4180} INFO - Setting next_dagrun for compress_file_on_upload to None, run_after=None
[2025-04-22T10:03:18.783+0000] {processor.py:208} INFO - Processing /opt/airflow/dags/minio_file_compression_and_email.py took 0.126 seconds
[2025-04-22T10:03:49.012+0000] {processor.py:186} INFO - Started process (PID=1818) to work on /opt/airflow/dags/minio_file_compression_and_email.py
[2025-04-22T10:03:49.014+0000] {processor.py:914} INFO - Processing file /opt/airflow/dags/minio_file_compression_and_email.py for tasks to queue
[2025-04-22T10:03:49.016+0000] {logging_mixin.py:190} INFO - [2025-04-22T10:03:49.016+0000] {dagbag.py:588} INFO - Filling up the DagBag from /opt/airflow/dags/minio_file_compression_and_email.py
[2025-04-22T10:03:49.037+0000] {processor.py:925} INFO - DAG(s) 'compress_file_on_upload' retrieved from /opt/airflow/dags/minio_file_compression_and_email.py
[2025-04-22T10:03:49.083+0000] {logging_mixin.py:190} INFO - [2025-04-22T10:03:49.082+0000] {dag.py:3239} INFO - Sync 1 DAGs
[2025-04-22T10:03:49.116+0000] {logging_mixin.py:190} INFO - [2025-04-22T10:03:49.116+0000] {dag.py:4180} INFO - Setting next_dagrun for compress_file_on_upload to None, run_after=None
[2025-04-22T10:03:49.159+0000] {processor.py:208} INFO - Processing /opt/airflow/dags/minio_file_compression_and_email.py took 0.159 seconds
[2025-04-22T10:04:19.321+0000] {processor.py:186} INFO - Started process (PID=1888) to work on /opt/airflow/dags/minio_file_compression_and_email.py
[2025-04-22T10:04:19.322+0000] {processor.py:914} INFO - Processing file /opt/airflow/dags/minio_file_compression_and_email.py for tasks to queue
[2025-04-22T10:04:19.323+0000] {logging_mixin.py:190} INFO - [2025-04-22T10:04:19.323+0000] {dagbag.py:588} INFO - Filling up the DagBag from /opt/airflow/dags/minio_file_compression_and_email.py
[2025-04-22T10:04:19.338+0000] {processor.py:925} INFO - DAG(s) 'compress_file_on_upload' retrieved from /opt/airflow/dags/minio_file_compression_and_email.py
[2025-04-22T10:04:19.354+0000] {logging_mixin.py:190} INFO - [2025-04-22T10:04:19.354+0000] {dag.py:3239} INFO - Sync 1 DAGs
[2025-04-22T10:04:19.367+0000] {logging_mixin.py:190} INFO - [2025-04-22T10:04:19.367+0000] {dag.py:4180} INFO - Setting next_dagrun for compress_file_on_upload to None, run_after=None
[2025-04-22T10:04:19.386+0000] {processor.py:208} INFO - Processing /opt/airflow/dags/minio_file_compression_and_email.py took 0.070 seconds
[2025-04-22T10:04:49.557+0000] {processor.py:186} INFO - Started process (PID=1958) to work on /opt/airflow/dags/minio_file_compression_and_email.py
[2025-04-22T10:04:49.558+0000] {processor.py:914} INFO - Processing file /opt/airflow/dags/minio_file_compression_and_email.py for tasks to queue
[2025-04-22T10:04:49.560+0000] {logging_mixin.py:190} INFO - [2025-04-22T10:04:49.559+0000] {dagbag.py:588} INFO - Filling up the DagBag from /opt/airflow/dags/minio_file_compression_and_email.py
[2025-04-22T10:04:49.571+0000] {processor.py:925} INFO - DAG(s) 'compress_file_on_upload' retrieved from /opt/airflow/dags/minio_file_compression_and_email.py
[2025-04-22T10:04:49.590+0000] {logging_mixin.py:190} INFO - [2025-04-22T10:04:49.590+0000] {dag.py:3239} INFO - Sync 1 DAGs
[2025-04-22T10:04:49.604+0000] {logging_mixin.py:190} INFO - [2025-04-22T10:04:49.604+0000] {dag.py:4180} INFO - Setting next_dagrun for compress_file_on_upload to None, run_after=None
[2025-04-22T10:04:49.623+0000] {processor.py:208} INFO - Processing /opt/airflow/dags/minio_file_compression_and_email.py took 0.071 seconds
[2025-04-22T10:04:54.713+0000] {processor.py:186} INFO - Started process (PID=1966) to work on /opt/airflow/dags/minio_file_compression_and_email.py
[2025-04-22T10:04:54.715+0000] {processor.py:914} INFO - Processing file /opt/airflow/dags/minio_file_compression_and_email.py for tasks to queue
[2025-04-22T10:04:54.718+0000] {logging_mixin.py:190} INFO - [2025-04-22T10:04:54.718+0000] {dagbag.py:588} INFO - Filling up the DagBag from /opt/airflow/dags/minio_file_compression_and_email.py
[2025-04-22T10:04:54.742+0000] {processor.py:925} INFO - DAG(s) 'compress_file_on_upload' retrieved from /opt/airflow/dags/minio_file_compression_and_email.py
[2025-04-22T10:04:55.042+0000] {logging_mixin.py:190} INFO - [2025-04-22T10:04:55.042+0000] {dag.py:3239} INFO - Sync 1 DAGs
[2025-04-22T10:04:55.070+0000] {logging_mixin.py:190} INFO - [2025-04-22T10:04:55.070+0000] {dag.py:4180} INFO - Setting next_dagrun for compress_file_on_upload to None, run_after=None
[2025-04-22T10:04:55.117+0000] {processor.py:208} INFO - Processing /opt/airflow/dags/minio_file_compression_and_email.py took 0.415 seconds
[2025-04-22T10:04:56.183+0000] {processor.py:186} INFO - Started process (PID=1968) to work on /opt/airflow/dags/minio_file_compression_and_email.py
[2025-04-22T10:04:56.185+0000] {processor.py:914} INFO - Processing file /opt/airflow/dags/minio_file_compression_and_email.py for tasks to queue
[2025-04-22T10:04:56.188+0000] {logging_mixin.py:190} INFO - [2025-04-22T10:04:56.187+0000] {dagbag.py:588} INFO - Filling up the DagBag from /opt/airflow/dags/minio_file_compression_and_email.py
[2025-04-22T10:04:56.221+0000] {processor.py:925} INFO - DAG(s) 'compress_file_on_upload' retrieved from /opt/airflow/dags/minio_file_compression_and_email.py
[2025-04-22T10:04:56.239+0000] {logging_mixin.py:190} INFO - [2025-04-22T10:04:56.239+0000] {dag.py:3239} INFO - Sync 1 DAGs
[2025-04-22T10:04:56.265+0000] {logging_mixin.py:190} INFO - [2025-04-22T10:04:56.265+0000] {dag.py:4180} INFO - Setting next_dagrun for compress_file_on_upload to None, run_after=None
[2025-04-22T10:04:56.298+0000] {processor.py:208} INFO - Processing /opt/airflow/dags/minio_file_compression_and_email.py took 0.123 seconds
[2025-04-22T10:05:00.566+0000] {processor.py:186} INFO - Started process (PID=1973) to work on /opt/airflow/dags/minio_file_compression_and_email.py
[2025-04-22T10:05:00.568+0000] {processor.py:914} INFO - Processing file /opt/airflow/dags/minio_file_compression_and_email.py for tasks to queue
[2025-04-22T10:05:00.570+0000] {logging_mixin.py:190} INFO - [2025-04-22T10:05:00.570+0000] {dagbag.py:588} INFO - Filling up the DagBag from /opt/airflow/dags/minio_file_compression_and_email.py
[2025-04-22T10:05:00.593+0000] {processor.py:925} INFO - DAG(s) 'compress_file_on_upload' retrieved from /opt/airflow/dags/minio_file_compression_and_email.py
[2025-04-22T10:05:00.611+0000] {logging_mixin.py:190} INFO - [2025-04-22T10:05:00.611+0000] {dag.py:3239} INFO - Sync 1 DAGs
[2025-04-22T10:05:00.643+0000] {logging_mixin.py:190} INFO - [2025-04-22T10:05:00.643+0000] {dag.py:4180} INFO - Setting next_dagrun for compress_file_on_upload to None, run_after=None
[2025-04-22T10:05:00.683+0000] {processor.py:208} INFO - Processing /opt/airflow/dags/minio_file_compression_and_email.py took 0.130 seconds
[2025-04-22T10:05:21.244+0000] {processor.py:186} INFO - Started process (PID=2031) to work on /opt/airflow/dags/minio_file_compression_and_email.py
[2025-04-22T10:05:21.246+0000] {processor.py:914} INFO - Processing file /opt/airflow/dags/minio_file_compression_and_email.py for tasks to queue
[2025-04-22T10:05:21.248+0000] {logging_mixin.py:190} INFO - [2025-04-22T10:05:21.247+0000] {dagbag.py:588} INFO - Filling up the DagBag from /opt/airflow/dags/minio_file_compression_and_email.py
[2025-04-22T10:05:21.266+0000] {processor.py:925} INFO - DAG(s) 'compress_file_on_upload' retrieved from /opt/airflow/dags/minio_file_compression_and_email.py
[2025-04-22T10:05:21.287+0000] {logging_mixin.py:190} INFO - [2025-04-22T10:05:21.286+0000] {dag.py:3239} INFO - Sync 1 DAGs
[2025-04-22T10:05:21.326+0000] {logging_mixin.py:190} INFO - [2025-04-22T10:05:21.326+0000] {dag.py:4180} INFO - Setting next_dagrun for compress_file_on_upload to None, run_after=None
[2025-04-22T10:05:21.363+0000] {processor.py:208} INFO - Processing /opt/airflow/dags/minio_file_compression_and_email.py took 0.128 seconds
[2025-04-22T10:05:51.565+0000] {processor.py:186} INFO - Started process (PID=2101) to work on /opt/airflow/dags/minio_file_compression_and_email.py
[2025-04-22T10:05:51.567+0000] {processor.py:914} INFO - Processing file /opt/airflow/dags/minio_file_compression_and_email.py for tasks to queue
[2025-04-22T10:05:51.571+0000] {logging_mixin.py:190} INFO - [2025-04-22T10:05:51.570+0000] {dagbag.py:588} INFO - Filling up the DagBag from /opt/airflow/dags/minio_file_compression_and_email.py
[2025-04-22T10:05:51.597+0000] {processor.py:925} INFO - DAG(s) 'compress_file_on_upload' retrieved from /opt/airflow/dags/minio_file_compression_and_email.py
[2025-04-22T10:05:51.820+0000] {logging_mixin.py:190} INFO - [2025-04-22T10:05:51.819+0000] {dag.py:3239} INFO - Sync 1 DAGs
[2025-04-22T10:05:51.850+0000] {logging_mixin.py:190} INFO - [2025-04-22T10:05:51.850+0000] {dag.py:4180} INFO - Setting next_dagrun for compress_file_on_upload to None, run_after=None
[2025-04-22T10:05:51.890+0000] {processor.py:208} INFO - Processing /opt/airflow/dags/minio_file_compression_and_email.py took 0.337 seconds
[2025-04-22T10:06:22.766+0000] {processor.py:186} INFO - Started process (PID=2171) to work on /opt/airflow/dags/minio_file_compression_and_email.py
[2025-04-22T10:06:22.769+0000] {processor.py:914} INFO - Processing file /opt/airflow/dags/minio_file_compression_and_email.py for tasks to queue
[2025-04-22T10:06:22.772+0000] {logging_mixin.py:190} INFO - [2025-04-22T10:06:22.771+0000] {dagbag.py:588} INFO - Filling up the DagBag from /opt/airflow/dags/minio_file_compression_and_email.py
[2025-04-22T10:06:22.802+0000] {processor.py:925} INFO - DAG(s) 'compress_file_on_upload' retrieved from /opt/airflow/dags/minio_file_compression_and_email.py
[2025-04-22T10:06:22.845+0000] {logging_mixin.py:190} INFO - [2025-04-22T10:06:22.845+0000] {dag.py:3239} INFO - Sync 1 DAGs
[2025-04-22T10:06:22.872+0000] {logging_mixin.py:190} INFO - [2025-04-22T10:06:22.872+0000] {dag.py:4180} INFO - Setting next_dagrun for compress_file_on_upload to None, run_after=None
[2025-04-22T10:06:22.902+0000] {processor.py:208} INFO - Processing /opt/airflow/dags/minio_file_compression_and_email.py took 0.144 seconds
[2025-04-22T10:06:52.980+0000] {processor.py:186} INFO - Started process (PID=2247) to work on /opt/airflow/dags/minio_file_compression_and_email.py
[2025-04-22T10:06:52.981+0000] {processor.py:914} INFO - Processing file /opt/airflow/dags/minio_file_compression_and_email.py for tasks to queue
[2025-04-22T10:06:52.983+0000] {logging_mixin.py:190} INFO - [2025-04-22T10:06:52.983+0000] {dagbag.py:588} INFO - Filling up the DagBag from /opt/airflow/dags/minio_file_compression_and_email.py
[2025-04-22T10:06:53.002+0000] {processor.py:925} INFO - DAG(s) 'compress_file_on_upload' retrieved from /opt/airflow/dags/minio_file_compression_and_email.py
[2025-04-22T10:06:53.033+0000] {logging_mixin.py:190} INFO - [2025-04-22T10:06:53.032+0000] {dag.py:3239} INFO - Sync 1 DAGs
[2025-04-22T10:06:53.061+0000] {logging_mixin.py:190} INFO - [2025-04-22T10:06:53.061+0000] {dag.py:4180} INFO - Setting next_dagrun for compress_file_on_upload to None, run_after=None
[2025-04-22T10:06:53.092+0000] {processor.py:208} INFO - Processing /opt/airflow/dags/minio_file_compression_and_email.py took 0.120 seconds
[2025-04-22T10:07:23.223+0000] {processor.py:186} INFO - Started process (PID=2316) to work on /opt/airflow/dags/minio_file_compression_and_email.py
[2025-04-22T10:07:23.225+0000] {processor.py:914} INFO - Processing file /opt/airflow/dags/minio_file_compression_and_email.py for tasks to queue
[2025-04-22T10:07:23.228+0000] {logging_mixin.py:190} INFO - [2025-04-22T10:07:23.227+0000] {dagbag.py:588} INFO - Filling up the DagBag from /opt/airflow/dags/minio_file_compression_and_email.py
[2025-04-22T10:07:23.253+0000] {processor.py:925} INFO - DAG(s) 'compress_file_on_upload' retrieved from /opt/airflow/dags/minio_file_compression_and_email.py
[2025-04-22T10:07:23.285+0000] {logging_mixin.py:190} INFO - [2025-04-22T10:07:23.284+0000] {dag.py:3239} INFO - Sync 1 DAGs
[2025-04-22T10:07:23.320+0000] {logging_mixin.py:190} INFO - [2025-04-22T10:07:23.319+0000] {dag.py:4180} INFO - Setting next_dagrun for compress_file_on_upload to None, run_after=None
[2025-04-22T10:07:23.349+0000] {processor.py:208} INFO - Processing /opt/airflow/dags/minio_file_compression_and_email.py took 0.139 seconds
[2025-04-22T10:07:53.625+0000] {processor.py:186} INFO - Started process (PID=2385) to work on /opt/airflow/dags/minio_file_compression_and_email.py
[2025-04-22T10:07:53.627+0000] {processor.py:914} INFO - Processing file /opt/airflow/dags/minio_file_compression_and_email.py for tasks to queue
[2025-04-22T10:07:53.630+0000] {logging_mixin.py:190} INFO - [2025-04-22T10:07:53.629+0000] {dagbag.py:588} INFO - Filling up the DagBag from /opt/airflow/dags/minio_file_compression_and_email.py
[2025-04-22T10:07:53.658+0000] {processor.py:925} INFO - DAG(s) 'compress_file_on_upload' retrieved from /opt/airflow/dags/minio_file_compression_and_email.py
[2025-04-22T10:07:53.693+0000] {logging_mixin.py:190} INFO - [2025-04-22T10:07:53.693+0000] {dag.py:3239} INFO - Sync 1 DAGs
[2025-04-22T10:07:53.717+0000] {logging_mixin.py:190} INFO - [2025-04-22T10:07:53.717+0000] {dag.py:4180} INFO - Setting next_dagrun for compress_file_on_upload to None, run_after=None
[2025-04-22T10:07:53.751+0000] {processor.py:208} INFO - Processing /opt/airflow/dags/minio_file_compression_and_email.py took 0.141 seconds
[2025-04-22T10:08:24.576+0000] {processor.py:186} INFO - Started process (PID=2455) to work on /opt/airflow/dags/minio_file_compression_and_email.py
[2025-04-22T10:08:24.577+0000] {processor.py:914} INFO - Processing file /opt/airflow/dags/minio_file_compression_and_email.py for tasks to queue
[2025-04-22T10:08:24.578+0000] {logging_mixin.py:190} INFO - [2025-04-22T10:08:24.578+0000] {dagbag.py:588} INFO - Filling up the DagBag from /opt/airflow/dags/minio_file_compression_and_email.py
[2025-04-22T10:08:24.589+0000] {processor.py:925} INFO - DAG(s) 'compress_file_on_upload' retrieved from /opt/airflow/dags/minio_file_compression_and_email.py
[2025-04-22T10:08:24.609+0000] {logging_mixin.py:190} INFO - [2025-04-22T10:08:24.609+0000] {dag.py:3239} INFO - Sync 1 DAGs
[2025-04-22T10:08:24.624+0000] {logging_mixin.py:190} INFO - [2025-04-22T10:08:24.624+0000] {dag.py:4180} INFO - Setting next_dagrun for compress_file_on_upload to None, run_after=None
[2025-04-22T10:08:24.644+0000] {processor.py:208} INFO - Processing /opt/airflow/dags/minio_file_compression_and_email.py took 0.072 seconds
[2025-04-22T10:08:55.454+0000] {processor.py:186} INFO - Started process (PID=2525) to work on /opt/airflow/dags/minio_file_compression_and_email.py
[2025-04-22T10:08:55.455+0000] {processor.py:914} INFO - Processing file /opt/airflow/dags/minio_file_compression_and_email.py for tasks to queue
[2025-04-22T10:08:55.457+0000] {logging_mixin.py:190} INFO - [2025-04-22T10:08:55.457+0000] {dagbag.py:588} INFO - Filling up the DagBag from /opt/airflow/dags/minio_file_compression_and_email.py
[2025-04-22T10:08:55.474+0000] {processor.py:925} INFO - DAG(s) 'compress_file_on_upload' retrieved from /opt/airflow/dags/minio_file_compression_and_email.py
[2025-04-22T10:08:55.507+0000] {logging_mixin.py:190} INFO - [2025-04-22T10:08:55.507+0000] {dag.py:3239} INFO - Sync 1 DAGs
[2025-04-22T10:08:55.529+0000] {logging_mixin.py:190} INFO - [2025-04-22T10:08:55.529+0000] {dag.py:4180} INFO - Setting next_dagrun for compress_file_on_upload to None, run_after=None
[2025-04-22T10:08:55.565+0000] {processor.py:208} INFO - Processing /opt/airflow/dags/minio_file_compression_and_email.py took 0.119 seconds
[2025-04-22T10:09:26.686+0000] {processor.py:186} INFO - Started process (PID=2594) to work on /opt/airflow/dags/minio_file_compression_and_email.py
[2025-04-22T10:09:26.687+0000] {processor.py:914} INFO - Processing file /opt/airflow/dags/minio_file_compression_and_email.py for tasks to queue
[2025-04-22T10:09:26.690+0000] {logging_mixin.py:190} INFO - [2025-04-22T10:09:26.689+0000] {dagbag.py:588} INFO - Filling up the DagBag from /opt/airflow/dags/minio_file_compression_and_email.py
[2025-04-22T10:09:26.717+0000] {processor.py:925} INFO - DAG(s) 'compress_file_on_upload' retrieved from /opt/airflow/dags/minio_file_compression_and_email.py
[2025-04-22T10:09:26.758+0000] {logging_mixin.py:190} INFO - [2025-04-22T10:09:26.757+0000] {dag.py:3239} INFO - Sync 1 DAGs
[2025-04-22T10:09:26.790+0000] {logging_mixin.py:190} INFO - [2025-04-22T10:09:26.790+0000] {dag.py:4180} INFO - Setting next_dagrun for compress_file_on_upload to None, run_after=None
[2025-04-22T10:09:26.829+0000] {processor.py:208} INFO - Processing /opt/airflow/dags/minio_file_compression_and_email.py took 0.154 seconds
[2025-04-22T10:09:42.738+0000] {processor.py:186} INFO - Started process (PID=2614) to work on /opt/airflow/dags/minio_file_compression_and_email.py
[2025-04-22T10:09:42.740+0000] {processor.py:914} INFO - Processing file /opt/airflow/dags/minio_file_compression_and_email.py for tasks to queue
[2025-04-22T10:09:42.742+0000] {logging_mixin.py:190} INFO - [2025-04-22T10:09:42.741+0000] {dagbag.py:588} INFO - Filling up the DagBag from /opt/airflow/dags/minio_file_compression_and_email.py
[2025-04-22T10:09:42.777+0000] {processor.py:925} INFO - DAG(s) 'compress_file_on_upload' retrieved from /opt/airflow/dags/minio_file_compression_and_email.py
[2025-04-22T10:09:43.032+0000] {logging_mixin.py:190} INFO - [2025-04-22T10:09:43.031+0000] {dag.py:3239} INFO - Sync 1 DAGs
[2025-04-22T10:09:43.052+0000] {logging_mixin.py:190} INFO - [2025-04-22T10:09:43.051+0000] {dag.py:4180} INFO - Setting next_dagrun for compress_file_on_upload to None, run_after=None
[2025-04-22T10:09:43.087+0000] {processor.py:208} INFO - Processing /opt/airflow/dags/minio_file_compression_and_email.py took 0.361 seconds
[2025-04-22T10:09:43.333+0000] {processor.py:186} INFO - Started process (PID=2618) to work on /opt/airflow/dags/minio_file_compression_and_email.py
[2025-04-22T10:09:43.335+0000] {processor.py:914} INFO - Processing file /opt/airflow/dags/minio_file_compression_and_email.py for tasks to queue
[2025-04-22T10:09:43.337+0000] {logging_mixin.py:190} INFO - [2025-04-22T10:09:43.337+0000] {dagbag.py:588} INFO - Filling up the DagBag from /opt/airflow/dags/minio_file_compression_and_email.py
[2025-04-22T10:09:43.365+0000] {processor.py:925} INFO - DAG(s) 'compress_file_on_upload' retrieved from /opt/airflow/dags/minio_file_compression_and_email.py
[2025-04-22T10:09:43.388+0000] {logging_mixin.py:190} INFO - [2025-04-22T10:09:43.387+0000] {dag.py:3239} INFO - Sync 1 DAGs
[2025-04-22T10:09:43.411+0000] {logging_mixin.py:190} INFO - [2025-04-22T10:09:43.411+0000] {dag.py:4180} INFO - Setting next_dagrun for compress_file_on_upload to None, run_after=None
[2025-04-22T10:09:43.450+0000] {processor.py:208} INFO - Processing /opt/airflow/dags/minio_file_compression_and_email.py took 0.129 seconds
[2025-04-22T10:09:52.028+0000] {processor.py:186} INFO - Started process (PID=2654) to work on /opt/airflow/dags/minio_file_compression_and_email.py
[2025-04-22T10:09:52.030+0000] {processor.py:914} INFO - Processing file /opt/airflow/dags/minio_file_compression_and_email.py for tasks to queue
[2025-04-22T10:09:52.033+0000] {logging_mixin.py:190} INFO - [2025-04-22T10:09:52.032+0000] {dagbag.py:588} INFO - Filling up the DagBag from /opt/airflow/dags/minio_file_compression_and_email.py
[2025-04-22T10:09:52.067+0000] {processor.py:925} INFO - DAG(s) 'compress_file_on_upload' retrieved from /opt/airflow/dags/minio_file_compression_and_email.py
[2025-04-22T10:09:52.096+0000] {logging_mixin.py:190} INFO - [2025-04-22T10:09:52.096+0000] {dag.py:3239} INFO - Sync 1 DAGs
[2025-04-22T10:09:52.125+0000] {logging_mixin.py:190} INFO - [2025-04-22T10:09:52.124+0000] {dag.py:4180} INFO - Setting next_dagrun for compress_file_on_upload to None, run_after=None
[2025-04-22T10:09:52.172+0000] {processor.py:208} INFO - Processing /opt/airflow/dags/minio_file_compression_and_email.py took 0.156 seconds
[2025-04-22T10:09:53.204+0000] {processor.py:186} INFO - Started process (PID=2655) to work on /opt/airflow/dags/minio_file_compression_and_email.py
[2025-04-22T10:09:53.206+0000] {processor.py:914} INFO - Processing file /opt/airflow/dags/minio_file_compression_and_email.py for tasks to queue
[2025-04-22T10:09:53.209+0000] {logging_mixin.py:190} INFO - [2025-04-22T10:09:53.208+0000] {dagbag.py:588} INFO - Filling up the DagBag from /opt/airflow/dags/minio_file_compression_and_email.py
[2025-04-22T10:09:53.235+0000] {processor.py:925} INFO - DAG(s) 'compress_file_on_upload' retrieved from /opt/airflow/dags/minio_file_compression_and_email.py
[2025-04-22T10:09:53.259+0000] {logging_mixin.py:190} INFO - [2025-04-22T10:09:53.258+0000] {dag.py:3239} INFO - Sync 1 DAGs
[2025-04-22T10:09:53.292+0000] {logging_mixin.py:190} INFO - [2025-04-22T10:09:53.291+0000] {dag.py:4180} INFO - Setting next_dagrun for compress_file_on_upload to None, run_after=None
[2025-04-22T10:09:53.332+0000] {processor.py:208} INFO - Processing /opt/airflow/dags/minio_file_compression_and_email.py took 0.139 seconds
[2025-04-22T10:10:24.233+0000] {processor.py:186} INFO - Started process (PID=2731) to work on /opt/airflow/dags/minio_file_compression_and_email.py
[2025-04-22T10:10:24.234+0000] {processor.py:914} INFO - Processing file /opt/airflow/dags/minio_file_compression_and_email.py for tasks to queue
[2025-04-22T10:10:24.236+0000] {logging_mixin.py:190} INFO - [2025-04-22T10:10:24.236+0000] {dagbag.py:588} INFO - Filling up the DagBag from /opt/airflow/dags/minio_file_compression_and_email.py
[2025-04-22T10:10:24.258+0000] {processor.py:925} INFO - DAG(s) 'compress_file_on_upload' retrieved from /opt/airflow/dags/minio_file_compression_and_email.py
[2025-04-22T10:10:25.025+0000] {logging_mixin.py:190} INFO - [2025-04-22T10:10:25.024+0000] {dag.py:3239} INFO - Sync 1 DAGs
[2025-04-22T10:10:25.049+0000] {logging_mixin.py:190} INFO - [2025-04-22T10:10:25.049+0000] {dag.py:4180} INFO - Setting next_dagrun for compress_file_on_upload to None, run_after=None
[2025-04-22T10:10:25.090+0000] {processor.py:208} INFO - Processing /opt/airflow/dags/minio_file_compression_and_email.py took 0.866 seconds
[2025-04-22T10:10:55.196+0000] {processor.py:186} INFO - Started process (PID=2803) to work on /opt/airflow/dags/minio_file_compression_and_email.py
[2025-04-22T10:10:55.197+0000] {processor.py:914} INFO - Processing file /opt/airflow/dags/minio_file_compression_and_email.py for tasks to queue
[2025-04-22T10:10:55.199+0000] {logging_mixin.py:190} INFO - [2025-04-22T10:10:55.198+0000] {dagbag.py:588} INFO - Filling up the DagBag from /opt/airflow/dags/minio_file_compression_and_email.py
[2025-04-22T10:10:55.219+0000] {processor.py:925} INFO - DAG(s) 'compress_file_on_upload' retrieved from /opt/airflow/dags/minio_file_compression_and_email.py
[2025-04-22T10:10:55.257+0000] {logging_mixin.py:190} INFO - [2025-04-22T10:10:55.257+0000] {dag.py:3239} INFO - Sync 1 DAGs
[2025-04-22T10:10:55.288+0000] {logging_mixin.py:190} INFO - [2025-04-22T10:10:55.287+0000] {dag.py:4180} INFO - Setting next_dagrun for compress_file_on_upload to None, run_after=None
[2025-04-22T10:10:55.322+0000] {processor.py:208} INFO - Processing /opt/airflow/dags/minio_file_compression_and_email.py took 0.138 seconds
[2025-04-22T10:11:26.065+0000] {processor.py:186} INFO - Started process (PID=2871) to work on /opt/airflow/dags/minio_file_compression_and_email.py
[2025-04-22T10:11:26.067+0000] {processor.py:914} INFO - Processing file /opt/airflow/dags/minio_file_compression_and_email.py for tasks to queue
[2025-04-22T10:11:26.070+0000] {logging_mixin.py:190} INFO - [2025-04-22T10:11:26.069+0000] {dagbag.py:588} INFO - Filling up the DagBag from /opt/airflow/dags/minio_file_compression_and_email.py
[2025-04-22T10:11:26.092+0000] {processor.py:925} INFO - DAG(s) 'compress_file_on_upload' retrieved from /opt/airflow/dags/minio_file_compression_and_email.py
[2025-04-22T10:11:26.129+0000] {logging_mixin.py:190} INFO - [2025-04-22T10:11:26.129+0000] {dag.py:3239} INFO - Sync 1 DAGs
[2025-04-22T10:11:26.152+0000] {logging_mixin.py:190} INFO - [2025-04-22T10:11:26.152+0000] {dag.py:4180} INFO - Setting next_dagrun for compress_file_on_upload to None, run_after=None
[2025-04-22T10:11:26.180+0000] {processor.py:208} INFO - Processing /opt/airflow/dags/minio_file_compression_and_email.py took 0.129 seconds
[2025-04-22T10:11:56.487+0000] {processor.py:186} INFO - Started process (PID=2941) to work on /opt/airflow/dags/minio_file_compression_and_email.py
[2025-04-22T10:11:56.489+0000] {processor.py:914} INFO - Processing file /opt/airflow/dags/minio_file_compression_and_email.py for tasks to queue
[2025-04-22T10:11:56.491+0000] {logging_mixin.py:190} INFO - [2025-04-22T10:11:56.490+0000] {dagbag.py:588} INFO - Filling up the DagBag from /opt/airflow/dags/minio_file_compression_and_email.py
[2025-04-22T10:11:56.516+0000] {processor.py:925} INFO - DAG(s) 'compress_file_on_upload' retrieved from /opt/airflow/dags/minio_file_compression_and_email.py
[2025-04-22T10:11:56.557+0000] {logging_mixin.py:190} INFO - [2025-04-22T10:11:56.556+0000] {dag.py:3239} INFO - Sync 1 DAGs
[2025-04-22T10:11:56.585+0000] {logging_mixin.py:190} INFO - [2025-04-22T10:11:56.585+0000] {dag.py:4180} INFO - Setting next_dagrun for compress_file_on_upload to None, run_after=None
[2025-04-22T10:11:56.621+0000] {processor.py:208} INFO - Processing /opt/airflow/dags/minio_file_compression_and_email.py took 0.146 seconds
[2025-04-22T10:12:27.232+0000] {processor.py:186} INFO - Started process (PID=3011) to work on /opt/airflow/dags/minio_file_compression_and_email.py
[2025-04-22T10:12:27.234+0000] {processor.py:914} INFO - Processing file /opt/airflow/dags/minio_file_compression_and_email.py for tasks to queue
[2025-04-22T10:12:27.236+0000] {logging_mixin.py:190} INFO - [2025-04-22T10:12:27.235+0000] {dagbag.py:588} INFO - Filling up the DagBag from /opt/airflow/dags/minio_file_compression_and_email.py
[2025-04-22T10:12:27.255+0000] {processor.py:925} INFO - DAG(s) 'compress_file_on_upload' retrieved from /opt/airflow/dags/minio_file_compression_and_email.py
[2025-04-22T10:12:27.291+0000] {logging_mixin.py:190} INFO - [2025-04-22T10:12:27.291+0000] {dag.py:3239} INFO - Sync 1 DAGs
[2025-04-22T10:12:27.331+0000] {logging_mixin.py:190} INFO - [2025-04-22T10:12:27.330+0000] {dag.py:4180} INFO - Setting next_dagrun for compress_file_on_upload to None, run_after=None
[2025-04-22T10:12:27.687+0000] {processor.py:208} INFO - Processing /opt/airflow/dags/minio_file_compression_and_email.py took 0.463 seconds
[2025-04-22T10:12:57.858+0000] {processor.py:186} INFO - Started process (PID=3081) to work on /opt/airflow/dags/minio_file_compression_and_email.py
[2025-04-22T10:12:57.860+0000] {processor.py:914} INFO - Processing file /opt/airflow/dags/minio_file_compression_and_email.py for tasks to queue
[2025-04-22T10:12:57.863+0000] {logging_mixin.py:190} INFO - [2025-04-22T10:12:57.862+0000] {dagbag.py:588} INFO - Filling up the DagBag from /opt/airflow/dags/minio_file_compression_and_email.py
[2025-04-22T10:12:57.891+0000] {processor.py:925} INFO - DAG(s) 'compress_file_on_upload' retrieved from /opt/airflow/dags/minio_file_compression_and_email.py
[2025-04-22T10:12:57.939+0000] {logging_mixin.py:190} INFO - [2025-04-22T10:12:57.938+0000] {dag.py:3239} INFO - Sync 1 DAGs
[2025-04-22T10:12:57.971+0000] {logging_mixin.py:190} INFO - [2025-04-22T10:12:57.970+0000] {dag.py:4180} INFO - Setting next_dagrun for compress_file_on_upload to None, run_after=None
[2025-04-22T10:12:58.014+0000] {processor.py:208} INFO - Processing /opt/airflow/dags/minio_file_compression_and_email.py took 0.164 seconds
[2025-04-22T10:13:28.633+0000] {processor.py:186} INFO - Started process (PID=3151) to work on /opt/airflow/dags/minio_file_compression_and_email.py
[2025-04-22T10:13:28.636+0000] {processor.py:914} INFO - Processing file /opt/airflow/dags/minio_file_compression_and_email.py for tasks to queue
[2025-04-22T10:13:28.639+0000] {logging_mixin.py:190} INFO - [2025-04-22T10:13:28.638+0000] {dagbag.py:588} INFO - Filling up the DagBag from /opt/airflow/dags/minio_file_compression_and_email.py
[2025-04-22T10:13:28.659+0000] {processor.py:925} INFO - DAG(s) 'compress_file_on_upload' retrieved from /opt/airflow/dags/minio_file_compression_and_email.py
[2025-04-22T10:13:28.711+0000] {logging_mixin.py:190} INFO - [2025-04-22T10:13:28.710+0000] {dag.py:3239} INFO - Sync 1 DAGs
[2025-04-22T10:13:28.750+0000] {logging_mixin.py:190} INFO - [2025-04-22T10:13:28.749+0000] {dag.py:4180} INFO - Setting next_dagrun for compress_file_on_upload to None, run_after=None
[2025-04-22T10:13:28.790+0000] {processor.py:208} INFO - Processing /opt/airflow/dags/minio_file_compression_and_email.py took 0.169 seconds
[2025-04-22T10:13:59.162+0000] {processor.py:186} INFO - Started process (PID=3221) to work on /opt/airflow/dags/minio_file_compression_and_email.py
[2025-04-22T10:13:59.163+0000] {processor.py:914} INFO - Processing file /opt/airflow/dags/minio_file_compression_and_email.py for tasks to queue
[2025-04-22T10:13:59.166+0000] {logging_mixin.py:190} INFO - [2025-04-22T10:13:59.166+0000] {dagbag.py:588} INFO - Filling up the DagBag from /opt/airflow/dags/minio_file_compression_and_email.py
[2025-04-22T10:13:59.185+0000] {processor.py:925} INFO - DAG(s) 'compress_file_on_upload' retrieved from /opt/airflow/dags/minio_file_compression_and_email.py
[2025-04-22T10:13:59.218+0000] {logging_mixin.py:190} INFO - [2025-04-22T10:13:59.218+0000] {dag.py:3239} INFO - Sync 1 DAGs
[2025-04-22T10:13:59.247+0000] {logging_mixin.py:190} INFO - [2025-04-22T10:13:59.246+0000] {dag.py:4180} INFO - Setting next_dagrun for compress_file_on_upload to None, run_after=None
[2025-04-22T10:13:59.284+0000] {processor.py:208} INFO - Processing /opt/airflow/dags/minio_file_compression_and_email.py took 0.132 seconds
[2025-04-22T10:14:29.767+0000] {processor.py:186} INFO - Started process (PID=3291) to work on /opt/airflow/dags/minio_file_compression_and_email.py
[2025-04-22T10:14:29.768+0000] {processor.py:914} INFO - Processing file /opt/airflow/dags/minio_file_compression_and_email.py for tasks to queue
[2025-04-22T10:14:29.770+0000] {logging_mixin.py:190} INFO - [2025-04-22T10:14:29.769+0000] {dagbag.py:588} INFO - Filling up the DagBag from /opt/airflow/dags/minio_file_compression_and_email.py
[2025-04-22T10:14:30.008+0000] {processor.py:925} INFO - DAG(s) 'compress_file_on_upload' retrieved from /opt/airflow/dags/minio_file_compression_and_email.py
[2025-04-22T10:14:30.029+0000] {logging_mixin.py:190} INFO - [2025-04-22T10:14:30.028+0000] {dag.py:3239} INFO - Sync 1 DAGs
[2025-04-22T10:14:30.043+0000] {logging_mixin.py:190} INFO - [2025-04-22T10:14:30.043+0000] {dag.py:4180} INFO - Setting next_dagrun for compress_file_on_upload to None, run_after=None
[2025-04-22T10:14:30.064+0000] {processor.py:208} INFO - Processing /opt/airflow/dags/minio_file_compression_and_email.py took 0.302 seconds
[2025-04-22T10:15:00.854+0000] {processor.py:186} INFO - Started process (PID=3361) to work on /opt/airflow/dags/minio_file_compression_and_email.py
[2025-04-22T10:15:00.855+0000] {processor.py:914} INFO - Processing file /opt/airflow/dags/minio_file_compression_and_email.py for tasks to queue
[2025-04-22T10:15:00.856+0000] {logging_mixin.py:190} INFO - [2025-04-22T10:15:00.856+0000] {dagbag.py:588} INFO - Filling up the DagBag from /opt/airflow/dags/minio_file_compression_and_email.py
[2025-04-22T10:15:00.867+0000] {processor.py:925} INFO - DAG(s) 'compress_file_on_upload' retrieved from /opt/airflow/dags/minio_file_compression_and_email.py
[2025-04-22T10:15:00.887+0000] {logging_mixin.py:190} INFO - [2025-04-22T10:15:00.887+0000] {dag.py:3239} INFO - Sync 1 DAGs
[2025-04-22T10:15:00.902+0000] {logging_mixin.py:190} INFO - [2025-04-22T10:15:00.901+0000] {dag.py:4180} INFO - Setting next_dagrun for compress_file_on_upload to None, run_after=None
[2025-04-22T10:15:00.923+0000] {processor.py:208} INFO - Processing /opt/airflow/dags/minio_file_compression_and_email.py took 0.074 seconds
[2025-04-22T10:15:31.443+0000] {processor.py:186} INFO - Started process (PID=3431) to work on /opt/airflow/dags/minio_file_compression_and_email.py
[2025-04-22T10:15:31.444+0000] {processor.py:914} INFO - Processing file /opt/airflow/dags/minio_file_compression_and_email.py for tasks to queue
[2025-04-22T10:15:31.446+0000] {logging_mixin.py:190} INFO - [2025-04-22T10:15:31.446+0000] {dagbag.py:588} INFO - Filling up the DagBag from /opt/airflow/dags/minio_file_compression_and_email.py
[2025-04-22T10:15:31.468+0000] {processor.py:925} INFO - DAG(s) 'compress_file_on_upload' retrieved from /opt/airflow/dags/minio_file_compression_and_email.py
[2025-04-22T10:15:31.498+0000] {logging_mixin.py:190} INFO - [2025-04-22T10:15:31.498+0000] {dag.py:3239} INFO - Sync 1 DAGs
[2025-04-22T10:15:31.518+0000] {logging_mixin.py:190} INFO - [2025-04-22T10:15:31.518+0000] {dag.py:4180} INFO - Setting next_dagrun for compress_file_on_upload to None, run_after=None
[2025-04-22T10:15:31.546+0000] {processor.py:208} INFO - Processing /opt/airflow/dags/minio_file_compression_and_email.py took 0.112 seconds
[2025-04-22T10:16:01.647+0000] {processor.py:186} INFO - Started process (PID=3501) to work on /opt/airflow/dags/minio_file_compression_and_email.py
[2025-04-22T10:16:01.649+0000] {processor.py:914} INFO - Processing file /opt/airflow/dags/minio_file_compression_and_email.py for tasks to queue
[2025-04-22T10:16:01.652+0000] {logging_mixin.py:190} INFO - [2025-04-22T10:16:01.652+0000] {dagbag.py:588} INFO - Filling up the DagBag from /opt/airflow/dags/minio_file_compression_and_email.py
[2025-04-22T10:16:01.671+0000] {processor.py:925} INFO - DAG(s) 'compress_file_on_upload' retrieved from /opt/airflow/dags/minio_file_compression_and_email.py
[2025-04-22T10:16:01.715+0000] {logging_mixin.py:190} INFO - [2025-04-22T10:16:01.714+0000] {dag.py:3239} INFO - Sync 1 DAGs
[2025-04-22T10:16:01.743+0000] {logging_mixin.py:190} INFO - [2025-04-22T10:16:01.743+0000] {dag.py:4180} INFO - Setting next_dagrun for compress_file_on_upload to None, run_after=None
[2025-04-22T10:16:01.780+0000] {processor.py:208} INFO - Processing /opt/airflow/dags/minio_file_compression_and_email.py took 0.145 seconds
[2025-04-22T10:16:31.850+0000] {processor.py:186} INFO - Started process (PID=3571) to work on /opt/airflow/dags/minio_file_compression_and_email.py
[2025-04-22T10:16:31.852+0000] {processor.py:914} INFO - Processing file /opt/airflow/dags/minio_file_compression_and_email.py for tasks to queue
[2025-04-22T10:16:31.855+0000] {logging_mixin.py:190} INFO - [2025-04-22T10:16:31.854+0000] {dagbag.py:588} INFO - Filling up the DagBag from /opt/airflow/dags/minio_file_compression_and_email.py
[2025-04-22T10:16:31.881+0000] {processor.py:925} INFO - DAG(s) 'compress_file_on_upload' retrieved from /opt/airflow/dags/minio_file_compression_and_email.py
[2025-04-22T10:16:31.916+0000] {logging_mixin.py:190} INFO - [2025-04-22T10:16:31.915+0000] {dag.py:3239} INFO - Sync 1 DAGs
[2025-04-22T10:16:31.952+0000] {logging_mixin.py:190} INFO - [2025-04-22T10:16:31.951+0000] {dag.py:4180} INFO - Setting next_dagrun for compress_file_on_upload to None, run_after=None
[2025-04-22T10:16:31.988+0000] {processor.py:208} INFO - Processing /opt/airflow/dags/minio_file_compression_and_email.py took 0.147 seconds
[2025-04-22T10:17:02.245+0000] {processor.py:186} INFO - Started process (PID=3637) to work on /opt/airflow/dags/minio_file_compression_and_email.py
[2025-04-22T10:17:02.247+0000] {processor.py:914} INFO - Processing file /opt/airflow/dags/minio_file_compression_and_email.py for tasks to queue
[2025-04-22T10:17:02.250+0000] {logging_mixin.py:190} INFO - [2025-04-22T10:17:02.249+0000] {dagbag.py:588} INFO - Filling up the DagBag from /opt/airflow/dags/minio_file_compression_and_email.py
[2025-04-22T10:17:02.276+0000] {processor.py:925} INFO - DAG(s) 'compress_file_on_upload' retrieved from /opt/airflow/dags/minio_file_compression_and_email.py
[2025-04-22T10:17:02.322+0000] {logging_mixin.py:190} INFO - [2025-04-22T10:17:02.321+0000] {dag.py:3239} INFO - Sync 1 DAGs
[2025-04-22T10:17:02.352+0000] {logging_mixin.py:190} INFO - [2025-04-22T10:17:02.351+0000] {dag.py:4180} INFO - Setting next_dagrun for compress_file_on_upload to None, run_after=None
[2025-04-22T10:17:02.381+0000] {processor.py:208} INFO - Processing /opt/airflow/dags/minio_file_compression_and_email.py took 0.149 seconds
[2025-04-22T10:17:32.682+0000] {processor.py:186} INFO - Started process (PID=3707) to work on /opt/airflow/dags/minio_file_compression_and_email.py
[2025-04-22T10:17:32.684+0000] {processor.py:914} INFO - Processing file /opt/airflow/dags/minio_file_compression_and_email.py for tasks to queue
[2025-04-22T10:17:32.686+0000] {logging_mixin.py:190} INFO - [2025-04-22T10:17:32.686+0000] {dagbag.py:588} INFO - Filling up the DagBag from /opt/airflow/dags/minio_file_compression_and_email.py
[2025-04-22T10:17:32.703+0000] {processor.py:925} INFO - DAG(s) 'compress_file_on_upload' retrieved from /opt/airflow/dags/minio_file_compression_and_email.py
[2025-04-22T10:17:32.732+0000] {logging_mixin.py:190} INFO - [2025-04-22T10:17:32.732+0000] {dag.py:3239} INFO - Sync 1 DAGs
[2025-04-22T10:17:32.756+0000] {logging_mixin.py:190} INFO - [2025-04-22T10:17:32.755+0000] {dag.py:4180} INFO - Setting next_dagrun for compress_file_on_upload to None, run_after=None
[2025-04-22T10:17:32.784+0000] {processor.py:208} INFO - Processing /opt/airflow/dags/minio_file_compression_and_email.py took 0.110 seconds
[2025-04-22T10:18:03.011+0000] {processor.py:186} INFO - Started process (PID=3771) to work on /opt/airflow/dags/minio_file_compression_and_email.py
[2025-04-22T10:18:03.013+0000] {processor.py:914} INFO - Processing file /opt/airflow/dags/minio_file_compression_and_email.py for tasks to queue
[2025-04-22T10:18:03.016+0000] {logging_mixin.py:190} INFO - [2025-04-22T10:18:03.016+0000] {dagbag.py:588} INFO - Filling up the DagBag from /opt/airflow/dags/minio_file_compression_and_email.py
[2025-04-22T10:18:03.038+0000] {processor.py:925} INFO - DAG(s) 'compress_file_on_upload' retrieved from /opt/airflow/dags/minio_file_compression_and_email.py
[2025-04-22T10:18:03.086+0000] {logging_mixin.py:190} INFO - [2025-04-22T10:18:03.085+0000] {dag.py:3239} INFO - Sync 1 DAGs
[2025-04-22T10:18:03.117+0000] {logging_mixin.py:190} INFO - [2025-04-22T10:18:03.116+0000] {dag.py:4180} INFO - Setting next_dagrun for compress_file_on_upload to None, run_after=None
[2025-04-22T10:18:03.155+0000] {processor.py:208} INFO - Processing /opt/airflow/dags/minio_file_compression_and_email.py took 0.158 seconds
[2025-04-22T10:18:33.347+0000] {processor.py:186} INFO - Started process (PID=3841) to work on /opt/airflow/dags/minio_file_compression_and_email.py
[2025-04-22T10:18:33.349+0000] {processor.py:914} INFO - Processing file /opt/airflow/dags/minio_file_compression_and_email.py for tasks to queue
[2025-04-22T10:18:33.351+0000] {logging_mixin.py:190} INFO - [2025-04-22T10:18:33.351+0000] {dagbag.py:588} INFO - Filling up the DagBag from /opt/airflow/dags/minio_file_compression_and_email.py
[2025-04-22T10:18:33.367+0000] {processor.py:925} INFO - DAG(s) 'compress_file_on_upload' retrieved from /opt/airflow/dags/minio_file_compression_and_email.py
[2025-04-22T10:18:33.395+0000] {logging_mixin.py:190} INFO - [2025-04-22T10:18:33.394+0000] {dag.py:3239} INFO - Sync 1 DAGs
[2025-04-22T10:18:33.416+0000] {logging_mixin.py:190} INFO - [2025-04-22T10:18:33.416+0000] {dag.py:4180} INFO - Setting next_dagrun for compress_file_on_upload to None, run_after=None
[2025-04-22T10:18:33.445+0000] {processor.py:208} INFO - Processing /opt/airflow/dags/minio_file_compression_and_email.py took 0.105 seconds
[2025-04-22T10:19:03.717+0000] {processor.py:186} INFO - Started process (PID=3911) to work on /opt/airflow/dags/minio_file_compression_and_email.py
[2025-04-22T10:19:03.719+0000] {processor.py:914} INFO - Processing file /opt/airflow/dags/minio_file_compression_and_email.py for tasks to queue
[2025-04-22T10:19:03.722+0000] {logging_mixin.py:190} INFO - [2025-04-22T10:19:03.721+0000] {dagbag.py:588} INFO - Filling up the DagBag from /opt/airflow/dags/minio_file_compression_and_email.py
[2025-04-22T10:19:03.747+0000] {processor.py:925} INFO - DAG(s) 'compress_file_on_upload' retrieved from /opt/airflow/dags/minio_file_compression_and_email.py
[2025-04-22T10:19:03.795+0000] {logging_mixin.py:190} INFO - [2025-04-22T10:19:03.794+0000] {dag.py:3239} INFO - Sync 1 DAGs
[2025-04-22T10:19:03.823+0000] {logging_mixin.py:190} INFO - [2025-04-22T10:19:03.823+0000] {dag.py:4180} INFO - Setting next_dagrun for compress_file_on_upload to None, run_after=None
[2025-04-22T10:19:03.859+0000] {processor.py:208} INFO - Processing /opt/airflow/dags/minio_file_compression_and_email.py took 0.151 seconds
[2025-04-22T10:19:34.800+0000] {processor.py:186} INFO - Started process (PID=3981) to work on /opt/airflow/dags/minio_file_compression_and_email.py
[2025-04-22T10:19:34.802+0000] {processor.py:914} INFO - Processing file /opt/airflow/dags/minio_file_compression_and_email.py for tasks to queue
[2025-04-22T10:19:34.805+0000] {logging_mixin.py:190} INFO - [2025-04-22T10:19:34.804+0000] {dagbag.py:588} INFO - Filling up the DagBag from /opt/airflow/dags/minio_file_compression_and_email.py
[2025-04-22T10:19:34.829+0000] {processor.py:925} INFO - DAG(s) 'compress_file_on_upload' retrieved from /opt/airflow/dags/minio_file_compression_and_email.py
[2025-04-22T10:19:34.869+0000] {logging_mixin.py:190} INFO - [2025-04-22T10:19:34.868+0000] {dag.py:3239} INFO - Sync 1 DAGs
[2025-04-22T10:19:34.908+0000] {logging_mixin.py:190} INFO - [2025-04-22T10:19:34.907+0000] {dag.py:4180} INFO - Setting next_dagrun for compress_file_on_upload to None, run_after=None
[2025-04-22T10:19:34.949+0000] {processor.py:208} INFO - Processing /opt/airflow/dags/minio_file_compression_and_email.py took 0.161 seconds
[2025-04-22T10:20:05.418+0000] {processor.py:186} INFO - Started process (PID=4051) to work on /opt/airflow/dags/minio_file_compression_and_email.py
[2025-04-22T10:20:05.420+0000] {processor.py:914} INFO - Processing file /opt/airflow/dags/minio_file_compression_and_email.py for tasks to queue
[2025-04-22T10:20:05.423+0000] {logging_mixin.py:190} INFO - [2025-04-22T10:20:05.422+0000] {dagbag.py:588} INFO - Filling up the DagBag from /opt/airflow/dags/minio_file_compression_and_email.py
[2025-04-22T10:20:05.448+0000] {processor.py:925} INFO - DAG(s) 'compress_file_on_upload' retrieved from /opt/airflow/dags/minio_file_compression_and_email.py
[2025-04-22T10:20:05.483+0000] {logging_mixin.py:190} INFO - [2025-04-22T10:20:05.483+0000] {dag.py:3239} INFO - Sync 1 DAGs
[2025-04-22T10:20:05.514+0000] {logging_mixin.py:190} INFO - [2025-04-22T10:20:05.514+0000] {dag.py:4180} INFO - Setting next_dagrun for compress_file_on_upload to None, run_after=None
[2025-04-22T10:20:05.548+0000] {processor.py:208} INFO - Processing /opt/airflow/dags/minio_file_compression_and_email.py took 0.142 seconds
[2025-04-22T10:20:35.973+0000] {processor.py:186} INFO - Started process (PID=4121) to work on /opt/airflow/dags/minio_file_compression_and_email.py
[2025-04-22T10:20:35.975+0000] {processor.py:914} INFO - Processing file /opt/airflow/dags/minio_file_compression_and_email.py for tasks to queue
[2025-04-22T10:20:35.978+0000] {logging_mixin.py:190} INFO - [2025-04-22T10:20:35.977+0000] {dagbag.py:588} INFO - Filling up the DagBag from /opt/airflow/dags/minio_file_compression_and_email.py
[2025-04-22T10:20:35.996+0000] {processor.py:925} INFO - DAG(s) 'compress_file_on_upload' retrieved from /opt/airflow/dags/minio_file_compression_and_email.py
[2025-04-22T10:20:36.038+0000] {logging_mixin.py:190} INFO - [2025-04-22T10:20:36.037+0000] {dag.py:3239} INFO - Sync 1 DAGs
[2025-04-22T10:20:36.068+0000] {logging_mixin.py:190} INFO - [2025-04-22T10:20:36.067+0000] {dag.py:4180} INFO - Setting next_dagrun for compress_file_on_upload to None, run_after=None
[2025-04-22T10:20:36.110+0000] {processor.py:208} INFO - Processing /opt/airflow/dags/minio_file_compression_and_email.py took 0.147 seconds
[2025-04-22T10:21:06.499+0000] {processor.py:186} INFO - Started process (PID=4191) to work on /opt/airflow/dags/minio_file_compression_and_email.py
[2025-04-22T10:21:06.501+0000] {processor.py:914} INFO - Processing file /opt/airflow/dags/minio_file_compression_and_email.py for tasks to queue
[2025-04-22T10:21:06.504+0000] {logging_mixin.py:190} INFO - [2025-04-22T10:21:06.503+0000] {dagbag.py:588} INFO - Filling up the DagBag from /opt/airflow/dags/minio_file_compression_and_email.py
[2025-04-22T10:21:06.525+0000] {processor.py:925} INFO - DAG(s) 'compress_file_on_upload' retrieved from /opt/airflow/dags/minio_file_compression_and_email.py
[2025-04-22T10:21:06.559+0000] {logging_mixin.py:190} INFO - [2025-04-22T10:21:06.559+0000] {dag.py:3239} INFO - Sync 1 DAGs
[2025-04-22T10:21:06.592+0000] {logging_mixin.py:190} INFO - [2025-04-22T10:21:06.591+0000] {dag.py:4180} INFO - Setting next_dagrun for compress_file_on_upload to None, run_after=None
[2025-04-22T10:21:06.627+0000] {processor.py:208} INFO - Processing /opt/airflow/dags/minio_file_compression_and_email.py took 0.141 seconds
[2025-04-22T10:21:36.775+0000] {processor.py:186} INFO - Started process (PID=4260) to work on /opt/airflow/dags/minio_file_compression_and_email.py
[2025-04-22T10:21:36.777+0000] {processor.py:914} INFO - Processing file /opt/airflow/dags/minio_file_compression_and_email.py for tasks to queue
[2025-04-22T10:21:36.781+0000] {logging_mixin.py:190} INFO - [2025-04-22T10:21:36.780+0000] {dagbag.py:588} INFO - Filling up the DagBag from /opt/airflow/dags/minio_file_compression_and_email.py
[2025-04-22T10:21:36.802+0000] {processor.py:925} INFO - DAG(s) 'compress_file_on_upload' retrieved from /opt/airflow/dags/minio_file_compression_and_email.py
[2025-04-22T10:21:36.855+0000] {logging_mixin.py:190} INFO - [2025-04-22T10:21:36.855+0000] {dag.py:3239} INFO - Sync 1 DAGs
[2025-04-22T10:21:36.891+0000] {logging_mixin.py:190} INFO - [2025-04-22T10:21:36.890+0000] {dag.py:4180} INFO - Setting next_dagrun for compress_file_on_upload to None, run_after=None
[2025-04-22T10:21:36.933+0000] {processor.py:208} INFO - Processing /opt/airflow/dags/minio_file_compression_and_email.py took 0.171 seconds
[2025-04-22T10:22:07.367+0000] {processor.py:186} INFO - Started process (PID=4330) to work on /opt/airflow/dags/minio_file_compression_and_email.py
[2025-04-22T10:22:07.369+0000] {processor.py:914} INFO - Processing file /opt/airflow/dags/minio_file_compression_and_email.py for tasks to queue
[2025-04-22T10:22:07.371+0000] {logging_mixin.py:190} INFO - [2025-04-22T10:22:07.370+0000] {dagbag.py:588} INFO - Filling up the DagBag from /opt/airflow/dags/minio_file_compression_and_email.py
[2025-04-22T10:22:07.398+0000] {processor.py:925} INFO - DAG(s) 'compress_file_on_upload' retrieved from /opt/airflow/dags/minio_file_compression_and_email.py
[2025-04-22T10:22:07.431+0000] {logging_mixin.py:190} INFO - [2025-04-22T10:22:07.430+0000] {dag.py:3239} INFO - Sync 1 DAGs
[2025-04-22T10:22:07.457+0000] {logging_mixin.py:190} INFO - [2025-04-22T10:22:07.456+0000] {dag.py:4180} INFO - Setting next_dagrun for compress_file_on_upload to None, run_after=None
[2025-04-22T10:22:07.492+0000] {processor.py:208} INFO - Processing /opt/airflow/dags/minio_file_compression_and_email.py took 0.133 seconds
[2025-04-22T10:22:38.475+0000] {processor.py:186} INFO - Started process (PID=4400) to work on /opt/airflow/dags/minio_file_compression_and_email.py
[2025-04-22T10:22:38.477+0000] {processor.py:914} INFO - Processing file /opt/airflow/dags/minio_file_compression_and_email.py for tasks to queue
[2025-04-22T10:22:38.479+0000] {logging_mixin.py:190} INFO - [2025-04-22T10:22:38.478+0000] {dagbag.py:588} INFO - Filling up the DagBag from /opt/airflow/dags/minio_file_compression_and_email.py
[2025-04-22T10:22:38.499+0000] {processor.py:925} INFO - DAG(s) 'compress_file_on_upload' retrieved from /opt/airflow/dags/minio_file_compression_and_email.py
[2025-04-22T10:22:38.535+0000] {logging_mixin.py:190} INFO - [2025-04-22T10:22:38.535+0000] {dag.py:3239} INFO - Sync 1 DAGs
[2025-04-22T10:22:38.569+0000] {logging_mixin.py:190} INFO - [2025-04-22T10:22:38.569+0000] {dag.py:4180} INFO - Setting next_dagrun for compress_file_on_upload to None, run_after=None
[2025-04-22T10:22:38.614+0000] {processor.py:208} INFO - Processing /opt/airflow/dags/minio_file_compression_and_email.py took 0.151 seconds
[2025-04-22T10:23:09.142+0000] {processor.py:186} INFO - Started process (PID=4470) to work on /opt/airflow/dags/minio_file_compression_and_email.py
[2025-04-22T10:23:09.144+0000] {processor.py:914} INFO - Processing file /opt/airflow/dags/minio_file_compression_and_email.py for tasks to queue
[2025-04-22T10:23:09.148+0000] {logging_mixin.py:190} INFO - [2025-04-22T10:23:09.147+0000] {dagbag.py:588} INFO - Filling up the DagBag from /opt/airflow/dags/minio_file_compression_and_email.py
[2025-04-22T10:23:09.173+0000] {processor.py:925} INFO - DAG(s) 'compress_file_on_upload' retrieved from /opt/airflow/dags/minio_file_compression_and_email.py
[2025-04-22T10:23:09.200+0000] {logging_mixin.py:190} INFO - [2025-04-22T10:23:09.200+0000] {dag.py:3239} INFO - Sync 1 DAGs
[2025-04-22T10:23:09.224+0000] {logging_mixin.py:190} INFO - [2025-04-22T10:23:09.224+0000] {dag.py:4180} INFO - Setting next_dagrun for compress_file_on_upload to None, run_after=None
[2025-04-22T10:23:09.262+0000] {processor.py:208} INFO - Processing /opt/airflow/dags/minio_file_compression_and_email.py took 0.132 seconds
[2025-04-22T10:23:40.042+0000] {processor.py:186} INFO - Started process (PID=4540) to work on /opt/airflow/dags/minio_file_compression_and_email.py
[2025-04-22T10:23:40.044+0000] {processor.py:914} INFO - Processing file /opt/airflow/dags/minio_file_compression_and_email.py for tasks to queue
[2025-04-22T10:23:40.047+0000] {logging_mixin.py:190} INFO - [2025-04-22T10:23:40.046+0000] {dagbag.py:588} INFO - Filling up the DagBag from /opt/airflow/dags/minio_file_compression_and_email.py
[2025-04-22T10:23:40.072+0000] {processor.py:925} INFO - DAG(s) 'compress_file_on_upload' retrieved from /opt/airflow/dags/minio_file_compression_and_email.py
[2025-04-22T10:23:40.106+0000] {logging_mixin.py:190} INFO - [2025-04-22T10:23:40.105+0000] {dag.py:3239} INFO - Sync 1 DAGs
[2025-04-22T10:23:40.140+0000] {logging_mixin.py:190} INFO - [2025-04-22T10:23:40.140+0000] {dag.py:4180} INFO - Setting next_dagrun for compress_file_on_upload to None, run_after=None
[2025-04-22T10:23:40.175+0000] {processor.py:208} INFO - Processing /opt/airflow/dags/minio_file_compression_and_email.py took 0.146 seconds
[2025-04-22T10:23:53.215+0000] {processor.py:186} INFO - Started process (PID=4563) to work on /opt/airflow/dags/minio_file_compression_and_email.py
[2025-04-22T10:23:53.216+0000] {processor.py:914} INFO - Processing file /opt/airflow/dags/minio_file_compression_and_email.py for tasks to queue
[2025-04-22T10:23:53.220+0000] {logging_mixin.py:190} INFO - [2025-04-22T10:23:53.219+0000] {dagbag.py:588} INFO - Filling up the DagBag from /opt/airflow/dags/minio_file_compression_and_email.py
[2025-04-22T10:23:53.260+0000] {processor.py:925} INFO - DAG(s) 'compress_file_on_upload' retrieved from /opt/airflow/dags/minio_file_compression_and_email.py
[2025-04-22T10:23:53.444+0000] {logging_mixin.py:190} INFO - [2025-04-22T10:23:53.444+0000] {dag.py:3239} INFO - Sync 1 DAGs
[2025-04-22T10:23:53.463+0000] {logging_mixin.py:190} INFO - [2025-04-22T10:23:53.463+0000] {dag.py:4180} INFO - Setting next_dagrun for compress_file_on_upload to None, run_after=None
[2025-04-22T10:23:53.499+0000] {processor.py:208} INFO - Processing /opt/airflow/dags/minio_file_compression_and_email.py took 0.294 seconds
[2025-04-22T10:23:54.718+0000] {processor.py:186} INFO - Started process (PID=4567) to work on /opt/airflow/dags/minio_file_compression_and_email.py
[2025-04-22T10:23:54.719+0000] {processor.py:914} INFO - Processing file /opt/airflow/dags/minio_file_compression_and_email.py for tasks to queue
[2025-04-22T10:23:54.721+0000] {logging_mixin.py:190} INFO - [2025-04-22T10:23:54.721+0000] {dagbag.py:588} INFO - Filling up the DagBag from /opt/airflow/dags/minio_file_compression_and_email.py
[2025-04-22T10:23:54.738+0000] {processor.py:925} INFO - DAG(s) 'compress_file_on_upload' retrieved from /opt/airflow/dags/minio_file_compression_and_email.py
[2025-04-22T10:23:54.754+0000] {logging_mixin.py:190} INFO - [2025-04-22T10:23:54.753+0000] {dag.py:3239} INFO - Sync 1 DAGs
[2025-04-22T10:23:54.775+0000] {logging_mixin.py:190} INFO - [2025-04-22T10:23:54.775+0000] {dag.py:4180} INFO - Setting next_dagrun for compress_file_on_upload to None, run_after=None
[2025-04-22T10:23:54.806+0000] {processor.py:208} INFO - Processing /opt/airflow/dags/minio_file_compression_and_email.py took 0.096 seconds
[2025-04-22T10:24:24.960+0000] {processor.py:186} INFO - Started process (PID=4636) to work on /opt/airflow/dags/minio_file_compression_and_email.py
[2025-04-22T10:24:24.962+0000] {processor.py:914} INFO - Processing file /opt/airflow/dags/minio_file_compression_and_email.py for tasks to queue
[2025-04-22T10:24:24.965+0000] {logging_mixin.py:190} INFO - [2025-04-22T10:24:24.964+0000] {dagbag.py:588} INFO - Filling up the DagBag from /opt/airflow/dags/minio_file_compression_and_email.py
[2025-04-22T10:24:24.990+0000] {processor.py:925} INFO - DAG(s) 'compress_file_on_upload' retrieved from /opt/airflow/dags/minio_file_compression_and_email.py
[2025-04-22T10:24:25.034+0000] {logging_mixin.py:190} INFO - [2025-04-22T10:24:25.033+0000] {dag.py:3239} INFO - Sync 1 DAGs
[2025-04-22T10:24:25.063+0000] {logging_mixin.py:190} INFO - [2025-04-22T10:24:25.063+0000] {dag.py:4180} INFO - Setting next_dagrun for compress_file_on_upload to None, run_after=None
[2025-04-22T10:24:25.095+0000] {processor.py:208} INFO - Processing /opt/airflow/dags/minio_file_compression_and_email.py took 0.148 seconds
[2025-04-22T10:24:55.382+0000] {processor.py:186} INFO - Started process (PID=4706) to work on /opt/airflow/dags/minio_file_compression_and_email.py
[2025-04-22T10:24:55.384+0000] {processor.py:914} INFO - Processing file /opt/airflow/dags/minio_file_compression_and_email.py for tasks to queue
[2025-04-22T10:24:55.385+0000] {logging_mixin.py:190} INFO - [2025-04-22T10:24:55.385+0000] {dagbag.py:588} INFO - Filling up the DagBag from /opt/airflow/dags/minio_file_compression_and_email.py
[2025-04-22T10:24:55.405+0000] {processor.py:925} INFO - DAG(s) 'compress_file_on_upload' retrieved from /opt/airflow/dags/minio_file_compression_and_email.py
[2025-04-22T10:24:55.439+0000] {logging_mixin.py:190} INFO - [2025-04-22T10:24:55.438+0000] {dag.py:3239} INFO - Sync 1 DAGs
[2025-04-22T10:24:55.465+0000] {logging_mixin.py:190} INFO - [2025-04-22T10:24:55.465+0000] {dag.py:4180} INFO - Setting next_dagrun for compress_file_on_upload to None, run_after=None
[2025-04-22T10:24:55.501+0000] {processor.py:208} INFO - Processing /opt/airflow/dags/minio_file_compression_and_email.py took 0.131 seconds
[2025-04-22T10:25:14.974+0000] {processor.py:186} INFO - Started process (PID=4765) to work on /opt/airflow/dags/minio_file_compression_and_email.py
[2025-04-22T10:25:14.976+0000] {processor.py:914} INFO - Processing file /opt/airflow/dags/minio_file_compression_and_email.py for tasks to queue
[2025-04-22T10:25:14.980+0000] {logging_mixin.py:190} INFO - [2025-04-22T10:25:14.979+0000] {dagbag.py:588} INFO - Filling up the DagBag from /opt/airflow/dags/minio_file_compression_and_email.py
[2025-04-22T10:25:15.004+0000] {processor.py:925} INFO - DAG(s) 'compress_file_on_upload' retrieved from /opt/airflow/dags/minio_file_compression_and_email.py
[2025-04-22T10:25:15.279+0000] {logging_mixin.py:190} INFO - [2025-04-22T10:25:15.279+0000] {dag.py:3239} INFO - Sync 1 DAGs
[2025-04-22T10:25:15.303+0000] {logging_mixin.py:190} INFO - [2025-04-22T10:25:15.303+0000] {dag.py:4180} INFO - Setting next_dagrun for compress_file_on_upload to None, run_after=None
[2025-04-22T10:25:15.352+0000] {processor.py:208} INFO - Processing /opt/airflow/dags/minio_file_compression_and_email.py took 0.390 seconds
[2025-04-22T10:25:45.831+0000] {processor.py:186} INFO - Started process (PID=4835) to work on /opt/airflow/dags/minio_file_compression_and_email.py
[2025-04-22T10:25:45.833+0000] {processor.py:914} INFO - Processing file /opt/airflow/dags/minio_file_compression_and_email.py for tasks to queue
[2025-04-22T10:25:45.835+0000] {logging_mixin.py:190} INFO - [2025-04-22T10:25:45.835+0000] {dagbag.py:588} INFO - Filling up the DagBag from /opt/airflow/dags/minio_file_compression_and_email.py
[2025-04-22T10:25:45.865+0000] {processor.py:925} INFO - DAG(s) 'compress_file_on_upload' retrieved from /opt/airflow/dags/minio_file_compression_and_email.py
[2025-04-22T10:25:45.902+0000] {logging_mixin.py:190} INFO - [2025-04-22T10:25:45.901+0000] {dag.py:3239} INFO - Sync 1 DAGs
[2025-04-22T10:25:45.933+0000] {logging_mixin.py:190} INFO - [2025-04-22T10:25:45.932+0000] {dag.py:4180} INFO - Setting next_dagrun for compress_file_on_upload to None, run_after=None
[2025-04-22T10:25:45.964+0000] {processor.py:208} INFO - Processing /opt/airflow/dags/minio_file_compression_and_email.py took 0.143 seconds
[2025-04-22T10:26:16.114+0000] {processor.py:186} INFO - Started process (PID=4905) to work on /opt/airflow/dags/minio_file_compression_and_email.py
[2025-04-22T10:26:16.115+0000] {processor.py:914} INFO - Processing file /opt/airflow/dags/minio_file_compression_and_email.py for tasks to queue
[2025-04-22T10:26:16.117+0000] {logging_mixin.py:190} INFO - [2025-04-22T10:26:16.117+0000] {dagbag.py:588} INFO - Filling up the DagBag from /opt/airflow/dags/minio_file_compression_and_email.py
[2025-04-22T10:26:16.134+0000] {processor.py:925} INFO - DAG(s) 'compress_file_on_upload' retrieved from /opt/airflow/dags/minio_file_compression_and_email.py
[2025-04-22T10:26:16.168+0000] {logging_mixin.py:190} INFO - [2025-04-22T10:26:16.167+0000] {dag.py:3239} INFO - Sync 1 DAGs
[2025-04-22T10:26:16.198+0000] {logging_mixin.py:190} INFO - [2025-04-22T10:26:16.197+0000] {dag.py:4180} INFO - Setting next_dagrun for compress_file_on_upload to None, run_after=None
[2025-04-22T10:26:16.233+0000] {processor.py:208} INFO - Processing /opt/airflow/dags/minio_file_compression_and_email.py took 0.126 seconds
[2025-04-22T10:26:46.651+0000] {processor.py:186} INFO - Started process (PID=4967) to work on /opt/airflow/dags/minio_file_compression_and_email.py
[2025-04-22T10:26:46.653+0000] {processor.py:914} INFO - Processing file /opt/airflow/dags/minio_file_compression_and_email.py for tasks to queue
[2025-04-22T10:26:46.656+0000] {logging_mixin.py:190} INFO - [2025-04-22T10:26:46.655+0000] {dagbag.py:588} INFO - Filling up the DagBag from /opt/airflow/dags/minio_file_compression_and_email.py
[2025-04-22T10:26:46.683+0000] {processor.py:925} INFO - DAG(s) 'compress_file_on_upload' retrieved from /opt/airflow/dags/minio_file_compression_and_email.py
[2025-04-22T10:26:46.725+0000] {logging_mixin.py:190} INFO - [2025-04-22T10:26:46.725+0000] {dag.py:3239} INFO - Sync 1 DAGs
[2025-04-22T10:26:46.753+0000] {logging_mixin.py:190} INFO - [2025-04-22T10:26:46.752+0000] {dag.py:4180} INFO - Setting next_dagrun for compress_file_on_upload to None, run_after=None
[2025-04-22T10:26:46.784+0000] {processor.py:208} INFO - Processing /opt/airflow/dags/minio_file_compression_and_email.py took 0.147 seconds
[2025-04-22T10:27:16.987+0000] {processor.py:186} INFO - Started process (PID=5038) to work on /opt/airflow/dags/minio_file_compression_and_email.py
[2025-04-22T10:27:16.989+0000] {processor.py:914} INFO - Processing file /opt/airflow/dags/minio_file_compression_and_email.py for tasks to queue
[2025-04-22T10:27:16.993+0000] {logging_mixin.py:190} INFO - [2025-04-22T10:27:16.992+0000] {dagbag.py:588} INFO - Filling up the DagBag from /opt/airflow/dags/minio_file_compression_and_email.py
[2025-04-22T10:27:17.020+0000] {processor.py:925} INFO - DAG(s) 'compress_file_on_upload' retrieved from /opt/airflow/dags/minio_file_compression_and_email.py
[2025-04-22T10:27:17.069+0000] {logging_mixin.py:190} INFO - [2025-04-22T10:27:17.068+0000] {dag.py:3239} INFO - Sync 1 DAGs
[2025-04-22T10:27:17.107+0000] {logging_mixin.py:190} INFO - [2025-04-22T10:27:17.107+0000] {dag.py:4180} INFO - Setting next_dagrun for compress_file_on_upload to None, run_after=None
[2025-04-22T10:27:17.152+0000] {processor.py:208} INFO - Processing /opt/airflow/dags/minio_file_compression_and_email.py took 0.179 seconds
[2025-04-22T10:27:48.179+0000] {processor.py:186} INFO - Started process (PID=5108) to work on /opt/airflow/dags/minio_file_compression_and_email.py
[2025-04-22T10:27:48.180+0000] {processor.py:914} INFO - Processing file /opt/airflow/dags/minio_file_compression_and_email.py for tasks to queue
[2025-04-22T10:27:48.184+0000] {logging_mixin.py:190} INFO - [2025-04-22T10:27:48.183+0000] {dagbag.py:588} INFO - Filling up the DagBag from /opt/airflow/dags/minio_file_compression_and_email.py
[2025-04-22T10:27:48.208+0000] {processor.py:925} INFO - DAG(s) 'compress_file_on_upload' retrieved from /opt/airflow/dags/minio_file_compression_and_email.py
[2025-04-22T10:27:48.239+0000] {logging_mixin.py:190} INFO - [2025-04-22T10:27:48.239+0000] {dag.py:3239} INFO - Sync 1 DAGs
[2025-04-22T10:27:48.271+0000] {logging_mixin.py:190} INFO - [2025-04-22T10:27:48.271+0000] {dag.py:4180} INFO - Setting next_dagrun for compress_file_on_upload to None, run_after=None
[2025-04-22T10:27:48.302+0000] {processor.py:208} INFO - Processing /opt/airflow/dags/minio_file_compression_and_email.py took 0.130 seconds
[2025-04-22T10:28:19.005+0000] {processor.py:186} INFO - Started process (PID=5178) to work on /opt/airflow/dags/minio_file_compression_and_email.py
[2025-04-22T10:28:19.007+0000] {processor.py:914} INFO - Processing file /opt/airflow/dags/minio_file_compression_and_email.py for tasks to queue
[2025-04-22T10:28:19.010+0000] {logging_mixin.py:190} INFO - [2025-04-22T10:28:19.009+0000] {dagbag.py:588} INFO - Filling up the DagBag from /opt/airflow/dags/minio_file_compression_and_email.py
[2025-04-22T10:28:19.038+0000] {processor.py:925} INFO - DAG(s) 'compress_file_on_upload' retrieved from /opt/airflow/dags/minio_file_compression_and_email.py
[2025-04-22T10:28:19.087+0000] {logging_mixin.py:190} INFO - [2025-04-22T10:28:19.086+0000] {dag.py:3239} INFO - Sync 1 DAGs
[2025-04-22T10:28:19.122+0000] {logging_mixin.py:190} INFO - [2025-04-22T10:28:19.122+0000] {dag.py:4180} INFO - Setting next_dagrun for compress_file_on_upload to None, run_after=None
[2025-04-22T10:28:19.164+0000] {processor.py:208} INFO - Processing /opt/airflow/dags/minio_file_compression_and_email.py took 0.172 seconds
[2025-04-22T10:28:49.366+0000] {processor.py:186} INFO - Started process (PID=5248) to work on /opt/airflow/dags/minio_file_compression_and_email.py
[2025-04-22T10:28:49.367+0000] {processor.py:914} INFO - Processing file /opt/airflow/dags/minio_file_compression_and_email.py for tasks to queue
[2025-04-22T10:28:49.370+0000] {logging_mixin.py:190} INFO - [2025-04-22T10:28:49.369+0000] {dagbag.py:588} INFO - Filling up the DagBag from /opt/airflow/dags/minio_file_compression_and_email.py
[2025-04-22T10:28:49.397+0000] {processor.py:925} INFO - DAG(s) 'compress_file_on_upload' retrieved from /opt/airflow/dags/minio_file_compression_and_email.py
[2025-04-22T10:28:49.436+0000] {logging_mixin.py:190} INFO - [2025-04-22T10:28:49.436+0000] {dag.py:3239} INFO - Sync 1 DAGs
[2025-04-22T10:28:49.462+0000] {logging_mixin.py:190} INFO - [2025-04-22T10:28:49.461+0000] {dag.py:4180} INFO - Setting next_dagrun for compress_file_on_upload to None, run_after=None
[2025-04-22T10:28:49.498+0000] {processor.py:208} INFO - Processing /opt/airflow/dags/minio_file_compression_and_email.py took 0.143 seconds
[2025-04-22T10:29:20.013+0000] {processor.py:186} INFO - Started process (PID=5317) to work on /opt/airflow/dags/minio_file_compression_and_email.py
[2025-04-22T10:29:20.015+0000] {processor.py:914} INFO - Processing file /opt/airflow/dags/minio_file_compression_and_email.py for tasks to queue
[2025-04-22T10:29:20.017+0000] {logging_mixin.py:190} INFO - [2025-04-22T10:29:20.017+0000] {dagbag.py:588} INFO - Filling up the DagBag from /opt/airflow/dags/minio_file_compression_and_email.py
[2025-04-22T10:29:20.046+0000] {processor.py:925} INFO - DAG(s) 'compress_file_on_upload' retrieved from /opt/airflow/dags/minio_file_compression_and_email.py
[2025-04-22T10:29:20.099+0000] {logging_mixin.py:190} INFO - [2025-04-22T10:29:20.098+0000] {dag.py:3239} INFO - Sync 1 DAGs
[2025-04-22T10:29:20.127+0000] {logging_mixin.py:190} INFO - [2025-04-22T10:29:20.127+0000] {dag.py:4180} INFO - Setting next_dagrun for compress_file_on_upload to None, run_after=None
[2025-04-22T10:29:20.157+0000] {processor.py:208} INFO - Processing /opt/airflow/dags/minio_file_compression_and_email.py took 0.156 seconds
[2025-04-22T10:29:50.399+0000] {processor.py:186} INFO - Started process (PID=5386) to work on /opt/airflow/dags/minio_file_compression_and_email.py
[2025-04-22T10:29:50.402+0000] {processor.py:914} INFO - Processing file /opt/airflow/dags/minio_file_compression_and_email.py for tasks to queue
[2025-04-22T10:29:50.405+0000] {logging_mixin.py:190} INFO - [2025-04-22T10:29:50.404+0000] {dagbag.py:588} INFO - Filling up the DagBag from /opt/airflow/dags/minio_file_compression_and_email.py
[2025-04-22T10:29:50.426+0000] {processor.py:925} INFO - DAG(s) 'compress_file_on_upload' retrieved from /opt/airflow/dags/minio_file_compression_and_email.py
[2025-04-22T10:29:50.465+0000] {logging_mixin.py:190} INFO - [2025-04-22T10:29:50.464+0000] {dag.py:3239} INFO - Sync 1 DAGs
[2025-04-22T10:29:50.495+0000] {logging_mixin.py:190} INFO - [2025-04-22T10:29:50.494+0000] {dag.py:4180} INFO - Setting next_dagrun for compress_file_on_upload to None, run_after=None
[2025-04-22T10:29:50.535+0000] {processor.py:208} INFO - Processing /opt/airflow/dags/minio_file_compression_and_email.py took 0.151 seconds
[2025-04-22T10:30:21.242+0000] {processor.py:186} INFO - Started process (PID=5456) to work on /opt/airflow/dags/minio_file_compression_and_email.py
[2025-04-22T10:30:21.244+0000] {processor.py:914} INFO - Processing file /opt/airflow/dags/minio_file_compression_and_email.py for tasks to queue
[2025-04-22T10:30:21.247+0000] {logging_mixin.py:190} INFO - [2025-04-22T10:30:21.246+0000] {dagbag.py:588} INFO - Filling up the DagBag from /opt/airflow/dags/minio_file_compression_and_email.py
[2025-04-22T10:30:21.274+0000] {processor.py:925} INFO - DAG(s) 'compress_file_on_upload' retrieved from /opt/airflow/dags/minio_file_compression_and_email.py
[2025-04-22T10:30:21.321+0000] {logging_mixin.py:190} INFO - [2025-04-22T10:30:21.321+0000] {dag.py:3239} INFO - Sync 1 DAGs
[2025-04-22T10:30:21.355+0000] {logging_mixin.py:190} INFO - [2025-04-22T10:30:21.355+0000] {dag.py:4180} INFO - Setting next_dagrun for compress_file_on_upload to None, run_after=None
[2025-04-22T10:30:21.396+0000] {processor.py:208} INFO - Processing /opt/airflow/dags/minio_file_compression_and_email.py took 0.167 seconds
[2025-04-22T10:30:51.701+0000] {processor.py:186} INFO - Started process (PID=5526) to work on /opt/airflow/dags/minio_file_compression_and_email.py
[2025-04-22T10:30:51.703+0000] {processor.py:914} INFO - Processing file /opt/airflow/dags/minio_file_compression_and_email.py for tasks to queue
[2025-04-22T10:30:51.707+0000] {logging_mixin.py:190} INFO - [2025-04-22T10:30:51.706+0000] {dagbag.py:588} INFO - Filling up the DagBag from /opt/airflow/dags/minio_file_compression_and_email.py
[2025-04-22T10:30:51.738+0000] {processor.py:925} INFO - DAG(s) 'compress_file_on_upload' retrieved from /opt/airflow/dags/minio_file_compression_and_email.py
[2025-04-22T10:30:51.777+0000] {logging_mixin.py:190} INFO - [2025-04-22T10:30:51.777+0000] {dag.py:3239} INFO - Sync 1 DAGs
[2025-04-22T10:30:51.805+0000] {logging_mixin.py:190} INFO - [2025-04-22T10:30:51.804+0000] {dag.py:4180} INFO - Setting next_dagrun for compress_file_on_upload to None, run_after=None
[2025-04-22T10:30:51.840+0000] {processor.py:208} INFO - Processing /opt/airflow/dags/minio_file_compression_and_email.py took 0.152 seconds
[2025-04-22T10:31:21.923+0000] {processor.py:186} INFO - Started process (PID=5596) to work on /opt/airflow/dags/minio_file_compression_and_email.py
[2025-04-22T10:31:21.926+0000] {processor.py:914} INFO - Processing file /opt/airflow/dags/minio_file_compression_and_email.py for tasks to queue
[2025-04-22T10:31:21.929+0000] {logging_mixin.py:190} INFO - [2025-04-22T10:31:21.928+0000] {dagbag.py:588} INFO - Filling up the DagBag from /opt/airflow/dags/minio_file_compression_and_email.py
[2025-04-22T10:31:21.956+0000] {processor.py:925} INFO - DAG(s) 'compress_file_on_upload' retrieved from /opt/airflow/dags/minio_file_compression_and_email.py
[2025-04-22T10:31:22.003+0000] {logging_mixin.py:190} INFO - [2025-04-22T10:31:22.002+0000] {dag.py:3239} INFO - Sync 1 DAGs
[2025-04-22T10:31:22.038+0000] {logging_mixin.py:190} INFO - [2025-04-22T10:31:22.038+0000] {dag.py:4180} INFO - Setting next_dagrun for compress_file_on_upload to None, run_after=None
[2025-04-22T10:31:22.080+0000] {processor.py:208} INFO - Processing /opt/airflow/dags/minio_file_compression_and_email.py took 0.170 seconds
[2025-04-22T10:31:52.241+0000] {processor.py:186} INFO - Started process (PID=5666) to work on /opt/airflow/dags/minio_file_compression_and_email.py
[2025-04-22T10:31:52.243+0000] {processor.py:914} INFO - Processing file /opt/airflow/dags/minio_file_compression_and_email.py for tasks to queue
[2025-04-22T10:31:52.246+0000] {logging_mixin.py:190} INFO - [2025-04-22T10:31:52.245+0000] {dagbag.py:588} INFO - Filling up the DagBag from /opt/airflow/dags/minio_file_compression_and_email.py
[2025-04-22T10:31:52.274+0000] {processor.py:925} INFO - DAG(s) 'compress_file_on_upload' retrieved from /opt/airflow/dags/minio_file_compression_and_email.py
[2025-04-22T10:31:52.321+0000] {logging_mixin.py:190} INFO - [2025-04-22T10:31:52.320+0000] {dag.py:3239} INFO - Sync 1 DAGs
[2025-04-22T10:31:52.356+0000] {logging_mixin.py:190} INFO - [2025-04-22T10:31:52.355+0000] {dag.py:4180} INFO - Setting next_dagrun for compress_file_on_upload to None, run_after=None
[2025-04-22T10:31:52.396+0000] {processor.py:208} INFO - Processing /opt/airflow/dags/minio_file_compression_and_email.py took 0.167 seconds
[2025-04-22T10:32:22.962+0000] {processor.py:186} INFO - Started process (PID=5736) to work on /opt/airflow/dags/minio_file_compression_and_email.py
[2025-04-22T10:32:22.963+0000] {processor.py:914} INFO - Processing file /opt/airflow/dags/minio_file_compression_and_email.py for tasks to queue
[2025-04-22T10:32:22.966+0000] {logging_mixin.py:190} INFO - [2025-04-22T10:32:22.965+0000] {dagbag.py:588} INFO - Filling up the DagBag from /opt/airflow/dags/minio_file_compression_and_email.py
[2025-04-22T10:32:22.982+0000] {processor.py:925} INFO - DAG(s) 'compress_file_on_upload' retrieved from /opt/airflow/dags/minio_file_compression_and_email.py
[2025-04-22T10:32:23.013+0000] {logging_mixin.py:190} INFO - [2025-04-22T10:32:23.013+0000] {dag.py:3239} INFO - Sync 1 DAGs
[2025-04-22T10:32:23.037+0000] {logging_mixin.py:190} INFO - [2025-04-22T10:32:23.036+0000] {dag.py:4180} INFO - Setting next_dagrun for compress_file_on_upload to None, run_after=None
[2025-04-22T10:32:23.068+0000] {processor.py:208} INFO - Processing /opt/airflow/dags/minio_file_compression_and_email.py took 0.114 seconds
[2025-04-22T10:32:53.562+0000] {processor.py:186} INFO - Started process (PID=5806) to work on /opt/airflow/dags/minio_file_compression_and_email.py
[2025-04-22T10:32:53.564+0000] {processor.py:914} INFO - Processing file /opt/airflow/dags/minio_file_compression_and_email.py for tasks to queue
[2025-04-22T10:32:53.567+0000] {logging_mixin.py:190} INFO - [2025-04-22T10:32:53.567+0000] {dagbag.py:588} INFO - Filling up the DagBag from /opt/airflow/dags/minio_file_compression_and_email.py
[2025-04-22T10:32:53.588+0000] {processor.py:925} INFO - DAG(s) 'compress_file_on_upload' retrieved from /opt/airflow/dags/minio_file_compression_and_email.py
[2025-04-22T10:32:53.633+0000] {logging_mixin.py:190} INFO - [2025-04-22T10:32:53.632+0000] {dag.py:3239} INFO - Sync 1 DAGs
[2025-04-22T10:32:53.655+0000] {logging_mixin.py:190} INFO - [2025-04-22T10:32:53.655+0000] {dag.py:4180} INFO - Setting next_dagrun for compress_file_on_upload to None, run_after=None
[2025-04-22T10:32:53.686+0000] {processor.py:208} INFO - Processing /opt/airflow/dags/minio_file_compression_and_email.py took 0.137 seconds
[2025-04-22T10:33:23.991+0000] {processor.py:186} INFO - Started process (PID=5876) to work on /opt/airflow/dags/minio_file_compression_and_email.py
[2025-04-22T10:33:23.992+0000] {processor.py:914} INFO - Processing file /opt/airflow/dags/minio_file_compression_and_email.py for tasks to queue
[2025-04-22T10:33:23.996+0000] {logging_mixin.py:190} INFO - [2025-04-22T10:33:23.995+0000] {dagbag.py:588} INFO - Filling up the DagBag from /opt/airflow/dags/minio_file_compression_and_email.py
[2025-04-22T10:33:24.014+0000] {processor.py:925} INFO - DAG(s) 'compress_file_on_upload' retrieved from /opt/airflow/dags/minio_file_compression_and_email.py
[2025-04-22T10:33:24.054+0000] {logging_mixin.py:190} INFO - [2025-04-22T10:33:24.054+0000] {dag.py:3239} INFO - Sync 1 DAGs
[2025-04-22T10:33:24.087+0000] {logging_mixin.py:190} INFO - [2025-04-22T10:33:24.087+0000] {dag.py:4180} INFO - Setting next_dagrun for compress_file_on_upload to None, run_after=None
[2025-04-22T10:33:24.132+0000] {processor.py:208} INFO - Processing /opt/airflow/dags/minio_file_compression_and_email.py took 0.149 seconds
[2025-04-22T10:33:54.421+0000] {processor.py:186} INFO - Started process (PID=5946) to work on /opt/airflow/dags/minio_file_compression_and_email.py
[2025-04-22T10:33:54.423+0000] {processor.py:914} INFO - Processing file /opt/airflow/dags/minio_file_compression_and_email.py for tasks to queue
[2025-04-22T10:33:54.427+0000] {logging_mixin.py:190} INFO - [2025-04-22T10:33:54.426+0000] {dagbag.py:588} INFO - Filling up the DagBag from /opt/airflow/dags/minio_file_compression_and_email.py
[2025-04-22T10:33:54.455+0000] {processor.py:925} INFO - DAG(s) 'compress_file_on_upload' retrieved from /opt/airflow/dags/minio_file_compression_and_email.py
[2025-04-22T10:33:54.497+0000] {logging_mixin.py:190} INFO - [2025-04-22T10:33:54.497+0000] {dag.py:3239} INFO - Sync 1 DAGs
[2025-04-22T10:33:54.530+0000] {logging_mixin.py:190} INFO - [2025-04-22T10:33:54.529+0000] {dag.py:4180} INFO - Setting next_dagrun for compress_file_on_upload to None, run_after=None
[2025-04-22T10:33:54.572+0000] {processor.py:208} INFO - Processing /opt/airflow/dags/minio_file_compression_and_email.py took 0.163 seconds
[2025-04-22T10:34:24.825+0000] {processor.py:186} INFO - Started process (PID=6016) to work on /opt/airflow/dags/minio_file_compression_and_email.py
[2025-04-22T10:34:24.827+0000] {processor.py:914} INFO - Processing file /opt/airflow/dags/minio_file_compression_and_email.py for tasks to queue
[2025-04-22T10:34:24.830+0000] {logging_mixin.py:190} INFO - [2025-04-22T10:34:24.829+0000] {dagbag.py:588} INFO - Filling up the DagBag from /opt/airflow/dags/minio_file_compression_and_email.py
[2025-04-22T10:34:24.855+0000] {processor.py:925} INFO - DAG(s) 'compress_file_on_upload' retrieved from /opt/airflow/dags/minio_file_compression_and_email.py
[2025-04-22T10:34:24.902+0000] {logging_mixin.py:190} INFO - [2025-04-22T10:34:24.901+0000] {dag.py:3239} INFO - Sync 1 DAGs
[2025-04-22T10:34:24.939+0000] {logging_mixin.py:190} INFO - [2025-04-22T10:34:24.939+0000] {dag.py:4180} INFO - Setting next_dagrun for compress_file_on_upload to None, run_after=None
[2025-04-22T10:34:24.980+0000] {processor.py:208} INFO - Processing /opt/airflow/dags/minio_file_compression_and_email.py took 0.168 seconds
[2025-04-22T10:34:55.653+0000] {processor.py:186} INFO - Started process (PID=6086) to work on /opt/airflow/dags/minio_file_compression_and_email.py
[2025-04-22T10:34:55.655+0000] {processor.py:914} INFO - Processing file /opt/airflow/dags/minio_file_compression_and_email.py for tasks to queue
[2025-04-22T10:34:55.659+0000] {logging_mixin.py:190} INFO - [2025-04-22T10:34:55.658+0000] {dagbag.py:588} INFO - Filling up the DagBag from /opt/airflow/dags/minio_file_compression_and_email.py
[2025-04-22T10:34:55.685+0000] {processor.py:925} INFO - DAG(s) 'compress_file_on_upload' retrieved from /opt/airflow/dags/minio_file_compression_and_email.py
[2025-04-22T10:34:55.728+0000] {logging_mixin.py:190} INFO - [2025-04-22T10:34:55.728+0000] {dag.py:3239} INFO - Sync 1 DAGs
[2025-04-22T10:34:55.761+0000] {logging_mixin.py:190} INFO - [2025-04-22T10:34:55.761+0000] {dag.py:4180} INFO - Setting next_dagrun for compress_file_on_upload to None, run_after=None
[2025-04-22T10:34:55.803+0000] {processor.py:208} INFO - Processing /opt/airflow/dags/minio_file_compression_and_email.py took 0.162 seconds
[2025-04-22T10:35:26.118+0000] {processor.py:186} INFO - Started process (PID=6156) to work on /opt/airflow/dags/minio_file_compression_and_email.py
[2025-04-22T10:35:26.120+0000] {processor.py:914} INFO - Processing file /opt/airflow/dags/minio_file_compression_and_email.py for tasks to queue
[2025-04-22T10:35:26.124+0000] {logging_mixin.py:190} INFO - [2025-04-22T10:35:26.123+0000] {dagbag.py:588} INFO - Filling up the DagBag from /opt/airflow/dags/minio_file_compression_and_email.py
[2025-04-22T10:35:26.146+0000] {processor.py:925} INFO - DAG(s) 'compress_file_on_upload' retrieved from /opt/airflow/dags/minio_file_compression_and_email.py
[2025-04-22T10:35:26.191+0000] {logging_mixin.py:190} INFO - [2025-04-22T10:35:26.190+0000] {dag.py:3239} INFO - Sync 1 DAGs
[2025-04-22T10:35:26.226+0000] {logging_mixin.py:190} INFO - [2025-04-22T10:35:26.226+0000] {dag.py:4180} INFO - Setting next_dagrun for compress_file_on_upload to None, run_after=None
[2025-04-22T10:35:26.270+0000] {processor.py:208} INFO - Processing /opt/airflow/dags/minio_file_compression_and_email.py took 0.164 seconds
[2025-04-22T10:35:56.544+0000] {processor.py:186} INFO - Started process (PID=6226) to work on /opt/airflow/dags/minio_file_compression_and_email.py
[2025-04-22T10:35:56.546+0000] {processor.py:914} INFO - Processing file /opt/airflow/dags/minio_file_compression_and_email.py for tasks to queue
[2025-04-22T10:35:56.548+0000] {logging_mixin.py:190} INFO - [2025-04-22T10:35:56.547+0000] {dagbag.py:588} INFO - Filling up the DagBag from /opt/airflow/dags/minio_file_compression_and_email.py
[2025-04-22T10:35:56.565+0000] {processor.py:925} INFO - DAG(s) 'compress_file_on_upload' retrieved from /opt/airflow/dags/minio_file_compression_and_email.py
[2025-04-22T10:35:56.592+0000] {logging_mixin.py:190} INFO - [2025-04-22T10:35:56.591+0000] {dag.py:3239} INFO - Sync 1 DAGs
[2025-04-22T10:35:56.612+0000] {logging_mixin.py:190} INFO - [2025-04-22T10:35:56.612+0000] {dag.py:4180} INFO - Setting next_dagrun for compress_file_on_upload to None, run_after=None
[2025-04-22T10:35:56.641+0000] {processor.py:208} INFO - Processing /opt/airflow/dags/minio_file_compression_and_email.py took 0.106 seconds
[2025-04-22T10:36:27.678+0000] {processor.py:186} INFO - Started process (PID=6296) to work on /opt/airflow/dags/minio_file_compression_and_email.py
[2025-04-22T10:36:27.680+0000] {processor.py:914} INFO - Processing file /opt/airflow/dags/minio_file_compression_and_email.py for tasks to queue
[2025-04-22T10:36:27.684+0000] {logging_mixin.py:190} INFO - [2025-04-22T10:36:27.683+0000] {dagbag.py:588} INFO - Filling up the DagBag from /opt/airflow/dags/minio_file_compression_and_email.py
[2025-04-22T10:36:27.710+0000] {processor.py:925} INFO - DAG(s) 'compress_file_on_upload' retrieved from /opt/airflow/dags/minio_file_compression_and_email.py
[2025-04-22T10:36:27.751+0000] {logging_mixin.py:190} INFO - [2025-04-22T10:36:27.750+0000] {dag.py:3239} INFO - Sync 1 DAGs
[2025-04-22T10:36:27.782+0000] {logging_mixin.py:190} INFO - [2025-04-22T10:36:27.782+0000] {dag.py:4180} INFO - Setting next_dagrun for compress_file_on_upload to None, run_after=None
[2025-04-22T10:36:27.824+0000] {processor.py:208} INFO - Processing /opt/airflow/dags/minio_file_compression_and_email.py took 0.158 seconds
[2025-04-22T10:36:58.804+0000] {processor.py:186} INFO - Started process (PID=6372) to work on /opt/airflow/dags/minio_file_compression_and_email.py
[2025-04-22T10:36:58.806+0000] {processor.py:914} INFO - Processing file /opt/airflow/dags/minio_file_compression_and_email.py for tasks to queue
[2025-04-22T10:36:58.809+0000] {logging_mixin.py:190} INFO - [2025-04-22T10:36:58.808+0000] {dagbag.py:588} INFO - Filling up the DagBag from /opt/airflow/dags/minio_file_compression_and_email.py
[2025-04-22T10:36:58.834+0000] {processor.py:925} INFO - DAG(s) 'compress_file_on_upload' retrieved from /opt/airflow/dags/minio_file_compression_and_email.py
[2025-04-22T10:36:58.873+0000] {logging_mixin.py:190} INFO - [2025-04-22T10:36:58.873+0000] {dag.py:3239} INFO - Sync 1 DAGs
[2025-04-22T10:36:58.907+0000] {logging_mixin.py:190} INFO - [2025-04-22T10:36:58.906+0000] {dag.py:4180} INFO - Setting next_dagrun for compress_file_on_upload to None, run_after=None
[2025-04-22T10:36:58.949+0000] {processor.py:208} INFO - Processing /opt/airflow/dags/minio_file_compression_and_email.py took 0.158 seconds
[2025-04-22T10:37:29.363+0000] {processor.py:186} INFO - Started process (PID=6442) to work on /opt/airflow/dags/minio_file_compression_and_email.py
[2025-04-22T10:37:29.365+0000] {processor.py:914} INFO - Processing file /opt/airflow/dags/minio_file_compression_and_email.py for tasks to queue
[2025-04-22T10:37:29.369+0000] {logging_mixin.py:190} INFO - [2025-04-22T10:37:29.368+0000] {dagbag.py:588} INFO - Filling up the DagBag from /opt/airflow/dags/minio_file_compression_and_email.py
[2025-04-22T10:37:29.397+0000] {processor.py:925} INFO - DAG(s) 'compress_file_on_upload' retrieved from /opt/airflow/dags/minio_file_compression_and_email.py
[2025-04-22T10:37:29.437+0000] {logging_mixin.py:190} INFO - [2025-04-22T10:37:29.437+0000] {dag.py:3239} INFO - Sync 1 DAGs
[2025-04-22T10:37:29.471+0000] {logging_mixin.py:190} INFO - [2025-04-22T10:37:29.471+0000] {dag.py:4180} INFO - Setting next_dagrun for compress_file_on_upload to None, run_after=None
[2025-04-22T10:37:29.508+0000] {processor.py:208} INFO - Processing /opt/airflow/dags/minio_file_compression_and_email.py took 0.156 seconds
[2025-04-22T10:37:59.889+0000] {processor.py:186} INFO - Started process (PID=6512) to work on /opt/airflow/dags/minio_file_compression_and_email.py
[2025-04-22T10:37:59.891+0000] {processor.py:914} INFO - Processing file /opt/airflow/dags/minio_file_compression_and_email.py for tasks to queue
[2025-04-22T10:37:59.894+0000] {logging_mixin.py:190} INFO - [2025-04-22T10:37:59.893+0000] {dagbag.py:588} INFO - Filling up the DagBag from /opt/airflow/dags/minio_file_compression_and_email.py
[2025-04-22T10:37:59.924+0000] {processor.py:925} INFO - DAG(s) 'compress_file_on_upload' retrieved from /opt/airflow/dags/minio_file_compression_and_email.py
[2025-04-22T10:37:59.965+0000] {logging_mixin.py:190} INFO - [2025-04-22T10:37:59.965+0000] {dag.py:3239} INFO - Sync 1 DAGs
[2025-04-22T10:37:59.989+0000] {logging_mixin.py:190} INFO - [2025-04-22T10:37:59.989+0000] {dag.py:4180} INFO - Setting next_dagrun for compress_file_on_upload to None, run_after=None
[2025-04-22T10:38:00.027+0000] {processor.py:208} INFO - Processing /opt/airflow/dags/minio_file_compression_and_email.py took 0.152 seconds
[2025-04-22T10:38:31.032+0000] {processor.py:186} INFO - Started process (PID=6581) to work on /opt/airflow/dags/minio_file_compression_and_email.py
[2025-04-22T10:38:31.034+0000] {processor.py:914} INFO - Processing file /opt/airflow/dags/minio_file_compression_and_email.py for tasks to queue
[2025-04-22T10:38:31.037+0000] {logging_mixin.py:190} INFO - [2025-04-22T10:38:31.036+0000] {dagbag.py:588} INFO - Filling up the DagBag from /opt/airflow/dags/minio_file_compression_and_email.py
[2025-04-22T10:38:31.074+0000] {processor.py:925} INFO - DAG(s) 'compress_file_on_upload' retrieved from /opt/airflow/dags/minio_file_compression_and_email.py
[2025-04-22T10:38:31.124+0000] {logging_mixin.py:190} INFO - [2025-04-22T10:38:31.123+0000] {dag.py:3239} INFO - Sync 1 DAGs
[2025-04-22T10:38:31.150+0000] {logging_mixin.py:190} INFO - [2025-04-22T10:38:31.149+0000] {dag.py:4180} INFO - Setting next_dagrun for compress_file_on_upload to None, run_after=None
[2025-04-22T10:38:31.187+0000] {processor.py:208} INFO - Processing /opt/airflow/dags/minio_file_compression_and_email.py took 0.167 seconds
[2025-04-22T10:39:01.556+0000] {processor.py:186} INFO - Started process (PID=6651) to work on /opt/airflow/dags/minio_file_compression_and_email.py
[2025-04-22T10:39:01.558+0000] {processor.py:914} INFO - Processing file /opt/airflow/dags/minio_file_compression_and_email.py for tasks to queue
[2025-04-22T10:39:01.560+0000] {logging_mixin.py:190} INFO - [2025-04-22T10:39:01.559+0000] {dagbag.py:588} INFO - Filling up the DagBag from /opt/airflow/dags/minio_file_compression_and_email.py
[2025-04-22T10:39:01.577+0000] {processor.py:925} INFO - DAG(s) 'compress_file_on_upload' retrieved from /opt/airflow/dags/minio_file_compression_and_email.py
[2025-04-22T10:39:01.607+0000] {logging_mixin.py:190} INFO - [2025-04-22T10:39:01.607+0000] {dag.py:3239} INFO - Sync 1 DAGs
[2025-04-22T10:39:01.629+0000] {logging_mixin.py:190} INFO - [2025-04-22T10:39:01.629+0000] {dag.py:4180} INFO - Setting next_dagrun for compress_file_on_upload to None, run_after=None
[2025-04-22T10:39:01.660+0000] {processor.py:208} INFO - Processing /opt/airflow/dags/minio_file_compression_and_email.py took 0.110 seconds
[2025-04-22T10:39:32.258+0000] {processor.py:186} INFO - Started process (PID=6721) to work on /opt/airflow/dags/minio_file_compression_and_email.py
[2025-04-22T10:39:32.259+0000] {processor.py:914} INFO - Processing file /opt/airflow/dags/minio_file_compression_and_email.py for tasks to queue
[2025-04-22T10:39:32.262+0000] {logging_mixin.py:190} INFO - [2025-04-22T10:39:32.261+0000] {dagbag.py:588} INFO - Filling up the DagBag from /opt/airflow/dags/minio_file_compression_and_email.py
[2025-04-22T10:39:32.284+0000] {processor.py:925} INFO - DAG(s) 'compress_file_on_upload' retrieved from /opt/airflow/dags/minio_file_compression_and_email.py
[2025-04-22T10:39:32.312+0000] {logging_mixin.py:190} INFO - [2025-04-22T10:39:32.311+0000] {dag.py:3239} INFO - Sync 1 DAGs
[2025-04-22T10:39:32.343+0000] {logging_mixin.py:190} INFO - [2025-04-22T10:39:32.343+0000] {dag.py:4180} INFO - Setting next_dagrun for compress_file_on_upload to None, run_after=None
[2025-04-22T10:39:32.380+0000] {processor.py:208} INFO - Processing /opt/airflow/dags/minio_file_compression_and_email.py took 0.129 seconds
[2025-04-22T10:40:02.472+0000] {processor.py:186} INFO - Started process (PID=6791) to work on /opt/airflow/dags/minio_file_compression_and_email.py
[2025-04-22T10:40:02.474+0000] {processor.py:914} INFO - Processing file /opt/airflow/dags/minio_file_compression_and_email.py for tasks to queue
[2025-04-22T10:40:02.477+0000] {logging_mixin.py:190} INFO - [2025-04-22T10:40:02.476+0000] {dagbag.py:588} INFO - Filling up the DagBag from /opt/airflow/dags/minio_file_compression_and_email.py
[2025-04-22T10:40:02.495+0000] {processor.py:925} INFO - DAG(s) 'compress_file_on_upload' retrieved from /opt/airflow/dags/minio_file_compression_and_email.py
[2025-04-22T10:40:02.538+0000] {logging_mixin.py:190} INFO - [2025-04-22T10:40:02.538+0000] {dag.py:3239} INFO - Sync 1 DAGs
[2025-04-22T10:40:02.572+0000] {logging_mixin.py:190} INFO - [2025-04-22T10:40:02.572+0000] {dag.py:4180} INFO - Setting next_dagrun for compress_file_on_upload to None, run_after=None
[2025-04-22T10:40:02.614+0000] {processor.py:208} INFO - Processing /opt/airflow/dags/minio_file_compression_and_email.py took 0.156 seconds
[2025-04-22T11:05:22.080+0000] {processor.py:186} INFO - Started process (PID=6867) to work on /opt/airflow/dags/minio_file_compression_and_email.py
[2025-04-22T11:05:22.082+0000] {processor.py:914} INFO - Processing file /opt/airflow/dags/minio_file_compression_and_email.py for tasks to queue
[2025-04-22T11:05:22.087+0000] {logging_mixin.py:190} INFO - [2025-04-22T11:05:22.085+0000] {dagbag.py:588} INFO - Filling up the DagBag from /opt/airflow/dags/minio_file_compression_and_email.py
[2025-04-22T11:05:22.119+0000] {processor.py:925} INFO - DAG(s) 'compress_file_on_upload' retrieved from /opt/airflow/dags/minio_file_compression_and_email.py
[2025-04-22T11:05:22.172+0000] {logging_mixin.py:190} INFO - [2025-04-22T11:05:22.171+0000] {dag.py:3239} INFO - Sync 1 DAGs
[2025-04-22T11:05:22.213+0000] {logging_mixin.py:190} INFO - [2025-04-22T11:05:22.212+0000] {dag.py:4180} INFO - Setting next_dagrun for compress_file_on_upload to None, run_after=None
[2025-04-22T11:05:22.270+0000] {processor.py:208} INFO - Processing /opt/airflow/dags/minio_file_compression_and_email.py took 0.205 seconds
[2025-04-22T11:05:52.481+0000] {processor.py:186} INFO - Started process (PID=6936) to work on /opt/airflow/dags/minio_file_compression_and_email.py
[2025-04-22T11:05:52.483+0000] {processor.py:914} INFO - Processing file /opt/airflow/dags/minio_file_compression_and_email.py for tasks to queue
[2025-04-22T11:05:52.486+0000] {logging_mixin.py:190} INFO - [2025-04-22T11:05:52.485+0000] {dagbag.py:588} INFO - Filling up the DagBag from /opt/airflow/dags/minio_file_compression_and_email.py
[2025-04-22T11:05:52.514+0000] {processor.py:925} INFO - DAG(s) 'compress_file_on_upload' retrieved from /opt/airflow/dags/minio_file_compression_and_email.py
[2025-04-22T11:05:52.556+0000] {logging_mixin.py:190} INFO - [2025-04-22T11:05:52.555+0000] {dag.py:3239} INFO - Sync 1 DAGs
[2025-04-22T11:05:52.586+0000] {logging_mixin.py:190} INFO - [2025-04-22T11:05:52.585+0000] {dag.py:4180} INFO - Setting next_dagrun for compress_file_on_upload to None, run_after=None
[2025-04-22T11:05:52.626+0000] {processor.py:208} INFO - Processing /opt/airflow/dags/minio_file_compression_and_email.py took 0.158 seconds
[2025-04-22T11:06:22.993+0000] {processor.py:186} INFO - Started process (PID=7006) to work on /opt/airflow/dags/minio_file_compression_and_email.py
[2025-04-22T11:06:22.996+0000] {processor.py:914} INFO - Processing file /opt/airflow/dags/minio_file_compression_and_email.py for tasks to queue
[2025-04-22T11:06:22.999+0000] {logging_mixin.py:190} INFO - [2025-04-22T11:06:22.998+0000] {dagbag.py:588} INFO - Filling up the DagBag from /opt/airflow/dags/minio_file_compression_and_email.py
[2025-04-22T11:06:23.027+0000] {processor.py:925} INFO - DAG(s) 'compress_file_on_upload' retrieved from /opt/airflow/dags/minio_file_compression_and_email.py
[2025-04-22T11:06:23.074+0000] {logging_mixin.py:190} INFO - [2025-04-22T11:06:23.074+0000] {dag.py:3239} INFO - Sync 1 DAGs
[2025-04-22T11:06:23.109+0000] {logging_mixin.py:190} INFO - [2025-04-22T11:06:23.109+0000] {dag.py:4180} INFO - Setting next_dagrun for compress_file_on_upload to None, run_after=None
[2025-04-22T11:06:23.153+0000] {processor.py:208} INFO - Processing /opt/airflow/dags/minio_file_compression_and_email.py took 0.173 seconds
[2025-04-22T11:06:54.098+0000] {processor.py:186} INFO - Started process (PID=7076) to work on /opt/airflow/dags/minio_file_compression_and_email.py
[2025-04-22T11:06:54.100+0000] {processor.py:914} INFO - Processing file /opt/airflow/dags/minio_file_compression_and_email.py for tasks to queue
[2025-04-22T11:06:54.104+0000] {logging_mixin.py:190} INFO - [2025-04-22T11:06:54.103+0000] {dagbag.py:588} INFO - Filling up the DagBag from /opt/airflow/dags/minio_file_compression_and_email.py
[2025-04-22T11:06:54.127+0000] {processor.py:925} INFO - DAG(s) 'compress_file_on_upload' retrieved from /opt/airflow/dags/minio_file_compression_and_email.py
[2025-04-22T11:06:54.170+0000] {logging_mixin.py:190} INFO - [2025-04-22T11:06:54.170+0000] {dag.py:3239} INFO - Sync 1 DAGs
[2025-04-22T11:06:54.204+0000] {logging_mixin.py:190} INFO - [2025-04-22T11:06:54.204+0000] {dag.py:4180} INFO - Setting next_dagrun for compress_file_on_upload to None, run_after=None
[2025-04-22T11:06:54.245+0000] {processor.py:208} INFO - Processing /opt/airflow/dags/minio_file_compression_and_email.py took 0.160 seconds
[2025-04-22T11:07:24.568+0000] {processor.py:186} INFO - Started process (PID=7146) to work on /opt/airflow/dags/minio_file_compression_and_email.py
[2025-04-22T11:07:24.569+0000] {processor.py:914} INFO - Processing file /opt/airflow/dags/minio_file_compression_and_email.py for tasks to queue
[2025-04-22T11:07:24.572+0000] {logging_mixin.py:190} INFO - [2025-04-22T11:07:24.571+0000] {dagbag.py:588} INFO - Filling up the DagBag from /opt/airflow/dags/minio_file_compression_and_email.py
[2025-04-22T11:07:24.604+0000] {processor.py:925} INFO - DAG(s) 'compress_file_on_upload' retrieved from /opt/airflow/dags/minio_file_compression_and_email.py
[2025-04-22T11:07:24.648+0000] {logging_mixin.py:190} INFO - [2025-04-22T11:07:24.647+0000] {dag.py:3239} INFO - Sync 1 DAGs
[2025-04-22T11:07:24.678+0000] {logging_mixin.py:190} INFO - [2025-04-22T11:07:24.678+0000] {dag.py:4180} INFO - Setting next_dagrun for compress_file_on_upload to None, run_after=None
[2025-04-22T11:07:24.713+0000] {processor.py:208} INFO - Processing /opt/airflow/dags/minio_file_compression_and_email.py took 0.157 seconds
[2025-04-22T11:07:54.753+0000] {processor.py:186} INFO - Started process (PID=7216) to work on /opt/airflow/dags/minio_file_compression_and_email.py
[2025-04-22T11:07:54.754+0000] {processor.py:914} INFO - Processing file /opt/airflow/dags/minio_file_compression_and_email.py for tasks to queue
[2025-04-22T11:07:54.756+0000] {logging_mixin.py:190} INFO - [2025-04-22T11:07:54.755+0000] {dagbag.py:588} INFO - Filling up the DagBag from /opt/airflow/dags/minio_file_compression_and_email.py
[2025-04-22T11:07:54.764+0000] {processor.py:925} INFO - DAG(s) 'compress_file_on_upload' retrieved from /opt/airflow/dags/minio_file_compression_and_email.py
[2025-04-22T11:07:54.779+0000] {logging_mixin.py:190} INFO - [2025-04-22T11:07:54.779+0000] {dag.py:3239} INFO - Sync 1 DAGs
[2025-04-22T11:07:54.792+0000] {logging_mixin.py:190} INFO - [2025-04-22T11:07:54.791+0000] {dag.py:4180} INFO - Setting next_dagrun for compress_file_on_upload to None, run_after=None
[2025-04-22T11:07:54.806+0000] {processor.py:208} INFO - Processing /opt/airflow/dags/minio_file_compression_and_email.py took 0.057 seconds
[2025-04-22T11:08:25.820+0000] {processor.py:186} INFO - Started process (PID=7286) to work on /opt/airflow/dags/minio_file_compression_and_email.py
[2025-04-22T11:08:25.821+0000] {processor.py:914} INFO - Processing file /opt/airflow/dags/minio_file_compression_and_email.py for tasks to queue
[2025-04-22T11:08:25.822+0000] {logging_mixin.py:190} INFO - [2025-04-22T11:08:25.822+0000] {dagbag.py:588} INFO - Filling up the DagBag from /opt/airflow/dags/minio_file_compression_and_email.py
[2025-04-22T11:08:25.831+0000] {processor.py:925} INFO - DAG(s) 'compress_file_on_upload' retrieved from /opt/airflow/dags/minio_file_compression_and_email.py
[2025-04-22T11:08:25.849+0000] {logging_mixin.py:190} INFO - [2025-04-22T11:08:25.849+0000] {dag.py:3239} INFO - Sync 1 DAGs
[2025-04-22T11:08:25.861+0000] {logging_mixin.py:190} INFO - [2025-04-22T11:08:25.861+0000] {dag.py:4180} INFO - Setting next_dagrun for compress_file_on_upload to None, run_after=None
[2025-04-22T11:08:25.877+0000] {processor.py:208} INFO - Processing /opt/airflow/dags/minio_file_compression_and_email.py took 0.061 seconds
[2025-04-22T11:08:56.119+0000] {processor.py:186} INFO - Started process (PID=7356) to work on /opt/airflow/dags/minio_file_compression_and_email.py
[2025-04-22T11:08:56.120+0000] {processor.py:914} INFO - Processing file /opt/airflow/dags/minio_file_compression_and_email.py for tasks to queue
[2025-04-22T11:08:56.121+0000] {logging_mixin.py:190} INFO - [2025-04-22T11:08:56.121+0000] {dagbag.py:588} INFO - Filling up the DagBag from /opt/airflow/dags/minio_file_compression_and_email.py
[2025-04-22T11:08:56.133+0000] {processor.py:925} INFO - DAG(s) 'compress_file_on_upload' retrieved from /opt/airflow/dags/minio_file_compression_and_email.py
[2025-04-22T11:08:56.151+0000] {logging_mixin.py:190} INFO - [2025-04-22T11:08:56.151+0000] {dag.py:3239} INFO - Sync 1 DAGs
[2025-04-22T11:08:56.163+0000] {logging_mixin.py:190} INFO - [2025-04-22T11:08:56.163+0000] {dag.py:4180} INFO - Setting next_dagrun for compress_file_on_upload to None, run_after=None
[2025-04-22T11:08:56.180+0000] {processor.py:208} INFO - Processing /opt/airflow/dags/minio_file_compression_and_email.py took 0.065 seconds
[2025-04-22T11:09:26.400+0000] {processor.py:186} INFO - Started process (PID=7426) to work on /opt/airflow/dags/minio_file_compression_and_email.py
[2025-04-22T11:09:26.401+0000] {processor.py:914} INFO - Processing file /opt/airflow/dags/minio_file_compression_and_email.py for tasks to queue
[2025-04-22T11:09:26.402+0000] {logging_mixin.py:190} INFO - [2025-04-22T11:09:26.402+0000] {dagbag.py:588} INFO - Filling up the DagBag from /opt/airflow/dags/minio_file_compression_and_email.py
[2025-04-22T11:09:26.412+0000] {processor.py:925} INFO - DAG(s) 'compress_file_on_upload' retrieved from /opt/airflow/dags/minio_file_compression_and_email.py
[2025-04-22T11:09:26.429+0000] {logging_mixin.py:190} INFO - [2025-04-22T11:09:26.429+0000] {dag.py:3239} INFO - Sync 1 DAGs
[2025-04-22T11:09:26.441+0000] {logging_mixin.py:190} INFO - [2025-04-22T11:09:26.440+0000] {dag.py:4180} INFO - Setting next_dagrun for compress_file_on_upload to None, run_after=None
[2025-04-22T11:09:26.459+0000] {processor.py:208} INFO - Processing /opt/airflow/dags/minio_file_compression_and_email.py took 0.063 seconds
[2025-04-22T11:09:56.673+0000] {processor.py:186} INFO - Started process (PID=7496) to work on /opt/airflow/dags/minio_file_compression_and_email.py
[2025-04-22T11:09:56.674+0000] {processor.py:914} INFO - Processing file /opt/airflow/dags/minio_file_compression_and_email.py for tasks to queue
[2025-04-22T11:09:56.676+0000] {logging_mixin.py:190} INFO - [2025-04-22T11:09:56.676+0000] {dagbag.py:588} INFO - Filling up the DagBag from /opt/airflow/dags/minio_file_compression_and_email.py
[2025-04-22T11:09:56.688+0000] {processor.py:925} INFO - DAG(s) 'compress_file_on_upload' retrieved from /opt/airflow/dags/minio_file_compression_and_email.py
[2025-04-22T11:09:56.706+0000] {logging_mixin.py:190} INFO - [2025-04-22T11:09:56.706+0000] {dag.py:3239} INFO - Sync 1 DAGs
[2025-04-22T11:09:56.721+0000] {logging_mixin.py:190} INFO - [2025-04-22T11:09:56.721+0000] {dag.py:4180} INFO - Setting next_dagrun for compress_file_on_upload to None, run_after=None
[2025-04-22T11:09:56.740+0000] {processor.py:208} INFO - Processing /opt/airflow/dags/minio_file_compression_and_email.py took 0.070 seconds
[2025-04-22T11:10:26.805+0000] {processor.py:186} INFO - Started process (PID=7566) to work on /opt/airflow/dags/minio_file_compression_and_email.py
[2025-04-22T11:10:26.806+0000] {processor.py:914} INFO - Processing file /opt/airflow/dags/minio_file_compression_and_email.py for tasks to queue
[2025-04-22T11:10:26.808+0000] {logging_mixin.py:190} INFO - [2025-04-22T11:10:26.807+0000] {dagbag.py:588} INFO - Filling up the DagBag from /opt/airflow/dags/minio_file_compression_and_email.py
[2025-04-22T11:10:26.820+0000] {processor.py:925} INFO - DAG(s) 'compress_file_on_upload' retrieved from /opt/airflow/dags/minio_file_compression_and_email.py
[2025-04-22T11:10:26.837+0000] {logging_mixin.py:190} INFO - [2025-04-22T11:10:26.836+0000] {dag.py:3239} INFO - Sync 1 DAGs
[2025-04-22T11:10:26.849+0000] {logging_mixin.py:190} INFO - [2025-04-22T11:10:26.849+0000] {dag.py:4180} INFO - Setting next_dagrun for compress_file_on_upload to None, run_after=None
[2025-04-22T11:10:26.866+0000] {processor.py:208} INFO - Processing /opt/airflow/dags/minio_file_compression_and_email.py took 0.065 seconds
[2025-04-22T11:10:57.345+0000] {processor.py:186} INFO - Started process (PID=7636) to work on /opt/airflow/dags/minio_file_compression_and_email.py
[2025-04-22T11:10:57.346+0000] {processor.py:914} INFO - Processing file /opt/airflow/dags/minio_file_compression_and_email.py for tasks to queue
[2025-04-22T11:10:57.348+0000] {logging_mixin.py:190} INFO - [2025-04-22T11:10:57.347+0000] {dagbag.py:588} INFO - Filling up the DagBag from /opt/airflow/dags/minio_file_compression_and_email.py
[2025-04-22T11:10:57.358+0000] {processor.py:925} INFO - DAG(s) 'compress_file_on_upload' retrieved from /opt/airflow/dags/minio_file_compression_and_email.py
[2025-04-22T11:10:57.374+0000] {logging_mixin.py:190} INFO - [2025-04-22T11:10:57.374+0000] {dag.py:3239} INFO - Sync 1 DAGs
[2025-04-22T11:10:57.386+0000] {logging_mixin.py:190} INFO - [2025-04-22T11:10:57.386+0000] {dag.py:4180} INFO - Setting next_dagrun for compress_file_on_upload to None, run_after=None
[2025-04-22T11:10:57.404+0000] {processor.py:208} INFO - Processing /opt/airflow/dags/minio_file_compression_and_email.py took 0.064 seconds
[2025-04-22T11:11:02.342+0000] {processor.py:186} INFO - Started process (PID=7672) to work on /opt/airflow/dags/minio_file_compression_and_email.py
[2025-04-22T11:11:02.343+0000] {processor.py:914} INFO - Processing file /opt/airflow/dags/minio_file_compression_and_email.py for tasks to queue
[2025-04-22T11:11:02.344+0000] {logging_mixin.py:190} INFO - [2025-04-22T11:11:02.344+0000] {dagbag.py:588} INFO - Filling up the DagBag from /opt/airflow/dags/minio_file_compression_and_email.py
[2025-04-22T11:11:02.350+0000] {logging_mixin.py:190} INFO - [2025-04-22T11:11:02.349+0000] {dagbag.py:387} ERROR - Failed to import: /opt/airflow/dags/minio_file_compression_and_email.py
Traceback (most recent call last):
  File "/home/airflow/.local/lib/python3.12/site-packages/airflow/models/dagbag.py", line 383, in parse
    loader.exec_module(new_module)
  File "<frozen importlib._bootstrap_external>", line 995, in exec_module
  File "<frozen importlib._bootstrap_external>", line 1133, in get_code
  File "<frozen importlib._bootstrap_external>", line 1063, in source_to_code
  File "<frozen importlib._bootstrap>", line 488, in _call_with_frames_removed
  File "/opt/airflow/dags/minio_file_compression_and_email.py", line 150
    schedule_interval=,
    ^^^^^^^^^^^^^^^^^^
SyntaxError: expected argument value expression
[2025-04-22T11:11:02.350+0000] {processor.py:927} WARNING - No viable dags retrieved from /opt/airflow/dags/minio_file_compression_and_email.py
[2025-04-22T11:11:02.376+0000] {processor.py:208} INFO - Processing /opt/airflow/dags/minio_file_compression_and_email.py took 0.039 seconds
[2025-04-22T11:11:32.904+0000] {processor.py:186} INFO - Started process (PID=7741) to work on /opt/airflow/dags/minio_file_compression_and_email.py
[2025-04-22T11:11:32.905+0000] {processor.py:914} INFO - Processing file /opt/airflow/dags/minio_file_compression_and_email.py for tasks to queue
[2025-04-22T11:11:32.907+0000] {logging_mixin.py:190} INFO - [2025-04-22T11:11:32.906+0000] {dagbag.py:588} INFO - Filling up the DagBag from /opt/airflow/dags/minio_file_compression_and_email.py
[2025-04-22T11:11:32.913+0000] {logging_mixin.py:190} INFO - [2025-04-22T11:11:32.912+0000] {dagbag.py:387} ERROR - Failed to import: /opt/airflow/dags/minio_file_compression_and_email.py
Traceback (most recent call last):
  File "/home/airflow/.local/lib/python3.12/site-packages/airflow/models/dagbag.py", line 383, in parse
    loader.exec_module(new_module)
  File "<frozen importlib._bootstrap_external>", line 995, in exec_module
  File "<frozen importlib._bootstrap_external>", line 1133, in get_code
  File "<frozen importlib._bootstrap_external>", line 1063, in source_to_code
  File "<frozen importlib._bootstrap>", line 488, in _call_with_frames_removed
  File "/opt/airflow/dags/minio_file_compression_and_email.py", line 150
    schedule_interval=,
    ^^^^^^^^^^^^^^^^^^
SyntaxError: expected argument value expression
[2025-04-22T11:11:32.914+0000] {processor.py:927} WARNING - No viable dags retrieved from /opt/airflow/dags/minio_file_compression_and_email.py
[2025-04-22T11:11:32.934+0000] {processor.py:208} INFO - Processing /opt/airflow/dags/minio_file_compression_and_email.py took 0.034 seconds
[2025-04-22T11:11:37.074+0000] {processor.py:186} INFO - Started process (PID=7753) to work on /opt/airflow/dags/minio_file_compression_and_email.py
[2025-04-22T11:11:37.075+0000] {processor.py:914} INFO - Processing file /opt/airflow/dags/minio_file_compression_and_email.py for tasks to queue
[2025-04-22T11:11:37.076+0000] {logging_mixin.py:190} INFO - [2025-04-22T11:11:37.076+0000] {dagbag.py:588} INFO - Filling up the DagBag from /opt/airflow/dags/minio_file_compression_and_email.py
[2025-04-22T11:11:37.084+0000] {logging_mixin.py:190} INFO - [2025-04-22T11:11:37.082+0000] {dagbag.py:387} ERROR - Failed to import: /opt/airflow/dags/minio_file_compression_and_email.py
Traceback (most recent call last):
  File "/home/airflow/.local/lib/python3.12/site-packages/airflow/models/dagbag.py", line 383, in parse
    loader.exec_module(new_module)
  File "<frozen importlib._bootstrap_external>", line 999, in exec_module
  File "<frozen importlib._bootstrap>", line 488, in _call_with_frames_removed
  File "/opt/airflow/dags/minio_file_compression_and_email.py", line 150, in <module>
    schedule_interval=timedelta(minutes),
                                ^^^^^^^
NameError: name 'minutes' is not defined
[2025-04-22T11:11:37.086+0000] {processor.py:927} WARNING - No viable dags retrieved from /opt/airflow/dags/minio_file_compression_and_email.py
[2025-04-22T11:11:37.105+0000] {processor.py:208} INFO - Processing /opt/airflow/dags/minio_file_compression_and_email.py took 0.036 seconds
[2025-04-22T11:11:39.098+0000] {processor.py:186} INFO - Started process (PID=7754) to work on /opt/airflow/dags/minio_file_compression_and_email.py
[2025-04-22T11:11:39.099+0000] {processor.py:914} INFO - Processing file /opt/airflow/dags/minio_file_compression_and_email.py for tasks to queue
[2025-04-22T11:11:39.100+0000] {logging_mixin.py:190} INFO - [2025-04-22T11:11:39.099+0000] {dagbag.py:588} INFO - Filling up the DagBag from /opt/airflow/dags/minio_file_compression_and_email.py
[2025-04-22T11:11:39.111+0000] {processor.py:925} INFO - DAG(s) 'compress_file_on_upload' retrieved from /opt/airflow/dags/minio_file_compression_and_email.py
[2025-04-22T11:11:39.204+0000] {logging_mixin.py:190} INFO - [2025-04-22T11:11:39.204+0000] {dag.py:3239} INFO - Sync 1 DAGs
[2025-04-22T11:11:39.221+0000] {logging_mixin.py:190} INFO - [2025-04-22T11:11:39.221+0000] {dag.py:4180} INFO - Setting next_dagrun for compress_file_on_upload to 2025-04-22 11:10:00+00:00, run_after=2025-04-22 11:11:00+00:00
[2025-04-22T11:11:39.241+0000] {processor.py:208} INFO - Processing /opt/airflow/dags/minio_file_compression_and_email.py took 0.147 seconds
[2025-04-22T11:11:40.153+0000] {processor.py:186} INFO - Started process (PID=7755) to work on /opt/airflow/dags/minio_file_compression_and_email.py
[2025-04-22T11:11:40.154+0000] {processor.py:914} INFO - Processing file /opt/airflow/dags/minio_file_compression_and_email.py for tasks to queue
[2025-04-22T11:11:40.155+0000] {logging_mixin.py:190} INFO - [2025-04-22T11:11:40.155+0000] {dagbag.py:588} INFO - Filling up the DagBag from /opt/airflow/dags/minio_file_compression_and_email.py
[2025-04-22T11:11:40.170+0000] {processor.py:925} INFO - DAG(s) 'compress_file_on_upload' retrieved from /opt/airflow/dags/minio_file_compression_and_email.py
[2025-04-22T11:11:40.182+0000] {logging_mixin.py:190} INFO - [2025-04-22T11:11:40.181+0000] {dag.py:3239} INFO - Sync 1 DAGs
[2025-04-22T11:11:40.203+0000] {logging_mixin.py:190} INFO - [2025-04-22T11:11:40.203+0000] {dag.py:4180} INFO - Setting next_dagrun for compress_file_on_upload to 2025-04-22 11:11:00+00:00, run_after=2025-04-22 11:12:00+00:00
[2025-04-22T11:11:40.224+0000] {processor.py:208} INFO - Processing /opt/airflow/dags/minio_file_compression_and_email.py took 0.076 seconds
[2025-04-22T11:11:41.018+0000] {processor.py:186} INFO - Started process (PID=7763) to work on /opt/airflow/dags/minio_file_compression_and_email.py
[2025-04-22T11:11:41.018+0000] {processor.py:914} INFO - Processing file /opt/airflow/dags/minio_file_compression_and_email.py for tasks to queue
[2025-04-22T11:11:41.020+0000] {logging_mixin.py:190} INFO - [2025-04-22T11:11:41.020+0000] {dagbag.py:588} INFO - Filling up the DagBag from /opt/airflow/dags/minio_file_compression_and_email.py
[2025-04-22T11:11:41.031+0000] {processor.py:925} INFO - DAG(s) 'compress_file_on_upload' retrieved from /opt/airflow/dags/minio_file_compression_and_email.py
[2025-04-22T11:11:41.042+0000] {logging_mixin.py:190} INFO - [2025-04-22T11:11:41.042+0000] {dag.py:3239} INFO - Sync 1 DAGs
[2025-04-22T11:11:41.062+0000] {logging_mixin.py:190} INFO - [2025-04-22T11:11:41.061+0000] {dag.py:4180} INFO - Setting next_dagrun for compress_file_on_upload to 2025-04-22 11:11:00+00:00, run_after=2025-04-22 11:12:00+00:00
[2025-04-22T11:11:41.078+0000] {processor.py:208} INFO - Processing /opt/airflow/dags/minio_file_compression_and_email.py took 0.065 seconds
[2025-04-22T11:12:11.550+0000] {processor.py:186} INFO - Started process (PID=7829) to work on /opt/airflow/dags/minio_file_compression_and_email.py
[2025-04-22T11:12:11.550+0000] {processor.py:914} INFO - Processing file /opt/airflow/dags/minio_file_compression_and_email.py for tasks to queue
[2025-04-22T11:12:11.552+0000] {logging_mixin.py:190} INFO - [2025-04-22T11:12:11.551+0000] {dagbag.py:588} INFO - Filling up the DagBag from /opt/airflow/dags/minio_file_compression_and_email.py
[2025-04-22T11:12:11.563+0000] {processor.py:925} INFO - DAG(s) 'compress_file_on_upload' retrieved from /opt/airflow/dags/minio_file_compression_and_email.py
[2025-04-22T11:12:11.582+0000] {logging_mixin.py:190} INFO - [2025-04-22T11:12:11.581+0000] {dag.py:3239} INFO - Sync 1 DAGs
[2025-04-22T11:12:11.602+0000] {logging_mixin.py:190} INFO - [2025-04-22T11:12:11.601+0000] {dag.py:4180} INFO - Setting next_dagrun for compress_file_on_upload to 2025-04-22 11:12:00+00:00, run_after=2025-04-22 11:13:00+00:00
[2025-04-22T11:12:11.617+0000] {processor.py:208} INFO - Processing /opt/airflow/dags/minio_file_compression_and_email.py took 0.072 seconds
[2025-04-22T11:12:42.029+0000] {processor.py:186} INFO - Started process (PID=7912) to work on /opt/airflow/dags/minio_file_compression_and_email.py
[2025-04-22T11:12:42.030+0000] {processor.py:914} INFO - Processing file /opt/airflow/dags/minio_file_compression_and_email.py for tasks to queue
[2025-04-22T11:12:42.031+0000] {logging_mixin.py:190} INFO - [2025-04-22T11:12:42.031+0000] {dagbag.py:588} INFO - Filling up the DagBag from /opt/airflow/dags/minio_file_compression_and_email.py
[2025-04-22T11:12:42.052+0000] {processor.py:925} INFO - DAG(s) 'compress_file_on_upload' retrieved from /opt/airflow/dags/minio_file_compression_and_email.py
[2025-04-22T11:12:42.136+0000] {logging_mixin.py:190} INFO - [2025-04-22T11:12:42.131+0000] {dag.py:3239} INFO - Sync 1 DAGs
[2025-04-22T11:12:42.210+0000] {logging_mixin.py:190} INFO - [2025-04-22T11:12:42.209+0000] {dag.py:4180} INFO - Setting next_dagrun for compress_file_on_upload to 2025-04-22 11:12:00+00:00, run_after=2025-04-22 11:13:00+00:00
[2025-04-22T11:12:42.240+0000] {processor.py:208} INFO - Processing /opt/airflow/dags/minio_file_compression_and_email.py took 0.218 seconds
[2025-04-22T11:13:44.735+0000] {processor.py:186} INFO - Started process (PID=7926) to work on /opt/airflow/dags/minio_file_compression_and_email.py
[2025-04-22T11:13:44.736+0000] {processor.py:914} INFO - Processing file /opt/airflow/dags/minio_file_compression_and_email.py for tasks to queue
[2025-04-22T11:13:44.738+0000] {logging_mixin.py:190} INFO - [2025-04-22T11:13:44.738+0000] {dagbag.py:588} INFO - Filling up the DagBag from /opt/airflow/dags/minio_file_compression_and_email.py
[2025-04-22T11:13:44.753+0000] {processor.py:925} INFO - DAG(s) 'compress_file_on_upload' retrieved from /opt/airflow/dags/minio_file_compression_and_email.py
[2025-04-22T11:13:44.776+0000] {logging_mixin.py:190} INFO - [2025-04-22T11:13:44.775+0000] {dag.py:3239} INFO - Sync 1 DAGs
[2025-04-22T11:13:44.802+0000] {logging_mixin.py:190} INFO - [2025-04-22T11:13:44.802+0000] {dag.py:4180} INFO - Setting next_dagrun for compress_file_on_upload to 2025-04-22 11:12:00+00:00, run_after=2025-04-22 11:13:00+00:00
[2025-04-22T11:13:44.825+0000] {processor.py:208} INFO - Processing /opt/airflow/dags/minio_file_compression_and_email.py took 0.096 seconds
[2025-04-22T11:14:20.120+0000] {processor.py:186} INFO - Started process (PID=8007) to work on /opt/airflow/dags/minio_file_compression_and_email.py
[2025-04-22T11:14:20.122+0000] {processor.py:914} INFO - Processing file /opt/airflow/dags/minio_file_compression_and_email.py for tasks to queue
[2025-04-22T11:14:20.125+0000] {logging_mixin.py:190} INFO - [2025-04-22T11:14:20.123+0000] {dagbag.py:588} INFO - Filling up the DagBag from /opt/airflow/dags/minio_file_compression_and_email.py
[2025-04-22T11:14:20.171+0000] {processor.py:925} INFO - DAG(s) 'compress_file_on_upload' retrieved from /opt/airflow/dags/minio_file_compression_and_email.py
[2025-04-22T11:18:46.709+0000] {logging_mixin.py:190} INFO - [2025-04-22T11:18:46.697+0000] {dag.py:3239} INFO - Sync 1 DAGs
[2025-04-22T11:18:46.879+0000] {logging_mixin.py:190} INFO - [2025-04-22T11:18:46.879+0000] {dag.py:4180} INFO - Setting next_dagrun for compress_file_on_upload to 2025-04-22 11:17:00+00:00, run_after=2025-04-22 11:18:00+00:00
[2025-04-22T11:18:47.566+0000] {processor.py:208} INFO - Processing /opt/airflow/dags/minio_file_compression_and_email.py took 267.517 seconds
[2025-04-22T11:18:49.531+0000] {processor.py:186} INFO - Started process (PID=8011) to work on /opt/airflow/dags/minio_file_compression_and_email.py
[2025-04-22T11:18:49.532+0000] {processor.py:914} INFO - Processing file /opt/airflow/dags/minio_file_compression_and_email.py for tasks to queue
[2025-04-22T11:18:49.535+0000] {logging_mixin.py:190} INFO - [2025-04-22T11:18:49.533+0000] {dagbag.py:588} INFO - Filling up the DagBag from /opt/airflow/dags/minio_file_compression_and_email.py
[2025-04-22T11:18:49.560+0000] {processor.py:925} INFO - DAG(s) 'compress_file_on_upload' retrieved from /opt/airflow/dags/minio_file_compression_and_email.py
[2025-04-22T11:18:49.619+0000] {logging_mixin.py:190} INFO - [2025-04-22T11:18:49.617+0000] {taskinstance.py:3315} ERROR - {'DAG Id': 'compress_file_on_upload', 'Task Id': 'wait_for_file', 'Run Id': 'scheduled__2025-04-22T11:13:00+00:00', 'Hostname': '218dff27a00b', 'External Executor Id': '1e828662-7d41-4dce-a4ae-412e3c05a3d6'}
[2025-04-22T11:18:49.696+0000] {logging_mixin.py:190} INFO - Task instance in failure state
[2025-04-22T11:18:49.697+0000] {logging_mixin.py:190} INFO - Task start:2025-04-22 11:14:05.364326+00:00 end:2025-04-22 11:18:49.693219+00:00 duration:284.328893
[2025-04-22T11:18:49.698+0000] {logging_mixin.py:190} INFO - Task:<Task(PythonSensor): wait_for_file> dag:<DAG: compress_file_on_upload> dagrun:<DagRun compress_file_on_upload @ 2025-04-22 11:13:00+00:00: scheduled__2025-04-22T11:13:00+00:00, state:running, queued_at: 2025-04-22 11:14:00.711904+00:00. externally triggered: False>
[2025-04-22T11:18:49.699+0000] {logging_mixin.py:190} INFO - Failure caused by {'DAG Id': 'compress_file_on_upload', 'Task Id': 'wait_for_file', 'Run Id': 'scheduled__2025-04-22T11:13:00+00:00', 'Hostname': '218dff27a00b', 'External Executor Id': '1e828662-7d41-4dce-a4ae-412e3c05a3d6'}
[2025-04-22T11:18:49.699+0000] {logging_mixin.py:190} INFO - [2025-04-22T11:18:49.699+0000] {taskinstance.py:1226} INFO - Marking task as UP_FOR_RETRY. dag_id=compress_file_on_upload, task_id=wait_for_file, run_id=scheduled__2025-04-22T11:13:00+00:00, execution_date=20250422T111300, start_date=20250422T111405, end_date=20250422T111849
[2025-04-22T11:18:49.799+0000] {logging_mixin.py:190} INFO - [2025-04-22T11:18:49.797+0000] {processor.py:876} INFO - Executed callback for <TaskInstance: compress_file_on_upload.wait_for_file scheduled__2025-04-22T11:13:00+00:00 [up_for_retry]> in state up_for_retry
[2025-04-22T11:18:49.842+0000] {logging_mixin.py:190} INFO - [2025-04-22T11:18:49.839+0000] {dag.py:3239} INFO - Sync 1 DAGs
[2025-04-22T11:18:49.929+0000] {logging_mixin.py:190} INFO - [2025-04-22T11:18:49.926+0000] {dag.py:4180} INFO - Setting next_dagrun for compress_file_on_upload to 2025-04-22 11:18:00+00:00, run_after=2025-04-22 11:19:00+00:00
[2025-04-22T11:18:50.088+0000] {processor.py:208} INFO - Processing /opt/airflow/dags/minio_file_compression_and_email.py took 0.568 seconds
[2025-04-22T11:19:27.589+0000] {processor.py:186} INFO - Started process (PID=8078) to work on /opt/airflow/dags/minio_file_compression_and_email.py
[2025-04-22T11:19:27.590+0000] {processor.py:914} INFO - Processing file /opt/airflow/dags/minio_file_compression_and_email.py for tasks to queue
[2025-04-22T11:19:27.592+0000] {logging_mixin.py:190} INFO - [2025-04-22T11:19:27.591+0000] {dagbag.py:588} INFO - Filling up the DagBag from /opt/airflow/dags/minio_file_compression_and_email.py
[2025-04-22T11:19:27.612+0000] {processor.py:925} INFO - DAG(s) 'compress_file_on_upload' retrieved from /opt/airflow/dags/minio_file_compression_and_email.py
[2025-04-22T11:19:27.635+0000] {logging_mixin.py:190} INFO - [2025-04-22T11:19:27.635+0000] {dag.py:3239} INFO - Sync 1 DAGs
[2025-04-22T11:19:27.663+0000] {logging_mixin.py:190} INFO - [2025-04-22T11:19:27.663+0000] {dag.py:4180} INFO - Setting next_dagrun for compress_file_on_upload to 2025-04-22 11:19:00+00:00, run_after=2025-04-22 11:20:00+00:00
[2025-04-22T11:19:27.687+0000] {processor.py:208} INFO - Processing /opt/airflow/dags/minio_file_compression_and_email.py took 0.104 seconds
[2025-04-22T11:19:58.374+0000] {processor.py:186} INFO - Started process (PID=8175) to work on /opt/airflow/dags/minio_file_compression_and_email.py
[2025-04-22T11:19:58.375+0000] {processor.py:914} INFO - Processing file /opt/airflow/dags/minio_file_compression_and_email.py for tasks to queue
[2025-04-22T11:19:58.376+0000] {logging_mixin.py:190} INFO - [2025-04-22T11:19:58.376+0000] {dagbag.py:588} INFO - Filling up the DagBag from /opt/airflow/dags/minio_file_compression_and_email.py
[2025-04-22T11:19:58.390+0000] {processor.py:925} INFO - DAG(s) 'compress_file_on_upload' retrieved from /opt/airflow/dags/minio_file_compression_and_email.py
[2025-04-22T11:19:58.407+0000] {logging_mixin.py:190} INFO - [2025-04-22T11:19:58.407+0000] {dag.py:3239} INFO - Sync 1 DAGs
[2025-04-22T11:19:58.428+0000] {logging_mixin.py:190} INFO - [2025-04-22T11:19:58.428+0000] {dag.py:4180} INFO - Setting next_dagrun for compress_file_on_upload to 2025-04-22 11:19:00+00:00, run_after=2025-04-22 11:20:00+00:00
[2025-04-22T11:19:58.446+0000] {processor.py:208} INFO - Processing /opt/airflow/dags/minio_file_compression_and_email.py took 0.077 seconds
[2025-04-22T11:20:28.546+0000] {processor.py:186} INFO - Started process (PID=8309) to work on /opt/airflow/dags/minio_file_compression_and_email.py
[2025-04-22T11:20:28.547+0000] {processor.py:914} INFO - Processing file /opt/airflow/dags/minio_file_compression_and_email.py for tasks to queue
[2025-04-22T11:20:28.549+0000] {logging_mixin.py:190} INFO - [2025-04-22T11:20:28.549+0000] {dagbag.py:588} INFO - Filling up the DagBag from /opt/airflow/dags/minio_file_compression_and_email.py
[2025-04-22T11:20:28.568+0000] {processor.py:925} INFO - DAG(s) 'compress_file_on_upload' retrieved from /opt/airflow/dags/minio_file_compression_and_email.py
[2025-04-22T11:20:28.593+0000] {logging_mixin.py:190} INFO - [2025-04-22T11:20:28.592+0000] {dag.py:3239} INFO - Sync 1 DAGs
[2025-04-22T11:20:28.618+0000] {logging_mixin.py:190} INFO - [2025-04-22T11:20:28.617+0000] {dag.py:4180} INFO - Setting next_dagrun for compress_file_on_upload to 2025-04-22 11:20:00+00:00, run_after=2025-04-22 11:21:00+00:00
[2025-04-22T11:20:28.638+0000] {processor.py:208} INFO - Processing /opt/airflow/dags/minio_file_compression_and_email.py took 0.100 seconds
[2025-04-22T11:20:59.071+0000] {processor.py:186} INFO - Started process (PID=8450) to work on /opt/airflow/dags/minio_file_compression_and_email.py
[2025-04-22T11:20:59.072+0000] {processor.py:914} INFO - Processing file /opt/airflow/dags/minio_file_compression_and_email.py for tasks to queue
[2025-04-22T11:20:59.073+0000] {logging_mixin.py:190} INFO - [2025-04-22T11:20:59.073+0000] {dagbag.py:588} INFO - Filling up the DagBag from /opt/airflow/dags/minio_file_compression_and_email.py
[2025-04-22T11:20:59.094+0000] {processor.py:925} INFO - DAG(s) 'compress_file_on_upload' retrieved from /opt/airflow/dags/minio_file_compression_and_email.py
[2025-04-22T11:20:59.121+0000] {logging_mixin.py:190} INFO - [2025-04-22T11:20:59.120+0000] {dag.py:3239} INFO - Sync 1 DAGs
[2025-04-22T11:20:59.146+0000] {logging_mixin.py:190} INFO - [2025-04-22T11:20:59.145+0000] {dag.py:4180} INFO - Setting next_dagrun for compress_file_on_upload to 2025-04-22 11:20:00+00:00, run_after=2025-04-22 11:21:00+00:00
[2025-04-22T11:20:59.163+0000] {processor.py:208} INFO - Processing /opt/airflow/dags/minio_file_compression_and_email.py took 0.099 seconds
[2025-04-22T11:21:42.716+0000] {processor.py:186} INFO - Started process (PID=8538) to work on /opt/airflow/dags/minio_file_compression_and_email.py
[2025-04-22T11:21:42.718+0000] {processor.py:914} INFO - Processing file /opt/airflow/dags/minio_file_compression_and_email.py for tasks to queue
[2025-04-22T11:21:42.721+0000] {logging_mixin.py:190} INFO - [2025-04-22T11:21:42.720+0000] {dagbag.py:588} INFO - Filling up the DagBag from /opt/airflow/dags/minio_file_compression_and_email.py
[2025-04-22T11:21:42.758+0000] {processor.py:925} INFO - DAG(s) 'compress_file_on_upload' retrieved from /opt/airflow/dags/minio_file_compression_and_email.py
[2025-04-22T11:21:43.104+0000] {logging_mixin.py:190} INFO - [2025-04-22T11:21:43.103+0000] {dag.py:3239} INFO - Sync 1 DAGs
[2025-04-22T11:21:43.133+0000] {logging_mixin.py:190} INFO - [2025-04-22T11:21:43.133+0000] {dag.py:4180} INFO - Setting next_dagrun for compress_file_on_upload to 2025-04-22 11:21:00+00:00, run_after=2025-04-22 11:22:00+00:00
[2025-04-22T11:21:43.159+0000] {processor.py:208} INFO - Processing /opt/airflow/dags/minio_file_compression_and_email.py took 0.455 seconds
[2025-04-22T11:23:29.053+0000] {processor.py:186} INFO - Started process (PID=8579) to work on /opt/airflow/dags/minio_file_compression_and_email.py
[2025-04-22T11:23:29.054+0000] {processor.py:914} INFO - Processing file /opt/airflow/dags/minio_file_compression_and_email.py for tasks to queue
[2025-04-22T11:23:29.057+0000] {logging_mixin.py:190} INFO - [2025-04-22T11:23:29.056+0000] {dagbag.py:588} INFO - Filling up the DagBag from /opt/airflow/dags/minio_file_compression_and_email.py
[2025-04-22T11:23:29.082+0000] {processor.py:925} INFO - DAG(s) 'compress_file_on_upload' retrieved from /opt/airflow/dags/minio_file_compression_and_email.py
[2025-04-22T11:23:29.103+0000] {logging_mixin.py:190} INFO - [2025-04-22T11:23:29.103+0000] {taskinstance.py:3315} ERROR - {'DAG Id': 'compress_file_on_upload', 'Task Id': 'wait_for_file', 'Run Id': 'scheduled__2025-04-22T11:18:00+00:00', 'Hostname': '218dff27a00b', 'External Executor Id': 'f3715ad5-9681-4065-a7d1-cb9c0d5e38cd'}
[2025-04-22T11:23:29.141+0000] {logging_mixin.py:190} INFO - Task instance in failure state
[2025-04-22T11:23:29.141+0000] {logging_mixin.py:190} INFO - Task start:2025-04-22 11:21:43.864479+00:00 end:2025-04-22 11:23:29.140481+00:00 duration:105.276002
[2025-04-22T11:23:29.142+0000] {logging_mixin.py:190} INFO - Task:<Task(PythonSensor): wait_for_file> dag:<DAG: compress_file_on_upload> dagrun:<DagRun compress_file_on_upload @ 2025-04-22 11:18:00+00:00: scheduled__2025-04-22T11:18:00+00:00, state:running, queued_at: 2025-04-22 11:19:26.029769+00:00. externally triggered: False>
[2025-04-22T11:23:29.142+0000] {logging_mixin.py:190} INFO - Failure caused by {'DAG Id': 'compress_file_on_upload', 'Task Id': 'wait_for_file', 'Run Id': 'scheduled__2025-04-22T11:18:00+00:00', 'Hostname': '218dff27a00b', 'External Executor Id': 'f3715ad5-9681-4065-a7d1-cb9c0d5e38cd'}
[2025-04-22T11:23:29.143+0000] {logging_mixin.py:190} INFO - [2025-04-22T11:23:29.142+0000] {taskinstance.py:1226} INFO - Marking task as UP_FOR_RETRY. dag_id=compress_file_on_upload, task_id=wait_for_file, run_id=scheduled__2025-04-22T11:18:00+00:00, execution_date=20250422T111800, start_date=20250422T112143, end_date=20250422T112329
[2025-04-22T11:23:29.175+0000] {logging_mixin.py:190} INFO - [2025-04-22T11:23:29.175+0000] {processor.py:876} INFO - Executed callback for <TaskInstance: compress_file_on_upload.wait_for_file scheduled__2025-04-22T11:18:00+00:00 [up_for_retry]> in state up_for_retry
[2025-04-22T11:23:29.187+0000] {logging_mixin.py:190} INFO - [2025-04-22T11:23:29.186+0000] {dag.py:3239} INFO - Sync 1 DAGs
[2025-04-22T11:23:29.207+0000] {logging_mixin.py:190} INFO - [2025-04-22T11:23:29.206+0000] {dag.py:4180} INFO - Setting next_dagrun for compress_file_on_upload to 2025-04-22 11:22:00+00:00, run_after=2025-04-22 11:23:00+00:00
[2025-04-22T11:23:29.223+0000] {processor.py:208} INFO - Processing /opt/airflow/dags/minio_file_compression_and_email.py took 0.178 seconds
[2025-04-22T11:23:38.946+0000] {processor.py:186} INFO - Started process (PID=8639) to work on /opt/airflow/dags/minio_file_compression_and_email.py
[2025-04-22T11:23:38.947+0000] {processor.py:914} INFO - Processing file /opt/airflow/dags/minio_file_compression_and_email.py for tasks to queue
[2025-04-22T11:23:38.949+0000] {logging_mixin.py:190} INFO - [2025-04-22T11:23:38.948+0000] {dagbag.py:588} INFO - Filling up the DagBag from /opt/airflow/dags/minio_file_compression_and_email.py
[2025-04-22T11:23:38.960+0000] {processor.py:925} INFO - DAG(s) 'compress_file_on_upload' retrieved from /opt/airflow/dags/minio_file_compression_and_email.py
[2025-04-22T11:23:38.976+0000] {logging_mixin.py:190} INFO - [2025-04-22T11:23:38.975+0000] {taskinstance.py:3315} ERROR - {'DAG Id': 'compress_file_on_upload', 'Task Id': 'wait_for_file', 'Run Id': 'scheduled__2025-04-22T11:19:00+00:00', 'Hostname': '218dff27a00b', 'External Executor Id': 'a5520248-5d9f-422d-a797-f9bcb1936c94'}
[2025-04-22T11:23:39.004+0000] {logging_mixin.py:190} INFO - Task instance in failure state
[2025-04-22T11:23:39.005+0000] {logging_mixin.py:190} INFO - Task start:2025-04-22 11:21:43.855003+00:00 end:2025-04-22 11:23:39.004398+00:00 duration:115.149395
[2025-04-22T11:23:39.005+0000] {logging_mixin.py:190} INFO - Task:<Task(PythonSensor): wait_for_file> dag:<DAG: compress_file_on_upload> dagrun:<DagRun compress_file_on_upload @ 2025-04-22 11:19:00+00:00: scheduled__2025-04-22T11:19:00+00:00, state:running, queued_at: 2025-04-22 11:20:00.020898+00:00. externally triggered: False>
[2025-04-22T11:23:39.005+0000] {logging_mixin.py:190} INFO - Failure caused by {'DAG Id': 'compress_file_on_upload', 'Task Id': 'wait_for_file', 'Run Id': 'scheduled__2025-04-22T11:19:00+00:00', 'Hostname': '218dff27a00b', 'External Executor Id': 'a5520248-5d9f-422d-a797-f9bcb1936c94'}
[2025-04-22T11:23:39.006+0000] {logging_mixin.py:190} INFO - [2025-04-22T11:23:39.006+0000] {taskinstance.py:1226} INFO - Marking task as UP_FOR_RETRY. dag_id=compress_file_on_upload, task_id=wait_for_file, run_id=scheduled__2025-04-22T11:19:00+00:00, execution_date=20250422T111900, start_date=20250422T112143, end_date=20250422T112339
[2025-04-22T11:23:39.031+0000] {logging_mixin.py:190} INFO - [2025-04-22T11:23:39.031+0000] {processor.py:876} INFO - Executed callback for <TaskInstance: compress_file_on_upload.wait_for_file scheduled__2025-04-22T11:19:00+00:00 [up_for_retry]> in state up_for_retry
[2025-04-22T11:23:39.041+0000] {logging_mixin.py:190} INFO - [2025-04-22T11:23:39.041+0000] {dag.py:3239} INFO - Sync 1 DAGs
[2025-04-22T11:23:39.059+0000] {logging_mixin.py:190} INFO - [2025-04-22T11:23:39.058+0000] {dag.py:4180} INFO - Setting next_dagrun for compress_file_on_upload to 2025-04-22 11:23:00+00:00, run_after=2025-04-22 11:24:00+00:00
[2025-04-22T11:23:39.073+0000] {processor.py:208} INFO - Processing /opt/airflow/dags/minio_file_compression_and_email.py took 0.132 seconds
[2025-04-22T11:24:09.501+0000] {processor.py:186} INFO - Started process (PID=8709) to work on /opt/airflow/dags/minio_file_compression_and_email.py
[2025-04-22T11:24:09.502+0000] {processor.py:914} INFO - Processing file /opt/airflow/dags/minio_file_compression_and_email.py for tasks to queue
[2025-04-22T11:24:09.504+0000] {logging_mixin.py:190} INFO - [2025-04-22T11:24:09.503+0000] {dagbag.py:588} INFO - Filling up the DagBag from /opt/airflow/dags/minio_file_compression_and_email.py
[2025-04-22T11:24:09.514+0000] {processor.py:925} INFO - DAG(s) 'compress_file_on_upload' retrieved from /opt/airflow/dags/minio_file_compression_and_email.py
[2025-04-22T11:24:09.532+0000] {logging_mixin.py:190} INFO - [2025-04-22T11:24:09.531+0000] {dag.py:3239} INFO - Sync 1 DAGs
[2025-04-22T11:24:09.551+0000] {logging_mixin.py:190} INFO - [2025-04-22T11:24:09.551+0000] {dag.py:4180} INFO - Setting next_dagrun for compress_file_on_upload to 2025-04-22 11:24:00+00:00, run_after=2025-04-22 11:25:00+00:00
[2025-04-22T11:24:09.568+0000] {processor.py:208} INFO - Processing /opt/airflow/dags/minio_file_compression_and_email.py took 0.071 seconds
[2025-04-22T11:24:39.738+0000] {processor.py:186} INFO - Started process (PID=8779) to work on /opt/airflow/dags/minio_file_compression_and_email.py
[2025-04-22T11:24:39.738+0000] {processor.py:914} INFO - Processing file /opt/airflow/dags/minio_file_compression_and_email.py for tasks to queue
[2025-04-22T11:24:39.739+0000] {logging_mixin.py:190} INFO - [2025-04-22T11:24:39.739+0000] {dagbag.py:588} INFO - Filling up the DagBag from /opt/airflow/dags/minio_file_compression_and_email.py
[2025-04-22T11:24:39.750+0000] {processor.py:925} INFO - DAG(s) 'compress_file_on_upload' retrieved from /opt/airflow/dags/minio_file_compression_and_email.py
[2025-04-22T11:24:39.765+0000] {logging_mixin.py:190} INFO - [2025-04-22T11:24:39.765+0000] {dag.py:3239} INFO - Sync 1 DAGs
[2025-04-22T11:24:39.783+0000] {logging_mixin.py:190} INFO - [2025-04-22T11:24:39.783+0000] {dag.py:4180} INFO - Setting next_dagrun for compress_file_on_upload to 2025-04-22 11:24:00+00:00, run_after=2025-04-22 11:25:00+00:00
[2025-04-22T11:24:39.799+0000] {processor.py:208} INFO - Processing /opt/airflow/dags/minio_file_compression_and_email.py took 0.065 seconds
[2025-04-22T11:25:09.859+0000] {processor.py:186} INFO - Started process (PID=8849) to work on /opt/airflow/dags/minio_file_compression_and_email.py
[2025-04-22T11:25:09.859+0000] {processor.py:914} INFO - Processing file /opt/airflow/dags/minio_file_compression_and_email.py for tasks to queue
[2025-04-22T11:25:09.860+0000] {logging_mixin.py:190} INFO - [2025-04-22T11:25:09.860+0000] {dagbag.py:588} INFO - Filling up the DagBag from /opt/airflow/dags/minio_file_compression_and_email.py
[2025-04-22T11:25:09.871+0000] {processor.py:925} INFO - DAG(s) 'compress_file_on_upload' retrieved from /opt/airflow/dags/minio_file_compression_and_email.py
[2025-04-22T11:25:09.888+0000] {logging_mixin.py:190} INFO - [2025-04-22T11:25:09.888+0000] {dag.py:3239} INFO - Sync 1 DAGs
[2025-04-22T11:25:09.906+0000] {logging_mixin.py:190} INFO - [2025-04-22T11:25:09.906+0000] {dag.py:4180} INFO - Setting next_dagrun for compress_file_on_upload to 2025-04-22 11:25:00+00:00, run_after=2025-04-22 11:26:00+00:00
[2025-04-22T11:25:09.924+0000] {processor.py:208} INFO - Processing /opt/airflow/dags/minio_file_compression_and_email.py took 0.070 seconds
[2025-04-22T11:25:40.722+0000] {processor.py:186} INFO - Started process (PID=8919) to work on /opt/airflow/dags/minio_file_compression_and_email.py
[2025-04-22T11:25:40.723+0000] {processor.py:914} INFO - Processing file /opt/airflow/dags/minio_file_compression_and_email.py for tasks to queue
[2025-04-22T11:25:40.724+0000] {logging_mixin.py:190} INFO - [2025-04-22T11:25:40.724+0000] {dagbag.py:588} INFO - Filling up the DagBag from /opt/airflow/dags/minio_file_compression_and_email.py
[2025-04-22T11:25:40.735+0000] {processor.py:925} INFO - DAG(s) 'compress_file_on_upload' retrieved from /opt/airflow/dags/minio_file_compression_and_email.py
[2025-04-22T11:25:40.751+0000] {logging_mixin.py:190} INFO - [2025-04-22T11:25:40.751+0000] {dag.py:3239} INFO - Sync 1 DAGs
[2025-04-22T11:25:40.771+0000] {logging_mixin.py:190} INFO - [2025-04-22T11:25:40.771+0000] {dag.py:4180} INFO - Setting next_dagrun for compress_file_on_upload to 2025-04-22 11:25:00+00:00, run_after=2025-04-22 11:26:00+00:00
[2025-04-22T11:25:40.788+0000] {processor.py:208} INFO - Processing /opt/airflow/dags/minio_file_compression_and_email.py took 0.070 seconds
[2025-04-22T11:26:11.295+0000] {processor.py:186} INFO - Started process (PID=8989) to work on /opt/airflow/dags/minio_file_compression_and_email.py
[2025-04-22T11:26:11.295+0000] {processor.py:914} INFO - Processing file /opt/airflow/dags/minio_file_compression_and_email.py for tasks to queue
[2025-04-22T11:26:11.296+0000] {logging_mixin.py:190} INFO - [2025-04-22T11:26:11.296+0000] {dagbag.py:588} INFO - Filling up the DagBag from /opt/airflow/dags/minio_file_compression_and_email.py
[2025-04-22T11:26:11.307+0000] {processor.py:925} INFO - DAG(s) 'compress_file_on_upload' retrieved from /opt/airflow/dags/minio_file_compression_and_email.py
[2025-04-22T11:26:11.325+0000] {logging_mixin.py:190} INFO - [2025-04-22T11:26:11.324+0000] {dag.py:3239} INFO - Sync 1 DAGs
[2025-04-22T11:26:11.348+0000] {logging_mixin.py:190} INFO - [2025-04-22T11:26:11.348+0000] {dag.py:4180} INFO - Setting next_dagrun for compress_file_on_upload to 2025-04-22 11:26:00+00:00, run_after=2025-04-22 11:27:00+00:00
[2025-04-22T11:26:11.366+0000] {processor.py:208} INFO - Processing /opt/airflow/dags/minio_file_compression_and_email.py took 0.077 seconds
[2025-04-22T11:26:41.742+0000] {processor.py:186} INFO - Started process (PID=9059) to work on /opt/airflow/dags/minio_file_compression_and_email.py
[2025-04-22T11:26:41.743+0000] {processor.py:914} INFO - Processing file /opt/airflow/dags/minio_file_compression_and_email.py for tasks to queue
[2025-04-22T11:26:41.744+0000] {logging_mixin.py:190} INFO - [2025-04-22T11:26:41.744+0000] {dagbag.py:588} INFO - Filling up the DagBag from /opt/airflow/dags/minio_file_compression_and_email.py
[2025-04-22T11:26:41.755+0000] {processor.py:925} INFO - DAG(s) 'compress_file_on_upload' retrieved from /opt/airflow/dags/minio_file_compression_and_email.py
[2025-04-22T11:26:41.774+0000] {logging_mixin.py:190} INFO - [2025-04-22T11:26:41.774+0000] {dag.py:3239} INFO - Sync 1 DAGs
[2025-04-22T11:26:41.798+0000] {logging_mixin.py:190} INFO - [2025-04-22T11:26:41.798+0000] {dag.py:4180} INFO - Setting next_dagrun for compress_file_on_upload to 2025-04-22 11:26:00+00:00, run_after=2025-04-22 11:27:00+00:00
[2025-04-22T11:26:41.816+0000] {processor.py:208} INFO - Processing /opt/airflow/dags/minio_file_compression_and_email.py took 0.078 seconds
[2025-04-22T11:27:12.643+0000] {processor.py:186} INFO - Started process (PID=9129) to work on /opt/airflow/dags/minio_file_compression_and_email.py
[2025-04-22T11:27:12.644+0000] {processor.py:914} INFO - Processing file /opt/airflow/dags/minio_file_compression_and_email.py for tasks to queue
[2025-04-22T11:27:12.645+0000] {logging_mixin.py:190} INFO - [2025-04-22T11:27:12.645+0000] {dagbag.py:588} INFO - Filling up the DagBag from /opt/airflow/dags/minio_file_compression_and_email.py
[2025-04-22T11:27:12.657+0000] {processor.py:925} INFO - DAG(s) 'compress_file_on_upload' retrieved from /opt/airflow/dags/minio_file_compression_and_email.py
[2025-04-22T11:27:12.671+0000] {logging_mixin.py:190} INFO - [2025-04-22T11:27:12.671+0000] {dag.py:3239} INFO - Sync 1 DAGs
[2025-04-22T11:27:12.691+0000] {logging_mixin.py:190} INFO - [2025-04-22T11:27:12.691+0000] {dag.py:4180} INFO - Setting next_dagrun for compress_file_on_upload to 2025-04-22 11:27:00+00:00, run_after=2025-04-22 11:28:00+00:00
[2025-04-22T11:27:12.707+0000] {processor.py:208} INFO - Processing /opt/airflow/dags/minio_file_compression_and_email.py took 0.068 seconds
[2025-04-22T11:27:43.130+0000] {processor.py:186} INFO - Started process (PID=9199) to work on /opt/airflow/dags/minio_file_compression_and_email.py
[2025-04-22T11:27:43.131+0000] {processor.py:914} INFO - Processing file /opt/airflow/dags/minio_file_compression_and_email.py for tasks to queue
[2025-04-22T11:27:43.133+0000] {logging_mixin.py:190} INFO - [2025-04-22T11:27:43.133+0000] {dagbag.py:588} INFO - Filling up the DagBag from /opt/airflow/dags/minio_file_compression_and_email.py
[2025-04-22T11:27:43.145+0000] {processor.py:925} INFO - DAG(s) 'compress_file_on_upload' retrieved from /opt/airflow/dags/minio_file_compression_and_email.py
[2025-04-22T11:27:43.164+0000] {logging_mixin.py:190} INFO - [2025-04-22T11:27:43.164+0000] {dag.py:3239} INFO - Sync 1 DAGs
[2025-04-22T11:27:43.184+0000] {logging_mixin.py:190} INFO - [2025-04-22T11:27:43.184+0000] {dag.py:4180} INFO - Setting next_dagrun for compress_file_on_upload to 2025-04-22 11:27:00+00:00, run_after=2025-04-22 11:28:00+00:00
[2025-04-22T11:27:43.201+0000] {processor.py:208} INFO - Processing /opt/airflow/dags/minio_file_compression_and_email.py took 0.075 seconds
[2025-04-22T11:28:13.541+0000] {processor.py:186} INFO - Started process (PID=9269) to work on /opt/airflow/dags/minio_file_compression_and_email.py
[2025-04-22T11:28:13.542+0000] {processor.py:914} INFO - Processing file /opt/airflow/dags/minio_file_compression_and_email.py for tasks to queue
[2025-04-22T11:28:13.544+0000] {logging_mixin.py:190} INFO - [2025-04-22T11:28:13.543+0000] {dagbag.py:588} INFO - Filling up the DagBag from /opt/airflow/dags/minio_file_compression_and_email.py
[2025-04-22T11:28:13.554+0000] {processor.py:925} INFO - DAG(s) 'compress_file_on_upload' retrieved from /opt/airflow/dags/minio_file_compression_and_email.py
[2025-04-22T11:28:13.570+0000] {logging_mixin.py:190} INFO - [2025-04-22T11:28:13.570+0000] {dag.py:3239} INFO - Sync 1 DAGs
[2025-04-22T11:28:13.588+0000] {logging_mixin.py:190} INFO - [2025-04-22T11:28:13.588+0000] {dag.py:4180} INFO - Setting next_dagrun for compress_file_on_upload to 2025-04-22 11:28:00+00:00, run_after=2025-04-22 11:29:00+00:00
[2025-04-22T11:28:13.603+0000] {processor.py:208} INFO - Processing /opt/airflow/dags/minio_file_compression_and_email.py took 0.065 seconds
[2025-04-22T11:30:59.725+0000] {processor.py:186} INFO - Started process (PID=9297) to work on /opt/airflow/dags/minio_file_compression_and_email.py
[2025-04-22T11:30:59.726+0000] {processor.py:914} INFO - Processing file /opt/airflow/dags/minio_file_compression_and_email.py for tasks to queue
[2025-04-22T11:30:59.732+0000] {logging_mixin.py:190} INFO - [2025-04-22T11:30:59.731+0000] {dagbag.py:588} INFO - Filling up the DagBag from /opt/airflow/dags/minio_file_compression_and_email.py
[2025-04-22T11:30:59.759+0000] {processor.py:925} INFO - DAG(s) 'compress_file_on_upload' retrieved from /opt/airflow/dags/minio_file_compression_and_email.py
[2025-04-22T11:30:59.796+0000] {logging_mixin.py:190} INFO - [2025-04-22T11:30:59.796+0000] {dag.py:3239} INFO - Sync 1 DAGs
[2025-04-22T11:30:59.837+0000] {logging_mixin.py:190} INFO - [2025-04-22T11:30:59.837+0000] {dag.py:4180} INFO - Setting next_dagrun for compress_file_on_upload to 2025-04-22 11:30:00+00:00, run_after=2025-04-22 11:31:00+00:00
[2025-04-22T11:30:59.869+0000] {processor.py:208} INFO - Processing /opt/airflow/dags/minio_file_compression_and_email.py took 0.155 seconds
[2025-04-22T11:35:16.595+0000] {processor.py:186} INFO - Started process (PID=9316) to work on /opt/airflow/dags/minio_file_compression_and_email.py
[2025-04-22T11:35:16.598+0000] {processor.py:914} INFO - Processing file /opt/airflow/dags/minio_file_compression_and_email.py for tasks to queue
[2025-04-22T11:35:16.601+0000] {logging_mixin.py:190} INFO - [2025-04-22T11:35:16.600+0000] {dagbag.py:588} INFO - Filling up the DagBag from /opt/airflow/dags/minio_file_compression_and_email.py
[2025-04-22T11:35:16.655+0000] {processor.py:925} INFO - DAG(s) 'compress_file_on_upload' retrieved from /opt/airflow/dags/minio_file_compression_and_email.py
[2025-04-22T11:35:16.714+0000] {logging_mixin.py:190} INFO - [2025-04-22T11:35:16.714+0000] {taskinstance.py:3315} ERROR - {'DAG Id': 'compress_file_on_upload', 'Task Id': 'wait_for_file', 'Run Id': 'scheduled__2025-04-22T11:10:00+00:00', 'Hostname': '218dff27a00b', 'External Executor Id': '27bbbc47-7949-455a-bb9d-4718a2ae16c0'}
[2025-04-22T11:35:16.780+0000] {logging_mixin.py:190} INFO - Task instance in failure state
[2025-04-22T11:35:16.781+0000] {logging_mixin.py:190} INFO - Task start:2025-04-22 11:28:31.284097+00:00 end:2025-04-22 11:35:16.726764+00:00 duration:405.442667
[2025-04-22T11:35:16.782+0000] {logging_mixin.py:190} INFO - Task:<Task(PythonSensor): wait_for_file> dag:<DAG: compress_file_on_upload> dagrun:<DagRun compress_file_on_upload @ 2025-04-22 11:10:00+00:00: scheduled__2025-04-22T11:10:00+00:00, state:running, queued_at: 2025-04-22 11:11:39.928635+00:00. externally triggered: False>
[2025-04-22T11:35:16.783+0000] {logging_mixin.py:190} INFO - Failure caused by {'DAG Id': 'compress_file_on_upload', 'Task Id': 'wait_for_file', 'Run Id': 'scheduled__2025-04-22T11:10:00+00:00', 'Hostname': '218dff27a00b', 'External Executor Id': '27bbbc47-7949-455a-bb9d-4718a2ae16c0'}
[2025-04-22T11:35:16.784+0000] {logging_mixin.py:190} INFO - [2025-04-22T11:35:16.784+0000] {taskinstance.py:1226} INFO - Marking task as FAILED. dag_id=compress_file_on_upload, task_id=wait_for_file, run_id=scheduled__2025-04-22T11:10:00+00:00, execution_date=20250422T111000, start_date=20250422T112831, end_date=20250422T113516
[2025-04-22T11:35:16.839+0000] {logging_mixin.py:190} INFO - [2025-04-22T11:35:16.838+0000] {processor.py:876} INFO - Executed callback for <TaskInstance: compress_file_on_upload.wait_for_file scheduled__2025-04-22T11:10:00+00:00 [failed]> in state failed
[2025-04-22T11:35:16.845+0000] {logging_mixin.py:190} INFO - [2025-04-22T11:35:16.845+0000] {taskinstance.py:3315} ERROR - {'DAG Id': 'compress_file_on_upload', 'Task Id': 'wait_for_file', 'Run Id': 'scheduled__2025-04-22T11:12:00+00:00', 'Hostname': '218dff27a00b', 'External Executor Id': 'f7941e02-95fe-4152-9393-3005bdc6fed0'}
[2025-04-22T11:35:16.865+0000] {logging_mixin.py:190} INFO - Task instance in failure state
[2025-04-22T11:35:16.867+0000] {logging_mixin.py:190} INFO - Task start:2025-04-22 11:28:30.794014+00:00 end:2025-04-22 11:35:16.850920+00:00 duration:406.056906
[2025-04-22T11:35:16.868+0000] {logging_mixin.py:190} INFO - Task:<Task(PythonSensor): wait_for_file> dag:<DAG: compress_file_on_upload> dagrun:<DagRun compress_file_on_upload @ 2025-04-22 11:12:00+00:00: scheduled__2025-04-22T11:12:00+00:00, state:running, queued_at: 2025-04-22 11:13:45.427804+00:00. externally triggered: False>
[2025-04-22T11:35:16.872+0000] {logging_mixin.py:190} INFO - Failure caused by {'DAG Id': 'compress_file_on_upload', 'Task Id': 'wait_for_file', 'Run Id': 'scheduled__2025-04-22T11:12:00+00:00', 'Hostname': '218dff27a00b', 'External Executor Id': 'f7941e02-95fe-4152-9393-3005bdc6fed0'}
[2025-04-22T11:35:16.873+0000] {logging_mixin.py:190} INFO - [2025-04-22T11:35:16.873+0000] {taskinstance.py:1226} INFO - Marking task as FAILED. dag_id=compress_file_on_upload, task_id=wait_for_file, run_id=scheduled__2025-04-22T11:12:00+00:00, execution_date=20250422T111200, start_date=20250422T112830, end_date=20250422T113516
[2025-04-22T11:35:16.902+0000] {logging_mixin.py:190} INFO - [2025-04-22T11:35:16.902+0000] {processor.py:876} INFO - Executed callback for <TaskInstance: compress_file_on_upload.wait_for_file scheduled__2025-04-22T11:12:00+00:00 [failed]> in state failed
[2025-04-22T11:35:16.911+0000] {logging_mixin.py:190} INFO - [2025-04-22T11:35:16.910+0000] {taskinstance.py:3315} ERROR - {'DAG Id': 'compress_file_on_upload', 'Task Id': 'wait_for_file', 'Run Id': 'scheduled__2025-04-22T11:18:00+00:00', 'Hostname': '218dff27a00b', 'External Executor Id': '386234f7-00cd-4788-886e-6129201865d1'}
[2025-04-22T11:35:16.933+0000] {logging_mixin.py:190} INFO - Task instance in failure state
[2025-04-22T11:35:16.936+0000] {logging_mixin.py:190} INFO - Task start:2025-04-22 11:30:59.399353+00:00 end:2025-04-22 11:35:16.917279+00:00 duration:257.517926
[2025-04-22T11:35:16.940+0000] {logging_mixin.py:190} INFO - Task:<Task(PythonSensor): wait_for_file> dag:<DAG: compress_file_on_upload> dagrun:<DagRun compress_file_on_upload @ 2025-04-22 11:18:00+00:00: scheduled__2025-04-22T11:18:00+00:00, state:running, queued_at: 2025-04-22 11:19:26.029769+00:00. externally triggered: False>
[2025-04-22T11:35:16.942+0000] {logging_mixin.py:190} INFO - Failure caused by {'DAG Id': 'compress_file_on_upload', 'Task Id': 'wait_for_file', 'Run Id': 'scheduled__2025-04-22T11:18:00+00:00', 'Hostname': '218dff27a00b', 'External Executor Id': '386234f7-00cd-4788-886e-6129201865d1'}
[2025-04-22T11:35:16.945+0000] {logging_mixin.py:190} INFO - [2025-04-22T11:35:16.944+0000] {taskinstance.py:1226} INFO - Marking task as FAILED. dag_id=compress_file_on_upload, task_id=wait_for_file, run_id=scheduled__2025-04-22T11:18:00+00:00, execution_date=20250422T111800, start_date=20250422T113059, end_date=20250422T113516
[2025-04-22T11:35:16.985+0000] {logging_mixin.py:190} INFO - [2025-04-22T11:35:16.984+0000] {processor.py:876} INFO - Executed callback for <TaskInstance: compress_file_on_upload.wait_for_file scheduled__2025-04-22T11:18:00+00:00 [failed]> in state failed
[2025-04-22T11:35:17.022+0000] {logging_mixin.py:190} INFO - [2025-04-22T11:35:17.022+0000] {dag.py:3239} INFO - Sync 1 DAGs
[2025-04-22T11:35:58.059+0000] {processor.py:208} INFO - Processing /opt/airflow/dags/minio_file_compression_and_email.py took 41.474 seconds
[2025-04-22T11:36:31.481+0000] {processor.py:186} INFO - Started process (PID=9343) to work on /opt/airflow/dags/minio_file_compression_and_email.py
[2025-04-22T11:36:31.485+0000] {processor.py:914} INFO - Processing file /opt/airflow/dags/minio_file_compression_and_email.py for tasks to queue
[2025-04-22T11:36:31.488+0000] {logging_mixin.py:190} INFO - [2025-04-22T11:36:31.487+0000] {dagbag.py:588} INFO - Filling up the DagBag from /opt/airflow/dags/minio_file_compression_and_email.py
[2025-04-22T11:36:33.112+0000] {processor.py:925} INFO - DAG(s) 'compress_file_on_upload' retrieved from /opt/airflow/dags/minio_file_compression_and_email.py
[2025-04-22T11:38:43.941+0000] {processor.py:186} INFO - Started process (PID=9345) to work on /opt/airflow/dags/minio_file_compression_and_email.py
[2025-04-22T11:38:43.947+0000] {processor.py:914} INFO - Processing file /opt/airflow/dags/minio_file_compression_and_email.py for tasks to queue
[2025-04-22T11:38:43.956+0000] {logging_mixin.py:190} INFO - [2025-04-22T11:38:43.948+0000] {dagbag.py:588} INFO - Filling up the DagBag from /opt/airflow/dags/minio_file_compression_and_email.py
[2025-04-22T11:39:38.948+0000] {logging_mixin.py:190} INFO - [2025-04-22T11:39:17.797+0000] {timeout.py:68} ERROR - Process timed out, PID: 9345
[2025-04-22T11:39:39.593+0000] {logging_mixin.py:190} INFO - [2025-04-22T11:39:38.957+0000] {dagbag.py:387} ERROR - Failed to import: /opt/airflow/dags/minio_file_compression_and_email.py
Traceback (most recent call last):
  File "/home/airflow/.local/lib/python3.12/site-packages/airflow/models/dagbag.py", line 383, in parse
    loader.exec_module(new_module)
  File "<frozen importlib._bootstrap_external>", line 999, in exec_module
  File "<frozen importlib._bootstrap>", line 488, in _call_with_frames_removed
  File "/opt/airflow/dags/minio_file_compression_and_email.py", line 7, in <module>
    import boto3
  File "/home/airflow/.local/lib/python3.12/site-packages/boto3/__init__.py", line 17, in <module>
    from boto3.session import Session
  File "/home/airflow/.local/lib/python3.12/site-packages/boto3/session.py", line 25, in <module>
    from .resources.factory import ResourceFactory
  File "/home/airflow/.local/lib/python3.12/site-packages/boto3/resources/factory.py", line 17, in <module>
    from ..docs import docstring
  File "/home/airflow/.local/lib/python3.12/site-packages/boto3/docs/__init__.py", line 17, in <module>
    from boto3.docs.service import ServiceDocumenter
  File "/home/airflow/.local/lib/python3.12/site-packages/boto3/docs/service.py", line 21, in <module>
    from boto3.docs.resource import ResourceDocumenter, ServiceResourceDocumenter
  File "<frozen importlib._bootstrap>", line 1357, in _find_and_load
  File "<frozen importlib._bootstrap>", line 418, in __enter__
  File "<frozen importlib._bootstrap>", line 311, in acquire
  File "/home/airflow/.local/lib/python3.12/site-packages/airflow/utils/timeout.py", line 69, in handle_timeout
    raise AirflowTaskTimeout(self.error_message)
airflow.exceptions.AirflowTaskTimeout: DagBag import timeout for /opt/airflow/dags/minio_file_compression_and_email.py after 30.0s.
Please take a look at these docs to improve your DAG import time:
* https://airflow.apache.org/docs/apache-airflow/2.10.5/best-practices.html#top-level-python-code
* https://airflow.apache.org/docs/apache-airflow/2.10.5/best-practices.html#reducing-dag-complexity, PID: 9345
[2025-04-22T11:39:39.646+0000] {processor.py:927} WARNING - No viable dags retrieved from /opt/airflow/dags/minio_file_compression_and_email.py
[2025-04-22T11:39:57.432+0000] {processor.py:186} INFO - Started process (PID=9351) to work on /opt/airflow/dags/minio_file_compression_and_email.py
[2025-04-22T11:39:57.433+0000] {processor.py:914} INFO - Processing file /opt/airflow/dags/minio_file_compression_and_email.py for tasks to queue
[2025-04-22T11:39:57.435+0000] {logging_mixin.py:190} INFO - [2025-04-22T11:39:57.435+0000] {dagbag.py:588} INFO - Filling up the DagBag from /opt/airflow/dags/minio_file_compression_and_email.py
[2025-04-22T11:39:57.653+0000] {processor.py:925} INFO - DAG(s) 'compress_file_on_upload' retrieved from /opt/airflow/dags/minio_file_compression_and_email.py
[2025-04-22T11:39:57.691+0000] {logging_mixin.py:190} INFO - [2025-04-22T11:39:57.691+0000] {taskinstance.py:3315} ERROR - {'DAG Id': 'compress_file_on_upload', 'Task Id': 'wait_for_file', 'Run Id': 'scheduled__2025-04-22T11:11:00+00:00', 'Hostname': '218dff27a00b', 'External Executor Id': 'cff729a3-88c5-4dc4-b446-5331ff03308e'}
[2025-04-22T11:39:57.749+0000] {logging_mixin.py:190} INFO - Task instance in failure state
[2025-04-22T11:39:57.750+0000] {logging_mixin.py:190} INFO - Task start:2025-04-22 11:30:59.503747+00:00 end:2025-04-22 11:39:57.709644+00:00 duration:538.205897
[2025-04-22T11:39:57.751+0000] {logging_mixin.py:190} INFO - Task:<Task(PythonSensor): wait_for_file> dag:<DAG: compress_file_on_upload> dagrun:<DagRun compress_file_on_upload @ 2025-04-22 11:11:00+00:00: scheduled__2025-04-22T11:11:00+00:00, state:running, queued_at: 2025-04-22 11:12:00.718194+00:00. externally triggered: False>
[2025-04-22T11:39:57.752+0000] {logging_mixin.py:190} INFO - Failure caused by {'DAG Id': 'compress_file_on_upload', 'Task Id': 'wait_for_file', 'Run Id': 'scheduled__2025-04-22T11:11:00+00:00', 'Hostname': '218dff27a00b', 'External Executor Id': 'cff729a3-88c5-4dc4-b446-5331ff03308e'}
[2025-04-22T11:39:57.753+0000] {logging_mixin.py:190} INFO - [2025-04-22T11:39:57.753+0000] {taskinstance.py:1226} INFO - Marking task as FAILED. dag_id=compress_file_on_upload, task_id=wait_for_file, run_id=scheduled__2025-04-22T11:11:00+00:00, execution_date=20250422T111100, start_date=20250422T113059, end_date=20250422T113957
[2025-04-22T11:39:57.818+0000] {logging_mixin.py:190} INFO - [2025-04-22T11:39:57.818+0000] {processor.py:876} INFO - Executed callback for <TaskInstance: compress_file_on_upload.wait_for_file scheduled__2025-04-22T11:11:00+00:00 [failed]> in state failed
[2025-04-22T11:39:57.824+0000] {logging_mixin.py:190} INFO - [2025-04-22T11:39:57.824+0000] {taskinstance.py:3315} ERROR - {'DAG Id': 'compress_file_on_upload', 'Task Id': 'wait_for_file', 'Run Id': 'scheduled__2025-04-22T11:20:00+00:00', 'Hostname': '218dff27a00b', 'External Executor Id': 'db5cc3e3-2730-42c1-9fb7-b7b29fef869e'}
[2025-04-22T11:39:57.846+0000] {logging_mixin.py:190} INFO - Task instance in failure state
[2025-04-22T11:39:57.847+0000] {logging_mixin.py:190} INFO - Task start:2025-04-22 11:30:57.729859+00:00 end:2025-04-22 11:39:57.830944+00:00 duration:540.101085
[2025-04-22T11:39:57.848+0000] {logging_mixin.py:190} INFO - Task:<Task(PythonSensor): wait_for_file> dag:<DAG: compress_file_on_upload> dagrun:<DagRun compress_file_on_upload @ 2025-04-22 11:20:00+00:00: scheduled__2025-04-22T11:20:00+00:00, state:running, queued_at: 2025-04-22 11:21:00.043790+00:00. externally triggered: False>
[2025-04-22T11:39:57.848+0000] {logging_mixin.py:190} INFO - Failure caused by {'DAG Id': 'compress_file_on_upload', 'Task Id': 'wait_for_file', 'Run Id': 'scheduled__2025-04-22T11:20:00+00:00', 'Hostname': '218dff27a00b', 'External Executor Id': 'db5cc3e3-2730-42c1-9fb7-b7b29fef869e'}
[2025-04-22T11:39:57.849+0000] {logging_mixin.py:190} INFO - [2025-04-22T11:39:57.848+0000] {taskinstance.py:1226} INFO - Marking task as FAILED. dag_id=compress_file_on_upload, task_id=wait_for_file, run_id=scheduled__2025-04-22T11:20:00+00:00, execution_date=20250422T112000, start_date=20250422T113057, end_date=20250422T113957
[2025-04-22T11:39:57.902+0000] {logging_mixin.py:190} INFO - [2025-04-22T11:39:57.902+0000] {processor.py:876} INFO - Executed callback for <TaskInstance: compress_file_on_upload.wait_for_file scheduled__2025-04-22T11:20:00+00:00 [failed]> in state failed
[2025-04-22T11:39:57.910+0000] {logging_mixin.py:190} INFO - [2025-04-22T11:39:57.910+0000] {taskinstance.py:3315} ERROR - {'DAG Id': 'compress_file_on_upload', 'Task Id': 'wait_for_file', 'Run Id': 'scheduled__2025-04-22T11:30:00+00:00', 'Hostname': '218dff27a00b', 'External Executor Id': '457448b8-30a3-4a69-b3c5-009e14ff6cc1'}
[2025-04-22T11:39:57.949+0000] {logging_mixin.py:190} INFO - Task instance in failure state
[2025-04-22T11:39:57.951+0000] {logging_mixin.py:190} INFO - Task start:2025-04-22 11:35:58.954153+00:00 end:2025-04-22 11:39:57.947954+00:00 duration:238.993801
[2025-04-22T11:39:57.953+0000] {logging_mixin.py:190} INFO - Task:<Task(PythonSensor): wait_for_file> dag:<DAG: compress_file_on_upload> dagrun:<DagRun compress_file_on_upload @ 2025-04-22 11:30:00+00:00: scheduled__2025-04-22T11:30:00+00:00, state:running, queued_at: 2025-04-22 11:31:00.110781+00:00. externally triggered: False>
[2025-04-22T11:39:57.954+0000] {logging_mixin.py:190} INFO - Failure caused by {'DAG Id': 'compress_file_on_upload', 'Task Id': 'wait_for_file', 'Run Id': 'scheduled__2025-04-22T11:30:00+00:00', 'Hostname': '218dff27a00b', 'External Executor Id': '457448b8-30a3-4a69-b3c5-009e14ff6cc1'}
[2025-04-22T11:39:57.955+0000] {logging_mixin.py:190} INFO - [2025-04-22T11:39:57.954+0000] {taskinstance.py:1226} INFO - Marking task as UP_FOR_RETRY. dag_id=compress_file_on_upload, task_id=wait_for_file, run_id=scheduled__2025-04-22T11:30:00+00:00, execution_date=20250422T113000, start_date=20250422T113558, end_date=20250422T113957
[2025-04-22T11:39:58.151+0000] {logging_mixin.py:190} INFO - [2025-04-22T11:39:58.149+0000] {processor.py:876} INFO - Executed callback for <TaskInstance: compress_file_on_upload.wait_for_file scheduled__2025-04-22T11:30:00+00:00 [up_for_retry]> in state up_for_retry
[2025-04-22T11:41:06.558+0000] {logging_mixin.py:190} INFO - [2025-04-22T11:41:06.558+0000] {dag.py:3239} INFO - Sync 1 DAGs
[2025-04-22T11:41:16.913+0000] {processor.py:186} INFO - Started process (PID=9427) to work on /opt/airflow/dags/minio_file_compression_and_email.py
[2025-04-22T11:41:16.914+0000] {processor.py:914} INFO - Processing file /opt/airflow/dags/minio_file_compression_and_email.py for tasks to queue
[2025-04-22T11:41:16.915+0000] {logging_mixin.py:190} INFO - [2025-04-22T11:41:16.915+0000] {dagbag.py:588} INFO - Filling up the DagBag from /opt/airflow/dags/minio_file_compression_and_email.py
[2025-04-22T11:41:16.987+0000] {processor.py:925} INFO - DAG(s) 'compress_file_on_upload' retrieved from /opt/airflow/dags/minio_file_compression_and_email.py
[2025-04-22T11:41:17.001+0000] {logging_mixin.py:190} INFO - [2025-04-22T11:41:17.001+0000] {taskinstance.py:3315} ERROR - {'DAG Id': 'compress_file_on_upload', 'Task Id': 'wait_for_file', 'Run Id': 'scheduled__2025-04-22T11:22:00+00:00', 'Hostname': '218dff27a00b', 'External Executor Id': 'a385c6b7-65f5-40bf-896e-e8e783ee042e'}
[2025-04-22T11:41:17.018+0000] {logging_mixin.py:190} INFO - Task instance in failure state
[2025-04-22T11:41:17.018+0000] {logging_mixin.py:190} INFO - Task start:2025-04-22 11:35:59.421630+00:00 end:2025-04-22 11:41:17.005824+00:00 duration:317.584194
[2025-04-22T11:41:17.018+0000] {logging_mixin.py:190} INFO - Task:<Task(PythonSensor): wait_for_file> dag:<DAG: compress_file_on_upload> dagrun:<DagRun compress_file_on_upload @ 2025-04-22 11:22:00+00:00: scheduled__2025-04-22T11:22:00+00:00, state:running, queued_at: 2025-04-22 11:23:29.863158+00:00. externally triggered: False>
[2025-04-22T11:41:17.019+0000] {logging_mixin.py:190} INFO - Failure caused by {'DAG Id': 'compress_file_on_upload', 'Task Id': 'wait_for_file', 'Run Id': 'scheduled__2025-04-22T11:22:00+00:00', 'Hostname': '218dff27a00b', 'External Executor Id': 'a385c6b7-65f5-40bf-896e-e8e783ee042e'}
[2025-04-22T11:41:17.019+0000] {logging_mixin.py:190} INFO - [2025-04-22T11:41:17.019+0000] {taskinstance.py:1226} INFO - Marking task as FAILED. dag_id=compress_file_on_upload, task_id=wait_for_file, run_id=scheduled__2025-04-22T11:22:00+00:00, execution_date=20250422T112200, start_date=20250422T113559, end_date=20250422T114117
[2025-04-22T11:41:17.039+0000] {logging_mixin.py:190} INFO - [2025-04-22T11:41:17.038+0000] {processor.py:876} INFO - Executed callback for <TaskInstance: compress_file_on_upload.wait_for_file scheduled__2025-04-22T11:22:00+00:00 [failed]> in state failed
[2025-04-22T11:41:17.117+0000] {logging_mixin.py:190} INFO - [2025-04-22T11:41:17.117+0000] {dag.py:3239} INFO - Sync 1 DAGs
[2025-04-22T11:41:17.132+0000] {logging_mixin.py:190} INFO - [2025-04-22T11:41:17.132+0000] {dag.py:4180} INFO - Setting next_dagrun for compress_file_on_upload to 2025-04-22 11:40:00+00:00, run_after=2025-04-22 11:41:00+00:00
[2025-04-22T11:41:17.150+0000] {processor.py:208} INFO - Processing /opt/airflow/dags/minio_file_compression_and_email.py took 0.242 seconds
[2025-04-22T11:41:27.011+0000] {processor.py:186} INFO - Started process (PID=9432) to work on /opt/airflow/dags/minio_file_compression_and_email.py
[2025-04-22T11:41:27.012+0000] {processor.py:914} INFO - Processing file /opt/airflow/dags/minio_file_compression_and_email.py for tasks to queue
[2025-04-22T11:41:27.013+0000] {logging_mixin.py:190} INFO - [2025-04-22T11:41:27.013+0000] {dagbag.py:588} INFO - Filling up the DagBag from /opt/airflow/dags/minio_file_compression_and_email.py
[2025-04-22T11:41:27.097+0000] {processor.py:925} INFO - DAG(s) 'compress_file_on_upload' retrieved from /opt/airflow/dags/minio_file_compression_and_email.py
[2025-04-22T11:41:27.110+0000] {logging_mixin.py:190} INFO - [2025-04-22T11:41:27.110+0000] {taskinstance.py:3315} ERROR - {'DAG Id': 'compress_file_on_upload', 'Task Id': 'wait_for_file', 'Run Id': 'scheduled__2025-04-22T11:26:00+00:00', 'Hostname': '218dff27a00b', 'External Executor Id': 'adaf8eec-2bcd-47ec-ad3f-9fd93e6ff9f4'}
[2025-04-22T11:41:27.129+0000] {logging_mixin.py:190} INFO - Task instance in failure state
[2025-04-22T11:41:27.130+0000] {logging_mixin.py:190} INFO - Task start:2025-04-22 11:39:57.360770+00:00 end:2025-04-22 11:41:27.114955+00:00 duration:89.754185
[2025-04-22T11:41:27.130+0000] {logging_mixin.py:190} INFO - Task:<Task(PythonSensor): wait_for_file> dag:<DAG: compress_file_on_upload> dagrun:<DagRun compress_file_on_upload @ 2025-04-22 11:26:00+00:00: scheduled__2025-04-22T11:26:00+00:00, state:running, queued_at: 2025-04-22 11:27:00.022255+00:00. externally triggered: False>
[2025-04-22T11:41:27.131+0000] {logging_mixin.py:190} INFO - Failure caused by {'DAG Id': 'compress_file_on_upload', 'Task Id': 'wait_for_file', 'Run Id': 'scheduled__2025-04-22T11:26:00+00:00', 'Hostname': '218dff27a00b', 'External Executor Id': 'adaf8eec-2bcd-47ec-ad3f-9fd93e6ff9f4'}
[2025-04-22T11:41:27.131+0000] {logging_mixin.py:190} INFO - [2025-04-22T11:41:27.131+0000] {taskinstance.py:1226} INFO - Marking task as FAILED. dag_id=compress_file_on_upload, task_id=wait_for_file, run_id=scheduled__2025-04-22T11:26:00+00:00, execution_date=20250422T112600, start_date=20250422T113957, end_date=20250422T114127
[2025-04-22T11:41:27.149+0000] {logging_mixin.py:190} INFO - [2025-04-22T11:41:27.148+0000] {processor.py:876} INFO - Executed callback for <TaskInstance: compress_file_on_upload.wait_for_file scheduled__2025-04-22T11:26:00+00:00 [failed]> in state failed
[2025-04-22T11:41:27.152+0000] {logging_mixin.py:190} INFO - [2025-04-22T11:41:27.151+0000] {taskinstance.py:3315} ERROR - {'DAG Id': 'compress_file_on_upload', 'Task Id': 'wait_for_file', 'Run Id': 'scheduled__2025-04-22T11:27:00+00:00', 'Hostname': '218dff27a00b', 'External Executor Id': '77a0cb4f-a0ac-483d-b4a9-3f884bc8f124'}
[2025-04-22T11:41:27.159+0000] {logging_mixin.py:190} INFO - Task instance in failure state
[2025-04-22T11:41:27.159+0000] {logging_mixin.py:190} INFO - Task start:2025-04-22 11:39:57.364885+00:00 end:2025-04-22 11:41:27.154786+00:00 duration:89.789901
[2025-04-22T11:41:27.159+0000] {logging_mixin.py:190} INFO - Task:<Task(PythonSensor): wait_for_file> dag:<DAG: compress_file_on_upload> dagrun:<DagRun compress_file_on_upload @ 2025-04-22 11:27:00+00:00: scheduled__2025-04-22T11:27:00+00:00, state:running, queued_at: 2025-04-22 11:28:00.091824+00:00. externally triggered: False>
[2025-04-22T11:41:27.160+0000] {logging_mixin.py:190} INFO - Failure caused by {'DAG Id': 'compress_file_on_upload', 'Task Id': 'wait_for_file', 'Run Id': 'scheduled__2025-04-22T11:27:00+00:00', 'Hostname': '218dff27a00b', 'External Executor Id': '77a0cb4f-a0ac-483d-b4a9-3f884bc8f124'}
[2025-04-22T11:41:27.160+0000] {logging_mixin.py:190} INFO - [2025-04-22T11:41:27.160+0000] {taskinstance.py:1226} INFO - Marking task as FAILED. dag_id=compress_file_on_upload, task_id=wait_for_file, run_id=scheduled__2025-04-22T11:27:00+00:00, execution_date=20250422T112700, start_date=20250422T113957, end_date=20250422T114127
[2025-04-22T11:41:27.171+0000] {logging_mixin.py:190} INFO - [2025-04-22T11:41:27.171+0000] {processor.py:876} INFO - Executed callback for <TaskInstance: compress_file_on_upload.wait_for_file scheduled__2025-04-22T11:27:00+00:00 [failed]> in state failed
[2025-04-22T11:41:27.173+0000] {logging_mixin.py:190} INFO - [2025-04-22T11:41:27.173+0000] {taskinstance.py:3315} ERROR - {'DAG Id': 'compress_file_on_upload', 'Task Id': 'wait_for_file', 'Run Id': 'scheduled__2025-04-22T11:29:00+00:00', 'Hostname': '218dff27a00b', 'External Executor Id': '4d3762d5-2e9f-4f48-b73a-5b364a317d2a'}
[2025-04-22T11:41:27.183+0000] {logging_mixin.py:190} INFO - Task instance in failure state
[2025-04-22T11:41:27.183+0000] {logging_mixin.py:190} INFO - Task start:2025-04-22 11:38:43.830126+00:00 end:2025-04-22 11:41:27.182613+00:00 duration:163.352487
[2025-04-22T11:41:27.183+0000] {logging_mixin.py:190} INFO - Task:<Task(PythonSensor): wait_for_file> dag:<DAG: compress_file_on_upload> dagrun:<DagRun compress_file_on_upload @ 2025-04-22 11:29:00+00:00: scheduled__2025-04-22T11:29:00+00:00, state:running, queued_at: 2025-04-22 11:30:59.755369+00:00. externally triggered: False>
[2025-04-22T11:41:27.183+0000] {logging_mixin.py:190} INFO - Failure caused by {'DAG Id': 'compress_file_on_upload', 'Task Id': 'wait_for_file', 'Run Id': 'scheduled__2025-04-22T11:29:00+00:00', 'Hostname': '218dff27a00b', 'External Executor Id': '4d3762d5-2e9f-4f48-b73a-5b364a317d2a'}
[2025-04-22T11:41:27.184+0000] {logging_mixin.py:190} INFO - [2025-04-22T11:41:27.183+0000] {taskinstance.py:1226} INFO - Marking task as UP_FOR_RETRY. dag_id=compress_file_on_upload, task_id=wait_for_file, run_id=scheduled__2025-04-22T11:29:00+00:00, execution_date=20250422T112900, start_date=20250422T113843, end_date=20250422T114127
[2025-04-22T11:41:27.198+0000] {logging_mixin.py:190} INFO - [2025-04-22T11:41:27.198+0000] {processor.py:876} INFO - Executed callback for <TaskInstance: compress_file_on_upload.wait_for_file scheduled__2025-04-22T11:29:00+00:00 [up_for_retry]> in state up_for_retry
[2025-04-22T11:41:27.200+0000] {logging_mixin.py:190} INFO - [2025-04-22T11:41:27.200+0000] {taskinstance.py:3315} ERROR - {'DAG Id': 'compress_file_on_upload', 'Task Id': 'wait_for_file', 'Run Id': 'scheduled__2025-04-22T11:26:00+00:00', 'Hostname': '218dff27a00b', 'External Executor Id': 'adaf8eec-2bcd-47ec-ad3f-9fd93e6ff9f4'}
[2025-04-22T11:41:27.206+0000] {logging_mixin.py:190} INFO - Task instance in failure state
[2025-04-22T11:41:27.207+0000] {logging_mixin.py:190} INFO - Task start:2025-04-22 11:39:57.360770+00:00 end:2025-04-22 11:41:27.202772+00:00 duration:89.842002
[2025-04-22T11:41:27.207+0000] {logging_mixin.py:190} INFO - Task:<Task(PythonSensor): wait_for_file> dag:<DAG: compress_file_on_upload> dagrun:<DagRun compress_file_on_upload @ 2025-04-22 11:26:00+00:00: scheduled__2025-04-22T11:26:00+00:00, state:running, queued_at: 2025-04-22 11:27:00.022255+00:00. externally triggered: False>
[2025-04-22T11:41:27.207+0000] {logging_mixin.py:190} INFO - Failure caused by {'DAG Id': 'compress_file_on_upload', 'Task Id': 'wait_for_file', 'Run Id': 'scheduled__2025-04-22T11:26:00+00:00', 'Hostname': '218dff27a00b', 'External Executor Id': 'adaf8eec-2bcd-47ec-ad3f-9fd93e6ff9f4'}
[2025-04-22T11:41:27.207+0000] {logging_mixin.py:190} INFO - [2025-04-22T11:41:27.207+0000] {taskinstance.py:1226} INFO - Marking task as FAILED. dag_id=compress_file_on_upload, task_id=wait_for_file, run_id=scheduled__2025-04-22T11:26:00+00:00, execution_date=20250422T112600, start_date=20250422T113957, end_date=20250422T114127
[2025-04-22T11:41:27.218+0000] {logging_mixin.py:190} INFO - [2025-04-22T11:41:27.218+0000] {processor.py:876} INFO - Executed callback for <TaskInstance: compress_file_on_upload.wait_for_file scheduled__2025-04-22T11:26:00+00:00 [failed]> in state failed
[2025-04-22T11:41:27.221+0000] {logging_mixin.py:190} INFO - [2025-04-22T11:41:27.220+0000] {dag.py:3239} INFO - Sync 1 DAGs
[2025-04-22T11:41:27.234+0000] {logging_mixin.py:190} INFO - [2025-04-22T11:41:27.234+0000] {dag.py:4180} INFO - Setting next_dagrun for compress_file_on_upload to 2025-04-22 11:41:00+00:00, run_after=2025-04-22 11:42:00+00:00
[2025-04-22T11:41:27.247+0000] {processor.py:208} INFO - Processing /opt/airflow/dags/minio_file_compression_and_email.py took 0.240 seconds
[2025-04-22T11:41:57.641+0000] {processor.py:186} INFO - Started process (PID=9502) to work on /opt/airflow/dags/minio_file_compression_and_email.py
[2025-04-22T11:41:57.642+0000] {processor.py:914} INFO - Processing file /opt/airflow/dags/minio_file_compression_and_email.py for tasks to queue
[2025-04-22T11:41:57.643+0000] {logging_mixin.py:190} INFO - [2025-04-22T11:41:57.643+0000] {dagbag.py:588} INFO - Filling up the DagBag from /opt/airflow/dags/minio_file_compression_and_email.py
[2025-04-22T11:41:57.702+0000] {processor.py:925} INFO - DAG(s) 'compress_file_on_upload' retrieved from /opt/airflow/dags/minio_file_compression_and_email.py
[2025-04-22T11:41:57.717+0000] {logging_mixin.py:190} INFO - [2025-04-22T11:41:57.716+0000] {taskinstance.py:3315} ERROR - {'DAG Id': 'compress_file_on_upload', 'Task Id': 'wait_for_file', 'Run Id': 'scheduled__2025-04-22T11:27:00+00:00', 'Hostname': '218dff27a00b', 'External Executor Id': '77a0cb4f-a0ac-483d-b4a9-3f884bc8f124'}
[2025-04-22T11:41:57.736+0000] {logging_mixin.py:190} INFO - Task instance in failure state
[2025-04-22T11:41:57.737+0000] {logging_mixin.py:190} INFO - Task start:2025-04-22 11:39:57.364885+00:00 end:2025-04-22 11:41:57.721991+00:00 duration:120.357106
[2025-04-22T11:41:57.737+0000] {logging_mixin.py:190} INFO - Task:<Task(PythonSensor): wait_for_file> dag:<DAG: compress_file_on_upload> dagrun:<DagRun compress_file_on_upload @ 2025-04-22 11:27:00+00:00: scheduled__2025-04-22T11:27:00+00:00, state:failed, queued_at: 2025-04-22 11:28:00.091824+00:00. externally triggered: False>
[2025-04-22T11:41:57.737+0000] {logging_mixin.py:190} INFO - Failure caused by {'DAG Id': 'compress_file_on_upload', 'Task Id': 'wait_for_file', 'Run Id': 'scheduled__2025-04-22T11:27:00+00:00', 'Hostname': '218dff27a00b', 'External Executor Id': '77a0cb4f-a0ac-483d-b4a9-3f884bc8f124'}
[2025-04-22T11:41:57.738+0000] {logging_mixin.py:190} INFO - [2025-04-22T11:41:57.738+0000] {taskinstance.py:1226} INFO - Marking task as FAILED. dag_id=compress_file_on_upload, task_id=wait_for_file, run_id=scheduled__2025-04-22T11:27:00+00:00, execution_date=20250422T112700, start_date=20250422T113957, end_date=20250422T114157
[2025-04-22T11:41:57.757+0000] {logging_mixin.py:190} INFO - [2025-04-22T11:41:57.757+0000] {processor.py:876} INFO - Executed callback for <TaskInstance: compress_file_on_upload.wait_for_file scheduled__2025-04-22T11:27:00+00:00 [failed]> in state failed
[2025-04-22T11:41:57.760+0000] {logging_mixin.py:190} INFO - [2025-04-22T11:41:57.760+0000] {taskinstance.py:3315} ERROR - {'DAG Id': 'compress_file_on_upload', 'Task Id': 'wait_for_file', 'Run Id': 'scheduled__2025-04-22T11:29:00+00:00', 'Hostname': '218dff27a00b', 'External Executor Id': '4d3762d5-2e9f-4f48-b73a-5b364a317d2a'}
[2025-04-22T11:41:57.769+0000] {logging_mixin.py:190} INFO - Task instance in failure state
[2025-04-22T11:41:57.769+0000] {logging_mixin.py:190} INFO - Task start:2025-04-22 11:38:43.830126+00:00 end:2025-04-22 11:41:57.763693+00:00 duration:193.933567
[2025-04-22T11:41:57.770+0000] {logging_mixin.py:190} INFO - Task:<Task(PythonSensor): wait_for_file> dag:<DAG: compress_file_on_upload> dagrun:<DagRun compress_file_on_upload @ 2025-04-22 11:29:00+00:00: scheduled__2025-04-22T11:29:00+00:00, state:running, queued_at: 2025-04-22 11:30:59.755369+00:00. externally triggered: False>
[2025-04-22T11:41:57.770+0000] {logging_mixin.py:190} INFO - Failure caused by {'DAG Id': 'compress_file_on_upload', 'Task Id': 'wait_for_file', 'Run Id': 'scheduled__2025-04-22T11:29:00+00:00', 'Hostname': '218dff27a00b', 'External Executor Id': '4d3762d5-2e9f-4f48-b73a-5b364a317d2a'}
[2025-04-22T11:41:57.770+0000] {logging_mixin.py:190} INFO - [2025-04-22T11:41:57.770+0000] {taskinstance.py:1226} INFO - Marking task as UP_FOR_RETRY. dag_id=compress_file_on_upload, task_id=wait_for_file, run_id=scheduled__2025-04-22T11:29:00+00:00, execution_date=20250422T112900, start_date=20250422T113843, end_date=20250422T114157
[2025-04-22T11:41:57.783+0000] {logging_mixin.py:190} INFO - [2025-04-22T11:41:57.783+0000] {processor.py:876} INFO - Executed callback for <TaskInstance: compress_file_on_upload.wait_for_file scheduled__2025-04-22T11:29:00+00:00 [up_for_retry]> in state up_for_retry
[2025-04-22T11:41:57.794+0000] {logging_mixin.py:190} INFO - [2025-04-22T11:41:57.793+0000] {dag.py:3239} INFO - Sync 1 DAGs
[2025-04-22T11:41:57.808+0000] {logging_mixin.py:190} INFO - [2025-04-22T11:41:57.808+0000] {dag.py:4180} INFO - Setting next_dagrun for compress_file_on_upload to 2025-04-22 11:41:00+00:00, run_after=2025-04-22 11:42:00+00:00
[2025-04-22T11:41:57.828+0000] {processor.py:208} INFO - Processing /opt/airflow/dags/minio_file_compression_and_email.py took 0.191 seconds
[2025-04-22T11:42:28.429+0000] {processor.py:186} INFO - Started process (PID=9572) to work on /opt/airflow/dags/minio_file_compression_and_email.py
[2025-04-22T11:42:28.430+0000] {processor.py:914} INFO - Processing file /opt/airflow/dags/minio_file_compression_and_email.py for tasks to queue
[2025-04-22T11:42:28.431+0000] {logging_mixin.py:190} INFO - [2025-04-22T11:42:28.431+0000] {dagbag.py:588} INFO - Filling up the DagBag from /opt/airflow/dags/minio_file_compression_and_email.py
[2025-04-22T11:42:28.496+0000] {processor.py:925} INFO - DAG(s) 'compress_file_on_upload' retrieved from /opt/airflow/dags/minio_file_compression_and_email.py
[2025-04-22T11:42:28.514+0000] {logging_mixin.py:190} INFO - [2025-04-22T11:42:28.514+0000] {dag.py:3239} INFO - Sync 1 DAGs
[2025-04-22T11:42:28.532+0000] {logging_mixin.py:190} INFO - [2025-04-22T11:42:28.532+0000] {dag.py:4180} INFO - Setting next_dagrun for compress_file_on_upload to 2025-04-22 11:42:00+00:00, run_after=2025-04-22 11:43:00+00:00
[2025-04-22T11:42:28.548+0000] {processor.py:208} INFO - Processing /opt/airflow/dags/minio_file_compression_and_email.py took 0.124 seconds
[2025-04-22T11:42:58.633+0000] {processor.py:186} INFO - Started process (PID=9642) to work on /opt/airflow/dags/minio_file_compression_and_email.py
[2025-04-22T11:42:58.634+0000] {processor.py:914} INFO - Processing file /opt/airflow/dags/minio_file_compression_and_email.py for tasks to queue
[2025-04-22T11:42:58.635+0000] {logging_mixin.py:190} INFO - [2025-04-22T11:42:58.635+0000] {dagbag.py:588} INFO - Filling up the DagBag from /opt/airflow/dags/minio_file_compression_and_email.py
[2025-04-22T11:42:58.709+0000] {processor.py:925} INFO - DAG(s) 'compress_file_on_upload' retrieved from /opt/airflow/dags/minio_file_compression_and_email.py
[2025-04-22T11:42:58.729+0000] {logging_mixin.py:190} INFO - [2025-04-22T11:42:58.728+0000] {dag.py:3239} INFO - Sync 1 DAGs
[2025-04-22T11:42:58.750+0000] {logging_mixin.py:190} INFO - [2025-04-22T11:42:58.750+0000] {dag.py:4180} INFO - Setting next_dagrun for compress_file_on_upload to 2025-04-22 11:42:00+00:00, run_after=2025-04-22 11:43:00+00:00
[2025-04-22T11:42:58.768+0000] {processor.py:208} INFO - Processing /opt/airflow/dags/minio_file_compression_and_email.py took 0.141 seconds
[2025-04-22T11:43:29.667+0000] {processor.py:186} INFO - Started process (PID=9712) to work on /opt/airflow/dags/minio_file_compression_and_email.py
[2025-04-22T11:43:29.668+0000] {processor.py:914} INFO - Processing file /opt/airflow/dags/minio_file_compression_and_email.py for tasks to queue
[2025-04-22T11:43:29.669+0000] {logging_mixin.py:190} INFO - [2025-04-22T11:43:29.669+0000] {dagbag.py:588} INFO - Filling up the DagBag from /opt/airflow/dags/minio_file_compression_and_email.py
[2025-04-22T11:43:29.742+0000] {processor.py:925} INFO - DAG(s) 'compress_file_on_upload' retrieved from /opt/airflow/dags/minio_file_compression_and_email.py
[2025-04-22T11:43:29.760+0000] {logging_mixin.py:190} INFO - [2025-04-22T11:43:29.760+0000] {dag.py:3239} INFO - Sync 1 DAGs
[2025-04-22T11:43:29.776+0000] {logging_mixin.py:190} INFO - [2025-04-22T11:43:29.776+0000] {dag.py:4180} INFO - Setting next_dagrun for compress_file_on_upload to 2025-04-22 11:43:00+00:00, run_after=2025-04-22 11:44:00+00:00
[2025-04-22T11:43:29.795+0000] {processor.py:208} INFO - Processing /opt/airflow/dags/minio_file_compression_and_email.py took 0.134 seconds
[2025-04-22T11:44:00.148+0000] {processor.py:186} INFO - Started process (PID=9782) to work on /opt/airflow/dags/minio_file_compression_and_email.py
[2025-04-22T11:44:00.149+0000] {processor.py:914} INFO - Processing file /opt/airflow/dags/minio_file_compression_and_email.py for tasks to queue
[2025-04-22T11:44:00.150+0000] {logging_mixin.py:190} INFO - [2025-04-22T11:44:00.150+0000] {dagbag.py:588} INFO - Filling up the DagBag from /opt/airflow/dags/minio_file_compression_and_email.py
[2025-04-22T11:44:00.224+0000] {processor.py:925} INFO - DAG(s) 'compress_file_on_upload' retrieved from /opt/airflow/dags/minio_file_compression_and_email.py
[2025-04-22T11:44:00.243+0000] {logging_mixin.py:190} INFO - [2025-04-22T11:44:00.242+0000] {dag.py:3239} INFO - Sync 1 DAGs
[2025-04-22T11:44:00.263+0000] {logging_mixin.py:190} INFO - [2025-04-22T11:44:00.263+0000] {dag.py:4180} INFO - Setting next_dagrun for compress_file_on_upload to 2025-04-22 11:43:00+00:00, run_after=2025-04-22 11:44:00+00:00
[2025-04-22T11:44:00.281+0000] {processor.py:208} INFO - Processing /opt/airflow/dags/minio_file_compression_and_email.py took 0.138 seconds
[2025-04-22T11:44:30.562+0000] {processor.py:186} INFO - Started process (PID=9852) to work on /opt/airflow/dags/minio_file_compression_and_email.py
[2025-04-22T11:44:30.563+0000] {processor.py:914} INFO - Processing file /opt/airflow/dags/minio_file_compression_and_email.py for tasks to queue
[2025-04-22T11:44:30.564+0000] {logging_mixin.py:190} INFO - [2025-04-22T11:44:30.564+0000] {dagbag.py:588} INFO - Filling up the DagBag from /opt/airflow/dags/minio_file_compression_and_email.py
[2025-04-22T11:44:30.631+0000] {processor.py:925} INFO - DAG(s) 'compress_file_on_upload' retrieved from /opt/airflow/dags/minio_file_compression_and_email.py
[2025-04-22T11:44:30.651+0000] {logging_mixin.py:190} INFO - [2025-04-22T11:44:30.651+0000] {dag.py:3239} INFO - Sync 1 DAGs
[2025-04-22T11:44:30.671+0000] {logging_mixin.py:190} INFO - [2025-04-22T11:44:30.670+0000] {dag.py:4180} INFO - Setting next_dagrun for compress_file_on_upload to 2025-04-22 11:44:00+00:00, run_after=2025-04-22 11:45:00+00:00
[2025-04-22T11:44:30.688+0000] {processor.py:208} INFO - Processing /opt/airflow/dags/minio_file_compression_and_email.py took 0.131 seconds
[2025-04-22T11:45:00.996+0000] {processor.py:186} INFO - Started process (PID=9922) to work on /opt/airflow/dags/minio_file_compression_and_email.py
[2025-04-22T11:45:00.997+0000] {processor.py:914} INFO - Processing file /opt/airflow/dags/minio_file_compression_and_email.py for tasks to queue
[2025-04-22T11:45:00.998+0000] {logging_mixin.py:190} INFO - [2025-04-22T11:45:00.998+0000] {dagbag.py:588} INFO - Filling up the DagBag from /opt/airflow/dags/minio_file_compression_and_email.py
[2025-04-22T11:45:01.061+0000] {processor.py:925} INFO - DAG(s) 'compress_file_on_upload' retrieved from /opt/airflow/dags/minio_file_compression_and_email.py
[2025-04-22T11:45:01.080+0000] {logging_mixin.py:190} INFO - [2025-04-22T11:45:01.079+0000] {dag.py:3239} INFO - Sync 1 DAGs
[2025-04-22T11:45:01.097+0000] {logging_mixin.py:190} INFO - [2025-04-22T11:45:01.097+0000] {dag.py:4180} INFO - Setting next_dagrun for compress_file_on_upload to 2025-04-22 11:45:00+00:00, run_after=2025-04-22 11:46:00+00:00
[2025-04-22T11:45:01.112+0000] {processor.py:208} INFO - Processing /opt/airflow/dags/minio_file_compression_and_email.py took 0.121 seconds
[2025-04-22T11:45:31.636+0000] {processor.py:186} INFO - Started process (PID=9992) to work on /opt/airflow/dags/minio_file_compression_and_email.py
[2025-04-22T11:45:31.637+0000] {processor.py:914} INFO - Processing file /opt/airflow/dags/minio_file_compression_and_email.py for tasks to queue
[2025-04-22T11:45:31.638+0000] {logging_mixin.py:190} INFO - [2025-04-22T11:45:31.638+0000] {dagbag.py:588} INFO - Filling up the DagBag from /opt/airflow/dags/minio_file_compression_and_email.py
[2025-04-22T11:45:31.699+0000] {processor.py:925} INFO - DAG(s) 'compress_file_on_upload' retrieved from /opt/airflow/dags/minio_file_compression_and_email.py
[2025-04-22T11:45:31.718+0000] {logging_mixin.py:190} INFO - [2025-04-22T11:45:31.718+0000] {dag.py:3239} INFO - Sync 1 DAGs
[2025-04-22T11:45:31.738+0000] {logging_mixin.py:190} INFO - [2025-04-22T11:45:31.738+0000] {dag.py:4180} INFO - Setting next_dagrun for compress_file_on_upload to 2025-04-22 11:45:00+00:00, run_after=2025-04-22 11:46:00+00:00
[2025-04-22T11:45:31.753+0000] {processor.py:208} INFO - Processing /opt/airflow/dags/minio_file_compression_and_email.py took 0.122 seconds
[2025-04-22T11:46:02.030+0000] {processor.py:186} INFO - Started process (PID=10062) to work on /opt/airflow/dags/minio_file_compression_and_email.py
[2025-04-22T11:46:02.031+0000] {processor.py:914} INFO - Processing file /opt/airflow/dags/minio_file_compression_and_email.py for tasks to queue
[2025-04-22T11:46:02.032+0000] {logging_mixin.py:190} INFO - [2025-04-22T11:46:02.032+0000] {dagbag.py:588} INFO - Filling up the DagBag from /opt/airflow/dags/minio_file_compression_and_email.py
[2025-04-22T11:46:02.102+0000] {processor.py:925} INFO - DAG(s) 'compress_file_on_upload' retrieved from /opt/airflow/dags/minio_file_compression_and_email.py
[2025-04-22T11:46:02.121+0000] {logging_mixin.py:190} INFO - [2025-04-22T11:46:02.120+0000] {dag.py:3239} INFO - Sync 1 DAGs
[2025-04-22T11:46:02.140+0000] {logging_mixin.py:190} INFO - [2025-04-22T11:46:02.140+0000] {dag.py:4180} INFO - Setting next_dagrun for compress_file_on_upload to 2025-04-22 11:46:00+00:00, run_after=2025-04-22 11:47:00+00:00
[2025-04-22T11:46:02.157+0000] {processor.py:208} INFO - Processing /opt/airflow/dags/minio_file_compression_and_email.py took 0.132 seconds
[2025-04-22T11:46:32.411+0000] {processor.py:186} INFO - Started process (PID=10132) to work on /opt/airflow/dags/minio_file_compression_and_email.py
[2025-04-22T11:46:32.412+0000] {processor.py:914} INFO - Processing file /opt/airflow/dags/minio_file_compression_and_email.py for tasks to queue
[2025-04-22T11:46:32.413+0000] {logging_mixin.py:190} INFO - [2025-04-22T11:46:32.413+0000] {dagbag.py:588} INFO - Filling up the DagBag from /opt/airflow/dags/minio_file_compression_and_email.py
[2025-04-22T11:46:32.472+0000] {processor.py:925} INFO - DAG(s) 'compress_file_on_upload' retrieved from /opt/airflow/dags/minio_file_compression_and_email.py
[2025-04-22T11:46:32.488+0000] {logging_mixin.py:190} INFO - [2025-04-22T11:46:32.488+0000] {dag.py:3239} INFO - Sync 1 DAGs
[2025-04-22T11:46:32.504+0000] {logging_mixin.py:190} INFO - [2025-04-22T11:46:32.504+0000] {dag.py:4180} INFO - Setting next_dagrun for compress_file_on_upload to 2025-04-22 11:46:00+00:00, run_after=2025-04-22 11:47:00+00:00
[2025-04-22T11:46:32.518+0000] {processor.py:208} INFO - Processing /opt/airflow/dags/minio_file_compression_and_email.py took 0.111 seconds
[2025-04-22T11:47:02.706+0000] {processor.py:186} INFO - Started process (PID=10202) to work on /opt/airflow/dags/minio_file_compression_and_email.py
[2025-04-22T11:47:02.707+0000] {processor.py:914} INFO - Processing file /opt/airflow/dags/minio_file_compression_and_email.py for tasks to queue
[2025-04-22T11:47:02.708+0000] {logging_mixin.py:190} INFO - [2025-04-22T11:47:02.708+0000] {dagbag.py:588} INFO - Filling up the DagBag from /opt/airflow/dags/minio_file_compression_and_email.py
[2025-04-22T11:47:02.764+0000] {processor.py:925} INFO - DAG(s) 'compress_file_on_upload' retrieved from /opt/airflow/dags/minio_file_compression_and_email.py
[2025-04-22T11:47:02.780+0000] {logging_mixin.py:190} INFO - [2025-04-22T11:47:02.780+0000] {dag.py:3239} INFO - Sync 1 DAGs
[2025-04-22T11:47:02.796+0000] {logging_mixin.py:190} INFO - [2025-04-22T11:47:02.796+0000] {dag.py:4180} INFO - Setting next_dagrun for compress_file_on_upload to 2025-04-22 11:47:00+00:00, run_after=2025-04-22 11:48:00+00:00
[2025-04-22T11:47:02.812+0000] {processor.py:208} INFO - Processing /opt/airflow/dags/minio_file_compression_and_email.py took 0.111 seconds
[2025-04-22T11:49:10.709+0000] {processor.py:186} INFO - Started process (PID=10203) to work on /opt/airflow/dags/minio_file_compression_and_email.py
[2025-04-22T11:49:10.715+0000] {processor.py:914} INFO - Processing file /opt/airflow/dags/minio_file_compression_and_email.py for tasks to queue
[2025-04-22T11:49:10.723+0000] {logging_mixin.py:190} INFO - [2025-04-22T11:49:10.720+0000] {dagbag.py:588} INFO - Filling up the DagBag from /opt/airflow/dags/minio_file_compression_and_email.py
[2025-04-22T11:49:57.371+0000] {logging_mixin.py:190} INFO - [2025-04-22T11:49:43.445+0000] {timeout.py:68} ERROR - Process timed out, PID: 10203
[2025-04-22T11:55:37.932+0000] {processor.py:186} INFO - Started process (PID=10273) to work on /opt/airflow/dags/minio_file_compression_and_email.py
[2025-04-22T11:55:37.933+0000] {processor.py:914} INFO - Processing file /opt/airflow/dags/minio_file_compression_and_email.py for tasks to queue
[2025-04-22T11:55:37.934+0000] {logging_mixin.py:190} INFO - [2025-04-22T11:55:37.934+0000] {dagbag.py:588} INFO - Filling up the DagBag from /opt/airflow/dags/minio_file_compression_and_email.py
[2025-04-22T11:55:38.004+0000] {processor.py:925} INFO - DAG(s) 'compress_file_on_upload' retrieved from /opt/airflow/dags/minio_file_compression_and_email.py
[2025-04-22T11:55:38.096+0000] {logging_mixin.py:190} INFO - [2025-04-22T11:55:38.096+0000] {dag.py:3239} INFO - Sync 1 DAGs
[2025-04-22T11:55:38.114+0000] {logging_mixin.py:190} INFO - [2025-04-22T11:55:38.114+0000] {dag.py:4180} INFO - Setting next_dagrun for compress_file_on_upload to 2025-04-22 11:54:00+00:00, run_after=2025-04-22 11:55:00+00:00
[2025-04-22T11:55:38.132+0000] {processor.py:208} INFO - Processing /opt/airflow/dags/minio_file_compression_and_email.py took 0.204 seconds
[2025-04-22T11:56:59.721+0000] {processor.py:186} INFO - Started process (PID=10285) to work on /opt/airflow/dags/minio_file_compression_and_email.py
[2025-04-22T11:56:59.724+0000] {processor.py:914} INFO - Processing file /opt/airflow/dags/minio_file_compression_and_email.py for tasks to queue
[2025-04-22T11:56:59.735+0000] {logging_mixin.py:190} INFO - [2025-04-22T11:56:59.731+0000] {dagbag.py:588} INFO - Filling up the DagBag from /opt/airflow/dags/minio_file_compression_and_email.py
[2025-04-22T11:56:59.954+0000] {processor.py:925} INFO - DAG(s) 'compress_file_on_upload' retrieved from /opt/airflow/dags/minio_file_compression_and_email.py
[2025-04-22T11:56:59.984+0000] {logging_mixin.py:190} INFO - [2025-04-22T11:56:59.984+0000] {dag.py:3239} INFO - Sync 1 DAGs
[2025-04-22T11:57:00.015+0000] {logging_mixin.py:190} INFO - [2025-04-22T11:57:00.014+0000] {dag.py:4180} INFO - Setting next_dagrun for compress_file_on_upload to 2025-04-22 11:56:00+00:00, run_after=2025-04-22 11:57:00+00:00
[2025-04-22T11:57:00.035+0000] {processor.py:208} INFO - Processing /opt/airflow/dags/minio_file_compression_and_email.py took 0.327 seconds
