[2025-04-21T10:53:05.363+0000] {processor.py:186} INFO - Started process (PID=117) to work on /home/airflow/.local/lib/python3.12/site-packages/airflow/example_dags/example_skip_dag.py
[2025-04-21T10:53:05.364+0000] {processor.py:914} INFO - Processing file /home/airflow/.local/lib/python3.12/site-packages/airflow/example_dags/example_skip_dag.py for tasks to queue
[2025-04-21T10:53:05.367+0000] {logging_mixin.py:190} INFO - [2025-04-21T10:53:05.366+0000] {dagbag.py:588} INFO - Filling up the DagBag from /home/airflow/.local/lib/python3.12/site-packages/airflow/example_dags/example_skip_dag.py
[2025-04-21T10:53:05.373+0000] {processor.py:925} INFO - DAG(s) 'example_skip_dag' retrieved from /home/airflow/.local/lib/python3.12/site-packages/airflow/example_dags/example_skip_dag.py
[2025-04-21T10:53:05.456+0000] {logging_mixin.py:190} INFO - [2025-04-21T10:53:05.455+0000] {override.py:1912} INFO - Created Permission View: can edit on DAG:example_skip_dag
[2025-04-21T10:53:05.464+0000] {logging_mixin.py:190} INFO - [2025-04-21T10:53:05.464+0000] {override.py:1912} INFO - Created Permission View: can read on DAG:example_skip_dag
[2025-04-21T10:53:05.470+0000] {logging_mixin.py:190} INFO - [2025-04-21T10:53:05.469+0000] {override.py:1912} INFO - Created Permission View: can delete on DAG:example_skip_dag
[2025-04-21T10:53:05.479+0000] {logging_mixin.py:190} INFO - [2025-04-21T10:53:05.478+0000] {override.py:1912} INFO - Created Permission View: menu access on DAG Run:example_skip_dag
[2025-04-21T10:53:05.484+0000] {logging_mixin.py:190} INFO - [2025-04-21T10:53:05.483+0000] {override.py:1912} INFO - Created Permission View: can create on DAG Run:example_skip_dag
[2025-04-21T10:53:05.489+0000] {logging_mixin.py:190} INFO - [2025-04-21T10:53:05.489+0000] {override.py:1912} INFO - Created Permission View: can read on DAG Run:example_skip_dag
[2025-04-21T10:53:05.494+0000] {logging_mixin.py:190} INFO - [2025-04-21T10:53:05.494+0000] {override.py:1912} INFO - Created Permission View: can delete on DAG Run:example_skip_dag
[2025-04-21T10:53:05.495+0000] {logging_mixin.py:190} INFO - [2025-04-21T10:53:05.495+0000] {dag.py:3239} INFO - Sync 1 DAGs
[2025-04-21T10:53:05.504+0000] {logging_mixin.py:190} INFO - [2025-04-21T10:53:05.504+0000] {dag.py:3262} INFO - Creating ORM DAG for example_skip_dag
[2025-04-21T10:53:05.511+0000] {logging_mixin.py:190} INFO - [2025-04-21T10:53:05.511+0000] {dag.py:4180} INFO - Setting next_dagrun for example_skip_dag to 2025-04-20 00:00:00+00:00, run_after=2025-04-21 00:00:00+00:00
[2025-04-21T10:53:05.526+0000] {processor.py:208} INFO - Processing /home/airflow/.local/lib/python3.12/site-packages/airflow/example_dags/example_skip_dag.py took 0.167 seconds
[2025-04-21T10:53:36.257+0000] {processor.py:186} INFO - Started process (PID=180) to work on /home/airflow/.local/lib/python3.12/site-packages/airflow/example_dags/example_skip_dag.py
[2025-04-21T10:53:36.258+0000] {processor.py:914} INFO - Processing file /home/airflow/.local/lib/python3.12/site-packages/airflow/example_dags/example_skip_dag.py for tasks to queue
[2025-04-21T10:53:36.261+0000] {logging_mixin.py:190} INFO - [2025-04-21T10:53:36.261+0000] {dagbag.py:588} INFO - Filling up the DagBag from /home/airflow/.local/lib/python3.12/site-packages/airflow/example_dags/example_skip_dag.py
[2025-04-21T10:53:36.269+0000] {processor.py:925} INFO - DAG(s) 'example_skip_dag' retrieved from /home/airflow/.local/lib/python3.12/site-packages/airflow/example_dags/example_skip_dag.py
[2025-04-21T10:53:36.289+0000] {logging_mixin.py:190} INFO - [2025-04-21T10:53:36.289+0000] {dag.py:3239} INFO - Sync 1 DAGs
[2025-04-21T10:53:36.312+0000] {logging_mixin.py:190} INFO - [2025-04-21T10:53:36.312+0000] {dag.py:4180} INFO - Setting next_dagrun for example_skip_dag to 2025-04-20 00:00:00+00:00, run_after=2025-04-21 00:00:00+00:00
[2025-04-21T10:53:36.330+0000] {processor.py:208} INFO - Processing /home/airflow/.local/lib/python3.12/site-packages/airflow/example_dags/example_skip_dag.py took 0.078 seconds
[2025-04-21T10:54:06.376+0000] {processor.py:186} INFO - Started process (PID=241) to work on /home/airflow/.local/lib/python3.12/site-packages/airflow/example_dags/example_skip_dag.py
[2025-04-21T10:54:06.377+0000] {processor.py:914} INFO - Processing file /home/airflow/.local/lib/python3.12/site-packages/airflow/example_dags/example_skip_dag.py for tasks to queue
[2025-04-21T10:54:06.379+0000] {logging_mixin.py:190} INFO - [2025-04-21T10:54:06.379+0000] {dagbag.py:588} INFO - Filling up the DagBag from /home/airflow/.local/lib/python3.12/site-packages/airflow/example_dags/example_skip_dag.py
[2025-04-21T10:54:06.385+0000] {processor.py:925} INFO - DAG(s) 'example_skip_dag' retrieved from /home/airflow/.local/lib/python3.12/site-packages/airflow/example_dags/example_skip_dag.py
[2025-04-21T10:54:06.403+0000] {logging_mixin.py:190} INFO - [2025-04-21T10:54:06.402+0000] {dag.py:3239} INFO - Sync 1 DAGs
[2025-04-21T10:54:06.419+0000] {logging_mixin.py:190} INFO - [2025-04-21T10:54:06.419+0000] {dag.py:4180} INFO - Setting next_dagrun for example_skip_dag to 2025-04-20 00:00:00+00:00, run_after=2025-04-21 00:00:00+00:00
[2025-04-21T10:54:06.432+0000] {processor.py:208} INFO - Processing /home/airflow/.local/lib/python3.12/site-packages/airflow/example_dags/example_skip_dag.py took 0.061 seconds
[2025-04-21T10:54:37.420+0000] {processor.py:186} INFO - Started process (PID=304) to work on /home/airflow/.local/lib/python3.12/site-packages/airflow/example_dags/example_skip_dag.py
[2025-04-21T10:54:37.420+0000] {processor.py:914} INFO - Processing file /home/airflow/.local/lib/python3.12/site-packages/airflow/example_dags/example_skip_dag.py for tasks to queue
[2025-04-21T10:54:37.422+0000] {logging_mixin.py:190} INFO - [2025-04-21T10:54:37.422+0000] {dagbag.py:588} INFO - Filling up the DagBag from /home/airflow/.local/lib/python3.12/site-packages/airflow/example_dags/example_skip_dag.py
[2025-04-21T10:54:37.429+0000] {processor.py:925} INFO - DAG(s) 'example_skip_dag' retrieved from /home/airflow/.local/lib/python3.12/site-packages/airflow/example_dags/example_skip_dag.py
[2025-04-21T10:54:37.445+0000] {logging_mixin.py:190} INFO - [2025-04-21T10:54:37.445+0000] {dag.py:3239} INFO - Sync 1 DAGs
[2025-04-21T10:54:37.463+0000] {logging_mixin.py:190} INFO - [2025-04-21T10:54:37.463+0000] {dag.py:4180} INFO - Setting next_dagrun for example_skip_dag to 2025-04-20 00:00:00+00:00, run_after=2025-04-21 00:00:00+00:00
[2025-04-21T10:54:37.476+0000] {processor.py:208} INFO - Processing /home/airflow/.local/lib/python3.12/site-packages/airflow/example_dags/example_skip_dag.py took 0.060 seconds
[2025-04-21T10:55:08.395+0000] {processor.py:186} INFO - Started process (PID=367) to work on /home/airflow/.local/lib/python3.12/site-packages/airflow/example_dags/example_skip_dag.py
[2025-04-21T10:55:08.396+0000] {processor.py:914} INFO - Processing file /home/airflow/.local/lib/python3.12/site-packages/airflow/example_dags/example_skip_dag.py for tasks to queue
[2025-04-21T10:55:08.397+0000] {logging_mixin.py:190} INFO - [2025-04-21T10:55:08.397+0000] {dagbag.py:588} INFO - Filling up the DagBag from /home/airflow/.local/lib/python3.12/site-packages/airflow/example_dags/example_skip_dag.py
[2025-04-21T10:55:08.403+0000] {processor.py:925} INFO - DAG(s) 'example_skip_dag' retrieved from /home/airflow/.local/lib/python3.12/site-packages/airflow/example_dags/example_skip_dag.py
[2025-04-21T10:55:08.419+0000] {logging_mixin.py:190} INFO - [2025-04-21T10:55:08.419+0000] {dag.py:3239} INFO - Sync 1 DAGs
[2025-04-21T10:55:08.439+0000] {logging_mixin.py:190} INFO - [2025-04-21T10:55:08.438+0000] {dag.py:4180} INFO - Setting next_dagrun for example_skip_dag to 2025-04-20 00:00:00+00:00, run_after=2025-04-21 00:00:00+00:00
[2025-04-21T10:55:08.455+0000] {processor.py:208} INFO - Processing /home/airflow/.local/lib/python3.12/site-packages/airflow/example_dags/example_skip_dag.py took 0.064 seconds
[2025-04-21T10:55:38.730+0000] {processor.py:186} INFO - Started process (PID=430) to work on /home/airflow/.local/lib/python3.12/site-packages/airflow/example_dags/example_skip_dag.py
[2025-04-21T10:55:38.730+0000] {processor.py:914} INFO - Processing file /home/airflow/.local/lib/python3.12/site-packages/airflow/example_dags/example_skip_dag.py for tasks to queue
[2025-04-21T10:55:38.732+0000] {logging_mixin.py:190} INFO - [2025-04-21T10:55:38.732+0000] {dagbag.py:588} INFO - Filling up the DagBag from /home/airflow/.local/lib/python3.12/site-packages/airflow/example_dags/example_skip_dag.py
[2025-04-21T10:55:38.738+0000] {processor.py:925} INFO - DAG(s) 'example_skip_dag' retrieved from /home/airflow/.local/lib/python3.12/site-packages/airflow/example_dags/example_skip_dag.py
[2025-04-21T10:55:38.755+0000] {logging_mixin.py:190} INFO - [2025-04-21T10:55:38.755+0000] {dag.py:3239} INFO - Sync 1 DAGs
[2025-04-21T10:55:38.773+0000] {logging_mixin.py:190} INFO - [2025-04-21T10:55:38.773+0000] {dag.py:4180} INFO - Setting next_dagrun for example_skip_dag to 2025-04-20 00:00:00+00:00, run_after=2025-04-21 00:00:00+00:00
[2025-04-21T10:55:38.787+0000] {processor.py:208} INFO - Processing /home/airflow/.local/lib/python3.12/site-packages/airflow/example_dags/example_skip_dag.py took 0.062 seconds
[2025-04-21T10:56:09.365+0000] {processor.py:186} INFO - Started process (PID=493) to work on /home/airflow/.local/lib/python3.12/site-packages/airflow/example_dags/example_skip_dag.py
[2025-04-21T10:56:09.366+0000] {processor.py:914} INFO - Processing file /home/airflow/.local/lib/python3.12/site-packages/airflow/example_dags/example_skip_dag.py for tasks to queue
[2025-04-21T10:56:09.367+0000] {logging_mixin.py:190} INFO - [2025-04-21T10:56:09.367+0000] {dagbag.py:588} INFO - Filling up the DagBag from /home/airflow/.local/lib/python3.12/site-packages/airflow/example_dags/example_skip_dag.py
[2025-04-21T10:56:09.374+0000] {processor.py:925} INFO - DAG(s) 'example_skip_dag' retrieved from /home/airflow/.local/lib/python3.12/site-packages/airflow/example_dags/example_skip_dag.py
[2025-04-21T10:56:09.390+0000] {logging_mixin.py:190} INFO - [2025-04-21T10:56:09.390+0000] {dag.py:3239} INFO - Sync 1 DAGs
[2025-04-21T10:56:09.410+0000] {logging_mixin.py:190} INFO - [2025-04-21T10:56:09.409+0000] {dag.py:4180} INFO - Setting next_dagrun for example_skip_dag to 2025-04-20 00:00:00+00:00, run_after=2025-04-21 00:00:00+00:00
[2025-04-21T10:56:09.426+0000] {processor.py:208} INFO - Processing /home/airflow/.local/lib/python3.12/site-packages/airflow/example_dags/example_skip_dag.py took 0.065 seconds
[2025-04-21T10:56:40.035+0000] {processor.py:186} INFO - Started process (PID=556) to work on /home/airflow/.local/lib/python3.12/site-packages/airflow/example_dags/example_skip_dag.py
[2025-04-21T10:56:40.036+0000] {processor.py:914} INFO - Processing file /home/airflow/.local/lib/python3.12/site-packages/airflow/example_dags/example_skip_dag.py for tasks to queue
[2025-04-21T10:56:40.037+0000] {logging_mixin.py:190} INFO - [2025-04-21T10:56:40.037+0000] {dagbag.py:588} INFO - Filling up the DagBag from /home/airflow/.local/lib/python3.12/site-packages/airflow/example_dags/example_skip_dag.py
[2025-04-21T10:56:40.043+0000] {processor.py:925} INFO - DAG(s) 'example_skip_dag' retrieved from /home/airflow/.local/lib/python3.12/site-packages/airflow/example_dags/example_skip_dag.py
[2025-04-21T10:56:40.061+0000] {logging_mixin.py:190} INFO - [2025-04-21T10:56:40.061+0000] {dag.py:3239} INFO - Sync 1 DAGs
[2025-04-21T10:56:40.080+0000] {logging_mixin.py:190} INFO - [2025-04-21T10:56:40.080+0000] {dag.py:4180} INFO - Setting next_dagrun for example_skip_dag to 2025-04-20 00:00:00+00:00, run_after=2025-04-21 00:00:00+00:00
[2025-04-21T10:56:40.095+0000] {processor.py:208} INFO - Processing /home/airflow/.local/lib/python3.12/site-packages/airflow/example_dags/example_skip_dag.py took 0.065 seconds
[2025-04-21T10:57:10.458+0000] {processor.py:186} INFO - Started process (PID=617) to work on /home/airflow/.local/lib/python3.12/site-packages/airflow/example_dags/example_skip_dag.py
[2025-04-21T10:57:10.459+0000] {processor.py:914} INFO - Processing file /home/airflow/.local/lib/python3.12/site-packages/airflow/example_dags/example_skip_dag.py for tasks to queue
[2025-04-21T10:57:10.461+0000] {logging_mixin.py:190} INFO - [2025-04-21T10:57:10.461+0000] {dagbag.py:588} INFO - Filling up the DagBag from /home/airflow/.local/lib/python3.12/site-packages/airflow/example_dags/example_skip_dag.py
[2025-04-21T10:57:10.467+0000] {processor.py:925} INFO - DAG(s) 'example_skip_dag' retrieved from /home/airflow/.local/lib/python3.12/site-packages/airflow/example_dags/example_skip_dag.py
[2025-04-21T10:57:10.483+0000] {logging_mixin.py:190} INFO - [2025-04-21T10:57:10.483+0000] {dag.py:3239} INFO - Sync 1 DAGs
[2025-04-21T10:57:10.502+0000] {logging_mixin.py:190} INFO - [2025-04-21T10:57:10.502+0000] {dag.py:4180} INFO - Setting next_dagrun for example_skip_dag to 2025-04-20 00:00:00+00:00, run_after=2025-04-21 00:00:00+00:00
[2025-04-21T10:57:10.515+0000] {processor.py:208} INFO - Processing /home/airflow/.local/lib/python3.12/site-packages/airflow/example_dags/example_skip_dag.py took 0.061 seconds
[2025-04-21T10:57:40.696+0000] {processor.py:186} INFO - Started process (PID=680) to work on /home/airflow/.local/lib/python3.12/site-packages/airflow/example_dags/example_skip_dag.py
[2025-04-21T10:57:40.696+0000] {processor.py:914} INFO - Processing file /home/airflow/.local/lib/python3.12/site-packages/airflow/example_dags/example_skip_dag.py for tasks to queue
[2025-04-21T10:57:40.699+0000] {logging_mixin.py:190} INFO - [2025-04-21T10:57:40.698+0000] {dagbag.py:588} INFO - Filling up the DagBag from /home/airflow/.local/lib/python3.12/site-packages/airflow/example_dags/example_skip_dag.py
[2025-04-21T10:57:40.704+0000] {processor.py:925} INFO - DAG(s) 'example_skip_dag' retrieved from /home/airflow/.local/lib/python3.12/site-packages/airflow/example_dags/example_skip_dag.py
[2025-04-21T10:57:40.719+0000] {logging_mixin.py:190} INFO - [2025-04-21T10:57:40.719+0000] {dag.py:3239} INFO - Sync 1 DAGs
[2025-04-21T10:57:40.736+0000] {logging_mixin.py:190} INFO - [2025-04-21T10:57:40.736+0000] {dag.py:4180} INFO - Setting next_dagrun for example_skip_dag to 2025-04-20 00:00:00+00:00, run_after=2025-04-21 00:00:00+00:00
[2025-04-21T10:57:40.751+0000] {processor.py:208} INFO - Processing /home/airflow/.local/lib/python3.12/site-packages/airflow/example_dags/example_skip_dag.py took 0.059 seconds
[2025-04-21T10:58:10.776+0000] {processor.py:186} INFO - Started process (PID=743) to work on /home/airflow/.local/lib/python3.12/site-packages/airflow/example_dags/example_skip_dag.py
[2025-04-21T10:58:10.777+0000] {processor.py:914} INFO - Processing file /home/airflow/.local/lib/python3.12/site-packages/airflow/example_dags/example_skip_dag.py for tasks to queue
[2025-04-21T10:58:10.779+0000] {logging_mixin.py:190} INFO - [2025-04-21T10:58:10.779+0000] {dagbag.py:588} INFO - Filling up the DagBag from /home/airflow/.local/lib/python3.12/site-packages/airflow/example_dags/example_skip_dag.py
[2025-04-21T10:58:10.785+0000] {processor.py:925} INFO - DAG(s) 'example_skip_dag' retrieved from /home/airflow/.local/lib/python3.12/site-packages/airflow/example_dags/example_skip_dag.py
[2025-04-21T10:58:10.802+0000] {logging_mixin.py:190} INFO - [2025-04-21T10:58:10.802+0000] {dag.py:3239} INFO - Sync 1 DAGs
[2025-04-21T10:58:10.819+0000] {logging_mixin.py:190} INFO - [2025-04-21T10:58:10.819+0000] {dag.py:4180} INFO - Setting next_dagrun for example_skip_dag to 2025-04-20 00:00:00+00:00, run_after=2025-04-21 00:00:00+00:00
[2025-04-21T10:58:10.833+0000] {processor.py:208} INFO - Processing /home/airflow/.local/lib/python3.12/site-packages/airflow/example_dags/example_skip_dag.py took 0.061 seconds
[2025-04-21T10:58:40.886+0000] {processor.py:186} INFO - Started process (PID=805) to work on /home/airflow/.local/lib/python3.12/site-packages/airflow/example_dags/example_skip_dag.py
[2025-04-21T10:58:40.887+0000] {processor.py:914} INFO - Processing file /home/airflow/.local/lib/python3.12/site-packages/airflow/example_dags/example_skip_dag.py for tasks to queue
[2025-04-21T10:58:40.889+0000] {logging_mixin.py:190} INFO - [2025-04-21T10:58:40.888+0000] {dagbag.py:588} INFO - Filling up the DagBag from /home/airflow/.local/lib/python3.12/site-packages/airflow/example_dags/example_skip_dag.py
[2025-04-21T10:58:40.894+0000] {processor.py:925} INFO - DAG(s) 'example_skip_dag' retrieved from /home/airflow/.local/lib/python3.12/site-packages/airflow/example_dags/example_skip_dag.py
[2025-04-21T10:58:40.909+0000] {logging_mixin.py:190} INFO - [2025-04-21T10:58:40.908+0000] {dag.py:3239} INFO - Sync 1 DAGs
[2025-04-21T10:58:40.924+0000] {logging_mixin.py:190} INFO - [2025-04-21T10:58:40.924+0000] {dag.py:4180} INFO - Setting next_dagrun for example_skip_dag to 2025-04-20 00:00:00+00:00, run_after=2025-04-21 00:00:00+00:00
[2025-04-21T10:58:40.938+0000] {processor.py:208} INFO - Processing /home/airflow/.local/lib/python3.12/site-packages/airflow/example_dags/example_skip_dag.py took 0.056 seconds
[2025-04-21T10:59:11.132+0000] {processor.py:186} INFO - Started process (PID=868) to work on /home/airflow/.local/lib/python3.12/site-packages/airflow/example_dags/example_skip_dag.py
[2025-04-21T10:59:11.133+0000] {processor.py:914} INFO - Processing file /home/airflow/.local/lib/python3.12/site-packages/airflow/example_dags/example_skip_dag.py for tasks to queue
[2025-04-21T10:59:11.135+0000] {logging_mixin.py:190} INFO - [2025-04-21T10:59:11.135+0000] {dagbag.py:588} INFO - Filling up the DagBag from /home/airflow/.local/lib/python3.12/site-packages/airflow/example_dags/example_skip_dag.py
[2025-04-21T10:59:11.141+0000] {processor.py:925} INFO - DAG(s) 'example_skip_dag' retrieved from /home/airflow/.local/lib/python3.12/site-packages/airflow/example_dags/example_skip_dag.py
[2025-04-21T10:59:11.157+0000] {logging_mixin.py:190} INFO - [2025-04-21T10:59:11.157+0000] {dag.py:3239} INFO - Sync 1 DAGs
[2025-04-21T10:59:11.175+0000] {logging_mixin.py:190} INFO - [2025-04-21T10:59:11.175+0000] {dag.py:4180} INFO - Setting next_dagrun for example_skip_dag to 2025-04-20 00:00:00+00:00, run_after=2025-04-21 00:00:00+00:00
[2025-04-21T10:59:11.189+0000] {processor.py:208} INFO - Processing /home/airflow/.local/lib/python3.12/site-packages/airflow/example_dags/example_skip_dag.py took 0.061 seconds
[2025-04-21T10:59:41.592+0000] {processor.py:186} INFO - Started process (PID=931) to work on /home/airflow/.local/lib/python3.12/site-packages/airflow/example_dags/example_skip_dag.py
[2025-04-21T10:59:41.593+0000] {processor.py:914} INFO - Processing file /home/airflow/.local/lib/python3.12/site-packages/airflow/example_dags/example_skip_dag.py for tasks to queue
[2025-04-21T10:59:41.595+0000] {logging_mixin.py:190} INFO - [2025-04-21T10:59:41.595+0000] {dagbag.py:588} INFO - Filling up the DagBag from /home/airflow/.local/lib/python3.12/site-packages/airflow/example_dags/example_skip_dag.py
[2025-04-21T10:59:41.601+0000] {processor.py:925} INFO - DAG(s) 'example_skip_dag' retrieved from /home/airflow/.local/lib/python3.12/site-packages/airflow/example_dags/example_skip_dag.py
[2025-04-21T10:59:41.616+0000] {logging_mixin.py:190} INFO - [2025-04-21T10:59:41.616+0000] {dag.py:3239} INFO - Sync 1 DAGs
[2025-04-21T10:59:41.633+0000] {logging_mixin.py:190} INFO - [2025-04-21T10:59:41.633+0000] {dag.py:4180} INFO - Setting next_dagrun for example_skip_dag to 2025-04-20 00:00:00+00:00, run_after=2025-04-21 00:00:00+00:00
[2025-04-21T10:59:41.648+0000] {processor.py:208} INFO - Processing /home/airflow/.local/lib/python3.12/site-packages/airflow/example_dags/example_skip_dag.py took 0.060 seconds
[2025-04-21T11:00:11.857+0000] {processor.py:186} INFO - Started process (PID=994) to work on /home/airflow/.local/lib/python3.12/site-packages/airflow/example_dags/example_skip_dag.py
[2025-04-21T11:00:11.857+0000] {processor.py:914} INFO - Processing file /home/airflow/.local/lib/python3.12/site-packages/airflow/example_dags/example_skip_dag.py for tasks to queue
[2025-04-21T11:00:11.859+0000] {logging_mixin.py:190} INFO - [2025-04-21T11:00:11.859+0000] {dagbag.py:588} INFO - Filling up the DagBag from /home/airflow/.local/lib/python3.12/site-packages/airflow/example_dags/example_skip_dag.py
[2025-04-21T11:00:11.865+0000] {processor.py:925} INFO - DAG(s) 'example_skip_dag' retrieved from /home/airflow/.local/lib/python3.12/site-packages/airflow/example_dags/example_skip_dag.py
[2025-04-21T11:00:11.884+0000] {logging_mixin.py:190} INFO - [2025-04-21T11:00:11.884+0000] {dag.py:3239} INFO - Sync 1 DAGs
[2025-04-21T11:00:11.902+0000] {logging_mixin.py:190} INFO - [2025-04-21T11:00:11.902+0000] {dag.py:4180} INFO - Setting next_dagrun for example_skip_dag to 2025-04-20 00:00:00+00:00, run_after=2025-04-21 00:00:00+00:00
[2025-04-21T11:00:11.916+0000] {processor.py:208} INFO - Processing /home/airflow/.local/lib/python3.12/site-packages/airflow/example_dags/example_skip_dag.py took 0.064 seconds
[2025-04-21T11:00:42.406+0000] {processor.py:186} INFO - Started process (PID=1057) to work on /home/airflow/.local/lib/python3.12/site-packages/airflow/example_dags/example_skip_dag.py
[2025-04-21T11:00:42.407+0000] {processor.py:914} INFO - Processing file /home/airflow/.local/lib/python3.12/site-packages/airflow/example_dags/example_skip_dag.py for tasks to queue
[2025-04-21T11:00:42.409+0000] {logging_mixin.py:190} INFO - [2025-04-21T11:00:42.409+0000] {dagbag.py:588} INFO - Filling up the DagBag from /home/airflow/.local/lib/python3.12/site-packages/airflow/example_dags/example_skip_dag.py
[2025-04-21T11:00:42.416+0000] {processor.py:925} INFO - DAG(s) 'example_skip_dag' retrieved from /home/airflow/.local/lib/python3.12/site-packages/airflow/example_dags/example_skip_dag.py
[2025-04-21T11:00:42.433+0000] {logging_mixin.py:190} INFO - [2025-04-21T11:00:42.433+0000] {dag.py:3239} INFO - Sync 1 DAGs
[2025-04-21T11:00:42.452+0000] {logging_mixin.py:190} INFO - [2025-04-21T11:00:42.452+0000] {dag.py:4180} INFO - Setting next_dagrun for example_skip_dag to 2025-04-20 00:00:00+00:00, run_after=2025-04-21 00:00:00+00:00
[2025-04-21T11:00:42.467+0000] {processor.py:208} INFO - Processing /home/airflow/.local/lib/python3.12/site-packages/airflow/example_dags/example_skip_dag.py took 0.065 seconds
[2025-04-21T11:01:13.025+0000] {processor.py:186} INFO - Started process (PID=1120) to work on /home/airflow/.local/lib/python3.12/site-packages/airflow/example_dags/example_skip_dag.py
[2025-04-21T11:01:13.026+0000] {processor.py:914} INFO - Processing file /home/airflow/.local/lib/python3.12/site-packages/airflow/example_dags/example_skip_dag.py for tasks to queue
[2025-04-21T11:01:13.028+0000] {logging_mixin.py:190} INFO - [2025-04-21T11:01:13.028+0000] {dagbag.py:588} INFO - Filling up the DagBag from /home/airflow/.local/lib/python3.12/site-packages/airflow/example_dags/example_skip_dag.py
[2025-04-21T11:01:13.034+0000] {processor.py:925} INFO - DAG(s) 'example_skip_dag' retrieved from /home/airflow/.local/lib/python3.12/site-packages/airflow/example_dags/example_skip_dag.py
[2025-04-21T11:01:13.050+0000] {logging_mixin.py:190} INFO - [2025-04-21T11:01:13.050+0000] {dag.py:3239} INFO - Sync 1 DAGs
[2025-04-21T11:01:13.068+0000] {logging_mixin.py:190} INFO - [2025-04-21T11:01:13.067+0000] {dag.py:4180} INFO - Setting next_dagrun for example_skip_dag to 2025-04-20 00:00:00+00:00, run_after=2025-04-21 00:00:00+00:00
[2025-04-21T11:01:13.083+0000] {processor.py:208} INFO - Processing /home/airflow/.local/lib/python3.12/site-packages/airflow/example_dags/example_skip_dag.py took 0.063 seconds
[2025-04-21T11:01:43.423+0000] {processor.py:186} INFO - Started process (PID=1183) to work on /home/airflow/.local/lib/python3.12/site-packages/airflow/example_dags/example_skip_dag.py
[2025-04-21T11:01:43.423+0000] {processor.py:914} INFO - Processing file /home/airflow/.local/lib/python3.12/site-packages/airflow/example_dags/example_skip_dag.py for tasks to queue
[2025-04-21T11:01:43.425+0000] {logging_mixin.py:190} INFO - [2025-04-21T11:01:43.425+0000] {dagbag.py:588} INFO - Filling up the DagBag from /home/airflow/.local/lib/python3.12/site-packages/airflow/example_dags/example_skip_dag.py
[2025-04-21T11:01:43.432+0000] {processor.py:925} INFO - DAG(s) 'example_skip_dag' retrieved from /home/airflow/.local/lib/python3.12/site-packages/airflow/example_dags/example_skip_dag.py
[2025-04-21T11:01:43.449+0000] {logging_mixin.py:190} INFO - [2025-04-21T11:01:43.448+0000] {dag.py:3239} INFO - Sync 1 DAGs
[2025-04-21T11:01:43.467+0000] {logging_mixin.py:190} INFO - [2025-04-21T11:01:43.467+0000] {dag.py:4180} INFO - Setting next_dagrun for example_skip_dag to 2025-04-20 00:00:00+00:00, run_after=2025-04-21 00:00:00+00:00
[2025-04-21T11:01:43.481+0000] {processor.py:208} INFO - Processing /home/airflow/.local/lib/python3.12/site-packages/airflow/example_dags/example_skip_dag.py took 0.063 seconds
[2025-04-21T11:02:13.718+0000] {processor.py:186} INFO - Started process (PID=1246) to work on /home/airflow/.local/lib/python3.12/site-packages/airflow/example_dags/example_skip_dag.py
[2025-04-21T11:02:13.718+0000] {processor.py:914} INFO - Processing file /home/airflow/.local/lib/python3.12/site-packages/airflow/example_dags/example_skip_dag.py for tasks to queue
[2025-04-21T11:02:13.721+0000] {logging_mixin.py:190} INFO - [2025-04-21T11:02:13.720+0000] {dagbag.py:588} INFO - Filling up the DagBag from /home/airflow/.local/lib/python3.12/site-packages/airflow/example_dags/example_skip_dag.py
[2025-04-21T11:02:13.727+0000] {processor.py:925} INFO - DAG(s) 'example_skip_dag' retrieved from /home/airflow/.local/lib/python3.12/site-packages/airflow/example_dags/example_skip_dag.py
[2025-04-21T11:02:13.744+0000] {logging_mixin.py:190} INFO - [2025-04-21T11:02:13.744+0000] {dag.py:3239} INFO - Sync 1 DAGs
[2025-04-21T11:02:13.761+0000] {logging_mixin.py:190} INFO - [2025-04-21T11:02:13.761+0000] {dag.py:4180} INFO - Setting next_dagrun for example_skip_dag to 2025-04-20 00:00:00+00:00, run_after=2025-04-21 00:00:00+00:00
[2025-04-21T11:02:13.776+0000] {processor.py:208} INFO - Processing /home/airflow/.local/lib/python3.12/site-packages/airflow/example_dags/example_skip_dag.py took 0.062 seconds
[2025-04-21T11:02:44.132+0000] {processor.py:186} INFO - Started process (PID=1309) to work on /home/airflow/.local/lib/python3.12/site-packages/airflow/example_dags/example_skip_dag.py
[2025-04-21T11:02:44.133+0000] {processor.py:914} INFO - Processing file /home/airflow/.local/lib/python3.12/site-packages/airflow/example_dags/example_skip_dag.py for tasks to queue
[2025-04-21T11:02:44.135+0000] {logging_mixin.py:190} INFO - [2025-04-21T11:02:44.135+0000] {dagbag.py:588} INFO - Filling up the DagBag from /home/airflow/.local/lib/python3.12/site-packages/airflow/example_dags/example_skip_dag.py
[2025-04-21T11:02:44.142+0000] {processor.py:925} INFO - DAG(s) 'example_skip_dag' retrieved from /home/airflow/.local/lib/python3.12/site-packages/airflow/example_dags/example_skip_dag.py
[2025-04-21T11:02:44.160+0000] {logging_mixin.py:190} INFO - [2025-04-21T11:02:44.160+0000] {dag.py:3239} INFO - Sync 1 DAGs
[2025-04-21T11:02:44.179+0000] {logging_mixin.py:190} INFO - [2025-04-21T11:02:44.178+0000] {dag.py:4180} INFO - Setting next_dagrun for example_skip_dag to 2025-04-20 00:00:00+00:00, run_after=2025-04-21 00:00:00+00:00
[2025-04-21T11:02:44.193+0000] {processor.py:208} INFO - Processing /home/airflow/.local/lib/python3.12/site-packages/airflow/example_dags/example_skip_dag.py took 0.065 seconds
[2025-04-21T11:03:14.537+0000] {processor.py:186} INFO - Started process (PID=1372) to work on /home/airflow/.local/lib/python3.12/site-packages/airflow/example_dags/example_skip_dag.py
[2025-04-21T11:03:14.538+0000] {processor.py:914} INFO - Processing file /home/airflow/.local/lib/python3.12/site-packages/airflow/example_dags/example_skip_dag.py for tasks to queue
[2025-04-21T11:03:14.540+0000] {logging_mixin.py:190} INFO - [2025-04-21T11:03:14.539+0000] {dagbag.py:588} INFO - Filling up the DagBag from /home/airflow/.local/lib/python3.12/site-packages/airflow/example_dags/example_skip_dag.py
[2025-04-21T11:03:14.546+0000] {processor.py:925} INFO - DAG(s) 'example_skip_dag' retrieved from /home/airflow/.local/lib/python3.12/site-packages/airflow/example_dags/example_skip_dag.py
[2025-04-21T11:03:14.561+0000] {logging_mixin.py:190} INFO - [2025-04-21T11:03:14.561+0000] {dag.py:3239} INFO - Sync 1 DAGs
[2025-04-21T11:03:14.577+0000] {logging_mixin.py:190} INFO - [2025-04-21T11:03:14.577+0000] {dag.py:4180} INFO - Setting next_dagrun for example_skip_dag to 2025-04-20 00:00:00+00:00, run_after=2025-04-21 00:00:00+00:00
[2025-04-21T11:03:14.589+0000] {processor.py:208} INFO - Processing /home/airflow/.local/lib/python3.12/site-packages/airflow/example_dags/example_skip_dag.py took 0.055 seconds
[2025-04-21T11:03:45.540+0000] {processor.py:186} INFO - Started process (PID=1435) to work on /home/airflow/.local/lib/python3.12/site-packages/airflow/example_dags/example_skip_dag.py
[2025-04-21T11:03:45.542+0000] {processor.py:914} INFO - Processing file /home/airflow/.local/lib/python3.12/site-packages/airflow/example_dags/example_skip_dag.py for tasks to queue
[2025-04-21T11:03:45.544+0000] {logging_mixin.py:190} INFO - [2025-04-21T11:03:45.543+0000] {dagbag.py:588} INFO - Filling up the DagBag from /home/airflow/.local/lib/python3.12/site-packages/airflow/example_dags/example_skip_dag.py
[2025-04-21T11:03:45.553+0000] {processor.py:925} INFO - DAG(s) 'example_skip_dag' retrieved from /home/airflow/.local/lib/python3.12/site-packages/airflow/example_dags/example_skip_dag.py
[2025-04-21T11:03:45.572+0000] {logging_mixin.py:190} INFO - [2025-04-21T11:03:45.572+0000] {dag.py:3239} INFO - Sync 1 DAGs
[2025-04-21T11:03:45.589+0000] {logging_mixin.py:190} INFO - [2025-04-21T11:03:45.589+0000] {dag.py:4180} INFO - Setting next_dagrun for example_skip_dag to 2025-04-20 00:00:00+00:00, run_after=2025-04-21 00:00:00+00:00
[2025-04-21T11:03:45.605+0000] {processor.py:208} INFO - Processing /home/airflow/.local/lib/python3.12/site-packages/airflow/example_dags/example_skip_dag.py took 0.073 seconds
[2025-04-21T11:04:16.134+0000] {processor.py:186} INFO - Started process (PID=1498) to work on /home/airflow/.local/lib/python3.12/site-packages/airflow/example_dags/example_skip_dag.py
[2025-04-21T11:04:16.134+0000] {processor.py:914} INFO - Processing file /home/airflow/.local/lib/python3.12/site-packages/airflow/example_dags/example_skip_dag.py for tasks to queue
[2025-04-21T11:04:16.136+0000] {logging_mixin.py:190} INFO - [2025-04-21T11:04:16.136+0000] {dagbag.py:588} INFO - Filling up the DagBag from /home/airflow/.local/lib/python3.12/site-packages/airflow/example_dags/example_skip_dag.py
[2025-04-21T11:04:16.142+0000] {processor.py:925} INFO - DAG(s) 'example_skip_dag' retrieved from /home/airflow/.local/lib/python3.12/site-packages/airflow/example_dags/example_skip_dag.py
[2025-04-21T11:04:16.159+0000] {logging_mixin.py:190} INFO - [2025-04-21T11:04:16.159+0000] {dag.py:3239} INFO - Sync 1 DAGs
[2025-04-21T11:04:16.179+0000] {logging_mixin.py:190} INFO - [2025-04-21T11:04:16.179+0000] {dag.py:4180} INFO - Setting next_dagrun for example_skip_dag to 2025-04-20 00:00:00+00:00, run_after=2025-04-21 00:00:00+00:00
[2025-04-21T11:04:16.194+0000] {processor.py:208} INFO - Processing /home/airflow/.local/lib/python3.12/site-packages/airflow/example_dags/example_skip_dag.py took 0.065 seconds
[2025-04-21T11:04:46.922+0000] {processor.py:186} INFO - Started process (PID=1561) to work on /home/airflow/.local/lib/python3.12/site-packages/airflow/example_dags/example_skip_dag.py
[2025-04-21T11:04:46.922+0000] {processor.py:914} INFO - Processing file /home/airflow/.local/lib/python3.12/site-packages/airflow/example_dags/example_skip_dag.py for tasks to queue
[2025-04-21T11:04:46.924+0000] {logging_mixin.py:190} INFO - [2025-04-21T11:04:46.924+0000] {dagbag.py:588} INFO - Filling up the DagBag from /home/airflow/.local/lib/python3.12/site-packages/airflow/example_dags/example_skip_dag.py
[2025-04-21T11:04:46.930+0000] {processor.py:925} INFO - DAG(s) 'example_skip_dag' retrieved from /home/airflow/.local/lib/python3.12/site-packages/airflow/example_dags/example_skip_dag.py
[2025-04-21T11:04:46.945+0000] {logging_mixin.py:190} INFO - [2025-04-21T11:04:46.945+0000] {dag.py:3239} INFO - Sync 1 DAGs
[2025-04-21T11:04:46.965+0000] {logging_mixin.py:190} INFO - [2025-04-21T11:04:46.964+0000] {dag.py:4180} INFO - Setting next_dagrun for example_skip_dag to 2025-04-20 00:00:00+00:00, run_after=2025-04-21 00:00:00+00:00
[2025-04-21T11:04:46.978+0000] {processor.py:208} INFO - Processing /home/airflow/.local/lib/python3.12/site-packages/airflow/example_dags/example_skip_dag.py took 0.061 seconds
[2025-04-21T11:05:17.454+0000] {processor.py:186} INFO - Started process (PID=1624) to work on /home/airflow/.local/lib/python3.12/site-packages/airflow/example_dags/example_skip_dag.py
[2025-04-21T11:05:17.455+0000] {processor.py:914} INFO - Processing file /home/airflow/.local/lib/python3.12/site-packages/airflow/example_dags/example_skip_dag.py for tasks to queue
[2025-04-21T11:05:17.456+0000] {logging_mixin.py:190} INFO - [2025-04-21T11:05:17.456+0000] {dagbag.py:588} INFO - Filling up the DagBag from /home/airflow/.local/lib/python3.12/site-packages/airflow/example_dags/example_skip_dag.py
[2025-04-21T11:05:17.462+0000] {processor.py:925} INFO - DAG(s) 'example_skip_dag' retrieved from /home/airflow/.local/lib/python3.12/site-packages/airflow/example_dags/example_skip_dag.py
[2025-04-21T11:05:17.479+0000] {logging_mixin.py:190} INFO - [2025-04-21T11:05:17.479+0000] {dag.py:3239} INFO - Sync 1 DAGs
[2025-04-21T11:05:17.498+0000] {logging_mixin.py:190} INFO - [2025-04-21T11:05:17.497+0000] {dag.py:4180} INFO - Setting next_dagrun for example_skip_dag to 2025-04-20 00:00:00+00:00, run_after=2025-04-21 00:00:00+00:00
[2025-04-21T11:05:17.514+0000] {processor.py:208} INFO - Processing /home/airflow/.local/lib/python3.12/site-packages/airflow/example_dags/example_skip_dag.py took 0.065 seconds
[2025-04-21T11:05:48.111+0000] {processor.py:186} INFO - Started process (PID=1687) to work on /home/airflow/.local/lib/python3.12/site-packages/airflow/example_dags/example_skip_dag.py
[2025-04-21T11:05:48.112+0000] {processor.py:914} INFO - Processing file /home/airflow/.local/lib/python3.12/site-packages/airflow/example_dags/example_skip_dag.py for tasks to queue
[2025-04-21T11:05:48.114+0000] {logging_mixin.py:190} INFO - [2025-04-21T11:05:48.113+0000] {dagbag.py:588} INFO - Filling up the DagBag from /home/airflow/.local/lib/python3.12/site-packages/airflow/example_dags/example_skip_dag.py
[2025-04-21T11:05:48.119+0000] {processor.py:925} INFO - DAG(s) 'example_skip_dag' retrieved from /home/airflow/.local/lib/python3.12/site-packages/airflow/example_dags/example_skip_dag.py
[2025-04-21T11:05:48.134+0000] {logging_mixin.py:190} INFO - [2025-04-21T11:05:48.134+0000] {dag.py:3239} INFO - Sync 1 DAGs
[2025-04-21T11:05:48.152+0000] {logging_mixin.py:190} INFO - [2025-04-21T11:05:48.152+0000] {dag.py:4180} INFO - Setting next_dagrun for example_skip_dag to 2025-04-20 00:00:00+00:00, run_after=2025-04-21 00:00:00+00:00
[2025-04-21T11:05:48.169+0000] {processor.py:208} INFO - Processing /home/airflow/.local/lib/python3.12/site-packages/airflow/example_dags/example_skip_dag.py took 0.061 seconds
[2025-04-21T11:06:18.608+0000] {processor.py:186} INFO - Started process (PID=1750) to work on /home/airflow/.local/lib/python3.12/site-packages/airflow/example_dags/example_skip_dag.py
[2025-04-21T11:06:18.608+0000] {processor.py:914} INFO - Processing file /home/airflow/.local/lib/python3.12/site-packages/airflow/example_dags/example_skip_dag.py for tasks to queue
[2025-04-21T11:06:18.610+0000] {logging_mixin.py:190} INFO - [2025-04-21T11:06:18.610+0000] {dagbag.py:588} INFO - Filling up the DagBag from /home/airflow/.local/lib/python3.12/site-packages/airflow/example_dags/example_skip_dag.py
[2025-04-21T11:06:18.617+0000] {processor.py:925} INFO - DAG(s) 'example_skip_dag' retrieved from /home/airflow/.local/lib/python3.12/site-packages/airflow/example_dags/example_skip_dag.py
[2025-04-21T11:06:18.634+0000] {logging_mixin.py:190} INFO - [2025-04-21T11:06:18.634+0000] {dag.py:3239} INFO - Sync 1 DAGs
[2025-04-21T11:06:18.653+0000] {logging_mixin.py:190} INFO - [2025-04-21T11:06:18.653+0000] {dag.py:4180} INFO - Setting next_dagrun for example_skip_dag to 2025-04-20 00:00:00+00:00, run_after=2025-04-21 00:00:00+00:00
[2025-04-21T11:06:18.667+0000] {processor.py:208} INFO - Processing /home/airflow/.local/lib/python3.12/site-packages/airflow/example_dags/example_skip_dag.py took 0.064 seconds
[2025-04-21T11:06:49.120+0000] {processor.py:186} INFO - Started process (PID=1813) to work on /home/airflow/.local/lib/python3.12/site-packages/airflow/example_dags/example_skip_dag.py
[2025-04-21T11:06:49.120+0000] {processor.py:914} INFO - Processing file /home/airflow/.local/lib/python3.12/site-packages/airflow/example_dags/example_skip_dag.py for tasks to queue
[2025-04-21T11:06:49.123+0000] {logging_mixin.py:190} INFO - [2025-04-21T11:06:49.122+0000] {dagbag.py:588} INFO - Filling up the DagBag from /home/airflow/.local/lib/python3.12/site-packages/airflow/example_dags/example_skip_dag.py
[2025-04-21T11:06:49.129+0000] {processor.py:925} INFO - DAG(s) 'example_skip_dag' retrieved from /home/airflow/.local/lib/python3.12/site-packages/airflow/example_dags/example_skip_dag.py
[2025-04-21T11:06:49.145+0000] {logging_mixin.py:190} INFO - [2025-04-21T11:06:49.145+0000] {dag.py:3239} INFO - Sync 1 DAGs
[2025-04-21T11:06:49.165+0000] {logging_mixin.py:190} INFO - [2025-04-21T11:06:49.164+0000] {dag.py:4180} INFO - Setting next_dagrun for example_skip_dag to 2025-04-20 00:00:00+00:00, run_after=2025-04-21 00:00:00+00:00
[2025-04-21T11:06:49.180+0000] {processor.py:208} INFO - Processing /home/airflow/.local/lib/python3.12/site-packages/airflow/example_dags/example_skip_dag.py took 0.065 seconds
[2025-04-21T11:07:19.321+0000] {processor.py:186} INFO - Started process (PID=1876) to work on /home/airflow/.local/lib/python3.12/site-packages/airflow/example_dags/example_skip_dag.py
[2025-04-21T11:07:19.322+0000] {processor.py:914} INFO - Processing file /home/airflow/.local/lib/python3.12/site-packages/airflow/example_dags/example_skip_dag.py for tasks to queue
[2025-04-21T11:07:19.324+0000] {logging_mixin.py:190} INFO - [2025-04-21T11:07:19.324+0000] {dagbag.py:588} INFO - Filling up the DagBag from /home/airflow/.local/lib/python3.12/site-packages/airflow/example_dags/example_skip_dag.py
[2025-04-21T11:07:19.330+0000] {processor.py:925} INFO - DAG(s) 'example_skip_dag' retrieved from /home/airflow/.local/lib/python3.12/site-packages/airflow/example_dags/example_skip_dag.py
[2025-04-21T11:07:19.346+0000] {logging_mixin.py:190} INFO - [2025-04-21T11:07:19.346+0000] {dag.py:3239} INFO - Sync 1 DAGs
[2025-04-21T11:07:19.366+0000] {logging_mixin.py:190} INFO - [2025-04-21T11:07:19.366+0000] {dag.py:4180} INFO - Setting next_dagrun for example_skip_dag to 2025-04-20 00:00:00+00:00, run_after=2025-04-21 00:00:00+00:00
[2025-04-21T11:07:19.380+0000] {processor.py:208} INFO - Processing /home/airflow/.local/lib/python3.12/site-packages/airflow/example_dags/example_skip_dag.py took 0.063 seconds
[2025-04-21T11:07:49.443+0000] {processor.py:186} INFO - Started process (PID=1939) to work on /home/airflow/.local/lib/python3.12/site-packages/airflow/example_dags/example_skip_dag.py
[2025-04-21T11:07:49.443+0000] {processor.py:914} INFO - Processing file /home/airflow/.local/lib/python3.12/site-packages/airflow/example_dags/example_skip_dag.py for tasks to queue
[2025-04-21T11:07:49.445+0000] {logging_mixin.py:190} INFO - [2025-04-21T11:07:49.445+0000] {dagbag.py:588} INFO - Filling up the DagBag from /home/airflow/.local/lib/python3.12/site-packages/airflow/example_dags/example_skip_dag.py
[2025-04-21T11:07:49.451+0000] {processor.py:925} INFO - DAG(s) 'example_skip_dag' retrieved from /home/airflow/.local/lib/python3.12/site-packages/airflow/example_dags/example_skip_dag.py
[2025-04-21T11:07:49.467+0000] {logging_mixin.py:190} INFO - [2025-04-21T11:07:49.466+0000] {dag.py:3239} INFO - Sync 1 DAGs
[2025-04-21T11:07:49.484+0000] {logging_mixin.py:190} INFO - [2025-04-21T11:07:49.484+0000] {dag.py:4180} INFO - Setting next_dagrun for example_skip_dag to 2025-04-20 00:00:00+00:00, run_after=2025-04-21 00:00:00+00:00
[2025-04-21T11:07:49.499+0000] {processor.py:208} INFO - Processing /home/airflow/.local/lib/python3.12/site-packages/airflow/example_dags/example_skip_dag.py took 0.061 seconds
[2025-04-21T11:08:20.295+0000] {processor.py:186} INFO - Started process (PID=2002) to work on /home/airflow/.local/lib/python3.12/site-packages/airflow/example_dags/example_skip_dag.py
[2025-04-21T11:08:20.296+0000] {processor.py:914} INFO - Processing file /home/airflow/.local/lib/python3.12/site-packages/airflow/example_dags/example_skip_dag.py for tasks to queue
[2025-04-21T11:08:20.298+0000] {logging_mixin.py:190} INFO - [2025-04-21T11:08:20.298+0000] {dagbag.py:588} INFO - Filling up the DagBag from /home/airflow/.local/lib/python3.12/site-packages/airflow/example_dags/example_skip_dag.py
[2025-04-21T11:08:20.305+0000] {processor.py:925} INFO - DAG(s) 'example_skip_dag' retrieved from /home/airflow/.local/lib/python3.12/site-packages/airflow/example_dags/example_skip_dag.py
[2025-04-21T11:08:20.323+0000] {logging_mixin.py:190} INFO - [2025-04-21T11:08:20.323+0000] {dag.py:3239} INFO - Sync 1 DAGs
[2025-04-21T11:08:20.344+0000] {logging_mixin.py:190} INFO - [2025-04-21T11:08:20.344+0000] {dag.py:4180} INFO - Setting next_dagrun for example_skip_dag to 2025-04-20 00:00:00+00:00, run_after=2025-04-21 00:00:00+00:00
[2025-04-21T11:08:20.362+0000] {processor.py:208} INFO - Processing /home/airflow/.local/lib/python3.12/site-packages/airflow/example_dags/example_skip_dag.py took 0.072 seconds
[2025-04-21T11:08:50.875+0000] {processor.py:186} INFO - Started process (PID=2065) to work on /home/airflow/.local/lib/python3.12/site-packages/airflow/example_dags/example_skip_dag.py
[2025-04-21T11:08:50.876+0000] {processor.py:914} INFO - Processing file /home/airflow/.local/lib/python3.12/site-packages/airflow/example_dags/example_skip_dag.py for tasks to queue
[2025-04-21T11:08:50.878+0000] {logging_mixin.py:190} INFO - [2025-04-21T11:08:50.878+0000] {dagbag.py:588} INFO - Filling up the DagBag from /home/airflow/.local/lib/python3.12/site-packages/airflow/example_dags/example_skip_dag.py
[2025-04-21T11:08:50.885+0000] {processor.py:925} INFO - DAG(s) 'example_skip_dag' retrieved from /home/airflow/.local/lib/python3.12/site-packages/airflow/example_dags/example_skip_dag.py
[2025-04-21T11:08:50.901+0000] {logging_mixin.py:190} INFO - [2025-04-21T11:08:50.900+0000] {dag.py:3239} INFO - Sync 1 DAGs
[2025-04-21T11:08:50.918+0000] {logging_mixin.py:190} INFO - [2025-04-21T11:08:50.918+0000] {dag.py:4180} INFO - Setting next_dagrun for example_skip_dag to 2025-04-20 00:00:00+00:00, run_after=2025-04-21 00:00:00+00:00
[2025-04-21T11:08:50.932+0000] {processor.py:208} INFO - Processing /home/airflow/.local/lib/python3.12/site-packages/airflow/example_dags/example_skip_dag.py took 0.061 seconds
[2025-04-21T11:09:21.781+0000] {processor.py:186} INFO - Started process (PID=2128) to work on /home/airflow/.local/lib/python3.12/site-packages/airflow/example_dags/example_skip_dag.py
[2025-04-21T11:09:21.782+0000] {processor.py:914} INFO - Processing file /home/airflow/.local/lib/python3.12/site-packages/airflow/example_dags/example_skip_dag.py for tasks to queue
[2025-04-21T11:09:21.784+0000] {logging_mixin.py:190} INFO - [2025-04-21T11:09:21.784+0000] {dagbag.py:588} INFO - Filling up the DagBag from /home/airflow/.local/lib/python3.12/site-packages/airflow/example_dags/example_skip_dag.py
[2025-04-21T11:09:21.791+0000] {processor.py:925} INFO - DAG(s) 'example_skip_dag' retrieved from /home/airflow/.local/lib/python3.12/site-packages/airflow/example_dags/example_skip_dag.py
[2025-04-21T11:09:21.806+0000] {logging_mixin.py:190} INFO - [2025-04-21T11:09:21.806+0000] {dag.py:3239} INFO - Sync 1 DAGs
[2025-04-21T11:09:21.821+0000] {logging_mixin.py:190} INFO - [2025-04-21T11:09:21.821+0000] {dag.py:4180} INFO - Setting next_dagrun for example_skip_dag to 2025-04-20 00:00:00+00:00, run_after=2025-04-21 00:00:00+00:00
[2025-04-21T11:09:21.835+0000] {processor.py:208} INFO - Processing /home/airflow/.local/lib/python3.12/site-packages/airflow/example_dags/example_skip_dag.py took 0.058 seconds
[2025-04-21T11:09:52.641+0000] {processor.py:186} INFO - Started process (PID=2191) to work on /home/airflow/.local/lib/python3.12/site-packages/airflow/example_dags/example_skip_dag.py
[2025-04-21T11:09:52.641+0000] {processor.py:914} INFO - Processing file /home/airflow/.local/lib/python3.12/site-packages/airflow/example_dags/example_skip_dag.py for tasks to queue
[2025-04-21T11:09:52.644+0000] {logging_mixin.py:190} INFO - [2025-04-21T11:09:52.643+0000] {dagbag.py:588} INFO - Filling up the DagBag from /home/airflow/.local/lib/python3.12/site-packages/airflow/example_dags/example_skip_dag.py
[2025-04-21T11:09:52.649+0000] {processor.py:925} INFO - DAG(s) 'example_skip_dag' retrieved from /home/airflow/.local/lib/python3.12/site-packages/airflow/example_dags/example_skip_dag.py
[2025-04-21T11:09:52.666+0000] {logging_mixin.py:190} INFO - [2025-04-21T11:09:52.666+0000] {dag.py:3239} INFO - Sync 1 DAGs
[2025-04-21T11:09:52.682+0000] {logging_mixin.py:190} INFO - [2025-04-21T11:09:52.682+0000] {dag.py:4180} INFO - Setting next_dagrun for example_skip_dag to 2025-04-20 00:00:00+00:00, run_after=2025-04-21 00:00:00+00:00
[2025-04-21T11:09:52.698+0000] {processor.py:208} INFO - Processing /home/airflow/.local/lib/python3.12/site-packages/airflow/example_dags/example_skip_dag.py took 0.061 seconds
[2025-04-21T11:10:23.027+0000] {processor.py:186} INFO - Started process (PID=2254) to work on /home/airflow/.local/lib/python3.12/site-packages/airflow/example_dags/example_skip_dag.py
[2025-04-21T11:10:23.027+0000] {processor.py:914} INFO - Processing file /home/airflow/.local/lib/python3.12/site-packages/airflow/example_dags/example_skip_dag.py for tasks to queue
[2025-04-21T11:10:23.030+0000] {logging_mixin.py:190} INFO - [2025-04-21T11:10:23.029+0000] {dagbag.py:588} INFO - Filling up the DagBag from /home/airflow/.local/lib/python3.12/site-packages/airflow/example_dags/example_skip_dag.py
[2025-04-21T11:10:23.036+0000] {processor.py:925} INFO - DAG(s) 'example_skip_dag' retrieved from /home/airflow/.local/lib/python3.12/site-packages/airflow/example_dags/example_skip_dag.py
[2025-04-21T11:10:23.051+0000] {logging_mixin.py:190} INFO - [2025-04-21T11:10:23.051+0000] {dag.py:3239} INFO - Sync 1 DAGs
[2025-04-21T11:10:23.068+0000] {logging_mixin.py:190} INFO - [2025-04-21T11:10:23.068+0000] {dag.py:4180} INFO - Setting next_dagrun for example_skip_dag to 2025-04-20 00:00:00+00:00, run_after=2025-04-21 00:00:00+00:00
[2025-04-21T11:10:23.084+0000] {processor.py:208} INFO - Processing /home/airflow/.local/lib/python3.12/site-packages/airflow/example_dags/example_skip_dag.py took 0.061 seconds
[2025-04-21T11:10:53.711+0000] {processor.py:186} INFO - Started process (PID=2317) to work on /home/airflow/.local/lib/python3.12/site-packages/airflow/example_dags/example_skip_dag.py
[2025-04-21T11:10:53.712+0000] {processor.py:914} INFO - Processing file /home/airflow/.local/lib/python3.12/site-packages/airflow/example_dags/example_skip_dag.py for tasks to queue
[2025-04-21T11:10:53.714+0000] {logging_mixin.py:190} INFO - [2025-04-21T11:10:53.713+0000] {dagbag.py:588} INFO - Filling up the DagBag from /home/airflow/.local/lib/python3.12/site-packages/airflow/example_dags/example_skip_dag.py
[2025-04-21T11:10:53.719+0000] {processor.py:925} INFO - DAG(s) 'example_skip_dag' retrieved from /home/airflow/.local/lib/python3.12/site-packages/airflow/example_dags/example_skip_dag.py
[2025-04-21T11:10:53.735+0000] {logging_mixin.py:190} INFO - [2025-04-21T11:10:53.735+0000] {dag.py:3239} INFO - Sync 1 DAGs
[2025-04-21T11:10:53.752+0000] {logging_mixin.py:190} INFO - [2025-04-21T11:10:53.752+0000] {dag.py:4180} INFO - Setting next_dagrun for example_skip_dag to 2025-04-20 00:00:00+00:00, run_after=2025-04-21 00:00:00+00:00
[2025-04-21T11:10:53.766+0000] {processor.py:208} INFO - Processing /home/airflow/.local/lib/python3.12/site-packages/airflow/example_dags/example_skip_dag.py took 0.059 seconds
[2025-04-21T11:11:24.378+0000] {processor.py:186} INFO - Started process (PID=2380) to work on /home/airflow/.local/lib/python3.12/site-packages/airflow/example_dags/example_skip_dag.py
[2025-04-21T11:11:24.379+0000] {processor.py:914} INFO - Processing file /home/airflow/.local/lib/python3.12/site-packages/airflow/example_dags/example_skip_dag.py for tasks to queue
[2025-04-21T11:11:24.381+0000] {logging_mixin.py:190} INFO - [2025-04-21T11:11:24.381+0000] {dagbag.py:588} INFO - Filling up the DagBag from /home/airflow/.local/lib/python3.12/site-packages/airflow/example_dags/example_skip_dag.py
[2025-04-21T11:11:24.388+0000] {processor.py:925} INFO - DAG(s) 'example_skip_dag' retrieved from /home/airflow/.local/lib/python3.12/site-packages/airflow/example_dags/example_skip_dag.py
[2025-04-21T11:11:24.406+0000] {logging_mixin.py:190} INFO - [2025-04-21T11:11:24.406+0000] {dag.py:3239} INFO - Sync 1 DAGs
[2025-04-21T11:11:24.423+0000] {logging_mixin.py:190} INFO - [2025-04-21T11:11:24.423+0000] {dag.py:4180} INFO - Setting next_dagrun for example_skip_dag to 2025-04-20 00:00:00+00:00, run_after=2025-04-21 00:00:00+00:00
[2025-04-21T11:11:24.443+0000] {processor.py:208} INFO - Processing /home/airflow/.local/lib/python3.12/site-packages/airflow/example_dags/example_skip_dag.py took 0.071 seconds
[2025-04-21T11:11:55.014+0000] {processor.py:186} INFO - Started process (PID=2443) to work on /home/airflow/.local/lib/python3.12/site-packages/airflow/example_dags/example_skip_dag.py
[2025-04-21T11:11:55.015+0000] {processor.py:914} INFO - Processing file /home/airflow/.local/lib/python3.12/site-packages/airflow/example_dags/example_skip_dag.py for tasks to queue
[2025-04-21T11:11:55.016+0000] {logging_mixin.py:190} INFO - [2025-04-21T11:11:55.016+0000] {dagbag.py:588} INFO - Filling up the DagBag from /home/airflow/.local/lib/python3.12/site-packages/airflow/example_dags/example_skip_dag.py
[2025-04-21T11:11:55.022+0000] {processor.py:925} INFO - DAG(s) 'example_skip_dag' retrieved from /home/airflow/.local/lib/python3.12/site-packages/airflow/example_dags/example_skip_dag.py
[2025-04-21T11:11:55.040+0000] {logging_mixin.py:190} INFO - [2025-04-21T11:11:55.040+0000] {dag.py:3239} INFO - Sync 1 DAGs
[2025-04-21T11:11:55.059+0000] {logging_mixin.py:190} INFO - [2025-04-21T11:11:55.059+0000] {dag.py:4180} INFO - Setting next_dagrun for example_skip_dag to 2025-04-20 00:00:00+00:00, run_after=2025-04-21 00:00:00+00:00
[2025-04-21T11:11:55.078+0000] {processor.py:208} INFO - Processing /home/airflow/.local/lib/python3.12/site-packages/airflow/example_dags/example_skip_dag.py took 0.068 seconds
[2025-04-21T11:12:25.925+0000] {processor.py:186} INFO - Started process (PID=2506) to work on /home/airflow/.local/lib/python3.12/site-packages/airflow/example_dags/example_skip_dag.py
[2025-04-21T11:12:25.926+0000] {processor.py:914} INFO - Processing file /home/airflow/.local/lib/python3.12/site-packages/airflow/example_dags/example_skip_dag.py for tasks to queue
[2025-04-21T11:12:25.928+0000] {logging_mixin.py:190} INFO - [2025-04-21T11:12:25.928+0000] {dagbag.py:588} INFO - Filling up the DagBag from /home/airflow/.local/lib/python3.12/site-packages/airflow/example_dags/example_skip_dag.py
[2025-04-21T11:12:25.934+0000] {processor.py:925} INFO - DAG(s) 'example_skip_dag' retrieved from /home/airflow/.local/lib/python3.12/site-packages/airflow/example_dags/example_skip_dag.py
[2025-04-21T11:12:25.952+0000] {logging_mixin.py:190} INFO - [2025-04-21T11:12:25.952+0000] {dag.py:3239} INFO - Sync 1 DAGs
[2025-04-21T11:12:25.971+0000] {logging_mixin.py:190} INFO - [2025-04-21T11:12:25.971+0000] {dag.py:4180} INFO - Setting next_dagrun for example_skip_dag to 2025-04-20 00:00:00+00:00, run_after=2025-04-21 00:00:00+00:00
[2025-04-21T11:12:25.991+0000] {processor.py:208} INFO - Processing /home/airflow/.local/lib/python3.12/site-packages/airflow/example_dags/example_skip_dag.py took 0.070 seconds
[2025-04-21T11:12:56.095+0000] {processor.py:186} INFO - Started process (PID=2569) to work on /home/airflow/.local/lib/python3.12/site-packages/airflow/example_dags/example_skip_dag.py
[2025-04-21T11:12:56.096+0000] {processor.py:914} INFO - Processing file /home/airflow/.local/lib/python3.12/site-packages/airflow/example_dags/example_skip_dag.py for tasks to queue
[2025-04-21T11:12:56.098+0000] {logging_mixin.py:190} INFO - [2025-04-21T11:12:56.098+0000] {dagbag.py:588} INFO - Filling up the DagBag from /home/airflow/.local/lib/python3.12/site-packages/airflow/example_dags/example_skip_dag.py
[2025-04-21T11:12:56.105+0000] {processor.py:925} INFO - DAG(s) 'example_skip_dag' retrieved from /home/airflow/.local/lib/python3.12/site-packages/airflow/example_dags/example_skip_dag.py
[2025-04-21T11:12:56.125+0000] {logging_mixin.py:190} INFO - [2025-04-21T11:12:56.125+0000] {dag.py:3239} INFO - Sync 1 DAGs
[2025-04-21T11:12:56.144+0000] {logging_mixin.py:190} INFO - [2025-04-21T11:12:56.144+0000] {dag.py:4180} INFO - Setting next_dagrun for example_skip_dag to 2025-04-20 00:00:00+00:00, run_after=2025-04-21 00:00:00+00:00
[2025-04-21T11:12:56.163+0000] {processor.py:208} INFO - Processing /home/airflow/.local/lib/python3.12/site-packages/airflow/example_dags/example_skip_dag.py took 0.072 seconds
[2025-04-21T11:13:26.342+0000] {processor.py:186} INFO - Started process (PID=2632) to work on /home/airflow/.local/lib/python3.12/site-packages/airflow/example_dags/example_skip_dag.py
[2025-04-21T11:13:26.343+0000] {processor.py:914} INFO - Processing file /home/airflow/.local/lib/python3.12/site-packages/airflow/example_dags/example_skip_dag.py for tasks to queue
[2025-04-21T11:13:26.344+0000] {logging_mixin.py:190} INFO - [2025-04-21T11:13:26.344+0000] {dagbag.py:588} INFO - Filling up the DagBag from /home/airflow/.local/lib/python3.12/site-packages/airflow/example_dags/example_skip_dag.py
[2025-04-21T11:13:26.351+0000] {processor.py:925} INFO - DAG(s) 'example_skip_dag' retrieved from /home/airflow/.local/lib/python3.12/site-packages/airflow/example_dags/example_skip_dag.py
[2025-04-21T11:13:26.370+0000] {logging_mixin.py:190} INFO - [2025-04-21T11:13:26.370+0000] {dag.py:3239} INFO - Sync 1 DAGs
[2025-04-21T11:13:26.388+0000] {logging_mixin.py:190} INFO - [2025-04-21T11:13:26.388+0000] {dag.py:4180} INFO - Setting next_dagrun for example_skip_dag to 2025-04-20 00:00:00+00:00, run_after=2025-04-21 00:00:00+00:00
[2025-04-21T11:13:26.402+0000] {processor.py:208} INFO - Processing /home/airflow/.local/lib/python3.12/site-packages/airflow/example_dags/example_skip_dag.py took 0.064 seconds
[2025-04-21T11:13:56.627+0000] {processor.py:186} INFO - Started process (PID=2695) to work on /home/airflow/.local/lib/python3.12/site-packages/airflow/example_dags/example_skip_dag.py
[2025-04-21T11:13:56.628+0000] {processor.py:914} INFO - Processing file /home/airflow/.local/lib/python3.12/site-packages/airflow/example_dags/example_skip_dag.py for tasks to queue
[2025-04-21T11:13:56.631+0000] {logging_mixin.py:190} INFO - [2025-04-21T11:13:56.630+0000] {dagbag.py:588} INFO - Filling up the DagBag from /home/airflow/.local/lib/python3.12/site-packages/airflow/example_dags/example_skip_dag.py
[2025-04-21T11:13:56.638+0000] {processor.py:925} INFO - DAG(s) 'example_skip_dag' retrieved from /home/airflow/.local/lib/python3.12/site-packages/airflow/example_dags/example_skip_dag.py
[2025-04-21T11:13:56.656+0000] {logging_mixin.py:190} INFO - [2025-04-21T11:13:56.656+0000] {dag.py:3239} INFO - Sync 1 DAGs
[2025-04-21T11:13:56.674+0000] {logging_mixin.py:190} INFO - [2025-04-21T11:13:56.674+0000] {dag.py:4180} INFO - Setting next_dagrun for example_skip_dag to 2025-04-20 00:00:00+00:00, run_after=2025-04-21 00:00:00+00:00
[2025-04-21T11:13:56.688+0000] {processor.py:208} INFO - Processing /home/airflow/.local/lib/python3.12/site-packages/airflow/example_dags/example_skip_dag.py took 0.065 seconds
[2025-04-21T11:14:26.758+0000] {processor.py:186} INFO - Started process (PID=2758) to work on /home/airflow/.local/lib/python3.12/site-packages/airflow/example_dags/example_skip_dag.py
[2025-04-21T11:14:26.759+0000] {processor.py:914} INFO - Processing file /home/airflow/.local/lib/python3.12/site-packages/airflow/example_dags/example_skip_dag.py for tasks to queue
[2025-04-21T11:14:26.760+0000] {logging_mixin.py:190} INFO - [2025-04-21T11:14:26.760+0000] {dagbag.py:588} INFO - Filling up the DagBag from /home/airflow/.local/lib/python3.12/site-packages/airflow/example_dags/example_skip_dag.py
[2025-04-21T11:14:26.767+0000] {processor.py:925} INFO - DAG(s) 'example_skip_dag' retrieved from /home/airflow/.local/lib/python3.12/site-packages/airflow/example_dags/example_skip_dag.py
[2025-04-21T11:14:26.787+0000] {logging_mixin.py:190} INFO - [2025-04-21T11:14:26.787+0000] {dag.py:3239} INFO - Sync 1 DAGs
[2025-04-21T11:14:26.805+0000] {logging_mixin.py:190} INFO - [2025-04-21T11:14:26.805+0000] {dag.py:4180} INFO - Setting next_dagrun for example_skip_dag to 2025-04-20 00:00:00+00:00, run_after=2025-04-21 00:00:00+00:00
[2025-04-21T11:14:26.823+0000] {processor.py:208} INFO - Processing /home/airflow/.local/lib/python3.12/site-packages/airflow/example_dags/example_skip_dag.py took 0.070 seconds
[2025-04-21T11:14:57.033+0000] {processor.py:186} INFO - Started process (PID=2821) to work on /home/airflow/.local/lib/python3.12/site-packages/airflow/example_dags/example_skip_dag.py
[2025-04-21T11:14:57.034+0000] {processor.py:914} INFO - Processing file /home/airflow/.local/lib/python3.12/site-packages/airflow/example_dags/example_skip_dag.py for tasks to queue
[2025-04-21T11:14:57.036+0000] {logging_mixin.py:190} INFO - [2025-04-21T11:14:57.036+0000] {dagbag.py:588} INFO - Filling up the DagBag from /home/airflow/.local/lib/python3.12/site-packages/airflow/example_dags/example_skip_dag.py
[2025-04-21T11:14:57.042+0000] {processor.py:925} INFO - DAG(s) 'example_skip_dag' retrieved from /home/airflow/.local/lib/python3.12/site-packages/airflow/example_dags/example_skip_dag.py
[2025-04-21T11:14:57.060+0000] {logging_mixin.py:190} INFO - [2025-04-21T11:14:57.059+0000] {dag.py:3239} INFO - Sync 1 DAGs
[2025-04-21T11:14:57.078+0000] {logging_mixin.py:190} INFO - [2025-04-21T11:14:57.078+0000] {dag.py:4180} INFO - Setting next_dagrun for example_skip_dag to 2025-04-20 00:00:00+00:00, run_after=2025-04-21 00:00:00+00:00
[2025-04-21T11:14:57.095+0000] {processor.py:208} INFO - Processing /home/airflow/.local/lib/python3.12/site-packages/airflow/example_dags/example_skip_dag.py took 0.066 seconds
[2025-04-21T11:15:27.553+0000] {processor.py:186} INFO - Started process (PID=2884) to work on /home/airflow/.local/lib/python3.12/site-packages/airflow/example_dags/example_skip_dag.py
[2025-04-21T11:15:27.554+0000] {processor.py:914} INFO - Processing file /home/airflow/.local/lib/python3.12/site-packages/airflow/example_dags/example_skip_dag.py for tasks to queue
[2025-04-21T11:15:27.555+0000] {logging_mixin.py:190} INFO - [2025-04-21T11:15:27.555+0000] {dagbag.py:588} INFO - Filling up the DagBag from /home/airflow/.local/lib/python3.12/site-packages/airflow/example_dags/example_skip_dag.py
[2025-04-21T11:15:27.560+0000] {processor.py:925} INFO - DAG(s) 'example_skip_dag' retrieved from /home/airflow/.local/lib/python3.12/site-packages/airflow/example_dags/example_skip_dag.py
[2025-04-21T11:15:27.575+0000] {logging_mixin.py:190} INFO - [2025-04-21T11:15:27.575+0000] {dag.py:3239} INFO - Sync 1 DAGs
[2025-04-21T11:15:27.591+0000] {logging_mixin.py:190} INFO - [2025-04-21T11:15:27.591+0000] {dag.py:4180} INFO - Setting next_dagrun for example_skip_dag to 2025-04-20 00:00:00+00:00, run_after=2025-04-21 00:00:00+00:00
[2025-04-21T11:15:27.606+0000] {processor.py:208} INFO - Processing /home/airflow/.local/lib/python3.12/site-packages/airflow/example_dags/example_skip_dag.py took 0.057 seconds
[2025-04-21T11:15:58.071+0000] {processor.py:186} INFO - Started process (PID=2947) to work on /home/airflow/.local/lib/python3.12/site-packages/airflow/example_dags/example_skip_dag.py
[2025-04-21T11:15:58.071+0000] {processor.py:914} INFO - Processing file /home/airflow/.local/lib/python3.12/site-packages/airflow/example_dags/example_skip_dag.py for tasks to queue
[2025-04-21T11:15:58.073+0000] {logging_mixin.py:190} INFO - [2025-04-21T11:15:58.073+0000] {dagbag.py:588} INFO - Filling up the DagBag from /home/airflow/.local/lib/python3.12/site-packages/airflow/example_dags/example_skip_dag.py
[2025-04-21T11:15:58.079+0000] {processor.py:925} INFO - DAG(s) 'example_skip_dag' retrieved from /home/airflow/.local/lib/python3.12/site-packages/airflow/example_dags/example_skip_dag.py
[2025-04-21T11:15:58.096+0000] {logging_mixin.py:190} INFO - [2025-04-21T11:15:58.095+0000] {dag.py:3239} INFO - Sync 1 DAGs
[2025-04-21T11:15:58.113+0000] {logging_mixin.py:190} INFO - [2025-04-21T11:15:58.113+0000] {dag.py:4180} INFO - Setting next_dagrun for example_skip_dag to 2025-04-20 00:00:00+00:00, run_after=2025-04-21 00:00:00+00:00
[2025-04-21T11:15:58.128+0000] {processor.py:208} INFO - Processing /home/airflow/.local/lib/python3.12/site-packages/airflow/example_dags/example_skip_dag.py took 0.061 seconds
[2025-04-21T11:16:28.188+0000] {processor.py:186} INFO - Started process (PID=3009) to work on /home/airflow/.local/lib/python3.12/site-packages/airflow/example_dags/example_skip_dag.py
[2025-04-21T11:16:28.188+0000] {processor.py:914} INFO - Processing file /home/airflow/.local/lib/python3.12/site-packages/airflow/example_dags/example_skip_dag.py for tasks to queue
[2025-04-21T11:16:28.190+0000] {logging_mixin.py:190} INFO - [2025-04-21T11:16:28.190+0000] {dagbag.py:588} INFO - Filling up the DagBag from /home/airflow/.local/lib/python3.12/site-packages/airflow/example_dags/example_skip_dag.py
[2025-04-21T11:16:28.195+0000] {processor.py:925} INFO - DAG(s) 'example_skip_dag' retrieved from /home/airflow/.local/lib/python3.12/site-packages/airflow/example_dags/example_skip_dag.py
[2025-04-21T11:16:28.211+0000] {logging_mixin.py:190} INFO - [2025-04-21T11:16:28.211+0000] {dag.py:3239} INFO - Sync 1 DAGs
[2025-04-21T11:16:28.228+0000] {logging_mixin.py:190} INFO - [2025-04-21T11:16:28.227+0000] {dag.py:4180} INFO - Setting next_dagrun for example_skip_dag to 2025-04-20 00:00:00+00:00, run_after=2025-04-21 00:00:00+00:00
[2025-04-21T11:16:28.242+0000] {processor.py:208} INFO - Processing /home/airflow/.local/lib/python3.12/site-packages/airflow/example_dags/example_skip_dag.py took 0.059 seconds
[2025-04-21T11:16:58.381+0000] {processor.py:186} INFO - Started process (PID=3072) to work on /home/airflow/.local/lib/python3.12/site-packages/airflow/example_dags/example_skip_dag.py
[2025-04-21T11:16:58.382+0000] {processor.py:914} INFO - Processing file /home/airflow/.local/lib/python3.12/site-packages/airflow/example_dags/example_skip_dag.py for tasks to queue
[2025-04-21T11:16:58.384+0000] {logging_mixin.py:190} INFO - [2025-04-21T11:16:58.384+0000] {dagbag.py:588} INFO - Filling up the DagBag from /home/airflow/.local/lib/python3.12/site-packages/airflow/example_dags/example_skip_dag.py
[2025-04-21T11:16:58.390+0000] {processor.py:925} INFO - DAG(s) 'example_skip_dag' retrieved from /home/airflow/.local/lib/python3.12/site-packages/airflow/example_dags/example_skip_dag.py
[2025-04-21T11:16:58.407+0000] {logging_mixin.py:190} INFO - [2025-04-21T11:16:58.407+0000] {dag.py:3239} INFO - Sync 1 DAGs
[2025-04-21T11:16:58.425+0000] {logging_mixin.py:190} INFO - [2025-04-21T11:16:58.424+0000] {dag.py:4180} INFO - Setting next_dagrun for example_skip_dag to 2025-04-20 00:00:00+00:00, run_after=2025-04-21 00:00:00+00:00
[2025-04-21T11:16:58.442+0000] {processor.py:208} INFO - Processing /home/airflow/.local/lib/python3.12/site-packages/airflow/example_dags/example_skip_dag.py took 0.064 seconds
[2025-04-21T11:17:28.971+0000] {processor.py:186} INFO - Started process (PID=3135) to work on /home/airflow/.local/lib/python3.12/site-packages/airflow/example_dags/example_skip_dag.py
[2025-04-21T11:17:28.971+0000] {processor.py:914} INFO - Processing file /home/airflow/.local/lib/python3.12/site-packages/airflow/example_dags/example_skip_dag.py for tasks to queue
[2025-04-21T11:17:28.973+0000] {logging_mixin.py:190} INFO - [2025-04-21T11:17:28.973+0000] {dagbag.py:588} INFO - Filling up the DagBag from /home/airflow/.local/lib/python3.12/site-packages/airflow/example_dags/example_skip_dag.py
[2025-04-21T11:17:28.978+0000] {processor.py:925} INFO - DAG(s) 'example_skip_dag' retrieved from /home/airflow/.local/lib/python3.12/site-packages/airflow/example_dags/example_skip_dag.py
[2025-04-21T11:17:28.999+0000] {logging_mixin.py:190} INFO - [2025-04-21T11:17:28.998+0000] {dag.py:3239} INFO - Sync 1 DAGs
[2025-04-21T11:17:29.017+0000] {logging_mixin.py:190} INFO - [2025-04-21T11:17:29.017+0000] {dag.py:4180} INFO - Setting next_dagrun for example_skip_dag to 2025-04-20 00:00:00+00:00, run_after=2025-04-21 00:00:00+00:00
[2025-04-21T11:17:29.036+0000] {processor.py:208} INFO - Processing /home/airflow/.local/lib/python3.12/site-packages/airflow/example_dags/example_skip_dag.py took 0.069 seconds
[2025-04-21T11:17:59.652+0000] {processor.py:186} INFO - Started process (PID=3198) to work on /home/airflow/.local/lib/python3.12/site-packages/airflow/example_dags/example_skip_dag.py
[2025-04-21T11:17:59.653+0000] {processor.py:914} INFO - Processing file /home/airflow/.local/lib/python3.12/site-packages/airflow/example_dags/example_skip_dag.py for tasks to queue
[2025-04-21T11:17:59.655+0000] {logging_mixin.py:190} INFO - [2025-04-21T11:17:59.654+0000] {dagbag.py:588} INFO - Filling up the DagBag from /home/airflow/.local/lib/python3.12/site-packages/airflow/example_dags/example_skip_dag.py
[2025-04-21T11:17:59.660+0000] {processor.py:925} INFO - DAG(s) 'example_skip_dag' retrieved from /home/airflow/.local/lib/python3.12/site-packages/airflow/example_dags/example_skip_dag.py
[2025-04-21T11:17:59.678+0000] {logging_mixin.py:190} INFO - [2025-04-21T11:17:59.678+0000] {dag.py:3239} INFO - Sync 1 DAGs
[2025-04-21T11:17:59.696+0000] {logging_mixin.py:190} INFO - [2025-04-21T11:17:59.696+0000] {dag.py:4180} INFO - Setting next_dagrun for example_skip_dag to 2025-04-20 00:00:00+00:00, run_after=2025-04-21 00:00:00+00:00
[2025-04-21T11:17:59.713+0000] {processor.py:208} INFO - Processing /home/airflow/.local/lib/python3.12/site-packages/airflow/example_dags/example_skip_dag.py took 0.065 seconds
[2025-04-21T11:18:30.193+0000] {processor.py:186} INFO - Started process (PID=3261) to work on /home/airflow/.local/lib/python3.12/site-packages/airflow/example_dags/example_skip_dag.py
[2025-04-21T11:18:30.194+0000] {processor.py:914} INFO - Processing file /home/airflow/.local/lib/python3.12/site-packages/airflow/example_dags/example_skip_dag.py for tasks to queue
[2025-04-21T11:18:30.195+0000] {logging_mixin.py:190} INFO - [2025-04-21T11:18:30.195+0000] {dagbag.py:588} INFO - Filling up the DagBag from /home/airflow/.local/lib/python3.12/site-packages/airflow/example_dags/example_skip_dag.py
[2025-04-21T11:18:30.201+0000] {processor.py:925} INFO - DAG(s) 'example_skip_dag' retrieved from /home/airflow/.local/lib/python3.12/site-packages/airflow/example_dags/example_skip_dag.py
[2025-04-21T11:18:30.220+0000] {logging_mixin.py:190} INFO - [2025-04-21T11:18:30.220+0000] {dag.py:3239} INFO - Sync 1 DAGs
[2025-04-21T11:18:30.240+0000] {logging_mixin.py:190} INFO - [2025-04-21T11:18:30.240+0000] {dag.py:4180} INFO - Setting next_dagrun for example_skip_dag to 2025-04-20 00:00:00+00:00, run_after=2025-04-21 00:00:00+00:00
[2025-04-21T11:18:30.256+0000] {processor.py:208} INFO - Processing /home/airflow/.local/lib/python3.12/site-packages/airflow/example_dags/example_skip_dag.py took 0.068 seconds
[2025-04-21T11:19:00.698+0000] {processor.py:186} INFO - Started process (PID=3324) to work on /home/airflow/.local/lib/python3.12/site-packages/airflow/example_dags/example_skip_dag.py
[2025-04-21T11:19:00.699+0000] {processor.py:914} INFO - Processing file /home/airflow/.local/lib/python3.12/site-packages/airflow/example_dags/example_skip_dag.py for tasks to queue
[2025-04-21T11:19:00.703+0000] {logging_mixin.py:190} INFO - [2025-04-21T11:19:00.703+0000] {dagbag.py:588} INFO - Filling up the DagBag from /home/airflow/.local/lib/python3.12/site-packages/airflow/example_dags/example_skip_dag.py
[2025-04-21T11:19:00.711+0000] {processor.py:925} INFO - DAG(s) 'example_skip_dag' retrieved from /home/airflow/.local/lib/python3.12/site-packages/airflow/example_dags/example_skip_dag.py
[2025-04-21T11:19:00.728+0000] {logging_mixin.py:190} INFO - [2025-04-21T11:19:00.727+0000] {dag.py:3239} INFO - Sync 1 DAGs
[2025-04-21T11:19:00.746+0000] {logging_mixin.py:190} INFO - [2025-04-21T11:19:00.746+0000] {dag.py:4180} INFO - Setting next_dagrun for example_skip_dag to 2025-04-20 00:00:00+00:00, run_after=2025-04-21 00:00:00+00:00
[2025-04-21T11:19:00.764+0000] {processor.py:208} INFO - Processing /home/airflow/.local/lib/python3.12/site-packages/airflow/example_dags/example_skip_dag.py took 0.070 seconds
[2025-04-21T11:19:31.004+0000] {processor.py:186} INFO - Started process (PID=3387) to work on /home/airflow/.local/lib/python3.12/site-packages/airflow/example_dags/example_skip_dag.py
[2025-04-21T11:19:31.005+0000] {processor.py:914} INFO - Processing file /home/airflow/.local/lib/python3.12/site-packages/airflow/example_dags/example_skip_dag.py for tasks to queue
[2025-04-21T11:19:31.008+0000] {logging_mixin.py:190} INFO - [2025-04-21T11:19:31.007+0000] {dagbag.py:588} INFO - Filling up the DagBag from /home/airflow/.local/lib/python3.12/site-packages/airflow/example_dags/example_skip_dag.py
[2025-04-21T11:19:31.014+0000] {processor.py:925} INFO - DAG(s) 'example_skip_dag' retrieved from /home/airflow/.local/lib/python3.12/site-packages/airflow/example_dags/example_skip_dag.py
[2025-04-21T11:19:31.034+0000] {logging_mixin.py:190} INFO - [2025-04-21T11:19:31.034+0000] {dag.py:3239} INFO - Sync 1 DAGs
[2025-04-21T11:19:31.053+0000] {logging_mixin.py:190} INFO - [2025-04-21T11:19:31.053+0000] {dag.py:4180} INFO - Setting next_dagrun for example_skip_dag to 2025-04-20 00:00:00+00:00, run_after=2025-04-21 00:00:00+00:00
[2025-04-21T11:19:31.072+0000] {processor.py:208} INFO - Processing /home/airflow/.local/lib/python3.12/site-packages/airflow/example_dags/example_skip_dag.py took 0.072 seconds
[2025-04-21T11:20:01.431+0000] {processor.py:186} INFO - Started process (PID=3450) to work on /home/airflow/.local/lib/python3.12/site-packages/airflow/example_dags/example_skip_dag.py
[2025-04-21T11:20:01.432+0000] {processor.py:914} INFO - Processing file /home/airflow/.local/lib/python3.12/site-packages/airflow/example_dags/example_skip_dag.py for tasks to queue
[2025-04-21T11:20:01.434+0000] {logging_mixin.py:190} INFO - [2025-04-21T11:20:01.434+0000] {dagbag.py:588} INFO - Filling up the DagBag from /home/airflow/.local/lib/python3.12/site-packages/airflow/example_dags/example_skip_dag.py
[2025-04-21T11:20:01.440+0000] {processor.py:925} INFO - DAG(s) 'example_skip_dag' retrieved from /home/airflow/.local/lib/python3.12/site-packages/airflow/example_dags/example_skip_dag.py
[2025-04-21T11:20:01.458+0000] {logging_mixin.py:190} INFO - [2025-04-21T11:20:01.458+0000] {dag.py:3239} INFO - Sync 1 DAGs
[2025-04-21T11:20:01.476+0000] {logging_mixin.py:190} INFO - [2025-04-21T11:20:01.476+0000] {dag.py:4180} INFO - Setting next_dagrun for example_skip_dag to 2025-04-20 00:00:00+00:00, run_after=2025-04-21 00:00:00+00:00
[2025-04-21T11:20:01.495+0000] {processor.py:208} INFO - Processing /home/airflow/.local/lib/python3.12/site-packages/airflow/example_dags/example_skip_dag.py took 0.069 seconds
[2025-04-21T11:20:31.607+0000] {processor.py:186} INFO - Started process (PID=3513) to work on /home/airflow/.local/lib/python3.12/site-packages/airflow/example_dags/example_skip_dag.py
[2025-04-21T11:20:31.608+0000] {processor.py:914} INFO - Processing file /home/airflow/.local/lib/python3.12/site-packages/airflow/example_dags/example_skip_dag.py for tasks to queue
[2025-04-21T11:20:31.614+0000] {logging_mixin.py:190} INFO - [2025-04-21T11:20:31.614+0000] {dagbag.py:588} INFO - Filling up the DagBag from /home/airflow/.local/lib/python3.12/site-packages/airflow/example_dags/example_skip_dag.py
[2025-04-21T11:20:31.621+0000] {processor.py:925} INFO - DAG(s) 'example_skip_dag' retrieved from /home/airflow/.local/lib/python3.12/site-packages/airflow/example_dags/example_skip_dag.py
[2025-04-21T11:20:31.637+0000] {logging_mixin.py:190} INFO - [2025-04-21T11:20:31.637+0000] {dag.py:3239} INFO - Sync 1 DAGs
[2025-04-21T11:20:31.657+0000] {logging_mixin.py:190} INFO - [2025-04-21T11:20:31.656+0000] {dag.py:4180} INFO - Setting next_dagrun for example_skip_dag to 2025-04-20 00:00:00+00:00, run_after=2025-04-21 00:00:00+00:00
[2025-04-21T11:20:31.674+0000] {processor.py:208} INFO - Processing /home/airflow/.local/lib/python3.12/site-packages/airflow/example_dags/example_skip_dag.py took 0.071 seconds
[2025-04-21T11:21:02.259+0000] {processor.py:186} INFO - Started process (PID=3576) to work on /home/airflow/.local/lib/python3.12/site-packages/airflow/example_dags/example_skip_dag.py
[2025-04-21T11:21:02.260+0000] {processor.py:914} INFO - Processing file /home/airflow/.local/lib/python3.12/site-packages/airflow/example_dags/example_skip_dag.py for tasks to queue
[2025-04-21T11:21:02.261+0000] {logging_mixin.py:190} INFO - [2025-04-21T11:21:02.261+0000] {dagbag.py:588} INFO - Filling up the DagBag from /home/airflow/.local/lib/python3.12/site-packages/airflow/example_dags/example_skip_dag.py
[2025-04-21T11:21:02.268+0000] {processor.py:925} INFO - DAG(s) 'example_skip_dag' retrieved from /home/airflow/.local/lib/python3.12/site-packages/airflow/example_dags/example_skip_dag.py
[2025-04-21T11:21:02.286+0000] {logging_mixin.py:190} INFO - [2025-04-21T11:21:02.286+0000] {dag.py:3239} INFO - Sync 1 DAGs
[2025-04-21T11:21:02.304+0000] {logging_mixin.py:190} INFO - [2025-04-21T11:21:02.304+0000] {dag.py:4180} INFO - Setting next_dagrun for example_skip_dag to 2025-04-20 00:00:00+00:00, run_after=2025-04-21 00:00:00+00:00
[2025-04-21T11:21:02.320+0000] {processor.py:208} INFO - Processing /home/airflow/.local/lib/python3.12/site-packages/airflow/example_dags/example_skip_dag.py took 0.066 seconds
[2025-04-21T11:21:32.531+0000] {processor.py:186} INFO - Started process (PID=3639) to work on /home/airflow/.local/lib/python3.12/site-packages/airflow/example_dags/example_skip_dag.py
[2025-04-21T11:21:32.532+0000] {processor.py:914} INFO - Processing file /home/airflow/.local/lib/python3.12/site-packages/airflow/example_dags/example_skip_dag.py for tasks to queue
[2025-04-21T11:21:32.534+0000] {logging_mixin.py:190} INFO - [2025-04-21T11:21:32.533+0000] {dagbag.py:588} INFO - Filling up the DagBag from /home/airflow/.local/lib/python3.12/site-packages/airflow/example_dags/example_skip_dag.py
[2025-04-21T11:21:32.539+0000] {processor.py:925} INFO - DAG(s) 'example_skip_dag' retrieved from /home/airflow/.local/lib/python3.12/site-packages/airflow/example_dags/example_skip_dag.py
[2025-04-21T11:21:32.555+0000] {logging_mixin.py:190} INFO - [2025-04-21T11:21:32.555+0000] {dag.py:3239} INFO - Sync 1 DAGs
[2025-04-21T11:21:32.572+0000] {logging_mixin.py:190} INFO - [2025-04-21T11:21:32.572+0000] {dag.py:4180} INFO - Setting next_dagrun for example_skip_dag to 2025-04-20 00:00:00+00:00, run_after=2025-04-21 00:00:00+00:00
[2025-04-21T11:21:32.590+0000] {processor.py:208} INFO - Processing /home/airflow/.local/lib/python3.12/site-packages/airflow/example_dags/example_skip_dag.py took 0.063 seconds
[2025-04-21T11:22:03.022+0000] {processor.py:186} INFO - Started process (PID=3702) to work on /home/airflow/.local/lib/python3.12/site-packages/airflow/example_dags/example_skip_dag.py
[2025-04-21T11:22:03.022+0000] {processor.py:914} INFO - Processing file /home/airflow/.local/lib/python3.12/site-packages/airflow/example_dags/example_skip_dag.py for tasks to queue
[2025-04-21T11:22:03.024+0000] {logging_mixin.py:190} INFO - [2025-04-21T11:22:03.024+0000] {dagbag.py:588} INFO - Filling up the DagBag from /home/airflow/.local/lib/python3.12/site-packages/airflow/example_dags/example_skip_dag.py
[2025-04-21T11:22:03.030+0000] {processor.py:925} INFO - DAG(s) 'example_skip_dag' retrieved from /home/airflow/.local/lib/python3.12/site-packages/airflow/example_dags/example_skip_dag.py
[2025-04-21T11:22:03.046+0000] {logging_mixin.py:190} INFO - [2025-04-21T11:22:03.046+0000] {dag.py:3239} INFO - Sync 1 DAGs
[2025-04-21T11:22:03.065+0000] {logging_mixin.py:190} INFO - [2025-04-21T11:22:03.064+0000] {dag.py:4180} INFO - Setting next_dagrun for example_skip_dag to 2025-04-20 00:00:00+00:00, run_after=2025-04-21 00:00:00+00:00
[2025-04-21T11:22:03.081+0000] {processor.py:208} INFO - Processing /home/airflow/.local/lib/python3.12/site-packages/airflow/example_dags/example_skip_dag.py took 0.063 seconds
[2025-04-21T11:22:33.302+0000] {processor.py:186} INFO - Started process (PID=3765) to work on /home/airflow/.local/lib/python3.12/site-packages/airflow/example_dags/example_skip_dag.py
[2025-04-21T11:22:33.302+0000] {processor.py:914} INFO - Processing file /home/airflow/.local/lib/python3.12/site-packages/airflow/example_dags/example_skip_dag.py for tasks to queue
[2025-04-21T11:22:33.306+0000] {logging_mixin.py:190} INFO - [2025-04-21T11:22:33.306+0000] {dagbag.py:588} INFO - Filling up the DagBag from /home/airflow/.local/lib/python3.12/site-packages/airflow/example_dags/example_skip_dag.py
[2025-04-21T11:22:33.312+0000] {processor.py:925} INFO - DAG(s) 'example_skip_dag' retrieved from /home/airflow/.local/lib/python3.12/site-packages/airflow/example_dags/example_skip_dag.py
[2025-04-21T11:22:33.330+0000] {logging_mixin.py:190} INFO - [2025-04-21T11:22:33.330+0000] {dag.py:3239} INFO - Sync 1 DAGs
[2025-04-21T11:22:33.347+0000] {logging_mixin.py:190} INFO - [2025-04-21T11:22:33.347+0000] {dag.py:4180} INFO - Setting next_dagrun for example_skip_dag to 2025-04-20 00:00:00+00:00, run_after=2025-04-21 00:00:00+00:00
[2025-04-21T11:22:33.363+0000] {processor.py:208} INFO - Processing /home/airflow/.local/lib/python3.12/site-packages/airflow/example_dags/example_skip_dag.py took 0.065 seconds
[2025-04-21T11:23:03.813+0000] {processor.py:186} INFO - Started process (PID=3828) to work on /home/airflow/.local/lib/python3.12/site-packages/airflow/example_dags/example_skip_dag.py
[2025-04-21T11:23:03.814+0000] {processor.py:914} INFO - Processing file /home/airflow/.local/lib/python3.12/site-packages/airflow/example_dags/example_skip_dag.py for tasks to queue
[2025-04-21T11:23:03.816+0000] {logging_mixin.py:190} INFO - [2025-04-21T11:23:03.815+0000] {dagbag.py:588} INFO - Filling up the DagBag from /home/airflow/.local/lib/python3.12/site-packages/airflow/example_dags/example_skip_dag.py
[2025-04-21T11:23:03.822+0000] {processor.py:925} INFO - DAG(s) 'example_skip_dag' retrieved from /home/airflow/.local/lib/python3.12/site-packages/airflow/example_dags/example_skip_dag.py
[2025-04-21T11:23:03.841+0000] {logging_mixin.py:190} INFO - [2025-04-21T11:23:03.840+0000] {dag.py:3239} INFO - Sync 1 DAGs
[2025-04-21T11:23:03.862+0000] {logging_mixin.py:190} INFO - [2025-04-21T11:23:03.862+0000] {dag.py:4180} INFO - Setting next_dagrun for example_skip_dag to 2025-04-20 00:00:00+00:00, run_after=2025-04-21 00:00:00+00:00
[2025-04-21T11:23:03.885+0000] {processor.py:208} INFO - Processing /home/airflow/.local/lib/python3.12/site-packages/airflow/example_dags/example_skip_dag.py took 0.076 seconds
[2025-04-21T11:23:37.203+0000] {processor.py:186} INFO - Started process (PID=3896) to work on /home/airflow/.local/lib/python3.12/site-packages/airflow/example_dags/example_skip_dag.py
[2025-04-21T11:23:37.204+0000] {processor.py:914} INFO - Processing file /home/airflow/.local/lib/python3.12/site-packages/airflow/example_dags/example_skip_dag.py for tasks to queue
[2025-04-21T11:23:37.207+0000] {logging_mixin.py:190} INFO - [2025-04-21T11:23:37.206+0000] {dagbag.py:588} INFO - Filling up the DagBag from /home/airflow/.local/lib/python3.12/site-packages/airflow/example_dags/example_skip_dag.py
[2025-04-21T11:23:37.369+0000] {processor.py:925} INFO - DAG(s) 'example_skip_dag' retrieved from /home/airflow/.local/lib/python3.12/site-packages/airflow/example_dags/example_skip_dag.py
[2025-04-21T11:23:37.388+0000] {logging_mixin.py:190} INFO - [2025-04-21T11:23:37.388+0000] {dag.py:3239} INFO - Sync 1 DAGs
[2025-04-21T11:23:37.406+0000] {logging_mixin.py:190} INFO - [2025-04-21T11:23:37.405+0000] {dag.py:4180} INFO - Setting next_dagrun for example_skip_dag to 2025-04-20 00:00:00+00:00, run_after=2025-04-21 00:00:00+00:00
[2025-04-21T11:23:37.424+0000] {processor.py:208} INFO - Processing /home/airflow/.local/lib/python3.12/site-packages/airflow/example_dags/example_skip_dag.py took 0.225 seconds
[2025-04-21T11:24:07.794+0000] {processor.py:186} INFO - Started process (PID=3959) to work on /home/airflow/.local/lib/python3.12/site-packages/airflow/example_dags/example_skip_dag.py
[2025-04-21T11:24:07.795+0000] {processor.py:914} INFO - Processing file /home/airflow/.local/lib/python3.12/site-packages/airflow/example_dags/example_skip_dag.py for tasks to queue
[2025-04-21T11:24:07.798+0000] {logging_mixin.py:190} INFO - [2025-04-21T11:24:07.797+0000] {dagbag.py:588} INFO - Filling up the DagBag from /home/airflow/.local/lib/python3.12/site-packages/airflow/example_dags/example_skip_dag.py
[2025-04-21T11:24:07.806+0000] {processor.py:925} INFO - DAG(s) 'example_skip_dag' retrieved from /home/airflow/.local/lib/python3.12/site-packages/airflow/example_dags/example_skip_dag.py
[2025-04-21T11:24:07.827+0000] {logging_mixin.py:190} INFO - [2025-04-21T11:24:07.827+0000] {dag.py:3239} INFO - Sync 1 DAGs
[2025-04-21T11:24:07.850+0000] {logging_mixin.py:190} INFO - [2025-04-21T11:24:07.850+0000] {dag.py:4180} INFO - Setting next_dagrun for example_skip_dag to 2025-04-20 00:00:00+00:00, run_after=2025-04-21 00:00:00+00:00
[2025-04-21T11:24:07.873+0000] {processor.py:208} INFO - Processing /home/airflow/.local/lib/python3.12/site-packages/airflow/example_dags/example_skip_dag.py took 0.084 seconds
[2025-04-21T11:24:38.462+0000] {processor.py:186} INFO - Started process (PID=4022) to work on /home/airflow/.local/lib/python3.12/site-packages/airflow/example_dags/example_skip_dag.py
[2025-04-21T11:24:38.462+0000] {processor.py:914} INFO - Processing file /home/airflow/.local/lib/python3.12/site-packages/airflow/example_dags/example_skip_dag.py for tasks to queue
[2025-04-21T11:24:38.465+0000] {logging_mixin.py:190} INFO - [2025-04-21T11:24:38.464+0000] {dagbag.py:588} INFO - Filling up the DagBag from /home/airflow/.local/lib/python3.12/site-packages/airflow/example_dags/example_skip_dag.py
[2025-04-21T11:24:38.470+0000] {processor.py:925} INFO - DAG(s) 'example_skip_dag' retrieved from /home/airflow/.local/lib/python3.12/site-packages/airflow/example_dags/example_skip_dag.py
[2025-04-21T11:24:38.486+0000] {logging_mixin.py:190} INFO - [2025-04-21T11:24:38.486+0000] {dag.py:3239} INFO - Sync 1 DAGs
[2025-04-21T11:24:38.503+0000] {logging_mixin.py:190} INFO - [2025-04-21T11:24:38.503+0000] {dag.py:4180} INFO - Setting next_dagrun for example_skip_dag to 2025-04-20 00:00:00+00:00, run_after=2025-04-21 00:00:00+00:00
[2025-04-21T11:24:38.518+0000] {processor.py:208} INFO - Processing /home/airflow/.local/lib/python3.12/site-packages/airflow/example_dags/example_skip_dag.py took 0.060 seconds
[2025-04-21T11:25:08.807+0000] {processor.py:186} INFO - Started process (PID=4085) to work on /home/airflow/.local/lib/python3.12/site-packages/airflow/example_dags/example_skip_dag.py
[2025-04-21T11:25:08.808+0000] {processor.py:914} INFO - Processing file /home/airflow/.local/lib/python3.12/site-packages/airflow/example_dags/example_skip_dag.py for tasks to queue
[2025-04-21T11:25:08.809+0000] {logging_mixin.py:190} INFO - [2025-04-21T11:25:08.809+0000] {dagbag.py:588} INFO - Filling up the DagBag from /home/airflow/.local/lib/python3.12/site-packages/airflow/example_dags/example_skip_dag.py
[2025-04-21T11:25:08.816+0000] {processor.py:925} INFO - DAG(s) 'example_skip_dag' retrieved from /home/airflow/.local/lib/python3.12/site-packages/airflow/example_dags/example_skip_dag.py
[2025-04-21T11:25:08.832+0000] {logging_mixin.py:190} INFO - [2025-04-21T11:25:08.832+0000] {dag.py:3239} INFO - Sync 1 DAGs
[2025-04-21T11:25:08.851+0000] {logging_mixin.py:190} INFO - [2025-04-21T11:25:08.851+0000] {dag.py:4180} INFO - Setting next_dagrun for example_skip_dag to 2025-04-20 00:00:00+00:00, run_after=2025-04-21 00:00:00+00:00
[2025-04-21T11:25:08.866+0000] {processor.py:208} INFO - Processing /home/airflow/.local/lib/python3.12/site-packages/airflow/example_dags/example_skip_dag.py took 0.063 seconds
[2025-04-21T11:25:39.572+0000] {processor.py:186} INFO - Started process (PID=4148) to work on /home/airflow/.local/lib/python3.12/site-packages/airflow/example_dags/example_skip_dag.py
[2025-04-21T11:25:39.573+0000] {processor.py:914} INFO - Processing file /home/airflow/.local/lib/python3.12/site-packages/airflow/example_dags/example_skip_dag.py for tasks to queue
[2025-04-21T11:25:39.575+0000] {logging_mixin.py:190} INFO - [2025-04-21T11:25:39.575+0000] {dagbag.py:588} INFO - Filling up the DagBag from /home/airflow/.local/lib/python3.12/site-packages/airflow/example_dags/example_skip_dag.py
[2025-04-21T11:25:39.581+0000] {processor.py:925} INFO - DAG(s) 'example_skip_dag' retrieved from /home/airflow/.local/lib/python3.12/site-packages/airflow/example_dags/example_skip_dag.py
[2025-04-21T11:25:39.598+0000] {logging_mixin.py:190} INFO - [2025-04-21T11:25:39.597+0000] {dag.py:3239} INFO - Sync 1 DAGs
[2025-04-21T11:25:39.614+0000] {logging_mixin.py:190} INFO - [2025-04-21T11:25:39.614+0000] {dag.py:4180} INFO - Setting next_dagrun for example_skip_dag to 2025-04-20 00:00:00+00:00, run_after=2025-04-21 00:00:00+00:00
[2025-04-21T11:25:39.629+0000] {processor.py:208} INFO - Processing /home/airflow/.local/lib/python3.12/site-packages/airflow/example_dags/example_skip_dag.py took 0.061 seconds
[2025-04-21T11:26:10.259+0000] {processor.py:186} INFO - Started process (PID=4211) to work on /home/airflow/.local/lib/python3.12/site-packages/airflow/example_dags/example_skip_dag.py
[2025-04-21T11:26:10.260+0000] {processor.py:914} INFO - Processing file /home/airflow/.local/lib/python3.12/site-packages/airflow/example_dags/example_skip_dag.py for tasks to queue
[2025-04-21T11:26:10.262+0000] {logging_mixin.py:190} INFO - [2025-04-21T11:26:10.262+0000] {dagbag.py:588} INFO - Filling up the DagBag from /home/airflow/.local/lib/python3.12/site-packages/airflow/example_dags/example_skip_dag.py
[2025-04-21T11:26:10.268+0000] {processor.py:925} INFO - DAG(s) 'example_skip_dag' retrieved from /home/airflow/.local/lib/python3.12/site-packages/airflow/example_dags/example_skip_dag.py
[2025-04-21T11:26:10.284+0000] {logging_mixin.py:190} INFO - [2025-04-21T11:26:10.284+0000] {dag.py:3239} INFO - Sync 1 DAGs
[2025-04-21T11:26:10.302+0000] {logging_mixin.py:190} INFO - [2025-04-21T11:26:10.302+0000] {dag.py:4180} INFO - Setting next_dagrun for example_skip_dag to 2025-04-20 00:00:00+00:00, run_after=2025-04-21 00:00:00+00:00
[2025-04-21T11:26:10.317+0000] {processor.py:208} INFO - Processing /home/airflow/.local/lib/python3.12/site-packages/airflow/example_dags/example_skip_dag.py took 0.061 seconds
[2025-04-21T11:26:41.095+0000] {processor.py:186} INFO - Started process (PID=4274) to work on /home/airflow/.local/lib/python3.12/site-packages/airflow/example_dags/example_skip_dag.py
[2025-04-21T11:26:41.096+0000] {processor.py:914} INFO - Processing file /home/airflow/.local/lib/python3.12/site-packages/airflow/example_dags/example_skip_dag.py for tasks to queue
[2025-04-21T11:26:41.098+0000] {logging_mixin.py:190} INFO - [2025-04-21T11:26:41.098+0000] {dagbag.py:588} INFO - Filling up the DagBag from /home/airflow/.local/lib/python3.12/site-packages/airflow/example_dags/example_skip_dag.py
[2025-04-21T11:26:41.104+0000] {processor.py:925} INFO - DAG(s) 'example_skip_dag' retrieved from /home/airflow/.local/lib/python3.12/site-packages/airflow/example_dags/example_skip_dag.py
[2025-04-21T11:26:41.120+0000] {logging_mixin.py:190} INFO - [2025-04-21T11:26:41.120+0000] {dag.py:3239} INFO - Sync 1 DAGs
[2025-04-21T11:26:41.140+0000] {logging_mixin.py:190} INFO - [2025-04-21T11:26:41.140+0000] {dag.py:4180} INFO - Setting next_dagrun for example_skip_dag to 2025-04-20 00:00:00+00:00, run_after=2025-04-21 00:00:00+00:00
[2025-04-21T11:26:41.159+0000] {processor.py:208} INFO - Processing /home/airflow/.local/lib/python3.12/site-packages/airflow/example_dags/example_skip_dag.py took 0.069 seconds
[2025-04-21T11:27:12.112+0000] {processor.py:186} INFO - Started process (PID=4337) to work on /home/airflow/.local/lib/python3.12/site-packages/airflow/example_dags/example_skip_dag.py
[2025-04-21T11:27:12.113+0000] {processor.py:914} INFO - Processing file /home/airflow/.local/lib/python3.12/site-packages/airflow/example_dags/example_skip_dag.py for tasks to queue
[2025-04-21T11:27:12.115+0000] {logging_mixin.py:190} INFO - [2025-04-21T11:27:12.115+0000] {dagbag.py:588} INFO - Filling up the DagBag from /home/airflow/.local/lib/python3.12/site-packages/airflow/example_dags/example_skip_dag.py
[2025-04-21T11:27:12.121+0000] {processor.py:925} INFO - DAG(s) 'example_skip_dag' retrieved from /home/airflow/.local/lib/python3.12/site-packages/airflow/example_dags/example_skip_dag.py
[2025-04-21T11:27:12.137+0000] {logging_mixin.py:190} INFO - [2025-04-21T11:27:12.137+0000] {dag.py:3239} INFO - Sync 1 DAGs
[2025-04-21T11:27:12.154+0000] {logging_mixin.py:190} INFO - [2025-04-21T11:27:12.154+0000] {dag.py:4180} INFO - Setting next_dagrun for example_skip_dag to 2025-04-20 00:00:00+00:00, run_after=2025-04-21 00:00:00+00:00
[2025-04-21T11:27:12.170+0000] {processor.py:208} INFO - Processing /home/airflow/.local/lib/python3.12/site-packages/airflow/example_dags/example_skip_dag.py took 0.061 seconds
[2025-04-21T11:27:42.705+0000] {processor.py:186} INFO - Started process (PID=4400) to work on /home/airflow/.local/lib/python3.12/site-packages/airflow/example_dags/example_skip_dag.py
[2025-04-21T11:27:42.706+0000] {processor.py:914} INFO - Processing file /home/airflow/.local/lib/python3.12/site-packages/airflow/example_dags/example_skip_dag.py for tasks to queue
[2025-04-21T11:27:42.709+0000] {logging_mixin.py:190} INFO - [2025-04-21T11:27:42.708+0000] {dagbag.py:588} INFO - Filling up the DagBag from /home/airflow/.local/lib/python3.12/site-packages/airflow/example_dags/example_skip_dag.py
[2025-04-21T11:27:42.715+0000] {processor.py:925} INFO - DAG(s) 'example_skip_dag' retrieved from /home/airflow/.local/lib/python3.12/site-packages/airflow/example_dags/example_skip_dag.py
[2025-04-21T11:27:42.733+0000] {logging_mixin.py:190} INFO - [2025-04-21T11:27:42.732+0000] {dag.py:3239} INFO - Sync 1 DAGs
[2025-04-21T11:27:42.754+0000] {logging_mixin.py:190} INFO - [2025-04-21T11:27:42.754+0000] {dag.py:4180} INFO - Setting next_dagrun for example_skip_dag to 2025-04-20 00:00:00+00:00, run_after=2025-04-21 00:00:00+00:00
[2025-04-21T11:27:42.772+0000] {processor.py:208} INFO - Processing /home/airflow/.local/lib/python3.12/site-packages/airflow/example_dags/example_skip_dag.py took 0.073 seconds
[2025-04-21T11:28:13.413+0000] {processor.py:186} INFO - Started process (PID=4463) to work on /home/airflow/.local/lib/python3.12/site-packages/airflow/example_dags/example_skip_dag.py
[2025-04-21T11:28:13.414+0000] {processor.py:914} INFO - Processing file /home/airflow/.local/lib/python3.12/site-packages/airflow/example_dags/example_skip_dag.py for tasks to queue
[2025-04-21T11:28:13.416+0000] {logging_mixin.py:190} INFO - [2025-04-21T11:28:13.416+0000] {dagbag.py:588} INFO - Filling up the DagBag from /home/airflow/.local/lib/python3.12/site-packages/airflow/example_dags/example_skip_dag.py
[2025-04-21T11:28:13.422+0000] {processor.py:925} INFO - DAG(s) 'example_skip_dag' retrieved from /home/airflow/.local/lib/python3.12/site-packages/airflow/example_dags/example_skip_dag.py
[2025-04-21T11:28:13.439+0000] {logging_mixin.py:190} INFO - [2025-04-21T11:28:13.439+0000] {dag.py:3239} INFO - Sync 1 DAGs
[2025-04-21T11:28:13.457+0000] {logging_mixin.py:190} INFO - [2025-04-21T11:28:13.456+0000] {dag.py:4180} INFO - Setting next_dagrun for example_skip_dag to 2025-04-20 00:00:00+00:00, run_after=2025-04-21 00:00:00+00:00
[2025-04-21T11:28:13.471+0000] {processor.py:208} INFO - Processing /home/airflow/.local/lib/python3.12/site-packages/airflow/example_dags/example_skip_dag.py took 0.063 seconds
[2025-04-21T11:28:43.850+0000] {processor.py:186} INFO - Started process (PID=4526) to work on /home/airflow/.local/lib/python3.12/site-packages/airflow/example_dags/example_skip_dag.py
[2025-04-21T11:28:43.851+0000] {processor.py:914} INFO - Processing file /home/airflow/.local/lib/python3.12/site-packages/airflow/example_dags/example_skip_dag.py for tasks to queue
[2025-04-21T11:28:43.854+0000] {logging_mixin.py:190} INFO - [2025-04-21T11:28:43.853+0000] {dagbag.py:588} INFO - Filling up the DagBag from /home/airflow/.local/lib/python3.12/site-packages/airflow/example_dags/example_skip_dag.py
[2025-04-21T11:28:43.860+0000] {processor.py:925} INFO - DAG(s) 'example_skip_dag' retrieved from /home/airflow/.local/lib/python3.12/site-packages/airflow/example_dags/example_skip_dag.py
[2025-04-21T11:28:43.879+0000] {logging_mixin.py:190} INFO - [2025-04-21T11:28:43.878+0000] {dag.py:3239} INFO - Sync 1 DAGs
[2025-04-21T11:28:43.897+0000] {logging_mixin.py:190} INFO - [2025-04-21T11:28:43.896+0000] {dag.py:4180} INFO - Setting next_dagrun for example_skip_dag to 2025-04-20 00:00:00+00:00, run_after=2025-04-21 00:00:00+00:00
[2025-04-21T11:28:43.912+0000] {processor.py:208} INFO - Processing /home/airflow/.local/lib/python3.12/site-packages/airflow/example_dags/example_skip_dag.py took 0.067 seconds
[2025-04-21T11:29:14.315+0000] {processor.py:186} INFO - Started process (PID=4588) to work on /home/airflow/.local/lib/python3.12/site-packages/airflow/example_dags/example_skip_dag.py
[2025-04-21T11:29:14.315+0000] {processor.py:914} INFO - Processing file /home/airflow/.local/lib/python3.12/site-packages/airflow/example_dags/example_skip_dag.py for tasks to queue
[2025-04-21T11:29:14.318+0000] {logging_mixin.py:190} INFO - [2025-04-21T11:29:14.317+0000] {dagbag.py:588} INFO - Filling up the DagBag from /home/airflow/.local/lib/python3.12/site-packages/airflow/example_dags/example_skip_dag.py
[2025-04-21T11:29:14.324+0000] {processor.py:925} INFO - DAG(s) 'example_skip_dag' retrieved from /home/airflow/.local/lib/python3.12/site-packages/airflow/example_dags/example_skip_dag.py
[2025-04-21T11:29:14.343+0000] {logging_mixin.py:190} INFO - [2025-04-21T11:29:14.343+0000] {dag.py:3239} INFO - Sync 1 DAGs
[2025-04-21T11:29:14.361+0000] {logging_mixin.py:190} INFO - [2025-04-21T11:29:14.361+0000] {dag.py:4180} INFO - Setting next_dagrun for example_skip_dag to 2025-04-20 00:00:00+00:00, run_after=2025-04-21 00:00:00+00:00
[2025-04-21T11:29:14.377+0000] {processor.py:208} INFO - Processing /home/airflow/.local/lib/python3.12/site-packages/airflow/example_dags/example_skip_dag.py took 0.066 seconds
[2025-04-21T11:29:44.705+0000] {processor.py:186} INFO - Started process (PID=4652) to work on /home/airflow/.local/lib/python3.12/site-packages/airflow/example_dags/example_skip_dag.py
[2025-04-21T11:29:44.705+0000] {processor.py:914} INFO - Processing file /home/airflow/.local/lib/python3.12/site-packages/airflow/example_dags/example_skip_dag.py for tasks to queue
[2025-04-21T11:29:44.707+0000] {logging_mixin.py:190} INFO - [2025-04-21T11:29:44.707+0000] {dagbag.py:588} INFO - Filling up the DagBag from /home/airflow/.local/lib/python3.12/site-packages/airflow/example_dags/example_skip_dag.py
[2025-04-21T11:29:44.714+0000] {processor.py:925} INFO - DAG(s) 'example_skip_dag' retrieved from /home/airflow/.local/lib/python3.12/site-packages/airflow/example_dags/example_skip_dag.py
[2025-04-21T11:29:44.732+0000] {logging_mixin.py:190} INFO - [2025-04-21T11:29:44.731+0000] {dag.py:3239} INFO - Sync 1 DAGs
[2025-04-21T11:29:44.752+0000] {logging_mixin.py:190} INFO - [2025-04-21T11:29:44.752+0000] {dag.py:4180} INFO - Setting next_dagrun for example_skip_dag to 2025-04-20 00:00:00+00:00, run_after=2025-04-21 00:00:00+00:00
[2025-04-21T11:29:44.768+0000] {processor.py:208} INFO - Processing /home/airflow/.local/lib/python3.12/site-packages/airflow/example_dags/example_skip_dag.py took 0.069 seconds
[2025-04-21T11:30:15.200+0000] {processor.py:186} INFO - Started process (PID=4715) to work on /home/airflow/.local/lib/python3.12/site-packages/airflow/example_dags/example_skip_dag.py
[2025-04-21T11:30:15.201+0000] {processor.py:914} INFO - Processing file /home/airflow/.local/lib/python3.12/site-packages/airflow/example_dags/example_skip_dag.py for tasks to queue
[2025-04-21T11:30:15.203+0000] {logging_mixin.py:190} INFO - [2025-04-21T11:30:15.202+0000] {dagbag.py:588} INFO - Filling up the DagBag from /home/airflow/.local/lib/python3.12/site-packages/airflow/example_dags/example_skip_dag.py
[2025-04-21T11:30:15.210+0000] {processor.py:925} INFO - DAG(s) 'example_skip_dag' retrieved from /home/airflow/.local/lib/python3.12/site-packages/airflow/example_dags/example_skip_dag.py
[2025-04-21T11:30:15.225+0000] {logging_mixin.py:190} INFO - [2025-04-21T11:30:15.225+0000] {dag.py:3239} INFO - Sync 1 DAGs
[2025-04-21T11:30:15.242+0000] {logging_mixin.py:190} INFO - [2025-04-21T11:30:15.242+0000] {dag.py:4180} INFO - Setting next_dagrun for example_skip_dag to 2025-04-20 00:00:00+00:00, run_after=2025-04-21 00:00:00+00:00
[2025-04-21T11:30:15.254+0000] {processor.py:208} INFO - Processing /home/airflow/.local/lib/python3.12/site-packages/airflow/example_dags/example_skip_dag.py took 0.058 seconds
[2025-04-21T11:30:45.760+0000] {processor.py:186} INFO - Started process (PID=4778) to work on /home/airflow/.local/lib/python3.12/site-packages/airflow/example_dags/example_skip_dag.py
[2025-04-21T11:30:45.760+0000] {processor.py:914} INFO - Processing file /home/airflow/.local/lib/python3.12/site-packages/airflow/example_dags/example_skip_dag.py for tasks to queue
[2025-04-21T11:30:45.762+0000] {logging_mixin.py:190} INFO - [2025-04-21T11:30:45.762+0000] {dagbag.py:588} INFO - Filling up the DagBag from /home/airflow/.local/lib/python3.12/site-packages/airflow/example_dags/example_skip_dag.py
[2025-04-21T11:30:45.769+0000] {processor.py:925} INFO - DAG(s) 'example_skip_dag' retrieved from /home/airflow/.local/lib/python3.12/site-packages/airflow/example_dags/example_skip_dag.py
[2025-04-21T11:30:45.789+0000] {logging_mixin.py:190} INFO - [2025-04-21T11:30:45.789+0000] {dag.py:3239} INFO - Sync 1 DAGs
[2025-04-21T11:30:45.808+0000] {logging_mixin.py:190} INFO - [2025-04-21T11:30:45.808+0000] {dag.py:4180} INFO - Setting next_dagrun for example_skip_dag to 2025-04-20 00:00:00+00:00, run_after=2025-04-21 00:00:00+00:00
[2025-04-21T11:30:45.825+0000] {processor.py:208} INFO - Processing /home/airflow/.local/lib/python3.12/site-packages/airflow/example_dags/example_skip_dag.py took 0.069 seconds
[2025-04-21T11:31:16.225+0000] {processor.py:186} INFO - Started process (PID=4841) to work on /home/airflow/.local/lib/python3.12/site-packages/airflow/example_dags/example_skip_dag.py
[2025-04-21T11:31:16.226+0000] {processor.py:914} INFO - Processing file /home/airflow/.local/lib/python3.12/site-packages/airflow/example_dags/example_skip_dag.py for tasks to queue
[2025-04-21T11:31:16.228+0000] {logging_mixin.py:190} INFO - [2025-04-21T11:31:16.228+0000] {dagbag.py:588} INFO - Filling up the DagBag from /home/airflow/.local/lib/python3.12/site-packages/airflow/example_dags/example_skip_dag.py
[2025-04-21T11:31:16.235+0000] {processor.py:925} INFO - DAG(s) 'example_skip_dag' retrieved from /home/airflow/.local/lib/python3.12/site-packages/airflow/example_dags/example_skip_dag.py
[2025-04-21T11:31:16.251+0000] {logging_mixin.py:190} INFO - [2025-04-21T11:31:16.251+0000] {dag.py:3239} INFO - Sync 1 DAGs
[2025-04-21T11:31:16.267+0000] {logging_mixin.py:190} INFO - [2025-04-21T11:31:16.267+0000] {dag.py:4180} INFO - Setting next_dagrun for example_skip_dag to 2025-04-20 00:00:00+00:00, run_after=2025-04-21 00:00:00+00:00
[2025-04-21T11:31:16.282+0000] {processor.py:208} INFO - Processing /home/airflow/.local/lib/python3.12/site-packages/airflow/example_dags/example_skip_dag.py took 0.061 seconds
[2025-04-21T11:31:46.706+0000] {processor.py:186} INFO - Started process (PID=4904) to work on /home/airflow/.local/lib/python3.12/site-packages/airflow/example_dags/example_skip_dag.py
[2025-04-21T11:31:46.707+0000] {processor.py:914} INFO - Processing file /home/airflow/.local/lib/python3.12/site-packages/airflow/example_dags/example_skip_dag.py for tasks to queue
[2025-04-21T11:31:46.709+0000] {logging_mixin.py:190} INFO - [2025-04-21T11:31:46.709+0000] {dagbag.py:588} INFO - Filling up the DagBag from /home/airflow/.local/lib/python3.12/site-packages/airflow/example_dags/example_skip_dag.py
[2025-04-21T11:31:46.715+0000] {processor.py:925} INFO - DAG(s) 'example_skip_dag' retrieved from /home/airflow/.local/lib/python3.12/site-packages/airflow/example_dags/example_skip_dag.py
[2025-04-21T11:31:46.732+0000] {logging_mixin.py:190} INFO - [2025-04-21T11:31:46.732+0000] {dag.py:3239} INFO - Sync 1 DAGs
[2025-04-21T11:31:46.752+0000] {logging_mixin.py:190} INFO - [2025-04-21T11:31:46.752+0000] {dag.py:4180} INFO - Setting next_dagrun for example_skip_dag to 2025-04-20 00:00:00+00:00, run_after=2025-04-21 00:00:00+00:00
[2025-04-21T11:31:46.768+0000] {processor.py:208} INFO - Processing /home/airflow/.local/lib/python3.12/site-packages/airflow/example_dags/example_skip_dag.py took 0.065 seconds
[2025-04-21T11:32:16.933+0000] {processor.py:186} INFO - Started process (PID=4967) to work on /home/airflow/.local/lib/python3.12/site-packages/airflow/example_dags/example_skip_dag.py
[2025-04-21T11:32:16.934+0000] {processor.py:914} INFO - Processing file /home/airflow/.local/lib/python3.12/site-packages/airflow/example_dags/example_skip_dag.py for tasks to queue
[2025-04-21T11:32:16.936+0000] {logging_mixin.py:190} INFO - [2025-04-21T11:32:16.936+0000] {dagbag.py:588} INFO - Filling up the DagBag from /home/airflow/.local/lib/python3.12/site-packages/airflow/example_dags/example_skip_dag.py
[2025-04-21T11:32:16.943+0000] {processor.py:925} INFO - DAG(s) 'example_skip_dag' retrieved from /home/airflow/.local/lib/python3.12/site-packages/airflow/example_dags/example_skip_dag.py
[2025-04-21T11:32:16.963+0000] {logging_mixin.py:190} INFO - [2025-04-21T11:32:16.962+0000] {dag.py:3239} INFO - Sync 1 DAGs
[2025-04-21T11:32:16.983+0000] {logging_mixin.py:190} INFO - [2025-04-21T11:32:16.983+0000] {dag.py:4180} INFO - Setting next_dagrun for example_skip_dag to 2025-04-20 00:00:00+00:00, run_after=2025-04-21 00:00:00+00:00
[2025-04-21T11:32:17.000+0000] {processor.py:208} INFO - Processing /home/airflow/.local/lib/python3.12/site-packages/airflow/example_dags/example_skip_dag.py took 0.072 seconds
[2025-04-21T11:32:47.427+0000] {processor.py:186} INFO - Started process (PID=5029) to work on /home/airflow/.local/lib/python3.12/site-packages/airflow/example_dags/example_skip_dag.py
[2025-04-21T11:32:47.428+0000] {processor.py:914} INFO - Processing file /home/airflow/.local/lib/python3.12/site-packages/airflow/example_dags/example_skip_dag.py for tasks to queue
[2025-04-21T11:32:47.430+0000] {logging_mixin.py:190} INFO - [2025-04-21T11:32:47.430+0000] {dagbag.py:588} INFO - Filling up the DagBag from /home/airflow/.local/lib/python3.12/site-packages/airflow/example_dags/example_skip_dag.py
[2025-04-21T11:32:47.437+0000] {processor.py:925} INFO - DAG(s) 'example_skip_dag' retrieved from /home/airflow/.local/lib/python3.12/site-packages/airflow/example_dags/example_skip_dag.py
[2025-04-21T11:32:47.454+0000] {logging_mixin.py:190} INFO - [2025-04-21T11:32:47.454+0000] {dag.py:3239} INFO - Sync 1 DAGs
[2025-04-21T11:32:47.473+0000] {logging_mixin.py:190} INFO - [2025-04-21T11:32:47.473+0000] {dag.py:4180} INFO - Setting next_dagrun for example_skip_dag to 2025-04-20 00:00:00+00:00, run_after=2025-04-21 00:00:00+00:00
[2025-04-21T11:32:47.492+0000] {processor.py:208} INFO - Processing /home/airflow/.local/lib/python3.12/site-packages/airflow/example_dags/example_skip_dag.py took 0.069 seconds
[2025-04-21T11:33:17.870+0000] {processor.py:186} INFO - Started process (PID=5093) to work on /home/airflow/.local/lib/python3.12/site-packages/airflow/example_dags/example_skip_dag.py
[2025-04-21T11:33:17.871+0000] {processor.py:914} INFO - Processing file /home/airflow/.local/lib/python3.12/site-packages/airflow/example_dags/example_skip_dag.py for tasks to queue
[2025-04-21T11:33:17.874+0000] {logging_mixin.py:190} INFO - [2025-04-21T11:33:17.874+0000] {dagbag.py:588} INFO - Filling up the DagBag from /home/airflow/.local/lib/python3.12/site-packages/airflow/example_dags/example_skip_dag.py
[2025-04-21T11:33:17.881+0000] {processor.py:925} INFO - DAG(s) 'example_skip_dag' retrieved from /home/airflow/.local/lib/python3.12/site-packages/airflow/example_dags/example_skip_dag.py
[2025-04-21T11:33:17.899+0000] {logging_mixin.py:190} INFO - [2025-04-21T11:33:17.898+0000] {dag.py:3239} INFO - Sync 1 DAGs
[2025-04-21T11:33:17.920+0000] {logging_mixin.py:190} INFO - [2025-04-21T11:33:17.920+0000] {dag.py:4180} INFO - Setting next_dagrun for example_skip_dag to 2025-04-20 00:00:00+00:00, run_after=2025-04-21 00:00:00+00:00
[2025-04-21T11:33:17.939+0000] {processor.py:208} INFO - Processing /home/airflow/.local/lib/python3.12/site-packages/airflow/example_dags/example_skip_dag.py took 0.073 seconds
[2025-04-21T11:33:49.037+0000] {processor.py:186} INFO - Started process (PID=5157) to work on /home/airflow/.local/lib/python3.12/site-packages/airflow/example_dags/example_skip_dag.py
[2025-04-21T11:33:49.040+0000] {processor.py:914} INFO - Processing file /home/airflow/.local/lib/python3.12/site-packages/airflow/example_dags/example_skip_dag.py for tasks to queue
[2025-04-21T11:33:49.042+0000] {logging_mixin.py:190} INFO - [2025-04-21T11:33:49.041+0000] {dagbag.py:588} INFO - Filling up the DagBag from /home/airflow/.local/lib/python3.12/site-packages/airflow/example_dags/example_skip_dag.py
[2025-04-21T11:33:49.048+0000] {processor.py:925} INFO - DAG(s) 'example_skip_dag' retrieved from /home/airflow/.local/lib/python3.12/site-packages/airflow/example_dags/example_skip_dag.py
[2025-04-21T11:33:49.064+0000] {logging_mixin.py:190} INFO - [2025-04-21T11:33:49.064+0000] {dag.py:3239} INFO - Sync 1 DAGs
[2025-04-21T11:33:49.082+0000] {logging_mixin.py:190} INFO - [2025-04-21T11:33:49.082+0000] {dag.py:4180} INFO - Setting next_dagrun for example_skip_dag to 2025-04-20 00:00:00+00:00, run_after=2025-04-21 00:00:00+00:00
[2025-04-21T11:33:49.096+0000] {processor.py:208} INFO - Processing /home/airflow/.local/lib/python3.12/site-packages/airflow/example_dags/example_skip_dag.py took 0.062 seconds
[2025-04-21T11:34:19.746+0000] {processor.py:186} INFO - Started process (PID=5211) to work on /home/airflow/.local/lib/python3.12/site-packages/airflow/example_dags/example_skip_dag.py
[2025-04-21T11:34:19.747+0000] {processor.py:914} INFO - Processing file /home/airflow/.local/lib/python3.12/site-packages/airflow/example_dags/example_skip_dag.py for tasks to queue
[2025-04-21T11:34:19.749+0000] {logging_mixin.py:190} INFO - [2025-04-21T11:34:19.749+0000] {dagbag.py:588} INFO - Filling up the DagBag from /home/airflow/.local/lib/python3.12/site-packages/airflow/example_dags/example_skip_dag.py
[2025-04-21T11:34:19.755+0000] {processor.py:925} INFO - DAG(s) 'example_skip_dag' retrieved from /home/airflow/.local/lib/python3.12/site-packages/airflow/example_dags/example_skip_dag.py
[2025-04-21T11:34:19.774+0000] {logging_mixin.py:190} INFO - [2025-04-21T11:34:19.773+0000] {dag.py:3239} INFO - Sync 1 DAGs
[2025-04-21T11:34:19.793+0000] {logging_mixin.py:190} INFO - [2025-04-21T11:34:19.793+0000] {dag.py:4180} INFO - Setting next_dagrun for example_skip_dag to 2025-04-20 00:00:00+00:00, run_after=2025-04-21 00:00:00+00:00
[2025-04-21T11:34:19.809+0000] {processor.py:208} INFO - Processing /home/airflow/.local/lib/python3.12/site-packages/airflow/example_dags/example_skip_dag.py took 0.068 seconds
[2025-04-21T11:34:50.134+0000] {processor.py:186} INFO - Started process (PID=5274) to work on /home/airflow/.local/lib/python3.12/site-packages/airflow/example_dags/example_skip_dag.py
[2025-04-21T11:34:50.135+0000] {processor.py:914} INFO - Processing file /home/airflow/.local/lib/python3.12/site-packages/airflow/example_dags/example_skip_dag.py for tasks to queue
[2025-04-21T11:34:50.137+0000] {logging_mixin.py:190} INFO - [2025-04-21T11:34:50.137+0000] {dagbag.py:588} INFO - Filling up the DagBag from /home/airflow/.local/lib/python3.12/site-packages/airflow/example_dags/example_skip_dag.py
[2025-04-21T11:34:50.143+0000] {processor.py:925} INFO - DAG(s) 'example_skip_dag' retrieved from /home/airflow/.local/lib/python3.12/site-packages/airflow/example_dags/example_skip_dag.py
[2025-04-21T11:34:50.165+0000] {logging_mixin.py:190} INFO - [2025-04-21T11:34:50.165+0000] {dag.py:3239} INFO - Sync 1 DAGs
[2025-04-21T11:34:50.185+0000] {logging_mixin.py:190} INFO - [2025-04-21T11:34:50.185+0000] {dag.py:4180} INFO - Setting next_dagrun for example_skip_dag to 2025-04-20 00:00:00+00:00, run_after=2025-04-21 00:00:00+00:00
[2025-04-21T11:34:50.205+0000] {processor.py:208} INFO - Processing /home/airflow/.local/lib/python3.12/site-packages/airflow/example_dags/example_skip_dag.py took 0.077 seconds
[2025-04-21T11:35:21.565+0000] {processor.py:186} INFO - Started process (PID=5339) to work on /home/airflow/.local/lib/python3.12/site-packages/airflow/example_dags/example_skip_dag.py
[2025-04-21T11:35:21.566+0000] {processor.py:914} INFO - Processing file /home/airflow/.local/lib/python3.12/site-packages/airflow/example_dags/example_skip_dag.py for tasks to queue
[2025-04-21T11:35:21.568+0000] {logging_mixin.py:190} INFO - [2025-04-21T11:35:21.568+0000] {dagbag.py:588} INFO - Filling up the DagBag from /home/airflow/.local/lib/python3.12/site-packages/airflow/example_dags/example_skip_dag.py
[2025-04-21T11:35:21.575+0000] {processor.py:925} INFO - DAG(s) 'example_skip_dag' retrieved from /home/airflow/.local/lib/python3.12/site-packages/airflow/example_dags/example_skip_dag.py
[2025-04-21T11:35:21.593+0000] {logging_mixin.py:190} INFO - [2025-04-21T11:35:21.593+0000] {dag.py:3239} INFO - Sync 1 DAGs
[2025-04-21T11:35:21.613+0000] {logging_mixin.py:190} INFO - [2025-04-21T11:35:21.612+0000] {dag.py:4180} INFO - Setting next_dagrun for example_skip_dag to 2025-04-20 00:00:00+00:00, run_after=2025-04-21 00:00:00+00:00
[2025-04-21T11:35:21.629+0000] {processor.py:208} INFO - Processing /home/airflow/.local/lib/python3.12/site-packages/airflow/example_dags/example_skip_dag.py took 0.069 seconds
[2025-04-21T11:35:52.118+0000] {processor.py:186} INFO - Started process (PID=5404) to work on /home/airflow/.local/lib/python3.12/site-packages/airflow/example_dags/example_skip_dag.py
[2025-04-21T11:35:52.119+0000] {processor.py:914} INFO - Processing file /home/airflow/.local/lib/python3.12/site-packages/airflow/example_dags/example_skip_dag.py for tasks to queue
[2025-04-21T11:35:52.120+0000] {logging_mixin.py:190} INFO - [2025-04-21T11:35:52.120+0000] {dagbag.py:588} INFO - Filling up the DagBag from /home/airflow/.local/lib/python3.12/site-packages/airflow/example_dags/example_skip_dag.py
[2025-04-21T11:35:52.127+0000] {processor.py:925} INFO - DAG(s) 'example_skip_dag' retrieved from /home/airflow/.local/lib/python3.12/site-packages/airflow/example_dags/example_skip_dag.py
[2025-04-21T11:35:52.145+0000] {logging_mixin.py:190} INFO - [2025-04-21T11:35:52.144+0000] {dag.py:3239} INFO - Sync 1 DAGs
[2025-04-21T11:35:52.163+0000] {logging_mixin.py:190} INFO - [2025-04-21T11:35:52.163+0000] {dag.py:4180} INFO - Setting next_dagrun for example_skip_dag to 2025-04-20 00:00:00+00:00, run_after=2025-04-21 00:00:00+00:00
[2025-04-21T11:35:52.176+0000] {processor.py:208} INFO - Processing /home/airflow/.local/lib/python3.12/site-packages/airflow/example_dags/example_skip_dag.py took 0.063 seconds
[2025-04-21T11:36:22.766+0000] {processor.py:186} INFO - Started process (PID=5468) to work on /home/airflow/.local/lib/python3.12/site-packages/airflow/example_dags/example_skip_dag.py
[2025-04-21T11:36:22.767+0000] {processor.py:914} INFO - Processing file /home/airflow/.local/lib/python3.12/site-packages/airflow/example_dags/example_skip_dag.py for tasks to queue
[2025-04-21T11:36:22.769+0000] {logging_mixin.py:190} INFO - [2025-04-21T11:36:22.769+0000] {dagbag.py:588} INFO - Filling up the DagBag from /home/airflow/.local/lib/python3.12/site-packages/airflow/example_dags/example_skip_dag.py
[2025-04-21T11:36:22.776+0000] {processor.py:925} INFO - DAG(s) 'example_skip_dag' retrieved from /home/airflow/.local/lib/python3.12/site-packages/airflow/example_dags/example_skip_dag.py
[2025-04-21T11:36:22.791+0000] {logging_mixin.py:190} INFO - [2025-04-21T11:36:22.791+0000] {dag.py:3239} INFO - Sync 1 DAGs
[2025-04-21T11:36:22.810+0000] {logging_mixin.py:190} INFO - [2025-04-21T11:36:22.810+0000] {dag.py:4180} INFO - Setting next_dagrun for example_skip_dag to 2025-04-20 00:00:00+00:00, run_after=2025-04-21 00:00:00+00:00
[2025-04-21T11:36:22.824+0000] {processor.py:208} INFO - Processing /home/airflow/.local/lib/python3.12/site-packages/airflow/example_dags/example_skip_dag.py took 0.062 seconds
[2025-04-21T11:36:53.425+0000] {processor.py:186} INFO - Started process (PID=5532) to work on /home/airflow/.local/lib/python3.12/site-packages/airflow/example_dags/example_skip_dag.py
[2025-04-21T11:36:53.426+0000] {processor.py:914} INFO - Processing file /home/airflow/.local/lib/python3.12/site-packages/airflow/example_dags/example_skip_dag.py for tasks to queue
[2025-04-21T11:36:53.428+0000] {logging_mixin.py:190} INFO - [2025-04-21T11:36:53.428+0000] {dagbag.py:588} INFO - Filling up the DagBag from /home/airflow/.local/lib/python3.12/site-packages/airflow/example_dags/example_skip_dag.py
[2025-04-21T11:36:53.435+0000] {processor.py:925} INFO - DAG(s) 'example_skip_dag' retrieved from /home/airflow/.local/lib/python3.12/site-packages/airflow/example_dags/example_skip_dag.py
[2025-04-21T11:36:53.451+0000] {logging_mixin.py:190} INFO - [2025-04-21T11:36:53.451+0000] {dag.py:3239} INFO - Sync 1 DAGs
[2025-04-21T11:36:53.467+0000] {logging_mixin.py:190} INFO - [2025-04-21T11:36:53.467+0000] {dag.py:4180} INFO - Setting next_dagrun for example_skip_dag to 2025-04-20 00:00:00+00:00, run_after=2025-04-21 00:00:00+00:00
[2025-04-21T11:36:53.482+0000] {processor.py:208} INFO - Processing /home/airflow/.local/lib/python3.12/site-packages/airflow/example_dags/example_skip_dag.py took 0.061 seconds
[2025-04-21T11:37:23.769+0000] {processor.py:186} INFO - Started process (PID=5596) to work on /home/airflow/.local/lib/python3.12/site-packages/airflow/example_dags/example_skip_dag.py
[2025-04-21T11:37:23.770+0000] {processor.py:914} INFO - Processing file /home/airflow/.local/lib/python3.12/site-packages/airflow/example_dags/example_skip_dag.py for tasks to queue
[2025-04-21T11:37:23.772+0000] {logging_mixin.py:190} INFO - [2025-04-21T11:37:23.771+0000] {dagbag.py:588} INFO - Filling up the DagBag from /home/airflow/.local/lib/python3.12/site-packages/airflow/example_dags/example_skip_dag.py
[2025-04-21T11:37:23.778+0000] {processor.py:925} INFO - DAG(s) 'example_skip_dag' retrieved from /home/airflow/.local/lib/python3.12/site-packages/airflow/example_dags/example_skip_dag.py
[2025-04-21T11:37:23.794+0000] {logging_mixin.py:190} INFO - [2025-04-21T11:37:23.794+0000] {dag.py:3239} INFO - Sync 1 DAGs
[2025-04-21T11:37:23.811+0000] {logging_mixin.py:190} INFO - [2025-04-21T11:37:23.811+0000] {dag.py:4180} INFO - Setting next_dagrun for example_skip_dag to 2025-04-20 00:00:00+00:00, run_after=2025-04-21 00:00:00+00:00
[2025-04-21T11:37:23.824+0000] {processor.py:208} INFO - Processing /home/airflow/.local/lib/python3.12/site-packages/airflow/example_dags/example_skip_dag.py took 0.060 seconds
[2025-04-21T11:37:54.453+0000] {processor.py:186} INFO - Started process (PID=5659) to work on /home/airflow/.local/lib/python3.12/site-packages/airflow/example_dags/example_skip_dag.py
[2025-04-21T11:37:54.454+0000] {processor.py:914} INFO - Processing file /home/airflow/.local/lib/python3.12/site-packages/airflow/example_dags/example_skip_dag.py for tasks to queue
[2025-04-21T11:37:54.456+0000] {logging_mixin.py:190} INFO - [2025-04-21T11:37:54.456+0000] {dagbag.py:588} INFO - Filling up the DagBag from /home/airflow/.local/lib/python3.12/site-packages/airflow/example_dags/example_skip_dag.py
[2025-04-21T11:37:54.463+0000] {processor.py:925} INFO - DAG(s) 'example_skip_dag' retrieved from /home/airflow/.local/lib/python3.12/site-packages/airflow/example_dags/example_skip_dag.py
[2025-04-21T11:37:54.485+0000] {logging_mixin.py:190} INFO - [2025-04-21T11:37:54.485+0000] {dag.py:3239} INFO - Sync 1 DAGs
[2025-04-21T11:37:54.506+0000] {logging_mixin.py:190} INFO - [2025-04-21T11:37:54.506+0000] {dag.py:4180} INFO - Setting next_dagrun for example_skip_dag to 2025-04-20 00:00:00+00:00, run_after=2025-04-21 00:00:00+00:00
[2025-04-21T11:37:54.520+0000] {processor.py:208} INFO - Processing /home/airflow/.local/lib/python3.12/site-packages/airflow/example_dags/example_skip_dag.py took 0.071 seconds
[2025-04-21T11:38:24.772+0000] {processor.py:186} INFO - Started process (PID=5723) to work on /home/airflow/.local/lib/python3.12/site-packages/airflow/example_dags/example_skip_dag.py
[2025-04-21T11:38:24.773+0000] {processor.py:914} INFO - Processing file /home/airflow/.local/lib/python3.12/site-packages/airflow/example_dags/example_skip_dag.py for tasks to queue
[2025-04-21T11:38:24.775+0000] {logging_mixin.py:190} INFO - [2025-04-21T11:38:24.774+0000] {dagbag.py:588} INFO - Filling up the DagBag from /home/airflow/.local/lib/python3.12/site-packages/airflow/example_dags/example_skip_dag.py
[2025-04-21T11:38:24.781+0000] {processor.py:925} INFO - DAG(s) 'example_skip_dag' retrieved from /home/airflow/.local/lib/python3.12/site-packages/airflow/example_dags/example_skip_dag.py
[2025-04-21T11:38:24.798+0000] {logging_mixin.py:190} INFO - [2025-04-21T11:38:24.797+0000] {dag.py:3239} INFO - Sync 1 DAGs
[2025-04-21T11:38:24.815+0000] {logging_mixin.py:190} INFO - [2025-04-21T11:38:24.815+0000] {dag.py:4180} INFO - Setting next_dagrun for example_skip_dag to 2025-04-20 00:00:00+00:00, run_after=2025-04-21 00:00:00+00:00
[2025-04-21T11:38:24.829+0000] {processor.py:208} INFO - Processing /home/airflow/.local/lib/python3.12/site-packages/airflow/example_dags/example_skip_dag.py took 0.061 seconds
[2025-04-21T11:38:54.955+0000] {processor.py:186} INFO - Started process (PID=5786) to work on /home/airflow/.local/lib/python3.12/site-packages/airflow/example_dags/example_skip_dag.py
[2025-04-21T11:38:54.956+0000] {processor.py:914} INFO - Processing file /home/airflow/.local/lib/python3.12/site-packages/airflow/example_dags/example_skip_dag.py for tasks to queue
[2025-04-21T11:38:54.958+0000] {logging_mixin.py:190} INFO - [2025-04-21T11:38:54.957+0000] {dagbag.py:588} INFO - Filling up the DagBag from /home/airflow/.local/lib/python3.12/site-packages/airflow/example_dags/example_skip_dag.py
[2025-04-21T11:38:54.964+0000] {processor.py:925} INFO - DAG(s) 'example_skip_dag' retrieved from /home/airflow/.local/lib/python3.12/site-packages/airflow/example_dags/example_skip_dag.py
[2025-04-21T11:38:54.981+0000] {logging_mixin.py:190} INFO - [2025-04-21T11:38:54.981+0000] {dag.py:3239} INFO - Sync 1 DAGs
[2025-04-21T11:38:54.999+0000] {logging_mixin.py:190} INFO - [2025-04-21T11:38:54.999+0000] {dag.py:4180} INFO - Setting next_dagrun for example_skip_dag to 2025-04-20 00:00:00+00:00, run_after=2025-04-21 00:00:00+00:00
[2025-04-21T11:38:55.013+0000] {processor.py:208} INFO - Processing /home/airflow/.local/lib/python3.12/site-packages/airflow/example_dags/example_skip_dag.py took 0.062 seconds
[2025-04-21T11:39:25.819+0000] {processor.py:186} INFO - Started process (PID=5850) to work on /home/airflow/.local/lib/python3.12/site-packages/airflow/example_dags/example_skip_dag.py
[2025-04-21T11:39:25.820+0000] {processor.py:914} INFO - Processing file /home/airflow/.local/lib/python3.12/site-packages/airflow/example_dags/example_skip_dag.py for tasks to queue
[2025-04-21T11:39:25.822+0000] {logging_mixin.py:190} INFO - [2025-04-21T11:39:25.821+0000] {dagbag.py:588} INFO - Filling up the DagBag from /home/airflow/.local/lib/python3.12/site-packages/airflow/example_dags/example_skip_dag.py
[2025-04-21T11:39:25.829+0000] {processor.py:925} INFO - DAG(s) 'example_skip_dag' retrieved from /home/airflow/.local/lib/python3.12/site-packages/airflow/example_dags/example_skip_dag.py
[2025-04-21T11:39:25.849+0000] {logging_mixin.py:190} INFO - [2025-04-21T11:39:25.849+0000] {dag.py:3239} INFO - Sync 1 DAGs
[2025-04-21T11:39:25.866+0000] {logging_mixin.py:190} INFO - [2025-04-21T11:39:25.865+0000] {dag.py:4180} INFO - Setting next_dagrun for example_skip_dag to 2025-04-20 00:00:00+00:00, run_after=2025-04-21 00:00:00+00:00
[2025-04-21T11:39:25.879+0000] {processor.py:208} INFO - Processing /home/airflow/.local/lib/python3.12/site-packages/airflow/example_dags/example_skip_dag.py took 0.064 seconds
[2025-04-21T11:39:56.552+0000] {processor.py:186} INFO - Started process (PID=5914) to work on /home/airflow/.local/lib/python3.12/site-packages/airflow/example_dags/example_skip_dag.py
[2025-04-21T11:39:56.553+0000] {processor.py:914} INFO - Processing file /home/airflow/.local/lib/python3.12/site-packages/airflow/example_dags/example_skip_dag.py for tasks to queue
[2025-04-21T11:39:56.554+0000] {logging_mixin.py:190} INFO - [2025-04-21T11:39:56.554+0000] {dagbag.py:588} INFO - Filling up the DagBag from /home/airflow/.local/lib/python3.12/site-packages/airflow/example_dags/example_skip_dag.py
[2025-04-21T11:39:56.561+0000] {processor.py:925} INFO - DAG(s) 'example_skip_dag' retrieved from /home/airflow/.local/lib/python3.12/site-packages/airflow/example_dags/example_skip_dag.py
[2025-04-21T11:39:56.581+0000] {logging_mixin.py:190} INFO - [2025-04-21T11:39:56.580+0000] {dag.py:3239} INFO - Sync 1 DAGs
[2025-04-21T11:39:56.599+0000] {logging_mixin.py:190} INFO - [2025-04-21T11:39:56.599+0000] {dag.py:4180} INFO - Setting next_dagrun for example_skip_dag to 2025-04-20 00:00:00+00:00, run_after=2025-04-21 00:00:00+00:00
[2025-04-21T11:39:56.613+0000] {processor.py:208} INFO - Processing /home/airflow/.local/lib/python3.12/site-packages/airflow/example_dags/example_skip_dag.py took 0.066 seconds
[2025-04-21T11:40:26.755+0000] {processor.py:186} INFO - Started process (PID=5978) to work on /home/airflow/.local/lib/python3.12/site-packages/airflow/example_dags/example_skip_dag.py
[2025-04-21T11:40:26.756+0000] {processor.py:914} INFO - Processing file /home/airflow/.local/lib/python3.12/site-packages/airflow/example_dags/example_skip_dag.py for tasks to queue
[2025-04-21T11:40:26.759+0000] {logging_mixin.py:190} INFO - [2025-04-21T11:40:26.758+0000] {dagbag.py:588} INFO - Filling up the DagBag from /home/airflow/.local/lib/python3.12/site-packages/airflow/example_dags/example_skip_dag.py
[2025-04-21T11:40:26.766+0000] {processor.py:925} INFO - DAG(s) 'example_skip_dag' retrieved from /home/airflow/.local/lib/python3.12/site-packages/airflow/example_dags/example_skip_dag.py
[2025-04-21T11:40:26.785+0000] {logging_mixin.py:190} INFO - [2025-04-21T11:40:26.784+0000] {dag.py:3239} INFO - Sync 1 DAGs
[2025-04-21T11:40:26.803+0000] {logging_mixin.py:190} INFO - [2025-04-21T11:40:26.803+0000] {dag.py:4180} INFO - Setting next_dagrun for example_skip_dag to 2025-04-20 00:00:00+00:00, run_after=2025-04-21 00:00:00+00:00
[2025-04-21T11:40:26.818+0000] {processor.py:208} INFO - Processing /home/airflow/.local/lib/python3.12/site-packages/airflow/example_dags/example_skip_dag.py took 0.067 seconds
[2025-04-21T11:40:57.919+0000] {processor.py:186} INFO - Started process (PID=6042) to work on /home/airflow/.local/lib/python3.12/site-packages/airflow/example_dags/example_skip_dag.py
[2025-04-21T11:40:57.920+0000] {processor.py:914} INFO - Processing file /home/airflow/.local/lib/python3.12/site-packages/airflow/example_dags/example_skip_dag.py for tasks to queue
[2025-04-21T11:40:57.922+0000] {logging_mixin.py:190} INFO - [2025-04-21T11:40:57.922+0000] {dagbag.py:588} INFO - Filling up the DagBag from /home/airflow/.local/lib/python3.12/site-packages/airflow/example_dags/example_skip_dag.py
[2025-04-21T11:40:57.929+0000] {processor.py:925} INFO - DAG(s) 'example_skip_dag' retrieved from /home/airflow/.local/lib/python3.12/site-packages/airflow/example_dags/example_skip_dag.py
[2025-04-21T11:40:57.948+0000] {logging_mixin.py:190} INFO - [2025-04-21T11:40:57.947+0000] {dag.py:3239} INFO - Sync 1 DAGs
[2025-04-21T11:40:57.971+0000] {logging_mixin.py:190} INFO - [2025-04-21T11:40:57.971+0000] {dag.py:4180} INFO - Setting next_dagrun for example_skip_dag to 2025-04-20 00:00:00+00:00, run_after=2025-04-21 00:00:00+00:00
[2025-04-21T11:40:57.988+0000] {processor.py:208} INFO - Processing /home/airflow/.local/lib/python3.12/site-packages/airflow/example_dags/example_skip_dag.py took 0.074 seconds
[2025-04-21T11:41:29.082+0000] {processor.py:186} INFO - Started process (PID=6106) to work on /home/airflow/.local/lib/python3.12/site-packages/airflow/example_dags/example_skip_dag.py
[2025-04-21T11:41:29.083+0000] {processor.py:914} INFO - Processing file /home/airflow/.local/lib/python3.12/site-packages/airflow/example_dags/example_skip_dag.py for tasks to queue
[2025-04-21T11:41:29.085+0000] {logging_mixin.py:190} INFO - [2025-04-21T11:41:29.085+0000] {dagbag.py:588} INFO - Filling up the DagBag from /home/airflow/.local/lib/python3.12/site-packages/airflow/example_dags/example_skip_dag.py
[2025-04-21T11:41:29.092+0000] {processor.py:925} INFO - DAG(s) 'example_skip_dag' retrieved from /home/airflow/.local/lib/python3.12/site-packages/airflow/example_dags/example_skip_dag.py
[2025-04-21T11:41:29.110+0000] {logging_mixin.py:190} INFO - [2025-04-21T11:41:29.110+0000] {dag.py:3239} INFO - Sync 1 DAGs
[2025-04-21T11:41:29.129+0000] {logging_mixin.py:190} INFO - [2025-04-21T11:41:29.129+0000] {dag.py:4180} INFO - Setting next_dagrun for example_skip_dag to 2025-04-20 00:00:00+00:00, run_after=2025-04-21 00:00:00+00:00
[2025-04-21T11:41:29.143+0000] {processor.py:208} INFO - Processing /home/airflow/.local/lib/python3.12/site-packages/airflow/example_dags/example_skip_dag.py took 0.066 seconds
[2025-04-21T11:41:59.183+0000] {processor.py:186} INFO - Started process (PID=6170) to work on /home/airflow/.local/lib/python3.12/site-packages/airflow/example_dags/example_skip_dag.py
[2025-04-21T11:41:59.184+0000] {processor.py:914} INFO - Processing file /home/airflow/.local/lib/python3.12/site-packages/airflow/example_dags/example_skip_dag.py for tasks to queue
[2025-04-21T11:41:59.186+0000] {logging_mixin.py:190} INFO - [2025-04-21T11:41:59.185+0000] {dagbag.py:588} INFO - Filling up the DagBag from /home/airflow/.local/lib/python3.12/site-packages/airflow/example_dags/example_skip_dag.py
[2025-04-21T11:41:59.192+0000] {processor.py:925} INFO - DAG(s) 'example_skip_dag' retrieved from /home/airflow/.local/lib/python3.12/site-packages/airflow/example_dags/example_skip_dag.py
[2025-04-21T11:41:59.212+0000] {logging_mixin.py:190} INFO - [2025-04-21T11:41:59.212+0000] {dag.py:3239} INFO - Sync 1 DAGs
[2025-04-21T11:41:59.231+0000] {logging_mixin.py:190} INFO - [2025-04-21T11:41:59.231+0000] {dag.py:4180} INFO - Setting next_dagrun for example_skip_dag to 2025-04-20 00:00:00+00:00, run_after=2025-04-21 00:00:00+00:00
[2025-04-21T11:41:59.247+0000] {processor.py:208} INFO - Processing /home/airflow/.local/lib/python3.12/site-packages/airflow/example_dags/example_skip_dag.py took 0.068 seconds
[2025-04-21T11:42:29.755+0000] {processor.py:186} INFO - Started process (PID=6233) to work on /home/airflow/.local/lib/python3.12/site-packages/airflow/example_dags/example_skip_dag.py
[2025-04-21T11:42:29.756+0000] {processor.py:914} INFO - Processing file /home/airflow/.local/lib/python3.12/site-packages/airflow/example_dags/example_skip_dag.py for tasks to queue
[2025-04-21T11:42:29.758+0000] {logging_mixin.py:190} INFO - [2025-04-21T11:42:29.758+0000] {dagbag.py:588} INFO - Filling up the DagBag from /home/airflow/.local/lib/python3.12/site-packages/airflow/example_dags/example_skip_dag.py
[2025-04-21T11:42:29.765+0000] {processor.py:925} INFO - DAG(s) 'example_skip_dag' retrieved from /home/airflow/.local/lib/python3.12/site-packages/airflow/example_dags/example_skip_dag.py
[2025-04-21T11:42:29.783+0000] {logging_mixin.py:190} INFO - [2025-04-21T11:42:29.783+0000] {dag.py:3239} INFO - Sync 1 DAGs
[2025-04-21T11:42:29.803+0000] {logging_mixin.py:190} INFO - [2025-04-21T11:42:29.803+0000] {dag.py:4180} INFO - Setting next_dagrun for example_skip_dag to 2025-04-20 00:00:00+00:00, run_after=2025-04-21 00:00:00+00:00
[2025-04-21T11:42:29.824+0000] {processor.py:208} INFO - Processing /home/airflow/.local/lib/python3.12/site-packages/airflow/example_dags/example_skip_dag.py took 0.073 seconds
[2025-04-21T11:43:00.816+0000] {processor.py:186} INFO - Started process (PID=6297) to work on /home/airflow/.local/lib/python3.12/site-packages/airflow/example_dags/example_skip_dag.py
[2025-04-21T11:43:00.818+0000] {processor.py:914} INFO - Processing file /home/airflow/.local/lib/python3.12/site-packages/airflow/example_dags/example_skip_dag.py for tasks to queue
[2025-04-21T11:43:00.822+0000] {logging_mixin.py:190} INFO - [2025-04-21T11:43:00.821+0000] {dagbag.py:588} INFO - Filling up the DagBag from /home/airflow/.local/lib/python3.12/site-packages/airflow/example_dags/example_skip_dag.py
[2025-04-21T11:43:00.839+0000] {processor.py:925} INFO - DAG(s) 'example_skip_dag' retrieved from /home/airflow/.local/lib/python3.12/site-packages/airflow/example_dags/example_skip_dag.py
[2025-04-21T11:43:00.877+0000] {logging_mixin.py:190} INFO - [2025-04-21T11:43:00.877+0000] {dag.py:3239} INFO - Sync 1 DAGs
[2025-04-21T11:43:00.924+0000] {logging_mixin.py:190} INFO - [2025-04-21T11:43:00.924+0000] {dag.py:4180} INFO - Setting next_dagrun for example_skip_dag to 2025-04-20 00:00:00+00:00, run_after=2025-04-21 00:00:00+00:00
[2025-04-21T11:43:00.957+0000] {processor.py:208} INFO - Processing /home/airflow/.local/lib/python3.12/site-packages/airflow/example_dags/example_skip_dag.py took 0.149 seconds
[2025-04-21T11:43:31.758+0000] {processor.py:186} INFO - Started process (PID=6361) to work on /home/airflow/.local/lib/python3.12/site-packages/airflow/example_dags/example_skip_dag.py
[2025-04-21T11:43:31.759+0000] {processor.py:914} INFO - Processing file /home/airflow/.local/lib/python3.12/site-packages/airflow/example_dags/example_skip_dag.py for tasks to queue
[2025-04-21T11:43:31.763+0000] {logging_mixin.py:190} INFO - [2025-04-21T11:43:31.763+0000] {dagbag.py:588} INFO - Filling up the DagBag from /home/airflow/.local/lib/python3.12/site-packages/airflow/example_dags/example_skip_dag.py
[2025-04-21T11:43:31.780+0000] {processor.py:925} INFO - DAG(s) 'example_skip_dag' retrieved from /home/airflow/.local/lib/python3.12/site-packages/airflow/example_dags/example_skip_dag.py
[2025-04-21T11:43:31.815+0000] {logging_mixin.py:190} INFO - [2025-04-21T11:43:31.814+0000] {dag.py:3239} INFO - Sync 1 DAGs
[2025-04-21T11:43:31.847+0000] {logging_mixin.py:190} INFO - [2025-04-21T11:43:31.847+0000] {dag.py:4180} INFO - Setting next_dagrun for example_skip_dag to 2025-04-20 00:00:00+00:00, run_after=2025-04-21 00:00:00+00:00
[2025-04-21T11:43:31.875+0000] {processor.py:208} INFO - Processing /home/airflow/.local/lib/python3.12/site-packages/airflow/example_dags/example_skip_dag.py took 0.126 seconds
[2025-04-21T11:44:02.480+0000] {processor.py:186} INFO - Started process (PID=6425) to work on /home/airflow/.local/lib/python3.12/site-packages/airflow/example_dags/example_skip_dag.py
[2025-04-21T11:44:02.483+0000] {processor.py:914} INFO - Processing file /home/airflow/.local/lib/python3.12/site-packages/airflow/example_dags/example_skip_dag.py for tasks to queue
[2025-04-21T11:44:02.488+0000] {logging_mixin.py:190} INFO - [2025-04-21T11:44:02.488+0000] {dagbag.py:588} INFO - Filling up the DagBag from /home/airflow/.local/lib/python3.12/site-packages/airflow/example_dags/example_skip_dag.py
[2025-04-21T11:44:02.508+0000] {processor.py:925} INFO - DAG(s) 'example_skip_dag' retrieved from /home/airflow/.local/lib/python3.12/site-packages/airflow/example_dags/example_skip_dag.py
[2025-04-21T11:44:02.555+0000] {logging_mixin.py:190} INFO - [2025-04-21T11:44:02.554+0000] {dag.py:3239} INFO - Sync 1 DAGs
[2025-04-21T11:44:02.602+0000] {logging_mixin.py:190} INFO - [2025-04-21T11:44:02.602+0000] {dag.py:4180} INFO - Setting next_dagrun for example_skip_dag to 2025-04-20 00:00:00+00:00, run_after=2025-04-21 00:00:00+00:00
[2025-04-21T11:44:02.636+0000] {processor.py:208} INFO - Processing /home/airflow/.local/lib/python3.12/site-packages/airflow/example_dags/example_skip_dag.py took 0.166 seconds
[2025-04-21T11:44:33.116+0000] {processor.py:186} INFO - Started process (PID=6489) to work on /home/airflow/.local/lib/python3.12/site-packages/airflow/example_dags/example_skip_dag.py
[2025-04-21T11:44:33.118+0000] {processor.py:914} INFO - Processing file /home/airflow/.local/lib/python3.12/site-packages/airflow/example_dags/example_skip_dag.py for tasks to queue
[2025-04-21T11:44:33.121+0000] {logging_mixin.py:190} INFO - [2025-04-21T11:44:33.120+0000] {dagbag.py:588} INFO - Filling up the DagBag from /home/airflow/.local/lib/python3.12/site-packages/airflow/example_dags/example_skip_dag.py
[2025-04-21T11:44:33.132+0000] {processor.py:925} INFO - DAG(s) 'example_skip_dag' retrieved from /home/airflow/.local/lib/python3.12/site-packages/airflow/example_dags/example_skip_dag.py
[2025-04-21T11:44:33.161+0000] {logging_mixin.py:190} INFO - [2025-04-21T11:44:33.161+0000] {dag.py:3239} INFO - Sync 1 DAGs
[2025-04-21T11:44:33.203+0000] {logging_mixin.py:190} INFO - [2025-04-21T11:44:33.203+0000] {dag.py:4180} INFO - Setting next_dagrun for example_skip_dag to 2025-04-20 00:00:00+00:00, run_after=2025-04-21 00:00:00+00:00
[2025-04-21T11:44:33.233+0000] {processor.py:208} INFO - Processing /home/airflow/.local/lib/python3.12/site-packages/airflow/example_dags/example_skip_dag.py took 0.125 seconds
[2025-04-21T11:45:03.835+0000] {processor.py:186} INFO - Started process (PID=6553) to work on /home/airflow/.local/lib/python3.12/site-packages/airflow/example_dags/example_skip_dag.py
[2025-04-21T11:45:03.837+0000] {processor.py:914} INFO - Processing file /home/airflow/.local/lib/python3.12/site-packages/airflow/example_dags/example_skip_dag.py for tasks to queue
[2025-04-21T11:45:03.842+0000] {logging_mixin.py:190} INFO - [2025-04-21T11:45:03.842+0000] {dagbag.py:588} INFO - Filling up the DagBag from /home/airflow/.local/lib/python3.12/site-packages/airflow/example_dags/example_skip_dag.py
[2025-04-21T11:45:03.860+0000] {processor.py:925} INFO - DAG(s) 'example_skip_dag' retrieved from /home/airflow/.local/lib/python3.12/site-packages/airflow/example_dags/example_skip_dag.py
[2025-04-21T11:45:03.908+0000] {logging_mixin.py:190} INFO - [2025-04-21T11:45:03.908+0000] {dag.py:3239} INFO - Sync 1 DAGs
[2025-04-21T11:45:03.960+0000] {logging_mixin.py:190} INFO - [2025-04-21T11:45:03.960+0000] {dag.py:4180} INFO - Setting next_dagrun for example_skip_dag to 2025-04-20 00:00:00+00:00, run_after=2025-04-21 00:00:00+00:00
[2025-04-21T11:45:04.004+0000] {processor.py:208} INFO - Processing /home/airflow/.local/lib/python3.12/site-packages/airflow/example_dags/example_skip_dag.py took 0.181 seconds
[2025-04-21T11:45:34.095+0000] {processor.py:186} INFO - Started process (PID=6617) to work on /home/airflow/.local/lib/python3.12/site-packages/airflow/example_dags/example_skip_dag.py
[2025-04-21T11:45:34.097+0000] {processor.py:914} INFO - Processing file /home/airflow/.local/lib/python3.12/site-packages/airflow/example_dags/example_skip_dag.py for tasks to queue
[2025-04-21T11:45:34.100+0000] {logging_mixin.py:190} INFO - [2025-04-21T11:45:34.100+0000] {dagbag.py:588} INFO - Filling up the DagBag from /home/airflow/.local/lib/python3.12/site-packages/airflow/example_dags/example_skip_dag.py
[2025-04-21T11:45:34.111+0000] {processor.py:925} INFO - DAG(s) 'example_skip_dag' retrieved from /home/airflow/.local/lib/python3.12/site-packages/airflow/example_dags/example_skip_dag.py
[2025-04-21T11:45:34.146+0000] {logging_mixin.py:190} INFO - [2025-04-21T11:45:34.146+0000] {dag.py:3239} INFO - Sync 1 DAGs
[2025-04-21T11:45:34.191+0000] {logging_mixin.py:190} INFO - [2025-04-21T11:45:34.191+0000] {dag.py:4180} INFO - Setting next_dagrun for example_skip_dag to 2025-04-20 00:00:00+00:00, run_after=2025-04-21 00:00:00+00:00
[2025-04-21T11:45:34.226+0000] {processor.py:208} INFO - Processing /home/airflow/.local/lib/python3.12/site-packages/airflow/example_dags/example_skip_dag.py took 0.140 seconds
[2025-04-21T11:46:04.578+0000] {processor.py:186} INFO - Started process (PID=6681) to work on /home/airflow/.local/lib/python3.12/site-packages/airflow/example_dags/example_skip_dag.py
[2025-04-21T11:46:04.581+0000] {processor.py:914} INFO - Processing file /home/airflow/.local/lib/python3.12/site-packages/airflow/example_dags/example_skip_dag.py for tasks to queue
[2025-04-21T11:46:04.587+0000] {logging_mixin.py:190} INFO - [2025-04-21T11:46:04.586+0000] {dagbag.py:588} INFO - Filling up the DagBag from /home/airflow/.local/lib/python3.12/site-packages/airflow/example_dags/example_skip_dag.py
[2025-04-21T11:46:04.606+0000] {processor.py:925} INFO - DAG(s) 'example_skip_dag' retrieved from /home/airflow/.local/lib/python3.12/site-packages/airflow/example_dags/example_skip_dag.py
[2025-04-21T11:46:04.649+0000] {logging_mixin.py:190} INFO - [2025-04-21T11:46:04.648+0000] {dag.py:3239} INFO - Sync 1 DAGs
[2025-04-21T11:46:04.704+0000] {logging_mixin.py:190} INFO - [2025-04-21T11:46:04.704+0000] {dag.py:4180} INFO - Setting next_dagrun for example_skip_dag to 2025-04-20 00:00:00+00:00, run_after=2025-04-21 00:00:00+00:00
[2025-04-21T11:46:04.746+0000] {processor.py:208} INFO - Processing /home/airflow/.local/lib/python3.12/site-packages/airflow/example_dags/example_skip_dag.py took 0.179 seconds
[2025-04-21T11:46:35.114+0000] {processor.py:186} INFO - Started process (PID=6745) to work on /home/airflow/.local/lib/python3.12/site-packages/airflow/example_dags/example_skip_dag.py
[2025-04-21T11:46:35.115+0000] {processor.py:914} INFO - Processing file /home/airflow/.local/lib/python3.12/site-packages/airflow/example_dags/example_skip_dag.py for tasks to queue
[2025-04-21T11:46:35.118+0000] {logging_mixin.py:190} INFO - [2025-04-21T11:46:35.118+0000] {dagbag.py:588} INFO - Filling up the DagBag from /home/airflow/.local/lib/python3.12/site-packages/airflow/example_dags/example_skip_dag.py
[2025-04-21T11:46:35.129+0000] {processor.py:925} INFO - DAG(s) 'example_skip_dag' retrieved from /home/airflow/.local/lib/python3.12/site-packages/airflow/example_dags/example_skip_dag.py
[2025-04-21T11:46:35.157+0000] {logging_mixin.py:190} INFO - [2025-04-21T11:46:35.156+0000] {dag.py:3239} INFO - Sync 1 DAGs
[2025-04-21T11:46:35.190+0000] {logging_mixin.py:190} INFO - [2025-04-21T11:46:35.190+0000] {dag.py:4180} INFO - Setting next_dagrun for example_skip_dag to 2025-04-20 00:00:00+00:00, run_after=2025-04-21 00:00:00+00:00
[2025-04-21T11:46:35.216+0000] {processor.py:208} INFO - Processing /home/airflow/.local/lib/python3.12/site-packages/airflow/example_dags/example_skip_dag.py took 0.109 seconds
[2025-04-21T11:47:05.862+0000] {processor.py:186} INFO - Started process (PID=6809) to work on /home/airflow/.local/lib/python3.12/site-packages/airflow/example_dags/example_skip_dag.py
[2025-04-21T11:47:05.863+0000] {processor.py:914} INFO - Processing file /home/airflow/.local/lib/python3.12/site-packages/airflow/example_dags/example_skip_dag.py for tasks to queue
[2025-04-21T11:47:05.868+0000] {logging_mixin.py:190} INFO - [2025-04-21T11:47:05.867+0000] {dagbag.py:588} INFO - Filling up the DagBag from /home/airflow/.local/lib/python3.12/site-packages/airflow/example_dags/example_skip_dag.py
[2025-04-21T11:47:05.879+0000] {processor.py:925} INFO - DAG(s) 'example_skip_dag' retrieved from /home/airflow/.local/lib/python3.12/site-packages/airflow/example_dags/example_skip_dag.py
[2025-04-21T11:47:05.917+0000] {logging_mixin.py:190} INFO - [2025-04-21T11:47:05.917+0000] {dag.py:3239} INFO - Sync 1 DAGs
[2025-04-21T11:47:05.958+0000] {logging_mixin.py:190} INFO - [2025-04-21T11:47:05.957+0000] {dag.py:4180} INFO - Setting next_dagrun for example_skip_dag to 2025-04-20 00:00:00+00:00, run_after=2025-04-21 00:00:00+00:00
[2025-04-21T11:47:05.991+0000] {processor.py:208} INFO - Processing /home/airflow/.local/lib/python3.12/site-packages/airflow/example_dags/example_skip_dag.py took 0.136 seconds
[2025-04-21T11:47:36.224+0000] {processor.py:186} INFO - Started process (PID=6873) to work on /home/airflow/.local/lib/python3.12/site-packages/airflow/example_dags/example_skip_dag.py
[2025-04-21T11:47:36.226+0000] {processor.py:914} INFO - Processing file /home/airflow/.local/lib/python3.12/site-packages/airflow/example_dags/example_skip_dag.py for tasks to queue
[2025-04-21T11:47:36.230+0000] {logging_mixin.py:190} INFO - [2025-04-21T11:47:36.229+0000] {dagbag.py:588} INFO - Filling up the DagBag from /home/airflow/.local/lib/python3.12/site-packages/airflow/example_dags/example_skip_dag.py
[2025-04-21T11:47:36.244+0000] {processor.py:925} INFO - DAG(s) 'example_skip_dag' retrieved from /home/airflow/.local/lib/python3.12/site-packages/airflow/example_dags/example_skip_dag.py
[2025-04-21T11:47:36.291+0000] {logging_mixin.py:190} INFO - [2025-04-21T11:47:36.290+0000] {dag.py:3239} INFO - Sync 1 DAGs
[2025-04-21T11:47:36.335+0000] {logging_mixin.py:190} INFO - [2025-04-21T11:47:36.335+0000] {dag.py:4180} INFO - Setting next_dagrun for example_skip_dag to 2025-04-20 00:00:00+00:00, run_after=2025-04-21 00:00:00+00:00
[2025-04-21T11:47:36.365+0000] {processor.py:208} INFO - Processing /home/airflow/.local/lib/python3.12/site-packages/airflow/example_dags/example_skip_dag.py took 0.153 seconds
[2025-04-21T11:48:06.866+0000] {processor.py:186} INFO - Started process (PID=6937) to work on /home/airflow/.local/lib/python3.12/site-packages/airflow/example_dags/example_skip_dag.py
[2025-04-21T11:48:06.868+0000] {processor.py:914} INFO - Processing file /home/airflow/.local/lib/python3.12/site-packages/airflow/example_dags/example_skip_dag.py for tasks to queue
[2025-04-21T11:48:06.872+0000] {logging_mixin.py:190} INFO - [2025-04-21T11:48:06.871+0000] {dagbag.py:588} INFO - Filling up the DagBag from /home/airflow/.local/lib/python3.12/site-packages/airflow/example_dags/example_skip_dag.py
[2025-04-21T11:48:06.890+0000] {processor.py:925} INFO - DAG(s) 'example_skip_dag' retrieved from /home/airflow/.local/lib/python3.12/site-packages/airflow/example_dags/example_skip_dag.py
[2025-04-21T11:48:06.937+0000] {logging_mixin.py:190} INFO - [2025-04-21T11:48:06.936+0000] {dag.py:3239} INFO - Sync 1 DAGs
[2025-04-21T11:48:06.987+0000] {logging_mixin.py:190} INFO - [2025-04-21T11:48:06.987+0000] {dag.py:4180} INFO - Setting next_dagrun for example_skip_dag to 2025-04-20 00:00:00+00:00, run_after=2025-04-21 00:00:00+00:00
[2025-04-21T11:48:07.027+0000] {processor.py:208} INFO - Processing /home/airflow/.local/lib/python3.12/site-packages/airflow/example_dags/example_skip_dag.py took 0.173 seconds
[2025-04-21T11:48:37.534+0000] {processor.py:186} INFO - Started process (PID=7001) to work on /home/airflow/.local/lib/python3.12/site-packages/airflow/example_dags/example_skip_dag.py
[2025-04-21T11:48:37.536+0000] {processor.py:914} INFO - Processing file /home/airflow/.local/lib/python3.12/site-packages/airflow/example_dags/example_skip_dag.py for tasks to queue
[2025-04-21T11:48:37.541+0000] {logging_mixin.py:190} INFO - [2025-04-21T11:48:37.540+0000] {dagbag.py:588} INFO - Filling up the DagBag from /home/airflow/.local/lib/python3.12/site-packages/airflow/example_dags/example_skip_dag.py
[2025-04-21T11:48:37.557+0000] {processor.py:925} INFO - DAG(s) 'example_skip_dag' retrieved from /home/airflow/.local/lib/python3.12/site-packages/airflow/example_dags/example_skip_dag.py
[2025-04-21T11:48:37.604+0000] {logging_mixin.py:190} INFO - [2025-04-21T11:48:37.604+0000] {dag.py:3239} INFO - Sync 1 DAGs
[2025-04-21T11:48:37.656+0000] {logging_mixin.py:190} INFO - [2025-04-21T11:48:37.655+0000] {dag.py:4180} INFO - Setting next_dagrun for example_skip_dag to 2025-04-20 00:00:00+00:00, run_after=2025-04-21 00:00:00+00:00
[2025-04-21T11:48:37.698+0000] {processor.py:208} INFO - Processing /home/airflow/.local/lib/python3.12/site-packages/airflow/example_dags/example_skip_dag.py took 0.177 seconds
[2025-04-21T11:49:07.788+0000] {processor.py:186} INFO - Started process (PID=7064) to work on /home/airflow/.local/lib/python3.12/site-packages/airflow/example_dags/example_skip_dag.py
[2025-04-21T11:49:07.789+0000] {processor.py:914} INFO - Processing file /home/airflow/.local/lib/python3.12/site-packages/airflow/example_dags/example_skip_dag.py for tasks to queue
[2025-04-21T11:49:07.792+0000] {logging_mixin.py:190} INFO - [2025-04-21T11:49:07.792+0000] {dagbag.py:588} INFO - Filling up the DagBag from /home/airflow/.local/lib/python3.12/site-packages/airflow/example_dags/example_skip_dag.py
[2025-04-21T11:49:07.803+0000] {processor.py:925} INFO - DAG(s) 'example_skip_dag' retrieved from /home/airflow/.local/lib/python3.12/site-packages/airflow/example_dags/example_skip_dag.py
[2025-04-21T11:49:07.844+0000] {logging_mixin.py:190} INFO - [2025-04-21T11:49:07.844+0000] {dag.py:3239} INFO - Sync 1 DAGs
[2025-04-21T11:49:07.880+0000] {logging_mixin.py:190} INFO - [2025-04-21T11:49:07.879+0000] {dag.py:4180} INFO - Setting next_dagrun for example_skip_dag to 2025-04-20 00:00:00+00:00, run_after=2025-04-21 00:00:00+00:00
[2025-04-21T11:49:07.917+0000] {processor.py:208} INFO - Processing /home/airflow/.local/lib/python3.12/site-packages/airflow/example_dags/example_skip_dag.py took 0.137 seconds
[2025-04-21T11:49:38.033+0000] {processor.py:186} INFO - Started process (PID=7128) to work on /home/airflow/.local/lib/python3.12/site-packages/airflow/example_dags/example_skip_dag.py
[2025-04-21T11:49:38.034+0000] {processor.py:914} INFO - Processing file /home/airflow/.local/lib/python3.12/site-packages/airflow/example_dags/example_skip_dag.py for tasks to queue
[2025-04-21T11:49:38.037+0000] {logging_mixin.py:190} INFO - [2025-04-21T11:49:38.037+0000] {dagbag.py:588} INFO - Filling up the DagBag from /home/airflow/.local/lib/python3.12/site-packages/airflow/example_dags/example_skip_dag.py
[2025-04-21T11:49:38.048+0000] {processor.py:925} INFO - DAG(s) 'example_skip_dag' retrieved from /home/airflow/.local/lib/python3.12/site-packages/airflow/example_dags/example_skip_dag.py
[2025-04-21T11:49:38.094+0000] {logging_mixin.py:190} INFO - [2025-04-21T11:49:38.094+0000] {dag.py:3239} INFO - Sync 1 DAGs
[2025-04-21T11:49:38.146+0000] {logging_mixin.py:190} INFO - [2025-04-21T11:49:38.145+0000] {dag.py:4180} INFO - Setting next_dagrun for example_skip_dag to 2025-04-20 00:00:00+00:00, run_after=2025-04-21 00:00:00+00:00
[2025-04-21T11:49:38.180+0000] {processor.py:208} INFO - Processing /home/airflow/.local/lib/python3.12/site-packages/airflow/example_dags/example_skip_dag.py took 0.154 seconds
[2025-04-21T11:50:08.316+0000] {processor.py:186} INFO - Started process (PID=7192) to work on /home/airflow/.local/lib/python3.12/site-packages/airflow/example_dags/example_skip_dag.py
[2025-04-21T11:50:08.317+0000] {processor.py:914} INFO - Processing file /home/airflow/.local/lib/python3.12/site-packages/airflow/example_dags/example_skip_dag.py for tasks to queue
[2025-04-21T11:50:08.323+0000] {logging_mixin.py:190} INFO - [2025-04-21T11:50:08.322+0000] {dagbag.py:588} INFO - Filling up the DagBag from /home/airflow/.local/lib/python3.12/site-packages/airflow/example_dags/example_skip_dag.py
[2025-04-21T11:50:08.339+0000] {processor.py:925} INFO - DAG(s) 'example_skip_dag' retrieved from /home/airflow/.local/lib/python3.12/site-packages/airflow/example_dags/example_skip_dag.py
[2025-04-21T11:50:08.373+0000] {logging_mixin.py:190} INFO - [2025-04-21T11:50:08.373+0000] {dag.py:3239} INFO - Sync 1 DAGs
[2025-04-21T11:50:08.413+0000] {logging_mixin.py:190} INFO - [2025-04-21T11:50:08.412+0000] {dag.py:4180} INFO - Setting next_dagrun for example_skip_dag to 2025-04-20 00:00:00+00:00, run_after=2025-04-21 00:00:00+00:00
[2025-04-21T11:50:08.444+0000] {processor.py:208} INFO - Processing /home/airflow/.local/lib/python3.12/site-packages/airflow/example_dags/example_skip_dag.py took 0.144 seconds
[2025-04-21T11:50:39.343+0000] {processor.py:186} INFO - Started process (PID=7256) to work on /home/airflow/.local/lib/python3.12/site-packages/airflow/example_dags/example_skip_dag.py
[2025-04-21T11:50:39.345+0000] {processor.py:914} INFO - Processing file /home/airflow/.local/lib/python3.12/site-packages/airflow/example_dags/example_skip_dag.py for tasks to queue
[2025-04-21T11:50:39.348+0000] {logging_mixin.py:190} INFO - [2025-04-21T11:50:39.347+0000] {dagbag.py:588} INFO - Filling up the DagBag from /home/airflow/.local/lib/python3.12/site-packages/airflow/example_dags/example_skip_dag.py
[2025-04-21T11:50:39.360+0000] {processor.py:925} INFO - DAG(s) 'example_skip_dag' retrieved from /home/airflow/.local/lib/python3.12/site-packages/airflow/example_dags/example_skip_dag.py
[2025-04-21T11:50:39.395+0000] {logging_mixin.py:190} INFO - [2025-04-21T11:50:39.395+0000] {dag.py:3239} INFO - Sync 1 DAGs
[2025-04-21T11:50:39.430+0000] {logging_mixin.py:190} INFO - [2025-04-21T11:50:39.430+0000] {dag.py:4180} INFO - Setting next_dagrun for example_skip_dag to 2025-04-20 00:00:00+00:00, run_after=2025-04-21 00:00:00+00:00
[2025-04-21T11:50:39.459+0000] {processor.py:208} INFO - Processing /home/airflow/.local/lib/python3.12/site-packages/airflow/example_dags/example_skip_dag.py took 0.123 seconds
[2025-04-21T11:51:10.043+0000] {processor.py:186} INFO - Started process (PID=7326) to work on /home/airflow/.local/lib/python3.12/site-packages/airflow/example_dags/example_skip_dag.py
[2025-04-21T11:51:10.044+0000] {processor.py:914} INFO - Processing file /home/airflow/.local/lib/python3.12/site-packages/airflow/example_dags/example_skip_dag.py for tasks to queue
[2025-04-21T11:51:10.048+0000] {logging_mixin.py:190} INFO - [2025-04-21T11:51:10.048+0000] {dagbag.py:588} INFO - Filling up the DagBag from /home/airflow/.local/lib/python3.12/site-packages/airflow/example_dags/example_skip_dag.py
[2025-04-21T11:51:10.061+0000] {processor.py:925} INFO - DAG(s) 'example_skip_dag' retrieved from /home/airflow/.local/lib/python3.12/site-packages/airflow/example_dags/example_skip_dag.py
[2025-04-21T11:51:10.092+0000] {logging_mixin.py:190} INFO - [2025-04-21T11:51:10.092+0000] {dag.py:3239} INFO - Sync 1 DAGs
[2025-04-21T11:51:10.126+0000] {logging_mixin.py:190} INFO - [2025-04-21T11:51:10.126+0000] {dag.py:4180} INFO - Setting next_dagrun for example_skip_dag to 2025-04-20 00:00:00+00:00, run_after=2025-04-21 00:00:00+00:00
[2025-04-21T11:51:10.154+0000] {processor.py:208} INFO - Processing /home/airflow/.local/lib/python3.12/site-packages/airflow/example_dags/example_skip_dag.py took 0.120 seconds
[2025-04-21T11:51:40.291+0000] {processor.py:186} INFO - Started process (PID=7390) to work on /home/airflow/.local/lib/python3.12/site-packages/airflow/example_dags/example_skip_dag.py
[2025-04-21T11:51:40.292+0000] {processor.py:914} INFO - Processing file /home/airflow/.local/lib/python3.12/site-packages/airflow/example_dags/example_skip_dag.py for tasks to queue
[2025-04-21T11:51:40.298+0000] {logging_mixin.py:190} INFO - [2025-04-21T11:51:40.297+0000] {dagbag.py:588} INFO - Filling up the DagBag from /home/airflow/.local/lib/python3.12/site-packages/airflow/example_dags/example_skip_dag.py
[2025-04-21T11:51:40.316+0000] {processor.py:925} INFO - DAG(s) 'example_skip_dag' retrieved from /home/airflow/.local/lib/python3.12/site-packages/airflow/example_dags/example_skip_dag.py
[2025-04-21T11:51:40.355+0000] {logging_mixin.py:190} INFO - [2025-04-21T11:51:40.355+0000] {dag.py:3239} INFO - Sync 1 DAGs
[2025-04-21T11:51:40.402+0000] {logging_mixin.py:190} INFO - [2025-04-21T11:51:40.401+0000] {dag.py:4180} INFO - Setting next_dagrun for example_skip_dag to 2025-04-20 00:00:00+00:00, run_after=2025-04-21 00:00:00+00:00
[2025-04-21T11:51:40.439+0000] {processor.py:208} INFO - Processing /home/airflow/.local/lib/python3.12/site-packages/airflow/example_dags/example_skip_dag.py took 0.160 seconds
[2025-04-21T11:52:13.139+0000] {processor.py:186} INFO - Started process (PID=7454) to work on /home/airflow/.local/lib/python3.12/site-packages/airflow/example_dags/example_skip_dag.py
[2025-04-21T11:52:13.141+0000] {processor.py:914} INFO - Processing file /home/airflow/.local/lib/python3.12/site-packages/airflow/example_dags/example_skip_dag.py for tasks to queue
[2025-04-21T11:52:13.147+0000] {logging_mixin.py:190} INFO - [2025-04-21T11:52:13.146+0000] {dagbag.py:588} INFO - Filling up the DagBag from /home/airflow/.local/lib/python3.12/site-packages/airflow/example_dags/example_skip_dag.py
[2025-04-21T11:52:13.164+0000] {processor.py:925} INFO - DAG(s) 'example_skip_dag' retrieved from /home/airflow/.local/lib/python3.12/site-packages/airflow/example_dags/example_skip_dag.py
[2025-04-21T11:52:13.209+0000] {logging_mixin.py:190} INFO - [2025-04-21T11:52:13.209+0000] {dag.py:3239} INFO - Sync 1 DAGs
[2025-04-21T11:52:13.258+0000] {logging_mixin.py:190} INFO - [2025-04-21T11:52:13.257+0000] {dag.py:4180} INFO - Setting next_dagrun for example_skip_dag to 2025-04-20 00:00:00+00:00, run_after=2025-04-21 00:00:00+00:00
[2025-04-21T11:52:13.294+0000] {processor.py:208} INFO - Processing /home/airflow/.local/lib/python3.12/site-packages/airflow/example_dags/example_skip_dag.py took 0.166 seconds
[2025-04-21T11:52:44.048+0000] {processor.py:186} INFO - Started process (PID=7518) to work on /home/airflow/.local/lib/python3.12/site-packages/airflow/example_dags/example_skip_dag.py
[2025-04-21T11:52:44.050+0000] {processor.py:914} INFO - Processing file /home/airflow/.local/lib/python3.12/site-packages/airflow/example_dags/example_skip_dag.py for tasks to queue
[2025-04-21T11:52:44.054+0000] {logging_mixin.py:190} INFO - [2025-04-21T11:52:44.053+0000] {dagbag.py:588} INFO - Filling up the DagBag from /home/airflow/.local/lib/python3.12/site-packages/airflow/example_dags/example_skip_dag.py
[2025-04-21T11:52:44.065+0000] {processor.py:925} INFO - DAG(s) 'example_skip_dag' retrieved from /home/airflow/.local/lib/python3.12/site-packages/airflow/example_dags/example_skip_dag.py
[2025-04-21T11:52:44.100+0000] {logging_mixin.py:190} INFO - [2025-04-21T11:52:44.099+0000] {dag.py:3239} INFO - Sync 1 DAGs
[2025-04-21T11:52:44.146+0000] {logging_mixin.py:190} INFO - [2025-04-21T11:52:44.145+0000] {dag.py:4180} INFO - Setting next_dagrun for example_skip_dag to 2025-04-20 00:00:00+00:00, run_after=2025-04-21 00:00:00+00:00
[2025-04-21T11:52:44.182+0000] {processor.py:208} INFO - Processing /home/airflow/.local/lib/python3.12/site-packages/airflow/example_dags/example_skip_dag.py took 0.145 seconds
[2025-04-21T11:53:15.518+0000] {processor.py:186} INFO - Started process (PID=7582) to work on /home/airflow/.local/lib/python3.12/site-packages/airflow/example_dags/example_skip_dag.py
[2025-04-21T11:53:15.519+0000] {processor.py:914} INFO - Processing file /home/airflow/.local/lib/python3.12/site-packages/airflow/example_dags/example_skip_dag.py for tasks to queue
[2025-04-21T11:53:15.524+0000] {logging_mixin.py:190} INFO - [2025-04-21T11:53:15.523+0000] {dagbag.py:588} INFO - Filling up the DagBag from /home/airflow/.local/lib/python3.12/site-packages/airflow/example_dags/example_skip_dag.py
[2025-04-21T11:53:15.540+0000] {processor.py:925} INFO - DAG(s) 'example_skip_dag' retrieved from /home/airflow/.local/lib/python3.12/site-packages/airflow/example_dags/example_skip_dag.py
[2025-04-21T11:53:15.587+0000] {logging_mixin.py:190} INFO - [2025-04-21T11:53:15.586+0000] {dag.py:3239} INFO - Sync 1 DAGs
[2025-04-21T11:53:15.637+0000] {logging_mixin.py:190} INFO - [2025-04-21T11:53:15.636+0000] {dag.py:4180} INFO - Setting next_dagrun for example_skip_dag to 2025-04-20 00:00:00+00:00, run_after=2025-04-21 00:00:00+00:00
[2025-04-21T11:53:15.670+0000] {processor.py:208} INFO - Processing /home/airflow/.local/lib/python3.12/site-packages/airflow/example_dags/example_skip_dag.py took 0.163 seconds
[2025-04-21T11:53:46.064+0000] {processor.py:186} INFO - Started process (PID=7645) to work on /home/airflow/.local/lib/python3.12/site-packages/airflow/example_dags/example_skip_dag.py
[2025-04-21T11:53:46.066+0000] {processor.py:914} INFO - Processing file /home/airflow/.local/lib/python3.12/site-packages/airflow/example_dags/example_skip_dag.py for tasks to queue
[2025-04-21T11:53:46.069+0000] {logging_mixin.py:190} INFO - [2025-04-21T11:53:46.069+0000] {dagbag.py:588} INFO - Filling up the DagBag from /home/airflow/.local/lib/python3.12/site-packages/airflow/example_dags/example_skip_dag.py
[2025-04-21T11:53:46.080+0000] {processor.py:925} INFO - DAG(s) 'example_skip_dag' retrieved from /home/airflow/.local/lib/python3.12/site-packages/airflow/example_dags/example_skip_dag.py
[2025-04-21T11:53:46.126+0000] {logging_mixin.py:190} INFO - [2025-04-21T11:53:46.125+0000] {dag.py:3239} INFO - Sync 1 DAGs
[2025-04-21T11:53:46.172+0000] {logging_mixin.py:190} INFO - [2025-04-21T11:53:46.172+0000] {dag.py:4180} INFO - Setting next_dagrun for example_skip_dag to 2025-04-20 00:00:00+00:00, run_after=2025-04-21 00:00:00+00:00
[2025-04-21T11:53:46.214+0000] {processor.py:208} INFO - Processing /home/airflow/.local/lib/python3.12/site-packages/airflow/example_dags/example_skip_dag.py took 0.162 seconds
[2025-04-21T11:54:17.202+0000] {processor.py:186} INFO - Started process (PID=7709) to work on /home/airflow/.local/lib/python3.12/site-packages/airflow/example_dags/example_skip_dag.py
[2025-04-21T11:54:17.205+0000] {processor.py:914} INFO - Processing file /home/airflow/.local/lib/python3.12/site-packages/airflow/example_dags/example_skip_dag.py for tasks to queue
[2025-04-21T11:54:17.210+0000] {logging_mixin.py:190} INFO - [2025-04-21T11:54:17.209+0000] {dagbag.py:588} INFO - Filling up the DagBag from /home/airflow/.local/lib/python3.12/site-packages/airflow/example_dags/example_skip_dag.py
[2025-04-21T11:54:17.227+0000] {processor.py:925} INFO - DAG(s) 'example_skip_dag' retrieved from /home/airflow/.local/lib/python3.12/site-packages/airflow/example_dags/example_skip_dag.py
[2025-04-21T11:54:17.272+0000] {logging_mixin.py:190} INFO - [2025-04-21T11:54:17.272+0000] {dag.py:3239} INFO - Sync 1 DAGs
[2025-04-21T11:54:17.321+0000] {logging_mixin.py:190} INFO - [2025-04-21T11:54:17.321+0000] {dag.py:4180} INFO - Setting next_dagrun for example_skip_dag to 2025-04-20 00:00:00+00:00, run_after=2025-04-21 00:00:00+00:00
[2025-04-21T11:54:17.360+0000] {processor.py:208} INFO - Processing /home/airflow/.local/lib/python3.12/site-packages/airflow/example_dags/example_skip_dag.py took 0.169 seconds
[2025-04-21T11:54:48.072+0000] {processor.py:186} INFO - Started process (PID=7773) to work on /home/airflow/.local/lib/python3.12/site-packages/airflow/example_dags/example_skip_dag.py
[2025-04-21T11:54:48.073+0000] {processor.py:914} INFO - Processing file /home/airflow/.local/lib/python3.12/site-packages/airflow/example_dags/example_skip_dag.py for tasks to queue
[2025-04-21T11:54:48.076+0000] {logging_mixin.py:190} INFO - [2025-04-21T11:54:48.076+0000] {dagbag.py:588} INFO - Filling up the DagBag from /home/airflow/.local/lib/python3.12/site-packages/airflow/example_dags/example_skip_dag.py
[2025-04-21T11:54:48.085+0000] {processor.py:925} INFO - DAG(s) 'example_skip_dag' retrieved from /home/airflow/.local/lib/python3.12/site-packages/airflow/example_dags/example_skip_dag.py
[2025-04-21T11:54:48.110+0000] {logging_mixin.py:190} INFO - [2025-04-21T11:54:48.109+0000] {dag.py:3239} INFO - Sync 1 DAGs
[2025-04-21T11:54:48.138+0000] {logging_mixin.py:190} INFO - [2025-04-21T11:54:48.137+0000] {dag.py:4180} INFO - Setting next_dagrun for example_skip_dag to 2025-04-20 00:00:00+00:00, run_after=2025-04-21 00:00:00+00:00
[2025-04-21T11:54:48.158+0000] {processor.py:208} INFO - Processing /home/airflow/.local/lib/python3.12/site-packages/airflow/example_dags/example_skip_dag.py took 0.091 seconds
[2025-04-21T11:55:18.654+0000] {processor.py:186} INFO - Started process (PID=7836) to work on /home/airflow/.local/lib/python3.12/site-packages/airflow/example_dags/example_skip_dag.py
[2025-04-21T11:55:18.656+0000] {processor.py:914} INFO - Processing file /home/airflow/.local/lib/python3.12/site-packages/airflow/example_dags/example_skip_dag.py for tasks to queue
[2025-04-21T11:55:18.660+0000] {logging_mixin.py:190} INFO - [2025-04-21T11:55:18.659+0000] {dagbag.py:588} INFO - Filling up the DagBag from /home/airflow/.local/lib/python3.12/site-packages/airflow/example_dags/example_skip_dag.py
[2025-04-21T11:55:18.672+0000] {processor.py:925} INFO - DAG(s) 'example_skip_dag' retrieved from /home/airflow/.local/lib/python3.12/site-packages/airflow/example_dags/example_skip_dag.py
[2025-04-21T11:55:18.708+0000] {logging_mixin.py:190} INFO - [2025-04-21T11:55:18.707+0000] {dag.py:3239} INFO - Sync 1 DAGs
[2025-04-21T11:55:18.753+0000] {logging_mixin.py:190} INFO - [2025-04-21T11:55:18.752+0000] {dag.py:4180} INFO - Setting next_dagrun for example_skip_dag to 2025-04-20 00:00:00+00:00, run_after=2025-04-21 00:00:00+00:00
[2025-04-21T11:55:18.790+0000] {processor.py:208} INFO - Processing /home/airflow/.local/lib/python3.12/site-packages/airflow/example_dags/example_skip_dag.py took 0.148 seconds
[2025-04-21T11:55:49.585+0000] {processor.py:186} INFO - Started process (PID=7900) to work on /home/airflow/.local/lib/python3.12/site-packages/airflow/example_dags/example_skip_dag.py
[2025-04-21T11:55:49.587+0000] {processor.py:914} INFO - Processing file /home/airflow/.local/lib/python3.12/site-packages/airflow/example_dags/example_skip_dag.py for tasks to queue
[2025-04-21T11:55:49.593+0000] {logging_mixin.py:190} INFO - [2025-04-21T11:55:49.592+0000] {dagbag.py:588} INFO - Filling up the DagBag from /home/airflow/.local/lib/python3.12/site-packages/airflow/example_dags/example_skip_dag.py
[2025-04-21T11:55:49.609+0000] {processor.py:925} INFO - DAG(s) 'example_skip_dag' retrieved from /home/airflow/.local/lib/python3.12/site-packages/airflow/example_dags/example_skip_dag.py
[2025-04-21T11:55:49.654+0000] {logging_mixin.py:190} INFO - [2025-04-21T11:55:49.653+0000] {dag.py:3239} INFO - Sync 1 DAGs
[2025-04-21T11:55:49.701+0000] {logging_mixin.py:190} INFO - [2025-04-21T11:55:49.700+0000] {dag.py:4180} INFO - Setting next_dagrun for example_skip_dag to 2025-04-20 00:00:00+00:00, run_after=2025-04-21 00:00:00+00:00
[2025-04-21T11:55:49.738+0000] {processor.py:208} INFO - Processing /home/airflow/.local/lib/python3.12/site-packages/airflow/example_dags/example_skip_dag.py took 0.163 seconds
[2025-04-21T11:56:20.532+0000] {processor.py:186} INFO - Started process (PID=7964) to work on /home/airflow/.local/lib/python3.12/site-packages/airflow/example_dags/example_skip_dag.py
[2025-04-21T11:56:20.534+0000] {processor.py:914} INFO - Processing file /home/airflow/.local/lib/python3.12/site-packages/airflow/example_dags/example_skip_dag.py for tasks to queue
[2025-04-21T11:56:20.539+0000] {logging_mixin.py:190} INFO - [2025-04-21T11:56:20.539+0000] {dagbag.py:588} INFO - Filling up the DagBag from /home/airflow/.local/lib/python3.12/site-packages/airflow/example_dags/example_skip_dag.py
[2025-04-21T11:56:20.557+0000] {processor.py:925} INFO - DAG(s) 'example_skip_dag' retrieved from /home/airflow/.local/lib/python3.12/site-packages/airflow/example_dags/example_skip_dag.py
[2025-04-21T11:56:20.602+0000] {logging_mixin.py:190} INFO - [2025-04-21T11:56:20.601+0000] {dag.py:3239} INFO - Sync 1 DAGs
[2025-04-21T11:56:20.649+0000] {logging_mixin.py:190} INFO - [2025-04-21T11:56:20.649+0000] {dag.py:4180} INFO - Setting next_dagrun for example_skip_dag to 2025-04-20 00:00:00+00:00, run_after=2025-04-21 00:00:00+00:00
[2025-04-21T11:56:20.689+0000] {processor.py:208} INFO - Processing /home/airflow/.local/lib/python3.12/site-packages/airflow/example_dags/example_skip_dag.py took 0.169 seconds
[2025-04-21T11:56:51.667+0000] {processor.py:186} INFO - Started process (PID=8028) to work on /home/airflow/.local/lib/python3.12/site-packages/airflow/example_dags/example_skip_dag.py
[2025-04-21T11:56:51.669+0000] {processor.py:914} INFO - Processing file /home/airflow/.local/lib/python3.12/site-packages/airflow/example_dags/example_skip_dag.py for tasks to queue
[2025-04-21T11:56:51.675+0000] {logging_mixin.py:190} INFO - [2025-04-21T11:56:51.674+0000] {dagbag.py:588} INFO - Filling up the DagBag from /home/airflow/.local/lib/python3.12/site-packages/airflow/example_dags/example_skip_dag.py
[2025-04-21T11:56:51.692+0000] {processor.py:925} INFO - DAG(s) 'example_skip_dag' retrieved from /home/airflow/.local/lib/python3.12/site-packages/airflow/example_dags/example_skip_dag.py
[2025-04-21T11:56:51.742+0000] {logging_mixin.py:190} INFO - [2025-04-21T11:56:51.741+0000] {dag.py:3239} INFO - Sync 1 DAGs
[2025-04-21T11:56:51.793+0000] {logging_mixin.py:190} INFO - [2025-04-21T11:56:51.792+0000] {dag.py:4180} INFO - Setting next_dagrun for example_skip_dag to 2025-04-20 00:00:00+00:00, run_after=2025-04-21 00:00:00+00:00
[2025-04-21T11:56:51.832+0000] {processor.py:208} INFO - Processing /home/airflow/.local/lib/python3.12/site-packages/airflow/example_dags/example_skip_dag.py took 0.177 seconds
[2025-04-21T11:57:21.887+0000] {processor.py:186} INFO - Started process (PID=8092) to work on /home/airflow/.local/lib/python3.12/site-packages/airflow/example_dags/example_skip_dag.py
[2025-04-21T11:57:21.889+0000] {processor.py:914} INFO - Processing file /home/airflow/.local/lib/python3.12/site-packages/airflow/example_dags/example_skip_dag.py for tasks to queue
[2025-04-21T11:57:21.894+0000] {logging_mixin.py:190} INFO - [2025-04-21T11:57:21.894+0000] {dagbag.py:588} INFO - Filling up the DagBag from /home/airflow/.local/lib/python3.12/site-packages/airflow/example_dags/example_skip_dag.py
[2025-04-21T11:57:21.911+0000] {processor.py:925} INFO - DAG(s) 'example_skip_dag' retrieved from /home/airflow/.local/lib/python3.12/site-packages/airflow/example_dags/example_skip_dag.py
[2025-04-21T11:57:21.956+0000] {logging_mixin.py:190} INFO - [2025-04-21T11:57:21.955+0000] {dag.py:3239} INFO - Sync 1 DAGs
[2025-04-21T11:57:22.003+0000] {logging_mixin.py:190} INFO - [2025-04-21T11:57:22.003+0000] {dag.py:4180} INFO - Setting next_dagrun for example_skip_dag to 2025-04-20 00:00:00+00:00, run_after=2025-04-21 00:00:00+00:00
[2025-04-21T11:57:22.042+0000] {processor.py:208} INFO - Processing /home/airflow/.local/lib/python3.12/site-packages/airflow/example_dags/example_skip_dag.py took 0.166 seconds
[2025-04-21T11:57:53.219+0000] {processor.py:186} INFO - Started process (PID=8156) to work on /home/airflow/.local/lib/python3.12/site-packages/airflow/example_dags/example_skip_dag.py
[2025-04-21T11:57:53.220+0000] {processor.py:914} INFO - Processing file /home/airflow/.local/lib/python3.12/site-packages/airflow/example_dags/example_skip_dag.py for tasks to queue
[2025-04-21T11:57:53.226+0000] {logging_mixin.py:190} INFO - [2025-04-21T11:57:53.225+0000] {dagbag.py:588} INFO - Filling up the DagBag from /home/airflow/.local/lib/python3.12/site-packages/airflow/example_dags/example_skip_dag.py
[2025-04-21T11:57:53.242+0000] {processor.py:925} INFO - DAG(s) 'example_skip_dag' retrieved from /home/airflow/.local/lib/python3.12/site-packages/airflow/example_dags/example_skip_dag.py
[2025-04-21T11:57:53.286+0000] {logging_mixin.py:190} INFO - [2025-04-21T11:57:53.285+0000] {dag.py:3239} INFO - Sync 1 DAGs
[2025-04-21T11:57:53.338+0000] {logging_mixin.py:190} INFO - [2025-04-21T11:57:53.338+0000] {dag.py:4180} INFO - Setting next_dagrun for example_skip_dag to 2025-04-20 00:00:00+00:00, run_after=2025-04-21 00:00:00+00:00
[2025-04-21T11:57:53.377+0000] {processor.py:208} INFO - Processing /home/airflow/.local/lib/python3.12/site-packages/airflow/example_dags/example_skip_dag.py took 0.166 seconds
[2025-04-21T11:58:24.921+0000] {processor.py:186} INFO - Started process (PID=8220) to work on /home/airflow/.local/lib/python3.12/site-packages/airflow/example_dags/example_skip_dag.py
[2025-04-21T11:58:24.923+0000] {processor.py:914} INFO - Processing file /home/airflow/.local/lib/python3.12/site-packages/airflow/example_dags/example_skip_dag.py for tasks to queue
[2025-04-21T11:58:24.929+0000] {logging_mixin.py:190} INFO - [2025-04-21T11:58:24.928+0000] {dagbag.py:588} INFO - Filling up the DagBag from /home/airflow/.local/lib/python3.12/site-packages/airflow/example_dags/example_skip_dag.py
[2025-04-21T11:58:24.944+0000] {processor.py:925} INFO - DAG(s) 'example_skip_dag' retrieved from /home/airflow/.local/lib/python3.12/site-packages/airflow/example_dags/example_skip_dag.py
[2025-04-21T11:58:24.987+0000] {logging_mixin.py:190} INFO - [2025-04-21T11:58:24.987+0000] {dag.py:3239} INFO - Sync 1 DAGs
[2025-04-21T11:58:25.035+0000] {logging_mixin.py:190} INFO - [2025-04-21T11:58:25.034+0000] {dag.py:4180} INFO - Setting next_dagrun for example_skip_dag to 2025-04-20 00:00:00+00:00, run_after=2025-04-21 00:00:00+00:00
[2025-04-21T11:58:25.075+0000] {processor.py:208} INFO - Processing /home/airflow/.local/lib/python3.12/site-packages/airflow/example_dags/example_skip_dag.py took 0.165 seconds
[2025-04-21T11:58:56.520+0000] {processor.py:186} INFO - Started process (PID=8285) to work on /home/airflow/.local/lib/python3.12/site-packages/airflow/example_dags/example_skip_dag.py
[2025-04-21T11:58:56.522+0000] {processor.py:914} INFO - Processing file /home/airflow/.local/lib/python3.12/site-packages/airflow/example_dags/example_skip_dag.py for tasks to queue
[2025-04-21T11:58:56.526+0000] {logging_mixin.py:190} INFO - [2025-04-21T11:58:56.526+0000] {dagbag.py:588} INFO - Filling up the DagBag from /home/airflow/.local/lib/python3.12/site-packages/airflow/example_dags/example_skip_dag.py
[2025-04-21T11:58:56.536+0000] {processor.py:925} INFO - DAG(s) 'example_skip_dag' retrieved from /home/airflow/.local/lib/python3.12/site-packages/airflow/example_dags/example_skip_dag.py
[2025-04-21T11:58:56.564+0000] {logging_mixin.py:190} INFO - [2025-04-21T11:58:56.564+0000] {dag.py:3239} INFO - Sync 1 DAGs
[2025-04-21T11:58:56.596+0000] {logging_mixin.py:190} INFO - [2025-04-21T11:58:56.596+0000] {dag.py:4180} INFO - Setting next_dagrun for example_skip_dag to 2025-04-20 00:00:00+00:00, run_after=2025-04-21 00:00:00+00:00
[2025-04-21T11:58:56.620+0000] {processor.py:208} INFO - Processing /home/airflow/.local/lib/python3.12/site-packages/airflow/example_dags/example_skip_dag.py took 0.111 seconds
[2025-04-21T11:59:27.830+0000] {processor.py:186} INFO - Started process (PID=8349) to work on /home/airflow/.local/lib/python3.12/site-packages/airflow/example_dags/example_skip_dag.py
[2025-04-21T11:59:27.831+0000] {processor.py:914} INFO - Processing file /home/airflow/.local/lib/python3.12/site-packages/airflow/example_dags/example_skip_dag.py for tasks to queue
[2025-04-21T11:59:27.835+0000] {logging_mixin.py:190} INFO - [2025-04-21T11:59:27.834+0000] {dagbag.py:588} INFO - Filling up the DagBag from /home/airflow/.local/lib/python3.12/site-packages/airflow/example_dags/example_skip_dag.py
[2025-04-21T11:59:27.845+0000] {processor.py:925} INFO - DAG(s) 'example_skip_dag' retrieved from /home/airflow/.local/lib/python3.12/site-packages/airflow/example_dags/example_skip_dag.py
[2025-04-21T11:59:27.873+0000] {logging_mixin.py:190} INFO - [2025-04-21T11:59:27.873+0000] {dag.py:3239} INFO - Sync 1 DAGs
[2025-04-21T11:59:27.905+0000] {logging_mixin.py:190} INFO - [2025-04-21T11:59:27.905+0000] {dag.py:4180} INFO - Setting next_dagrun for example_skip_dag to 2025-04-20 00:00:00+00:00, run_after=2025-04-21 00:00:00+00:00
[2025-04-21T11:59:27.929+0000] {processor.py:208} INFO - Processing /home/airflow/.local/lib/python3.12/site-packages/airflow/example_dags/example_skip_dag.py took 0.107 seconds
[2025-04-21T11:59:59.299+0000] {processor.py:186} INFO - Started process (PID=8413) to work on /home/airflow/.local/lib/python3.12/site-packages/airflow/example_dags/example_skip_dag.py
[2025-04-21T11:59:59.301+0000] {processor.py:914} INFO - Processing file /home/airflow/.local/lib/python3.12/site-packages/airflow/example_dags/example_skip_dag.py for tasks to queue
[2025-04-21T11:59:59.306+0000] {logging_mixin.py:190} INFO - [2025-04-21T11:59:59.305+0000] {dagbag.py:588} INFO - Filling up the DagBag from /home/airflow/.local/lib/python3.12/site-packages/airflow/example_dags/example_skip_dag.py
[2025-04-21T11:59:59.322+0000] {processor.py:925} INFO - DAG(s) 'example_skip_dag' retrieved from /home/airflow/.local/lib/python3.12/site-packages/airflow/example_dags/example_skip_dag.py
[2025-04-21T11:59:59.367+0000] {logging_mixin.py:190} INFO - [2025-04-21T11:59:59.367+0000] {dag.py:3239} INFO - Sync 1 DAGs
[2025-04-21T11:59:59.414+0000] {logging_mixin.py:190} INFO - [2025-04-21T11:59:59.414+0000] {dag.py:4180} INFO - Setting next_dagrun for example_skip_dag to 2025-04-20 00:00:00+00:00, run_after=2025-04-21 00:00:00+00:00
[2025-04-21T11:59:59.454+0000] {processor.py:208} INFO - Processing /home/airflow/.local/lib/python3.12/site-packages/airflow/example_dags/example_skip_dag.py took 0.166 seconds
[2025-04-21T12:00:31.478+0000] {processor.py:186} INFO - Started process (PID=8477) to work on /home/airflow/.local/lib/python3.12/site-packages/airflow/example_dags/example_skip_dag.py
[2025-04-21T12:00:31.479+0000] {processor.py:914} INFO - Processing file /home/airflow/.local/lib/python3.12/site-packages/airflow/example_dags/example_skip_dag.py for tasks to queue
[2025-04-21T12:00:31.485+0000] {logging_mixin.py:190} INFO - [2025-04-21T12:00:31.484+0000] {dagbag.py:588} INFO - Filling up the DagBag from /home/airflow/.local/lib/python3.12/site-packages/airflow/example_dags/example_skip_dag.py
[2025-04-21T12:00:31.503+0000] {processor.py:925} INFO - DAG(s) 'example_skip_dag' retrieved from /home/airflow/.local/lib/python3.12/site-packages/airflow/example_dags/example_skip_dag.py
[2025-04-21T12:00:31.538+0000] {logging_mixin.py:190} INFO - [2025-04-21T12:00:31.538+0000] {dag.py:3239} INFO - Sync 1 DAGs
[2025-04-21T12:00:31.585+0000] {logging_mixin.py:190} INFO - [2025-04-21T12:00:31.585+0000] {dag.py:4180} INFO - Setting next_dagrun for example_skip_dag to 2025-04-20 00:00:00+00:00, run_after=2025-04-21 00:00:00+00:00
[2025-04-21T12:00:31.623+0000] {processor.py:208} INFO - Processing /home/airflow/.local/lib/python3.12/site-packages/airflow/example_dags/example_skip_dag.py took 0.157 seconds
[2025-04-21T12:01:02.763+0000] {processor.py:186} INFO - Started process (PID=8541) to work on /home/airflow/.local/lib/python3.12/site-packages/airflow/example_dags/example_skip_dag.py
[2025-04-21T12:01:02.765+0000] {processor.py:914} INFO - Processing file /home/airflow/.local/lib/python3.12/site-packages/airflow/example_dags/example_skip_dag.py for tasks to queue
[2025-04-21T12:01:02.768+0000] {logging_mixin.py:190} INFO - [2025-04-21T12:01:02.768+0000] {dagbag.py:588} INFO - Filling up the DagBag from /home/airflow/.local/lib/python3.12/site-packages/airflow/example_dags/example_skip_dag.py
[2025-04-21T12:01:02.779+0000] {processor.py:925} INFO - DAG(s) 'example_skip_dag' retrieved from /home/airflow/.local/lib/python3.12/site-packages/airflow/example_dags/example_skip_dag.py
[2025-04-21T12:01:02.815+0000] {logging_mixin.py:190} INFO - [2025-04-21T12:01:02.814+0000] {dag.py:3239} INFO - Sync 1 DAGs
[2025-04-21T12:01:02.867+0000] {logging_mixin.py:190} INFO - [2025-04-21T12:01:02.866+0000] {dag.py:4180} INFO - Setting next_dagrun for example_skip_dag to 2025-04-20 00:00:00+00:00, run_after=2025-04-21 00:00:00+00:00
[2025-04-21T12:01:02.906+0000] {processor.py:208} INFO - Processing /home/airflow/.local/lib/python3.12/site-packages/airflow/example_dags/example_skip_dag.py took 0.153 seconds
[2025-04-21T12:01:34.525+0000] {processor.py:186} INFO - Started process (PID=8605) to work on /home/airflow/.local/lib/python3.12/site-packages/airflow/example_dags/example_skip_dag.py
[2025-04-21T12:01:34.527+0000] {processor.py:914} INFO - Processing file /home/airflow/.local/lib/python3.12/site-packages/airflow/example_dags/example_skip_dag.py for tasks to queue
[2025-04-21T12:01:34.533+0000] {logging_mixin.py:190} INFO - [2025-04-21T12:01:34.532+0000] {dagbag.py:588} INFO - Filling up the DagBag from /home/airflow/.local/lib/python3.12/site-packages/airflow/example_dags/example_skip_dag.py
[2025-04-21T12:01:34.544+0000] {processor.py:925} INFO - DAG(s) 'example_skip_dag' retrieved from /home/airflow/.local/lib/python3.12/site-packages/airflow/example_dags/example_skip_dag.py
[2025-04-21T12:01:34.591+0000] {logging_mixin.py:190} INFO - [2025-04-21T12:01:34.591+0000] {dag.py:3239} INFO - Sync 1 DAGs
[2025-04-21T12:01:34.638+0000] {logging_mixin.py:190} INFO - [2025-04-21T12:01:34.637+0000] {dag.py:4180} INFO - Setting next_dagrun for example_skip_dag to 2025-04-20 00:00:00+00:00, run_after=2025-04-21 00:00:00+00:00
[2025-04-21T12:01:34.667+0000] {processor.py:208} INFO - Processing /home/airflow/.local/lib/python3.12/site-packages/airflow/example_dags/example_skip_dag.py took 0.153 seconds
[2025-04-21T12:02:06.265+0000] {processor.py:186} INFO - Started process (PID=8669) to work on /home/airflow/.local/lib/python3.12/site-packages/airflow/example_dags/example_skip_dag.py
[2025-04-21T12:02:06.267+0000] {processor.py:914} INFO - Processing file /home/airflow/.local/lib/python3.12/site-packages/airflow/example_dags/example_skip_dag.py for tasks to queue
[2025-04-21T12:02:06.273+0000] {logging_mixin.py:190} INFO - [2025-04-21T12:02:06.272+0000] {dagbag.py:588} INFO - Filling up the DagBag from /home/airflow/.local/lib/python3.12/site-packages/airflow/example_dags/example_skip_dag.py
[2025-04-21T12:02:06.290+0000] {processor.py:925} INFO - DAG(s) 'example_skip_dag' retrieved from /home/airflow/.local/lib/python3.12/site-packages/airflow/example_dags/example_skip_dag.py
[2025-04-21T12:02:06.323+0000] {logging_mixin.py:190} INFO - [2025-04-21T12:02:06.323+0000] {dag.py:3239} INFO - Sync 1 DAGs
[2025-04-21T12:02:06.357+0000] {logging_mixin.py:190} INFO - [2025-04-21T12:02:06.357+0000] {dag.py:4180} INFO - Setting next_dagrun for example_skip_dag to 2025-04-20 00:00:00+00:00, run_after=2025-04-21 00:00:00+00:00
[2025-04-21T12:02:06.393+0000] {processor.py:208} INFO - Processing /home/airflow/.local/lib/python3.12/site-packages/airflow/example_dags/example_skip_dag.py took 0.135 seconds
[2025-04-21T12:02:37.867+0000] {processor.py:186} INFO - Started process (PID=8733) to work on /home/airflow/.local/lib/python3.12/site-packages/airflow/example_dags/example_skip_dag.py
[2025-04-21T12:02:37.869+0000] {processor.py:914} INFO - Processing file /home/airflow/.local/lib/python3.12/site-packages/airflow/example_dags/example_skip_dag.py for tasks to queue
[2025-04-21T12:02:37.874+0000] {logging_mixin.py:190} INFO - [2025-04-21T12:02:37.873+0000] {dagbag.py:588} INFO - Filling up the DagBag from /home/airflow/.local/lib/python3.12/site-packages/airflow/example_dags/example_skip_dag.py
[2025-04-21T12:02:37.891+0000] {processor.py:925} INFO - DAG(s) 'example_skip_dag' retrieved from /home/airflow/.local/lib/python3.12/site-packages/airflow/example_dags/example_skip_dag.py
[2025-04-21T12:02:37.935+0000] {logging_mixin.py:190} INFO - [2025-04-21T12:02:37.935+0000] {dag.py:3239} INFO - Sync 1 DAGs
[2025-04-21T12:02:37.986+0000] {logging_mixin.py:190} INFO - [2025-04-21T12:02:37.985+0000] {dag.py:4180} INFO - Setting next_dagrun for example_skip_dag to 2025-04-20 00:00:00+00:00, run_after=2025-04-21 00:00:00+00:00
[2025-04-21T12:02:38.023+0000] {processor.py:208} INFO - Processing /home/airflow/.local/lib/python3.12/site-packages/airflow/example_dags/example_skip_dag.py took 0.169 seconds
[2025-04-21T12:03:09.311+0000] {processor.py:186} INFO - Started process (PID=8798) to work on /home/airflow/.local/lib/python3.12/site-packages/airflow/example_dags/example_skip_dag.py
[2025-04-21T12:03:09.312+0000] {processor.py:914} INFO - Processing file /home/airflow/.local/lib/python3.12/site-packages/airflow/example_dags/example_skip_dag.py for tasks to queue
[2025-04-21T12:03:09.316+0000] {logging_mixin.py:190} INFO - [2025-04-21T12:03:09.316+0000] {dagbag.py:588} INFO - Filling up the DagBag from /home/airflow/.local/lib/python3.12/site-packages/airflow/example_dags/example_skip_dag.py
[2025-04-21T12:03:09.333+0000] {processor.py:925} INFO - DAG(s) 'example_skip_dag' retrieved from /home/airflow/.local/lib/python3.12/site-packages/airflow/example_dags/example_skip_dag.py
[2025-04-21T12:03:09.371+0000] {logging_mixin.py:190} INFO - [2025-04-21T12:03:09.371+0000] {dag.py:3239} INFO - Sync 1 DAGs
[2025-04-21T12:03:09.407+0000] {logging_mixin.py:190} INFO - [2025-04-21T12:03:09.406+0000] {dag.py:4180} INFO - Setting next_dagrun for example_skip_dag to 2025-04-20 00:00:00+00:00, run_after=2025-04-21 00:00:00+00:00
[2025-04-21T12:03:09.442+0000] {processor.py:208} INFO - Processing /home/airflow/.local/lib/python3.12/site-packages/airflow/example_dags/example_skip_dag.py took 0.139 seconds
