[2025-04-21T10:53:02.374+0000] {processor.py:186} INFO - Started process (PID=88) to work on /home/airflow/.local/lib/python3.12/site-packages/airflow/example_dags/example_params_ui_tutorial.py
[2025-04-21T10:53:02.375+0000] {processor.py:914} INFO - Processing file /home/airflow/.local/lib/python3.12/site-packages/airflow/example_dags/example_params_ui_tutorial.py for tasks to queue
[2025-04-21T10:53:02.377+0000] {logging_mixin.py:190} INFO - [2025-04-21T10:53:02.377+0000] {dagbag.py:588} INFO - Filling up the DagBag from /home/airflow/.local/lib/python3.12/site-packages/airflow/example_dags/example_params_ui_tutorial.py
[2025-04-21T10:53:02.386+0000] {processor.py:925} INFO - DAG(s) 'example_params_ui_tutorial' retrieved from /home/airflow/.local/lib/python3.12/site-packages/airflow/example_dags/example_params_ui_tutorial.py
[2025-04-21T10:53:02.499+0000] {logging_mixin.py:190} INFO - [2025-04-21T10:53:02.498+0000] {override.py:1912} INFO - Created Permission View: can edit on DAG:example_params_ui_tutorial
[2025-04-21T10:53:02.509+0000] {logging_mixin.py:190} INFO - [2025-04-21T10:53:02.508+0000] {override.py:1912} INFO - Created Permission View: can read on DAG:example_params_ui_tutorial
[2025-04-21T10:53:02.515+0000] {logging_mixin.py:190} INFO - [2025-04-21T10:53:02.514+0000] {override.py:1912} INFO - Created Permission View: can delete on DAG:example_params_ui_tutorial
[2025-04-21T10:53:02.522+0000] {logging_mixin.py:190} INFO - [2025-04-21T10:53:02.522+0000] {override.py:1912} INFO - Created Permission View: menu access on DAG Run:example_params_ui_tutorial
[2025-04-21T10:53:02.530+0000] {logging_mixin.py:190} INFO - [2025-04-21T10:53:02.530+0000] {override.py:1912} INFO - Created Permission View: can create on DAG Run:example_params_ui_tutorial
[2025-04-21T10:53:02.541+0000] {logging_mixin.py:190} INFO - [2025-04-21T10:53:02.540+0000] {override.py:1912} INFO - Created Permission View: can read on DAG Run:example_params_ui_tutorial
[2025-04-21T10:53:02.548+0000] {logging_mixin.py:190} INFO - [2025-04-21T10:53:02.548+0000] {override.py:1912} INFO - Created Permission View: can delete on DAG Run:example_params_ui_tutorial
[2025-04-21T10:53:02.549+0000] {logging_mixin.py:190} INFO - [2025-04-21T10:53:02.548+0000] {dag.py:3239} INFO - Sync 1 DAGs
[2025-04-21T10:53:02.561+0000] {logging_mixin.py:190} INFO - [2025-04-21T10:53:02.561+0000] {dag.py:3262} INFO - Creating ORM DAG for example_params_ui_tutorial
[2025-04-21T10:53:02.562+0000] {logging_mixin.py:190} INFO - [2025-04-21T10:53:02.562+0000] {dag.py:4180} INFO - Setting next_dagrun for example_params_ui_tutorial to None, run_after=None
[2025-04-21T10:53:02.580+0000] {processor.py:208} INFO - Processing /home/airflow/.local/lib/python3.12/site-packages/airflow/example_dags/example_params_ui_tutorial.py took 0.211 seconds
[2025-04-21T10:53:33.568+0000] {processor.py:186} INFO - Started process (PID=157) to work on /home/airflow/.local/lib/python3.12/site-packages/airflow/example_dags/example_params_ui_tutorial.py
[2025-04-21T10:53:33.569+0000] {processor.py:914} INFO - Processing file /home/airflow/.local/lib/python3.12/site-packages/airflow/example_dags/example_params_ui_tutorial.py for tasks to queue
[2025-04-21T10:53:33.572+0000] {logging_mixin.py:190} INFO - [2025-04-21T10:53:33.571+0000] {dagbag.py:588} INFO - Filling up the DagBag from /home/airflow/.local/lib/python3.12/site-packages/airflow/example_dags/example_params_ui_tutorial.py
[2025-04-21T10:53:33.581+0000] {processor.py:925} INFO - DAG(s) 'example_params_ui_tutorial' retrieved from /home/airflow/.local/lib/python3.12/site-packages/airflow/example_dags/example_params_ui_tutorial.py
[2025-04-21T10:53:33.621+0000] {logging_mixin.py:190} INFO - [2025-04-21T10:53:33.621+0000] {dag.py:3239} INFO - Sync 1 DAGs
[2025-04-21T10:53:33.636+0000] {logging_mixin.py:190} INFO - [2025-04-21T10:53:33.636+0000] {dag.py:4180} INFO - Setting next_dagrun for example_params_ui_tutorial to None, run_after=None
[2025-04-21T10:53:33.655+0000] {processor.py:208} INFO - Processing /home/airflow/.local/lib/python3.12/site-packages/airflow/example_dags/example_params_ui_tutorial.py took 0.095 seconds
[2025-04-21T10:54:03.961+0000] {processor.py:186} INFO - Started process (PID=218) to work on /home/airflow/.local/lib/python3.12/site-packages/airflow/example_dags/example_params_ui_tutorial.py
[2025-04-21T10:54:03.962+0000] {processor.py:914} INFO - Processing file /home/airflow/.local/lib/python3.12/site-packages/airflow/example_dags/example_params_ui_tutorial.py for tasks to queue
[2025-04-21T10:54:03.964+0000] {logging_mixin.py:190} INFO - [2025-04-21T10:54:03.963+0000] {dagbag.py:588} INFO - Filling up the DagBag from /home/airflow/.local/lib/python3.12/site-packages/airflow/example_dags/example_params_ui_tutorial.py
[2025-04-21T10:54:03.970+0000] {processor.py:925} INFO - DAG(s) 'example_params_ui_tutorial' retrieved from /home/airflow/.local/lib/python3.12/site-packages/airflow/example_dags/example_params_ui_tutorial.py
[2025-04-21T10:54:04.000+0000] {logging_mixin.py:190} INFO - [2025-04-21T10:54:04.000+0000] {dag.py:3239} INFO - Sync 1 DAGs
[2025-04-21T10:54:04.010+0000] {logging_mixin.py:190} INFO - [2025-04-21T10:54:04.010+0000] {dag.py:4180} INFO - Setting next_dagrun for example_params_ui_tutorial to None, run_after=None
[2025-04-21T10:54:04.025+0000] {processor.py:208} INFO - Processing /home/airflow/.local/lib/python3.12/site-packages/airflow/example_dags/example_params_ui_tutorial.py took 0.068 seconds
[2025-04-21T10:54:34.147+0000] {processor.py:186} INFO - Started process (PID=281) to work on /home/airflow/.local/lib/python3.12/site-packages/airflow/example_dags/example_params_ui_tutorial.py
[2025-04-21T10:54:34.148+0000] {processor.py:914} INFO - Processing file /home/airflow/.local/lib/python3.12/site-packages/airflow/example_dags/example_params_ui_tutorial.py for tasks to queue
[2025-04-21T10:54:34.150+0000] {logging_mixin.py:190} INFO - [2025-04-21T10:54:34.150+0000] {dagbag.py:588} INFO - Filling up the DagBag from /home/airflow/.local/lib/python3.12/site-packages/airflow/example_dags/example_params_ui_tutorial.py
[2025-04-21T10:54:34.157+0000] {processor.py:925} INFO - DAG(s) 'example_params_ui_tutorial' retrieved from /home/airflow/.local/lib/python3.12/site-packages/airflow/example_dags/example_params_ui_tutorial.py
[2025-04-21T10:54:34.189+0000] {logging_mixin.py:190} INFO - [2025-04-21T10:54:34.189+0000] {dag.py:3239} INFO - Sync 1 DAGs
[2025-04-21T10:54:34.200+0000] {logging_mixin.py:190} INFO - [2025-04-21T10:54:34.200+0000] {dag.py:4180} INFO - Setting next_dagrun for example_params_ui_tutorial to None, run_after=None
[2025-04-21T10:54:34.217+0000] {processor.py:208} INFO - Processing /home/airflow/.local/lib/python3.12/site-packages/airflow/example_dags/example_params_ui_tutorial.py took 0.074 seconds
[2025-04-21T10:55:04.875+0000] {processor.py:186} INFO - Started process (PID=344) to work on /home/airflow/.local/lib/python3.12/site-packages/airflow/example_dags/example_params_ui_tutorial.py
[2025-04-21T10:55:04.875+0000] {processor.py:914} INFO - Processing file /home/airflow/.local/lib/python3.12/site-packages/airflow/example_dags/example_params_ui_tutorial.py for tasks to queue
[2025-04-21T10:55:04.877+0000] {logging_mixin.py:190} INFO - [2025-04-21T10:55:04.877+0000] {dagbag.py:588} INFO - Filling up the DagBag from /home/airflow/.local/lib/python3.12/site-packages/airflow/example_dags/example_params_ui_tutorial.py
[2025-04-21T10:55:04.883+0000] {processor.py:925} INFO - DAG(s) 'example_params_ui_tutorial' retrieved from /home/airflow/.local/lib/python3.12/site-packages/airflow/example_dags/example_params_ui_tutorial.py
[2025-04-21T10:55:04.915+0000] {logging_mixin.py:190} INFO - [2025-04-21T10:55:04.915+0000] {dag.py:3239} INFO - Sync 1 DAGs
[2025-04-21T10:55:04.927+0000] {logging_mixin.py:190} INFO - [2025-04-21T10:55:04.927+0000] {dag.py:4180} INFO - Setting next_dagrun for example_params_ui_tutorial to None, run_after=None
[2025-04-21T10:55:04.944+0000] {processor.py:208} INFO - Processing /home/airflow/.local/lib/python3.12/site-packages/airflow/example_dags/example_params_ui_tutorial.py took 0.073 seconds
[2025-04-21T10:55:35.328+0000] {processor.py:186} INFO - Started process (PID=406) to work on /home/airflow/.local/lib/python3.12/site-packages/airflow/example_dags/example_params_ui_tutorial.py
[2025-04-21T10:55:35.329+0000] {processor.py:914} INFO - Processing file /home/airflow/.local/lib/python3.12/site-packages/airflow/example_dags/example_params_ui_tutorial.py for tasks to queue
[2025-04-21T10:55:35.331+0000] {logging_mixin.py:190} INFO - [2025-04-21T10:55:35.330+0000] {dagbag.py:588} INFO - Filling up the DagBag from /home/airflow/.local/lib/python3.12/site-packages/airflow/example_dags/example_params_ui_tutorial.py
[2025-04-21T10:55:35.338+0000] {processor.py:925} INFO - DAG(s) 'example_params_ui_tutorial' retrieved from /home/airflow/.local/lib/python3.12/site-packages/airflow/example_dags/example_params_ui_tutorial.py
[2025-04-21T10:55:35.370+0000] {logging_mixin.py:190} INFO - [2025-04-21T10:55:35.370+0000] {dag.py:3239} INFO - Sync 1 DAGs
[2025-04-21T10:55:35.382+0000] {logging_mixin.py:190} INFO - [2025-04-21T10:55:35.381+0000] {dag.py:4180} INFO - Setting next_dagrun for example_params_ui_tutorial to None, run_after=None
[2025-04-21T10:55:35.397+0000] {processor.py:208} INFO - Processing /home/airflow/.local/lib/python3.12/site-packages/airflow/example_dags/example_params_ui_tutorial.py took 0.073 seconds
[2025-04-21T10:56:05.556+0000] {processor.py:186} INFO - Started process (PID=469) to work on /home/airflow/.local/lib/python3.12/site-packages/airflow/example_dags/example_params_ui_tutorial.py
[2025-04-21T10:56:05.557+0000] {processor.py:914} INFO - Processing file /home/airflow/.local/lib/python3.12/site-packages/airflow/example_dags/example_params_ui_tutorial.py for tasks to queue
[2025-04-21T10:56:05.558+0000] {logging_mixin.py:190} INFO - [2025-04-21T10:56:05.558+0000] {dagbag.py:588} INFO - Filling up the DagBag from /home/airflow/.local/lib/python3.12/site-packages/airflow/example_dags/example_params_ui_tutorial.py
[2025-04-21T10:56:05.565+0000] {processor.py:925} INFO - DAG(s) 'example_params_ui_tutorial' retrieved from /home/airflow/.local/lib/python3.12/site-packages/airflow/example_dags/example_params_ui_tutorial.py
[2025-04-21T10:56:05.595+0000] {logging_mixin.py:190} INFO - [2025-04-21T10:56:05.594+0000] {dag.py:3239} INFO - Sync 1 DAGs
[2025-04-21T10:56:05.605+0000] {logging_mixin.py:190} INFO - [2025-04-21T10:56:05.604+0000] {dag.py:4180} INFO - Setting next_dagrun for example_params_ui_tutorial to None, run_after=None
[2025-04-21T10:56:05.619+0000] {processor.py:208} INFO - Processing /home/airflow/.local/lib/python3.12/site-packages/airflow/example_dags/example_params_ui_tutorial.py took 0.067 seconds
[2025-04-21T10:56:35.855+0000] {processor.py:186} INFO - Started process (PID=532) to work on /home/airflow/.local/lib/python3.12/site-packages/airflow/example_dags/example_params_ui_tutorial.py
[2025-04-21T10:56:35.856+0000] {processor.py:914} INFO - Processing file /home/airflow/.local/lib/python3.12/site-packages/airflow/example_dags/example_params_ui_tutorial.py for tasks to queue
[2025-04-21T10:56:35.858+0000] {logging_mixin.py:190} INFO - [2025-04-21T10:56:35.858+0000] {dagbag.py:588} INFO - Filling up the DagBag from /home/airflow/.local/lib/python3.12/site-packages/airflow/example_dags/example_params_ui_tutorial.py
[2025-04-21T10:56:35.865+0000] {processor.py:925} INFO - DAG(s) 'example_params_ui_tutorial' retrieved from /home/airflow/.local/lib/python3.12/site-packages/airflow/example_dags/example_params_ui_tutorial.py
[2025-04-21T10:56:35.895+0000] {logging_mixin.py:190} INFO - [2025-04-21T10:56:35.895+0000] {dag.py:3239} INFO - Sync 1 DAGs
[2025-04-21T10:56:35.906+0000] {logging_mixin.py:190} INFO - [2025-04-21T10:56:35.906+0000] {dag.py:4180} INFO - Setting next_dagrun for example_params_ui_tutorial to None, run_after=None
[2025-04-21T10:56:35.919+0000] {processor.py:208} INFO - Processing /home/airflow/.local/lib/python3.12/site-packages/airflow/example_dags/example_params_ui_tutorial.py took 0.067 seconds
[2025-04-21T10:57:06.297+0000] {processor.py:186} INFO - Started process (PID=594) to work on /home/airflow/.local/lib/python3.12/site-packages/airflow/example_dags/example_params_ui_tutorial.py
[2025-04-21T10:57:06.297+0000] {processor.py:914} INFO - Processing file /home/airflow/.local/lib/python3.12/site-packages/airflow/example_dags/example_params_ui_tutorial.py for tasks to queue
[2025-04-21T10:57:06.300+0000] {logging_mixin.py:190} INFO - [2025-04-21T10:57:06.299+0000] {dagbag.py:588} INFO - Filling up the DagBag from /home/airflow/.local/lib/python3.12/site-packages/airflow/example_dags/example_params_ui_tutorial.py
[2025-04-21T10:57:06.306+0000] {processor.py:925} INFO - DAG(s) 'example_params_ui_tutorial' retrieved from /home/airflow/.local/lib/python3.12/site-packages/airflow/example_dags/example_params_ui_tutorial.py
[2025-04-21T10:57:06.337+0000] {logging_mixin.py:190} INFO - [2025-04-21T10:57:06.336+0000] {dag.py:3239} INFO - Sync 1 DAGs
[2025-04-21T10:57:06.348+0000] {logging_mixin.py:190} INFO - [2025-04-21T10:57:06.347+0000] {dag.py:4180} INFO - Setting next_dagrun for example_params_ui_tutorial to None, run_after=None
[2025-04-21T10:57:06.361+0000] {processor.py:208} INFO - Processing /home/airflow/.local/lib/python3.12/site-packages/airflow/example_dags/example_params_ui_tutorial.py took 0.068 seconds
[2025-04-21T10:57:36.515+0000] {processor.py:186} INFO - Started process (PID=657) to work on /home/airflow/.local/lib/python3.12/site-packages/airflow/example_dags/example_params_ui_tutorial.py
[2025-04-21T10:57:36.515+0000] {processor.py:914} INFO - Processing file /home/airflow/.local/lib/python3.12/site-packages/airflow/example_dags/example_params_ui_tutorial.py for tasks to queue
[2025-04-21T10:57:36.517+0000] {logging_mixin.py:190} INFO - [2025-04-21T10:57:36.517+0000] {dagbag.py:588} INFO - Filling up the DagBag from /home/airflow/.local/lib/python3.12/site-packages/airflow/example_dags/example_params_ui_tutorial.py
[2025-04-21T10:57:36.524+0000] {processor.py:925} INFO - DAG(s) 'example_params_ui_tutorial' retrieved from /home/airflow/.local/lib/python3.12/site-packages/airflow/example_dags/example_params_ui_tutorial.py
[2025-04-21T10:57:36.555+0000] {logging_mixin.py:190} INFO - [2025-04-21T10:57:36.555+0000] {dag.py:3239} INFO - Sync 1 DAGs
[2025-04-21T10:57:36.566+0000] {logging_mixin.py:190} INFO - [2025-04-21T10:57:36.566+0000] {dag.py:4180} INFO - Setting next_dagrun for example_params_ui_tutorial to None, run_after=None
[2025-04-21T10:57:36.584+0000] {processor.py:208} INFO - Processing /home/airflow/.local/lib/python3.12/site-packages/airflow/example_dags/example_params_ui_tutorial.py took 0.074 seconds
[2025-04-21T10:58:06.627+0000] {processor.py:186} INFO - Started process (PID=720) to work on /home/airflow/.local/lib/python3.12/site-packages/airflow/example_dags/example_params_ui_tutorial.py
[2025-04-21T10:58:06.628+0000] {processor.py:914} INFO - Processing file /home/airflow/.local/lib/python3.12/site-packages/airflow/example_dags/example_params_ui_tutorial.py for tasks to queue
[2025-04-21T10:58:06.630+0000] {logging_mixin.py:190} INFO - [2025-04-21T10:58:06.629+0000] {dagbag.py:588} INFO - Filling up the DagBag from /home/airflow/.local/lib/python3.12/site-packages/airflow/example_dags/example_params_ui_tutorial.py
[2025-04-21T10:58:06.637+0000] {processor.py:925} INFO - DAG(s) 'example_params_ui_tutorial' retrieved from /home/airflow/.local/lib/python3.12/site-packages/airflow/example_dags/example_params_ui_tutorial.py
[2025-04-21T10:58:06.667+0000] {logging_mixin.py:190} INFO - [2025-04-21T10:58:06.667+0000] {dag.py:3239} INFO - Sync 1 DAGs
[2025-04-21T10:58:06.679+0000] {logging_mixin.py:190} INFO - [2025-04-21T10:58:06.678+0000] {dag.py:4180} INFO - Setting next_dagrun for example_params_ui_tutorial to None, run_after=None
[2025-04-21T10:58:06.692+0000] {processor.py:208} INFO - Processing /home/airflow/.local/lib/python3.12/site-packages/airflow/example_dags/example_params_ui_tutorial.py took 0.069 seconds
[2025-04-21T10:58:36.734+0000] {processor.py:186} INFO - Started process (PID=783) to work on /home/airflow/.local/lib/python3.12/site-packages/airflow/example_dags/example_params_ui_tutorial.py
[2025-04-21T10:58:36.735+0000] {processor.py:914} INFO - Processing file /home/airflow/.local/lib/python3.12/site-packages/airflow/example_dags/example_params_ui_tutorial.py for tasks to queue
[2025-04-21T10:58:36.737+0000] {logging_mixin.py:190} INFO - [2025-04-21T10:58:36.736+0000] {dagbag.py:588} INFO - Filling up the DagBag from /home/airflow/.local/lib/python3.12/site-packages/airflow/example_dags/example_params_ui_tutorial.py
[2025-04-21T10:58:36.743+0000] {processor.py:925} INFO - DAG(s) 'example_params_ui_tutorial' retrieved from /home/airflow/.local/lib/python3.12/site-packages/airflow/example_dags/example_params_ui_tutorial.py
[2025-04-21T10:58:36.774+0000] {logging_mixin.py:190} INFO - [2025-04-21T10:58:36.773+0000] {dag.py:3239} INFO - Sync 1 DAGs
[2025-04-21T10:58:36.784+0000] {logging_mixin.py:190} INFO - [2025-04-21T10:58:36.783+0000] {dag.py:4180} INFO - Setting next_dagrun for example_params_ui_tutorial to None, run_after=None
[2025-04-21T10:58:36.798+0000] {processor.py:208} INFO - Processing /home/airflow/.local/lib/python3.12/site-packages/airflow/example_dags/example_params_ui_tutorial.py took 0.068 seconds
[2025-04-21T10:59:07.150+0000] {processor.py:186} INFO - Started process (PID=846) to work on /home/airflow/.local/lib/python3.12/site-packages/airflow/example_dags/example_params_ui_tutorial.py
[2025-04-21T10:59:07.150+0000] {processor.py:914} INFO - Processing file /home/airflow/.local/lib/python3.12/site-packages/airflow/example_dags/example_params_ui_tutorial.py for tasks to queue
[2025-04-21T10:59:07.152+0000] {logging_mixin.py:190} INFO - [2025-04-21T10:59:07.152+0000] {dagbag.py:588} INFO - Filling up the DagBag from /home/airflow/.local/lib/python3.12/site-packages/airflow/example_dags/example_params_ui_tutorial.py
[2025-04-21T10:59:07.159+0000] {processor.py:925} INFO - DAG(s) 'example_params_ui_tutorial' retrieved from /home/airflow/.local/lib/python3.12/site-packages/airflow/example_dags/example_params_ui_tutorial.py
[2025-04-21T10:59:07.188+0000] {logging_mixin.py:190} INFO - [2025-04-21T10:59:07.188+0000] {dag.py:3239} INFO - Sync 1 DAGs
[2025-04-21T10:59:07.199+0000] {logging_mixin.py:190} INFO - [2025-04-21T10:59:07.199+0000] {dag.py:4180} INFO - Setting next_dagrun for example_params_ui_tutorial to None, run_after=None
[2025-04-21T10:59:07.213+0000] {processor.py:208} INFO - Processing /home/airflow/.local/lib/python3.12/site-packages/airflow/example_dags/example_params_ui_tutorial.py took 0.068 seconds
[2025-04-21T10:59:37.630+0000] {processor.py:186} INFO - Started process (PID=909) to work on /home/airflow/.local/lib/python3.12/site-packages/airflow/example_dags/example_params_ui_tutorial.py
[2025-04-21T10:59:37.631+0000] {processor.py:914} INFO - Processing file /home/airflow/.local/lib/python3.12/site-packages/airflow/example_dags/example_params_ui_tutorial.py for tasks to queue
[2025-04-21T10:59:37.633+0000] {logging_mixin.py:190} INFO - [2025-04-21T10:59:37.632+0000] {dagbag.py:588} INFO - Filling up the DagBag from /home/airflow/.local/lib/python3.12/site-packages/airflow/example_dags/example_params_ui_tutorial.py
[2025-04-21T10:59:37.639+0000] {processor.py:925} INFO - DAG(s) 'example_params_ui_tutorial' retrieved from /home/airflow/.local/lib/python3.12/site-packages/airflow/example_dags/example_params_ui_tutorial.py
[2025-04-21T10:59:37.676+0000] {logging_mixin.py:190} INFO - [2025-04-21T10:59:37.675+0000] {dag.py:3239} INFO - Sync 1 DAGs
[2025-04-21T10:59:37.689+0000] {logging_mixin.py:190} INFO - [2025-04-21T10:59:37.689+0000] {dag.py:4180} INFO - Setting next_dagrun for example_params_ui_tutorial to None, run_after=None
[2025-04-21T10:59:37.707+0000] {processor.py:208} INFO - Processing /home/airflow/.local/lib/python3.12/site-packages/airflow/example_dags/example_params_ui_tutorial.py took 0.082 seconds
[2025-04-21T11:00:07.969+0000] {processor.py:186} INFO - Started process (PID=972) to work on /home/airflow/.local/lib/python3.12/site-packages/airflow/example_dags/example_params_ui_tutorial.py
[2025-04-21T11:00:07.970+0000] {processor.py:914} INFO - Processing file /home/airflow/.local/lib/python3.12/site-packages/airflow/example_dags/example_params_ui_tutorial.py for tasks to queue
[2025-04-21T11:00:07.972+0000] {logging_mixin.py:190} INFO - [2025-04-21T11:00:07.972+0000] {dagbag.py:588} INFO - Filling up the DagBag from /home/airflow/.local/lib/python3.12/site-packages/airflow/example_dags/example_params_ui_tutorial.py
[2025-04-21T11:00:07.978+0000] {processor.py:925} INFO - DAG(s) 'example_params_ui_tutorial' retrieved from /home/airflow/.local/lib/python3.12/site-packages/airflow/example_dags/example_params_ui_tutorial.py
[2025-04-21T11:00:08.008+0000] {logging_mixin.py:190} INFO - [2025-04-21T11:00:08.008+0000] {dag.py:3239} INFO - Sync 1 DAGs
[2025-04-21T11:00:08.018+0000] {logging_mixin.py:190} INFO - [2025-04-21T11:00:08.018+0000] {dag.py:4180} INFO - Setting next_dagrun for example_params_ui_tutorial to None, run_after=None
[2025-04-21T11:00:08.032+0000] {processor.py:208} INFO - Processing /home/airflow/.local/lib/python3.12/site-packages/airflow/example_dags/example_params_ui_tutorial.py took 0.067 seconds
[2025-04-21T11:00:38.475+0000] {processor.py:186} INFO - Started process (PID=1035) to work on /home/airflow/.local/lib/python3.12/site-packages/airflow/example_dags/example_params_ui_tutorial.py
[2025-04-21T11:00:38.476+0000] {processor.py:914} INFO - Processing file /home/airflow/.local/lib/python3.12/site-packages/airflow/example_dags/example_params_ui_tutorial.py for tasks to queue
[2025-04-21T11:00:38.477+0000] {logging_mixin.py:190} INFO - [2025-04-21T11:00:38.477+0000] {dagbag.py:588} INFO - Filling up the DagBag from /home/airflow/.local/lib/python3.12/site-packages/airflow/example_dags/example_params_ui_tutorial.py
[2025-04-21T11:00:38.484+0000] {processor.py:925} INFO - DAG(s) 'example_params_ui_tutorial' retrieved from /home/airflow/.local/lib/python3.12/site-packages/airflow/example_dags/example_params_ui_tutorial.py
[2025-04-21T11:00:38.514+0000] {logging_mixin.py:190} INFO - [2025-04-21T11:00:38.514+0000] {dag.py:3239} INFO - Sync 1 DAGs
[2025-04-21T11:00:38.524+0000] {logging_mixin.py:190} INFO - [2025-04-21T11:00:38.524+0000] {dag.py:4180} INFO - Setting next_dagrun for example_params_ui_tutorial to None, run_after=None
[2025-04-21T11:00:38.539+0000] {processor.py:208} INFO - Processing /home/airflow/.local/lib/python3.12/site-packages/airflow/example_dags/example_params_ui_tutorial.py took 0.068 seconds
[2025-04-21T11:01:09.062+0000] {processor.py:186} INFO - Started process (PID=1098) to work on /home/airflow/.local/lib/python3.12/site-packages/airflow/example_dags/example_params_ui_tutorial.py
[2025-04-21T11:01:09.062+0000] {processor.py:914} INFO - Processing file /home/airflow/.local/lib/python3.12/site-packages/airflow/example_dags/example_params_ui_tutorial.py for tasks to queue
[2025-04-21T11:01:09.064+0000] {logging_mixin.py:190} INFO - [2025-04-21T11:01:09.064+0000] {dagbag.py:588} INFO - Filling up the DagBag from /home/airflow/.local/lib/python3.12/site-packages/airflow/example_dags/example_params_ui_tutorial.py
[2025-04-21T11:01:09.072+0000] {processor.py:925} INFO - DAG(s) 'example_params_ui_tutorial' retrieved from /home/airflow/.local/lib/python3.12/site-packages/airflow/example_dags/example_params_ui_tutorial.py
[2025-04-21T11:01:09.105+0000] {logging_mixin.py:190} INFO - [2025-04-21T11:01:09.105+0000] {dag.py:3239} INFO - Sync 1 DAGs
[2025-04-21T11:01:09.116+0000] {logging_mixin.py:190} INFO - [2025-04-21T11:01:09.116+0000] {dag.py:4180} INFO - Setting next_dagrun for example_params_ui_tutorial to None, run_after=None
[2025-04-21T11:01:09.133+0000] {processor.py:208} INFO - Processing /home/airflow/.local/lib/python3.12/site-packages/airflow/example_dags/example_params_ui_tutorial.py took 0.075 seconds
[2025-04-21T11:01:39.463+0000] {processor.py:186} INFO - Started process (PID=1161) to work on /home/airflow/.local/lib/python3.12/site-packages/airflow/example_dags/example_params_ui_tutorial.py
[2025-04-21T11:01:39.464+0000] {processor.py:914} INFO - Processing file /home/airflow/.local/lib/python3.12/site-packages/airflow/example_dags/example_params_ui_tutorial.py for tasks to queue
[2025-04-21T11:01:39.469+0000] {logging_mixin.py:190} INFO - [2025-04-21T11:01:39.469+0000] {dagbag.py:588} INFO - Filling up the DagBag from /home/airflow/.local/lib/python3.12/site-packages/airflow/example_dags/example_params_ui_tutorial.py
[2025-04-21T11:01:39.477+0000] {processor.py:925} INFO - DAG(s) 'example_params_ui_tutorial' retrieved from /home/airflow/.local/lib/python3.12/site-packages/airflow/example_dags/example_params_ui_tutorial.py
[2025-04-21T11:01:39.509+0000] {logging_mixin.py:190} INFO - [2025-04-21T11:01:39.509+0000] {dag.py:3239} INFO - Sync 1 DAGs
[2025-04-21T11:01:39.521+0000] {logging_mixin.py:190} INFO - [2025-04-21T11:01:39.521+0000] {dag.py:4180} INFO - Setting next_dagrun for example_params_ui_tutorial to None, run_after=None
[2025-04-21T11:01:39.536+0000] {processor.py:208} INFO - Processing /home/airflow/.local/lib/python3.12/site-packages/airflow/example_dags/example_params_ui_tutorial.py took 0.078 seconds
[2025-04-21T11:02:09.748+0000] {processor.py:186} INFO - Started process (PID=1224) to work on /home/airflow/.local/lib/python3.12/site-packages/airflow/example_dags/example_params_ui_tutorial.py
[2025-04-21T11:02:09.749+0000] {processor.py:914} INFO - Processing file /home/airflow/.local/lib/python3.12/site-packages/airflow/example_dags/example_params_ui_tutorial.py for tasks to queue
[2025-04-21T11:02:09.751+0000] {logging_mixin.py:190} INFO - [2025-04-21T11:02:09.750+0000] {dagbag.py:588} INFO - Filling up the DagBag from /home/airflow/.local/lib/python3.12/site-packages/airflow/example_dags/example_params_ui_tutorial.py
[2025-04-21T11:02:09.757+0000] {processor.py:925} INFO - DAG(s) 'example_params_ui_tutorial' retrieved from /home/airflow/.local/lib/python3.12/site-packages/airflow/example_dags/example_params_ui_tutorial.py
[2025-04-21T11:02:09.791+0000] {logging_mixin.py:190} INFO - [2025-04-21T11:02:09.791+0000] {dag.py:3239} INFO - Sync 1 DAGs
[2025-04-21T11:02:09.803+0000] {logging_mixin.py:190} INFO - [2025-04-21T11:02:09.803+0000] {dag.py:4180} INFO - Setting next_dagrun for example_params_ui_tutorial to None, run_after=None
[2025-04-21T11:02:09.818+0000] {processor.py:208} INFO - Processing /home/airflow/.local/lib/python3.12/site-packages/airflow/example_dags/example_params_ui_tutorial.py took 0.073 seconds
[2025-04-21T11:02:40.149+0000] {processor.py:186} INFO - Started process (PID=1287) to work on /home/airflow/.local/lib/python3.12/site-packages/airflow/example_dags/example_params_ui_tutorial.py
[2025-04-21T11:02:40.150+0000] {processor.py:914} INFO - Processing file /home/airflow/.local/lib/python3.12/site-packages/airflow/example_dags/example_params_ui_tutorial.py for tasks to queue
[2025-04-21T11:02:40.152+0000] {logging_mixin.py:190} INFO - [2025-04-21T11:02:40.152+0000] {dagbag.py:588} INFO - Filling up the DagBag from /home/airflow/.local/lib/python3.12/site-packages/airflow/example_dags/example_params_ui_tutorial.py
[2025-04-21T11:02:40.159+0000] {processor.py:925} INFO - DAG(s) 'example_params_ui_tutorial' retrieved from /home/airflow/.local/lib/python3.12/site-packages/airflow/example_dags/example_params_ui_tutorial.py
[2025-04-21T11:02:40.190+0000] {logging_mixin.py:190} INFO - [2025-04-21T11:02:40.190+0000] {dag.py:3239} INFO - Sync 1 DAGs
[2025-04-21T11:02:40.201+0000] {logging_mixin.py:190} INFO - [2025-04-21T11:02:40.201+0000] {dag.py:4180} INFO - Setting next_dagrun for example_params_ui_tutorial to None, run_after=None
[2025-04-21T11:02:40.216+0000] {processor.py:208} INFO - Processing /home/airflow/.local/lib/python3.12/site-packages/airflow/example_dags/example_params_ui_tutorial.py took 0.072 seconds
[2025-04-21T11:03:10.500+0000] {processor.py:186} INFO - Started process (PID=1350) to work on /home/airflow/.local/lib/python3.12/site-packages/airflow/example_dags/example_params_ui_tutorial.py
[2025-04-21T11:03:10.500+0000] {processor.py:914} INFO - Processing file /home/airflow/.local/lib/python3.12/site-packages/airflow/example_dags/example_params_ui_tutorial.py for tasks to queue
[2025-04-21T11:03:10.502+0000] {logging_mixin.py:190} INFO - [2025-04-21T11:03:10.502+0000] {dagbag.py:588} INFO - Filling up the DagBag from /home/airflow/.local/lib/python3.12/site-packages/airflow/example_dags/example_params_ui_tutorial.py
[2025-04-21T11:03:10.509+0000] {processor.py:925} INFO - DAG(s) 'example_params_ui_tutorial' retrieved from /home/airflow/.local/lib/python3.12/site-packages/airflow/example_dags/example_params_ui_tutorial.py
[2025-04-21T11:03:10.539+0000] {logging_mixin.py:190} INFO - [2025-04-21T11:03:10.539+0000] {dag.py:3239} INFO - Sync 1 DAGs
[2025-04-21T11:03:10.550+0000] {logging_mixin.py:190} INFO - [2025-04-21T11:03:10.550+0000] {dag.py:4180} INFO - Setting next_dagrun for example_params_ui_tutorial to None, run_after=None
[2025-04-21T11:03:10.564+0000] {processor.py:208} INFO - Processing /home/airflow/.local/lib/python3.12/site-packages/airflow/example_dags/example_params_ui_tutorial.py took 0.068 seconds
[2025-04-21T11:03:41.499+0000] {processor.py:186} INFO - Started process (PID=1413) to work on /home/airflow/.local/lib/python3.12/site-packages/airflow/example_dags/example_params_ui_tutorial.py
[2025-04-21T11:03:41.500+0000] {processor.py:914} INFO - Processing file /home/airflow/.local/lib/python3.12/site-packages/airflow/example_dags/example_params_ui_tutorial.py for tasks to queue
[2025-04-21T11:03:41.502+0000] {logging_mixin.py:190} INFO - [2025-04-21T11:03:41.502+0000] {dagbag.py:588} INFO - Filling up the DagBag from /home/airflow/.local/lib/python3.12/site-packages/airflow/example_dags/example_params_ui_tutorial.py
[2025-04-21T11:03:41.509+0000] {processor.py:925} INFO - DAG(s) 'example_params_ui_tutorial' retrieved from /home/airflow/.local/lib/python3.12/site-packages/airflow/example_dags/example_params_ui_tutorial.py
[2025-04-21T11:03:41.541+0000] {logging_mixin.py:190} INFO - [2025-04-21T11:03:41.540+0000] {dag.py:3239} INFO - Sync 1 DAGs
[2025-04-21T11:03:41.552+0000] {logging_mixin.py:190} INFO - [2025-04-21T11:03:41.552+0000] {dag.py:4180} INFO - Setting next_dagrun for example_params_ui_tutorial to None, run_after=None
[2025-04-21T11:03:41.566+0000] {processor.py:208} INFO - Processing /home/airflow/.local/lib/python3.12/site-packages/airflow/example_dags/example_params_ui_tutorial.py took 0.071 seconds
[2025-04-21T11:04:12.168+0000] {processor.py:186} INFO - Started process (PID=1476) to work on /home/airflow/.local/lib/python3.12/site-packages/airflow/example_dags/example_params_ui_tutorial.py
[2025-04-21T11:04:12.169+0000] {processor.py:914} INFO - Processing file /home/airflow/.local/lib/python3.12/site-packages/airflow/example_dags/example_params_ui_tutorial.py for tasks to queue
[2025-04-21T11:04:12.171+0000] {logging_mixin.py:190} INFO - [2025-04-21T11:04:12.171+0000] {dagbag.py:588} INFO - Filling up the DagBag from /home/airflow/.local/lib/python3.12/site-packages/airflow/example_dags/example_params_ui_tutorial.py
[2025-04-21T11:04:12.178+0000] {processor.py:925} INFO - DAG(s) 'example_params_ui_tutorial' retrieved from /home/airflow/.local/lib/python3.12/site-packages/airflow/example_dags/example_params_ui_tutorial.py
[2025-04-21T11:04:12.209+0000] {logging_mixin.py:190} INFO - [2025-04-21T11:04:12.208+0000] {dag.py:3239} INFO - Sync 1 DAGs
[2025-04-21T11:04:12.219+0000] {logging_mixin.py:190} INFO - [2025-04-21T11:04:12.219+0000] {dag.py:4180} INFO - Setting next_dagrun for example_params_ui_tutorial to None, run_after=None
[2025-04-21T11:04:12.234+0000] {processor.py:208} INFO - Processing /home/airflow/.local/lib/python3.12/site-packages/airflow/example_dags/example_params_ui_tutorial.py took 0.069 seconds
[2025-04-21T11:04:42.888+0000] {processor.py:186} INFO - Started process (PID=1539) to work on /home/airflow/.local/lib/python3.12/site-packages/airflow/example_dags/example_params_ui_tutorial.py
[2025-04-21T11:04:42.889+0000] {processor.py:914} INFO - Processing file /home/airflow/.local/lib/python3.12/site-packages/airflow/example_dags/example_params_ui_tutorial.py for tasks to queue
[2025-04-21T11:04:42.891+0000] {logging_mixin.py:190} INFO - [2025-04-21T11:04:42.891+0000] {dagbag.py:588} INFO - Filling up the DagBag from /home/airflow/.local/lib/python3.12/site-packages/airflow/example_dags/example_params_ui_tutorial.py
[2025-04-21T11:04:42.898+0000] {processor.py:925} INFO - DAG(s) 'example_params_ui_tutorial' retrieved from /home/airflow/.local/lib/python3.12/site-packages/airflow/example_dags/example_params_ui_tutorial.py
[2025-04-21T11:04:42.929+0000] {logging_mixin.py:190} INFO - [2025-04-21T11:04:42.929+0000] {dag.py:3239} INFO - Sync 1 DAGs
[2025-04-21T11:04:42.939+0000] {logging_mixin.py:190} INFO - [2025-04-21T11:04:42.939+0000] {dag.py:4180} INFO - Setting next_dagrun for example_params_ui_tutorial to None, run_after=None
[2025-04-21T11:04:42.955+0000] {processor.py:208} INFO - Processing /home/airflow/.local/lib/python3.12/site-packages/airflow/example_dags/example_params_ui_tutorial.py took 0.071 seconds
[2025-04-21T11:05:13.492+0000] {processor.py:186} INFO - Started process (PID=1602) to work on /home/airflow/.local/lib/python3.12/site-packages/airflow/example_dags/example_params_ui_tutorial.py
[2025-04-21T11:05:13.492+0000] {processor.py:914} INFO - Processing file /home/airflow/.local/lib/python3.12/site-packages/airflow/example_dags/example_params_ui_tutorial.py for tasks to queue
[2025-04-21T11:05:13.494+0000] {logging_mixin.py:190} INFO - [2025-04-21T11:05:13.494+0000] {dagbag.py:588} INFO - Filling up the DagBag from /home/airflow/.local/lib/python3.12/site-packages/airflow/example_dags/example_params_ui_tutorial.py
[2025-04-21T11:05:13.501+0000] {processor.py:925} INFO - DAG(s) 'example_params_ui_tutorial' retrieved from /home/airflow/.local/lib/python3.12/site-packages/airflow/example_dags/example_params_ui_tutorial.py
[2025-04-21T11:05:13.531+0000] {logging_mixin.py:190} INFO - [2025-04-21T11:05:13.531+0000] {dag.py:3239} INFO - Sync 1 DAGs
[2025-04-21T11:05:13.542+0000] {logging_mixin.py:190} INFO - [2025-04-21T11:05:13.542+0000] {dag.py:4180} INFO - Setting next_dagrun for example_params_ui_tutorial to None, run_after=None
[2025-04-21T11:05:13.556+0000] {processor.py:208} INFO - Processing /home/airflow/.local/lib/python3.12/site-packages/airflow/example_dags/example_params_ui_tutorial.py took 0.069 seconds
[2025-04-21T11:05:44.171+0000] {processor.py:186} INFO - Started process (PID=1665) to work on /home/airflow/.local/lib/python3.12/site-packages/airflow/example_dags/example_params_ui_tutorial.py
[2025-04-21T11:05:44.171+0000] {processor.py:914} INFO - Processing file /home/airflow/.local/lib/python3.12/site-packages/airflow/example_dags/example_params_ui_tutorial.py for tasks to queue
[2025-04-21T11:05:44.173+0000] {logging_mixin.py:190} INFO - [2025-04-21T11:05:44.173+0000] {dagbag.py:588} INFO - Filling up the DagBag from /home/airflow/.local/lib/python3.12/site-packages/airflow/example_dags/example_params_ui_tutorial.py
[2025-04-21T11:05:44.180+0000] {processor.py:925} INFO - DAG(s) 'example_params_ui_tutorial' retrieved from /home/airflow/.local/lib/python3.12/site-packages/airflow/example_dags/example_params_ui_tutorial.py
[2025-04-21T11:05:44.210+0000] {logging_mixin.py:190} INFO - [2025-04-21T11:05:44.210+0000] {dag.py:3239} INFO - Sync 1 DAGs
[2025-04-21T11:05:44.221+0000] {logging_mixin.py:190} INFO - [2025-04-21T11:05:44.221+0000] {dag.py:4180} INFO - Setting next_dagrun for example_params_ui_tutorial to None, run_after=None
[2025-04-21T11:05:44.238+0000] {processor.py:208} INFO - Processing /home/airflow/.local/lib/python3.12/site-packages/airflow/example_dags/example_params_ui_tutorial.py took 0.072 seconds
[2025-04-21T11:06:14.668+0000] {processor.py:186} INFO - Started process (PID=1728) to work on /home/airflow/.local/lib/python3.12/site-packages/airflow/example_dags/example_params_ui_tutorial.py
[2025-04-21T11:06:14.669+0000] {processor.py:914} INFO - Processing file /home/airflow/.local/lib/python3.12/site-packages/airflow/example_dags/example_params_ui_tutorial.py for tasks to queue
[2025-04-21T11:06:14.670+0000] {logging_mixin.py:190} INFO - [2025-04-21T11:06:14.670+0000] {dagbag.py:588} INFO - Filling up the DagBag from /home/airflow/.local/lib/python3.12/site-packages/airflow/example_dags/example_params_ui_tutorial.py
[2025-04-21T11:06:14.677+0000] {processor.py:925} INFO - DAG(s) 'example_params_ui_tutorial' retrieved from /home/airflow/.local/lib/python3.12/site-packages/airflow/example_dags/example_params_ui_tutorial.py
[2025-04-21T11:06:14.706+0000] {logging_mixin.py:190} INFO - [2025-04-21T11:06:14.706+0000] {dag.py:3239} INFO - Sync 1 DAGs
[2025-04-21T11:06:14.716+0000] {logging_mixin.py:190} INFO - [2025-04-21T11:06:14.716+0000] {dag.py:4180} INFO - Setting next_dagrun for example_params_ui_tutorial to None, run_after=None
[2025-04-21T11:06:14.730+0000] {processor.py:208} INFO - Processing /home/airflow/.local/lib/python3.12/site-packages/airflow/example_dags/example_params_ui_tutorial.py took 0.066 seconds
[2025-04-21T11:06:45.125+0000] {processor.py:186} INFO - Started process (PID=1791) to work on /home/airflow/.local/lib/python3.12/site-packages/airflow/example_dags/example_params_ui_tutorial.py
[2025-04-21T11:06:45.126+0000] {processor.py:914} INFO - Processing file /home/airflow/.local/lib/python3.12/site-packages/airflow/example_dags/example_params_ui_tutorial.py for tasks to queue
[2025-04-21T11:06:45.127+0000] {logging_mixin.py:190} INFO - [2025-04-21T11:06:45.127+0000] {dagbag.py:588} INFO - Filling up the DagBag from /home/airflow/.local/lib/python3.12/site-packages/airflow/example_dags/example_params_ui_tutorial.py
[2025-04-21T11:06:45.134+0000] {processor.py:925} INFO - DAG(s) 'example_params_ui_tutorial' retrieved from /home/airflow/.local/lib/python3.12/site-packages/airflow/example_dags/example_params_ui_tutorial.py
[2025-04-21T11:06:45.164+0000] {logging_mixin.py:190} INFO - [2025-04-21T11:06:45.163+0000] {dag.py:3239} INFO - Sync 1 DAGs
[2025-04-21T11:06:45.174+0000] {logging_mixin.py:190} INFO - [2025-04-21T11:06:45.174+0000] {dag.py:4180} INFO - Setting next_dagrun for example_params_ui_tutorial to None, run_after=None
[2025-04-21T11:06:45.188+0000] {processor.py:208} INFO - Processing /home/airflow/.local/lib/python3.12/site-packages/airflow/example_dags/example_params_ui_tutorial.py took 0.067 seconds
[2025-04-21T11:07:15.285+0000] {processor.py:186} INFO - Started process (PID=1854) to work on /home/airflow/.local/lib/python3.12/site-packages/airflow/example_dags/example_params_ui_tutorial.py
[2025-04-21T11:07:15.286+0000] {processor.py:914} INFO - Processing file /home/airflow/.local/lib/python3.12/site-packages/airflow/example_dags/example_params_ui_tutorial.py for tasks to queue
[2025-04-21T11:07:15.287+0000] {logging_mixin.py:190} INFO - [2025-04-21T11:07:15.287+0000] {dagbag.py:588} INFO - Filling up the DagBag from /home/airflow/.local/lib/python3.12/site-packages/airflow/example_dags/example_params_ui_tutorial.py
[2025-04-21T11:07:15.295+0000] {processor.py:925} INFO - DAG(s) 'example_params_ui_tutorial' retrieved from /home/airflow/.local/lib/python3.12/site-packages/airflow/example_dags/example_params_ui_tutorial.py
[2025-04-21T11:07:15.324+0000] {logging_mixin.py:190} INFO - [2025-04-21T11:07:15.324+0000] {dag.py:3239} INFO - Sync 1 DAGs
[2025-04-21T11:07:15.334+0000] {logging_mixin.py:190} INFO - [2025-04-21T11:07:15.334+0000] {dag.py:4180} INFO - Setting next_dagrun for example_params_ui_tutorial to None, run_after=None
[2025-04-21T11:07:15.348+0000] {processor.py:208} INFO - Processing /home/airflow/.local/lib/python3.12/site-packages/airflow/example_dags/example_params_ui_tutorial.py took 0.066 seconds
[2025-04-21T11:07:45.472+0000] {processor.py:186} INFO - Started process (PID=1917) to work on /home/airflow/.local/lib/python3.12/site-packages/airflow/example_dags/example_params_ui_tutorial.py
[2025-04-21T11:07:45.473+0000] {processor.py:914} INFO - Processing file /home/airflow/.local/lib/python3.12/site-packages/airflow/example_dags/example_params_ui_tutorial.py for tasks to queue
[2025-04-21T11:07:45.475+0000] {logging_mixin.py:190} INFO - [2025-04-21T11:07:45.475+0000] {dagbag.py:588} INFO - Filling up the DagBag from /home/airflow/.local/lib/python3.12/site-packages/airflow/example_dags/example_params_ui_tutorial.py
[2025-04-21T11:07:45.481+0000] {processor.py:925} INFO - DAG(s) 'example_params_ui_tutorial' retrieved from /home/airflow/.local/lib/python3.12/site-packages/airflow/example_dags/example_params_ui_tutorial.py
[2025-04-21T11:07:45.511+0000] {logging_mixin.py:190} INFO - [2025-04-21T11:07:45.511+0000] {dag.py:3239} INFO - Sync 1 DAGs
[2025-04-21T11:07:45.523+0000] {logging_mixin.py:190} INFO - [2025-04-21T11:07:45.523+0000] {dag.py:4180} INFO - Setting next_dagrun for example_params_ui_tutorial to None, run_after=None
[2025-04-21T11:07:45.538+0000] {processor.py:208} INFO - Processing /home/airflow/.local/lib/python3.12/site-packages/airflow/example_dags/example_params_ui_tutorial.py took 0.069 seconds
[2025-04-21T11:08:16.272+0000] {processor.py:186} INFO - Started process (PID=1980) to work on /home/airflow/.local/lib/python3.12/site-packages/airflow/example_dags/example_params_ui_tutorial.py
[2025-04-21T11:08:16.273+0000] {processor.py:914} INFO - Processing file /home/airflow/.local/lib/python3.12/site-packages/airflow/example_dags/example_params_ui_tutorial.py for tasks to queue
[2025-04-21T11:08:16.275+0000] {logging_mixin.py:190} INFO - [2025-04-21T11:08:16.275+0000] {dagbag.py:588} INFO - Filling up the DagBag from /home/airflow/.local/lib/python3.12/site-packages/airflow/example_dags/example_params_ui_tutorial.py
[2025-04-21T11:08:16.283+0000] {processor.py:925} INFO - DAG(s) 'example_params_ui_tutorial' retrieved from /home/airflow/.local/lib/python3.12/site-packages/airflow/example_dags/example_params_ui_tutorial.py
[2025-04-21T11:08:16.316+0000] {logging_mixin.py:190} INFO - [2025-04-21T11:08:16.316+0000] {dag.py:3239} INFO - Sync 1 DAGs
[2025-04-21T11:08:16.328+0000] {logging_mixin.py:190} INFO - [2025-04-21T11:08:16.328+0000] {dag.py:4180} INFO - Setting next_dagrun for example_params_ui_tutorial to None, run_after=None
[2025-04-21T11:08:16.341+0000] {processor.py:208} INFO - Processing /home/airflow/.local/lib/python3.12/site-packages/airflow/example_dags/example_params_ui_tutorial.py took 0.073 seconds
[2025-04-21T11:08:46.873+0000] {processor.py:186} INFO - Started process (PID=2043) to work on /home/airflow/.local/lib/python3.12/site-packages/airflow/example_dags/example_params_ui_tutorial.py
[2025-04-21T11:08:46.874+0000] {processor.py:914} INFO - Processing file /home/airflow/.local/lib/python3.12/site-packages/airflow/example_dags/example_params_ui_tutorial.py for tasks to queue
[2025-04-21T11:08:46.875+0000] {logging_mixin.py:190} INFO - [2025-04-21T11:08:46.875+0000] {dagbag.py:588} INFO - Filling up the DagBag from /home/airflow/.local/lib/python3.12/site-packages/airflow/example_dags/example_params_ui_tutorial.py
[2025-04-21T11:08:46.882+0000] {processor.py:925} INFO - DAG(s) 'example_params_ui_tutorial' retrieved from /home/airflow/.local/lib/python3.12/site-packages/airflow/example_dags/example_params_ui_tutorial.py
[2025-04-21T11:08:46.918+0000] {logging_mixin.py:190} INFO - [2025-04-21T11:08:46.917+0000] {dag.py:3239} INFO - Sync 1 DAGs
[2025-04-21T11:08:46.928+0000] {logging_mixin.py:190} INFO - [2025-04-21T11:08:46.928+0000] {dag.py:4180} INFO - Setting next_dagrun for example_params_ui_tutorial to None, run_after=None
[2025-04-21T11:08:46.944+0000] {processor.py:208} INFO - Processing /home/airflow/.local/lib/python3.12/site-packages/airflow/example_dags/example_params_ui_tutorial.py took 0.074 seconds
[2025-04-21T11:09:17.836+0000] {processor.py:186} INFO - Started process (PID=2106) to work on /home/airflow/.local/lib/python3.12/site-packages/airflow/example_dags/example_params_ui_tutorial.py
[2025-04-21T11:09:17.837+0000] {processor.py:914} INFO - Processing file /home/airflow/.local/lib/python3.12/site-packages/airflow/example_dags/example_params_ui_tutorial.py for tasks to queue
[2025-04-21T11:09:17.839+0000] {logging_mixin.py:190} INFO - [2025-04-21T11:09:17.838+0000] {dagbag.py:588} INFO - Filling up the DagBag from /home/airflow/.local/lib/python3.12/site-packages/airflow/example_dags/example_params_ui_tutorial.py
[2025-04-21T11:09:17.845+0000] {processor.py:925} INFO - DAG(s) 'example_params_ui_tutorial' retrieved from /home/airflow/.local/lib/python3.12/site-packages/airflow/example_dags/example_params_ui_tutorial.py
[2025-04-21T11:09:17.879+0000] {logging_mixin.py:190} INFO - [2025-04-21T11:09:17.879+0000] {dag.py:3239} INFO - Sync 1 DAGs
[2025-04-21T11:09:17.891+0000] {logging_mixin.py:190} INFO - [2025-04-21T11:09:17.890+0000] {dag.py:4180} INFO - Setting next_dagrun for example_params_ui_tutorial to None, run_after=None
[2025-04-21T11:09:17.907+0000] {processor.py:208} INFO - Processing /home/airflow/.local/lib/python3.12/site-packages/airflow/example_dags/example_params_ui_tutorial.py took 0.076 seconds
[2025-04-21T11:09:48.674+0000] {processor.py:186} INFO - Started process (PID=2169) to work on /home/airflow/.local/lib/python3.12/site-packages/airflow/example_dags/example_params_ui_tutorial.py
[2025-04-21T11:09:48.675+0000] {processor.py:914} INFO - Processing file /home/airflow/.local/lib/python3.12/site-packages/airflow/example_dags/example_params_ui_tutorial.py for tasks to queue
[2025-04-21T11:09:48.677+0000] {logging_mixin.py:190} INFO - [2025-04-21T11:09:48.676+0000] {dagbag.py:588} INFO - Filling up the DagBag from /home/airflow/.local/lib/python3.12/site-packages/airflow/example_dags/example_params_ui_tutorial.py
[2025-04-21T11:09:48.684+0000] {processor.py:925} INFO - DAG(s) 'example_params_ui_tutorial' retrieved from /home/airflow/.local/lib/python3.12/site-packages/airflow/example_dags/example_params_ui_tutorial.py
[2025-04-21T11:09:48.719+0000] {logging_mixin.py:190} INFO - [2025-04-21T11:09:48.718+0000] {dag.py:3239} INFO - Sync 1 DAGs
[2025-04-21T11:09:48.732+0000] {logging_mixin.py:190} INFO - [2025-04-21T11:09:48.732+0000] {dag.py:4180} INFO - Setting next_dagrun for example_params_ui_tutorial to None, run_after=None
[2025-04-21T11:09:48.750+0000] {processor.py:208} INFO - Processing /home/airflow/.local/lib/python3.12/site-packages/airflow/example_dags/example_params_ui_tutorial.py took 0.081 seconds
[2025-04-21T11:10:19.032+0000] {processor.py:186} INFO - Started process (PID=2232) to work on /home/airflow/.local/lib/python3.12/site-packages/airflow/example_dags/example_params_ui_tutorial.py
[2025-04-21T11:10:19.032+0000] {processor.py:914} INFO - Processing file /home/airflow/.local/lib/python3.12/site-packages/airflow/example_dags/example_params_ui_tutorial.py for tasks to queue
[2025-04-21T11:10:19.034+0000] {logging_mixin.py:190} INFO - [2025-04-21T11:10:19.034+0000] {dagbag.py:588} INFO - Filling up the DagBag from /home/airflow/.local/lib/python3.12/site-packages/airflow/example_dags/example_params_ui_tutorial.py
[2025-04-21T11:10:19.041+0000] {processor.py:925} INFO - DAG(s) 'example_params_ui_tutorial' retrieved from /home/airflow/.local/lib/python3.12/site-packages/airflow/example_dags/example_params_ui_tutorial.py
[2025-04-21T11:10:19.075+0000] {logging_mixin.py:190} INFO - [2025-04-21T11:10:19.074+0000] {dag.py:3239} INFO - Sync 1 DAGs
[2025-04-21T11:10:19.088+0000] {logging_mixin.py:190} INFO - [2025-04-21T11:10:19.088+0000] {dag.py:4180} INFO - Setting next_dagrun for example_params_ui_tutorial to None, run_after=None
[2025-04-21T11:10:19.105+0000] {processor.py:208} INFO - Processing /home/airflow/.local/lib/python3.12/site-packages/airflow/example_dags/example_params_ui_tutorial.py took 0.077 seconds
[2025-04-21T11:10:49.759+0000] {processor.py:186} INFO - Started process (PID=2295) to work on /home/airflow/.local/lib/python3.12/site-packages/airflow/example_dags/example_params_ui_tutorial.py
[2025-04-21T11:10:49.760+0000] {processor.py:914} INFO - Processing file /home/airflow/.local/lib/python3.12/site-packages/airflow/example_dags/example_params_ui_tutorial.py for tasks to queue
[2025-04-21T11:10:49.762+0000] {logging_mixin.py:190} INFO - [2025-04-21T11:10:49.762+0000] {dagbag.py:588} INFO - Filling up the DagBag from /home/airflow/.local/lib/python3.12/site-packages/airflow/example_dags/example_params_ui_tutorial.py
[2025-04-21T11:10:49.769+0000] {processor.py:925} INFO - DAG(s) 'example_params_ui_tutorial' retrieved from /home/airflow/.local/lib/python3.12/site-packages/airflow/example_dags/example_params_ui_tutorial.py
[2025-04-21T11:10:49.803+0000] {logging_mixin.py:190} INFO - [2025-04-21T11:10:49.803+0000] {dag.py:3239} INFO - Sync 1 DAGs
[2025-04-21T11:10:49.815+0000] {logging_mixin.py:190} INFO - [2025-04-21T11:10:49.815+0000] {dag.py:4180} INFO - Setting next_dagrun for example_params_ui_tutorial to None, run_after=None
[2025-04-21T11:10:49.835+0000] {processor.py:208} INFO - Processing /home/airflow/.local/lib/python3.12/site-packages/airflow/example_dags/example_params_ui_tutorial.py took 0.080 seconds
[2025-04-21T11:11:20.406+0000] {processor.py:186} INFO - Started process (PID=2358) to work on /home/airflow/.local/lib/python3.12/site-packages/airflow/example_dags/example_params_ui_tutorial.py
[2025-04-21T11:11:20.407+0000] {processor.py:914} INFO - Processing file /home/airflow/.local/lib/python3.12/site-packages/airflow/example_dags/example_params_ui_tutorial.py for tasks to queue
[2025-04-21T11:11:20.408+0000] {logging_mixin.py:190} INFO - [2025-04-21T11:11:20.408+0000] {dagbag.py:588} INFO - Filling up the DagBag from /home/airflow/.local/lib/python3.12/site-packages/airflow/example_dags/example_params_ui_tutorial.py
[2025-04-21T11:11:20.418+0000] {processor.py:925} INFO - DAG(s) 'example_params_ui_tutorial' retrieved from /home/airflow/.local/lib/python3.12/site-packages/airflow/example_dags/example_params_ui_tutorial.py
[2025-04-21T11:11:20.457+0000] {logging_mixin.py:190} INFO - [2025-04-21T11:11:20.457+0000] {dag.py:3239} INFO - Sync 1 DAGs
[2025-04-21T11:11:20.470+0000] {logging_mixin.py:190} INFO - [2025-04-21T11:11:20.469+0000] {dag.py:4180} INFO - Setting next_dagrun for example_params_ui_tutorial to None, run_after=None
[2025-04-21T11:11:20.489+0000] {processor.py:208} INFO - Processing /home/airflow/.local/lib/python3.12/site-packages/airflow/example_dags/example_params_ui_tutorial.py took 0.087 seconds
[2025-04-21T11:11:51.058+0000] {processor.py:186} INFO - Started process (PID=2421) to work on /home/airflow/.local/lib/python3.12/site-packages/airflow/example_dags/example_params_ui_tutorial.py
[2025-04-21T11:11:51.059+0000] {processor.py:914} INFO - Processing file /home/airflow/.local/lib/python3.12/site-packages/airflow/example_dags/example_params_ui_tutorial.py for tasks to queue
[2025-04-21T11:11:51.061+0000] {logging_mixin.py:190} INFO - [2025-04-21T11:11:51.061+0000] {dagbag.py:588} INFO - Filling up the DagBag from /home/airflow/.local/lib/python3.12/site-packages/airflow/example_dags/example_params_ui_tutorial.py
[2025-04-21T11:11:51.067+0000] {processor.py:925} INFO - DAG(s) 'example_params_ui_tutorial' retrieved from /home/airflow/.local/lib/python3.12/site-packages/airflow/example_dags/example_params_ui_tutorial.py
[2025-04-21T11:11:51.099+0000] {logging_mixin.py:190} INFO - [2025-04-21T11:11:51.099+0000] {dag.py:3239} INFO - Sync 1 DAGs
[2025-04-21T11:11:51.110+0000] {logging_mixin.py:190} INFO - [2025-04-21T11:11:51.110+0000] {dag.py:4180} INFO - Setting next_dagrun for example_params_ui_tutorial to None, run_after=None
[2025-04-21T11:11:51.128+0000] {processor.py:208} INFO - Processing /home/airflow/.local/lib/python3.12/site-packages/airflow/example_dags/example_params_ui_tutorial.py took 0.074 seconds
[2025-04-21T11:12:21.905+0000] {processor.py:186} INFO - Started process (PID=2484) to work on /home/airflow/.local/lib/python3.12/site-packages/airflow/example_dags/example_params_ui_tutorial.py
[2025-04-21T11:12:21.906+0000] {processor.py:914} INFO - Processing file /home/airflow/.local/lib/python3.12/site-packages/airflow/example_dags/example_params_ui_tutorial.py for tasks to queue
[2025-04-21T11:12:21.908+0000] {logging_mixin.py:190} INFO - [2025-04-21T11:12:21.908+0000] {dagbag.py:588} INFO - Filling up the DagBag from /home/airflow/.local/lib/python3.12/site-packages/airflow/example_dags/example_params_ui_tutorial.py
[2025-04-21T11:12:21.914+0000] {processor.py:925} INFO - DAG(s) 'example_params_ui_tutorial' retrieved from /home/airflow/.local/lib/python3.12/site-packages/airflow/example_dags/example_params_ui_tutorial.py
[2025-04-21T11:12:21.949+0000] {logging_mixin.py:190} INFO - [2025-04-21T11:12:21.948+0000] {dag.py:3239} INFO - Sync 1 DAGs
[2025-04-21T11:12:21.962+0000] {logging_mixin.py:190} INFO - [2025-04-21T11:12:21.961+0000] {dag.py:4180} INFO - Setting next_dagrun for example_params_ui_tutorial to None, run_after=None
[2025-04-21T11:12:21.979+0000] {processor.py:208} INFO - Processing /home/airflow/.local/lib/python3.12/site-packages/airflow/example_dags/example_params_ui_tutorial.py took 0.078 seconds
[2025-04-21T11:12:52.009+0000] {processor.py:186} INFO - Started process (PID=2547) to work on /home/airflow/.local/lib/python3.12/site-packages/airflow/example_dags/example_params_ui_tutorial.py
[2025-04-21T11:12:52.010+0000] {processor.py:914} INFO - Processing file /home/airflow/.local/lib/python3.12/site-packages/airflow/example_dags/example_params_ui_tutorial.py for tasks to queue
[2025-04-21T11:12:52.012+0000] {logging_mixin.py:190} INFO - [2025-04-21T11:12:52.011+0000] {dagbag.py:588} INFO - Filling up the DagBag from /home/airflow/.local/lib/python3.12/site-packages/airflow/example_dags/example_params_ui_tutorial.py
[2025-04-21T11:12:52.018+0000] {processor.py:925} INFO - DAG(s) 'example_params_ui_tutorial' retrieved from /home/airflow/.local/lib/python3.12/site-packages/airflow/example_dags/example_params_ui_tutorial.py
[2025-04-21T11:12:52.052+0000] {logging_mixin.py:190} INFO - [2025-04-21T11:12:52.052+0000] {dag.py:3239} INFO - Sync 1 DAGs
[2025-04-21T11:12:52.064+0000] {logging_mixin.py:190} INFO - [2025-04-21T11:12:52.063+0000] {dag.py:4180} INFO - Setting next_dagrun for example_params_ui_tutorial to None, run_after=None
[2025-04-21T11:12:52.083+0000] {processor.py:208} INFO - Processing /home/airflow/.local/lib/python3.12/site-packages/airflow/example_dags/example_params_ui_tutorial.py took 0.077 seconds
[2025-04-21T11:13:23.100+0000] {processor.py:186} INFO - Started process (PID=2610) to work on /home/airflow/.local/lib/python3.12/site-packages/airflow/example_dags/example_params_ui_tutorial.py
[2025-04-21T11:13:23.101+0000] {processor.py:914} INFO - Processing file /home/airflow/.local/lib/python3.12/site-packages/airflow/example_dags/example_params_ui_tutorial.py for tasks to queue
[2025-04-21T11:13:23.103+0000] {logging_mixin.py:190} INFO - [2025-04-21T11:13:23.103+0000] {dagbag.py:588} INFO - Filling up the DagBag from /home/airflow/.local/lib/python3.12/site-packages/airflow/example_dags/example_params_ui_tutorial.py
[2025-04-21T11:13:23.115+0000] {processor.py:925} INFO - DAG(s) 'example_params_ui_tutorial' retrieved from /home/airflow/.local/lib/python3.12/site-packages/airflow/example_dags/example_params_ui_tutorial.py
[2025-04-21T11:13:23.148+0000] {logging_mixin.py:190} INFO - [2025-04-21T11:13:23.148+0000] {dag.py:3239} INFO - Sync 1 DAGs
[2025-04-21T11:13:23.161+0000] {logging_mixin.py:190} INFO - [2025-04-21T11:13:23.160+0000] {dag.py:4180} INFO - Setting next_dagrun for example_params_ui_tutorial to None, run_after=None
[2025-04-21T11:13:23.177+0000] {processor.py:208} INFO - Processing /home/airflow/.local/lib/python3.12/site-packages/airflow/example_dags/example_params_ui_tutorial.py took 0.086 seconds
[2025-04-21T11:13:53.334+0000] {processor.py:186} INFO - Started process (PID=2673) to work on /home/airflow/.local/lib/python3.12/site-packages/airflow/example_dags/example_params_ui_tutorial.py
[2025-04-21T11:13:53.335+0000] {processor.py:914} INFO - Processing file /home/airflow/.local/lib/python3.12/site-packages/airflow/example_dags/example_params_ui_tutorial.py for tasks to queue
[2025-04-21T11:13:53.337+0000] {logging_mixin.py:190} INFO - [2025-04-21T11:13:53.337+0000] {dagbag.py:588} INFO - Filling up the DagBag from /home/airflow/.local/lib/python3.12/site-packages/airflow/example_dags/example_params_ui_tutorial.py
[2025-04-21T11:13:53.344+0000] {processor.py:925} INFO - DAG(s) 'example_params_ui_tutorial' retrieved from /home/airflow/.local/lib/python3.12/site-packages/airflow/example_dags/example_params_ui_tutorial.py
[2025-04-21T11:13:53.377+0000] {logging_mixin.py:190} INFO - [2025-04-21T11:13:53.377+0000] {dag.py:3239} INFO - Sync 1 DAGs
[2025-04-21T11:13:53.390+0000] {logging_mixin.py:190} INFO - [2025-04-21T11:13:53.389+0000] {dag.py:4180} INFO - Setting next_dagrun for example_params_ui_tutorial to None, run_after=None
[2025-04-21T11:13:53.409+0000] {processor.py:208} INFO - Processing /home/airflow/.local/lib/python3.12/site-packages/airflow/example_dags/example_params_ui_tutorial.py took 0.079 seconds
[2025-04-21T11:14:23.592+0000] {processor.py:186} INFO - Started process (PID=2736) to work on /home/airflow/.local/lib/python3.12/site-packages/airflow/example_dags/example_params_ui_tutorial.py
[2025-04-21T11:14:23.594+0000] {processor.py:914} INFO - Processing file /home/airflow/.local/lib/python3.12/site-packages/airflow/example_dags/example_params_ui_tutorial.py for tasks to queue
[2025-04-21T11:14:23.597+0000] {logging_mixin.py:190} INFO - [2025-04-21T11:14:23.597+0000] {dagbag.py:588} INFO - Filling up the DagBag from /home/airflow/.local/lib/python3.12/site-packages/airflow/example_dags/example_params_ui_tutorial.py
[2025-04-21T11:14:23.604+0000] {processor.py:925} INFO - DAG(s) 'example_params_ui_tutorial' retrieved from /home/airflow/.local/lib/python3.12/site-packages/airflow/example_dags/example_params_ui_tutorial.py
[2025-04-21T11:14:23.635+0000] {logging_mixin.py:190} INFO - [2025-04-21T11:14:23.635+0000] {dag.py:3239} INFO - Sync 1 DAGs
[2025-04-21T11:14:23.647+0000] {logging_mixin.py:190} INFO - [2025-04-21T11:14:23.646+0000] {dag.py:4180} INFO - Setting next_dagrun for example_params_ui_tutorial to None, run_after=None
[2025-04-21T11:14:23.663+0000] {processor.py:208} INFO - Processing /home/airflow/.local/lib/python3.12/site-packages/airflow/example_dags/example_params_ui_tutorial.py took 0.074 seconds
[2025-04-21T11:14:54.099+0000] {processor.py:186} INFO - Started process (PID=2799) to work on /home/airflow/.local/lib/python3.12/site-packages/airflow/example_dags/example_params_ui_tutorial.py
[2025-04-21T11:14:54.103+0000] {processor.py:914} INFO - Processing file /home/airflow/.local/lib/python3.12/site-packages/airflow/example_dags/example_params_ui_tutorial.py for tasks to queue
[2025-04-21T11:14:54.106+0000] {logging_mixin.py:190} INFO - [2025-04-21T11:14:54.105+0000] {dagbag.py:588} INFO - Filling up the DagBag from /home/airflow/.local/lib/python3.12/site-packages/airflow/example_dags/example_params_ui_tutorial.py
[2025-04-21T11:14:54.114+0000] {processor.py:925} INFO - DAG(s) 'example_params_ui_tutorial' retrieved from /home/airflow/.local/lib/python3.12/site-packages/airflow/example_dags/example_params_ui_tutorial.py
[2025-04-21T11:14:54.147+0000] {logging_mixin.py:190} INFO - [2025-04-21T11:14:54.147+0000] {dag.py:3239} INFO - Sync 1 DAGs
[2025-04-21T11:14:54.159+0000] {logging_mixin.py:190} INFO - [2025-04-21T11:14:54.159+0000] {dag.py:4180} INFO - Setting next_dagrun for example_params_ui_tutorial to None, run_after=None
[2025-04-21T11:14:54.173+0000] {processor.py:208} INFO - Processing /home/airflow/.local/lib/python3.12/site-packages/airflow/example_dags/example_params_ui_tutorial.py took 0.078 seconds
[2025-04-21T11:15:24.602+0000] {processor.py:186} INFO - Started process (PID=2862) to work on /home/airflow/.local/lib/python3.12/site-packages/airflow/example_dags/example_params_ui_tutorial.py
[2025-04-21T11:15:24.603+0000] {processor.py:914} INFO - Processing file /home/airflow/.local/lib/python3.12/site-packages/airflow/example_dags/example_params_ui_tutorial.py for tasks to queue
[2025-04-21T11:15:24.605+0000] {logging_mixin.py:190} INFO - [2025-04-21T11:15:24.605+0000] {dagbag.py:588} INFO - Filling up the DagBag from /home/airflow/.local/lib/python3.12/site-packages/airflow/example_dags/example_params_ui_tutorial.py
[2025-04-21T11:15:24.613+0000] {processor.py:925} INFO - DAG(s) 'example_params_ui_tutorial' retrieved from /home/airflow/.local/lib/python3.12/site-packages/airflow/example_dags/example_params_ui_tutorial.py
[2025-04-21T11:15:24.647+0000] {logging_mixin.py:190} INFO - [2025-04-21T11:15:24.646+0000] {dag.py:3239} INFO - Sync 1 DAGs
[2025-04-21T11:15:24.659+0000] {logging_mixin.py:190} INFO - [2025-04-21T11:15:24.659+0000] {dag.py:4180} INFO - Setting next_dagrun for example_params_ui_tutorial to None, run_after=None
[2025-04-21T11:15:24.677+0000] {processor.py:208} INFO - Processing /home/airflow/.local/lib/python3.12/site-packages/airflow/example_dags/example_params_ui_tutorial.py took 0.080 seconds
[2025-04-21T11:15:55.107+0000] {processor.py:186} INFO - Started process (PID=2925) to work on /home/airflow/.local/lib/python3.12/site-packages/airflow/example_dags/example_params_ui_tutorial.py
[2025-04-21T11:15:55.108+0000] {processor.py:914} INFO - Processing file /home/airflow/.local/lib/python3.12/site-packages/airflow/example_dags/example_params_ui_tutorial.py for tasks to queue
[2025-04-21T11:15:55.110+0000] {logging_mixin.py:190} INFO - [2025-04-21T11:15:55.109+0000] {dagbag.py:588} INFO - Filling up the DagBag from /home/airflow/.local/lib/python3.12/site-packages/airflow/example_dags/example_params_ui_tutorial.py
[2025-04-21T11:15:55.117+0000] {processor.py:925} INFO - DAG(s) 'example_params_ui_tutorial' retrieved from /home/airflow/.local/lib/python3.12/site-packages/airflow/example_dags/example_params_ui_tutorial.py
[2025-04-21T11:15:55.149+0000] {logging_mixin.py:190} INFO - [2025-04-21T11:15:55.149+0000] {dag.py:3239} INFO - Sync 1 DAGs
[2025-04-21T11:15:55.162+0000] {logging_mixin.py:190} INFO - [2025-04-21T11:15:55.162+0000] {dag.py:4180} INFO - Setting next_dagrun for example_params_ui_tutorial to None, run_after=None
[2025-04-21T11:15:55.178+0000] {processor.py:208} INFO - Processing /home/airflow/.local/lib/python3.12/site-packages/airflow/example_dags/example_params_ui_tutorial.py took 0.075 seconds
[2025-04-21T11:16:25.243+0000] {processor.py:186} INFO - Started process (PID=2988) to work on /home/airflow/.local/lib/python3.12/site-packages/airflow/example_dags/example_params_ui_tutorial.py
[2025-04-21T11:16:25.244+0000] {processor.py:914} INFO - Processing file /home/airflow/.local/lib/python3.12/site-packages/airflow/example_dags/example_params_ui_tutorial.py for tasks to queue
[2025-04-21T11:16:25.246+0000] {logging_mixin.py:190} INFO - [2025-04-21T11:16:25.246+0000] {dagbag.py:588} INFO - Filling up the DagBag from /home/airflow/.local/lib/python3.12/site-packages/airflow/example_dags/example_params_ui_tutorial.py
[2025-04-21T11:16:25.253+0000] {processor.py:925} INFO - DAG(s) 'example_params_ui_tutorial' retrieved from /home/airflow/.local/lib/python3.12/site-packages/airflow/example_dags/example_params_ui_tutorial.py
[2025-04-21T11:16:25.289+0000] {logging_mixin.py:190} INFO - [2025-04-21T11:16:25.289+0000] {dag.py:3239} INFO - Sync 1 DAGs
[2025-04-21T11:16:25.303+0000] {logging_mixin.py:190} INFO - [2025-04-21T11:16:25.303+0000] {dag.py:4180} INFO - Setting next_dagrun for example_params_ui_tutorial to None, run_after=None
[2025-04-21T11:16:25.319+0000] {processor.py:208} INFO - Processing /home/airflow/.local/lib/python3.12/site-packages/airflow/example_dags/example_params_ui_tutorial.py took 0.080 seconds
[2025-04-21T11:16:55.498+0000] {processor.py:186} INFO - Started process (PID=3051) to work on /home/airflow/.local/lib/python3.12/site-packages/airflow/example_dags/example_params_ui_tutorial.py
[2025-04-21T11:16:55.499+0000] {processor.py:914} INFO - Processing file /home/airflow/.local/lib/python3.12/site-packages/airflow/example_dags/example_params_ui_tutorial.py for tasks to queue
[2025-04-21T11:16:55.501+0000] {logging_mixin.py:190} INFO - [2025-04-21T11:16:55.501+0000] {dagbag.py:588} INFO - Filling up the DagBag from /home/airflow/.local/lib/python3.12/site-packages/airflow/example_dags/example_params_ui_tutorial.py
[2025-04-21T11:16:55.508+0000] {processor.py:925} INFO - DAG(s) 'example_params_ui_tutorial' retrieved from /home/airflow/.local/lib/python3.12/site-packages/airflow/example_dags/example_params_ui_tutorial.py
[2025-04-21T11:16:55.543+0000] {logging_mixin.py:190} INFO - [2025-04-21T11:16:55.543+0000] {dag.py:3239} INFO - Sync 1 DAGs
[2025-04-21T11:16:55.555+0000] {logging_mixin.py:190} INFO - [2025-04-21T11:16:55.555+0000] {dag.py:4180} INFO - Setting next_dagrun for example_params_ui_tutorial to None, run_after=None
[2025-04-21T11:16:55.574+0000] {processor.py:208} INFO - Processing /home/airflow/.local/lib/python3.12/site-packages/airflow/example_dags/example_params_ui_tutorial.py took 0.079 seconds
[2025-04-21T11:17:26.067+0000] {processor.py:186} INFO - Started process (PID=3114) to work on /home/airflow/.local/lib/python3.12/site-packages/airflow/example_dags/example_params_ui_tutorial.py
[2025-04-21T11:17:26.068+0000] {processor.py:914} INFO - Processing file /home/airflow/.local/lib/python3.12/site-packages/airflow/example_dags/example_params_ui_tutorial.py for tasks to queue
[2025-04-21T11:17:26.070+0000] {logging_mixin.py:190} INFO - [2025-04-21T11:17:26.069+0000] {dagbag.py:588} INFO - Filling up the DagBag from /home/airflow/.local/lib/python3.12/site-packages/airflow/example_dags/example_params_ui_tutorial.py
[2025-04-21T11:17:26.076+0000] {processor.py:925} INFO - DAG(s) 'example_params_ui_tutorial' retrieved from /home/airflow/.local/lib/python3.12/site-packages/airflow/example_dags/example_params_ui_tutorial.py
[2025-04-21T11:17:26.113+0000] {logging_mixin.py:190} INFO - [2025-04-21T11:17:26.113+0000] {dag.py:3239} INFO - Sync 1 DAGs
[2025-04-21T11:17:26.125+0000] {logging_mixin.py:190} INFO - [2025-04-21T11:17:26.125+0000] {dag.py:4180} INFO - Setting next_dagrun for example_params_ui_tutorial to None, run_after=None
[2025-04-21T11:17:26.141+0000] {processor.py:208} INFO - Processing /home/airflow/.local/lib/python3.12/site-packages/airflow/example_dags/example_params_ui_tutorial.py took 0.079 seconds
[2025-04-21T11:17:56.750+0000] {processor.py:186} INFO - Started process (PID=3177) to work on /home/airflow/.local/lib/python3.12/site-packages/airflow/example_dags/example_params_ui_tutorial.py
[2025-04-21T11:17:56.751+0000] {processor.py:914} INFO - Processing file /home/airflow/.local/lib/python3.12/site-packages/airflow/example_dags/example_params_ui_tutorial.py for tasks to queue
[2025-04-21T11:17:56.752+0000] {logging_mixin.py:190} INFO - [2025-04-21T11:17:56.752+0000] {dagbag.py:588} INFO - Filling up the DagBag from /home/airflow/.local/lib/python3.12/site-packages/airflow/example_dags/example_params_ui_tutorial.py
[2025-04-21T11:17:56.759+0000] {processor.py:925} INFO - DAG(s) 'example_params_ui_tutorial' retrieved from /home/airflow/.local/lib/python3.12/site-packages/airflow/example_dags/example_params_ui_tutorial.py
[2025-04-21T11:17:56.793+0000] {logging_mixin.py:190} INFO - [2025-04-21T11:17:56.793+0000] {dag.py:3239} INFO - Sync 1 DAGs
[2025-04-21T11:17:56.804+0000] {logging_mixin.py:190} INFO - [2025-04-21T11:17:56.803+0000] {dag.py:4180} INFO - Setting next_dagrun for example_params_ui_tutorial to None, run_after=None
[2025-04-21T11:17:56.819+0000] {processor.py:208} INFO - Processing /home/airflow/.local/lib/python3.12/site-packages/airflow/example_dags/example_params_ui_tutorial.py took 0.073 seconds
[2025-04-21T11:18:27.289+0000] {processor.py:186} INFO - Started process (PID=3240) to work on /home/airflow/.local/lib/python3.12/site-packages/airflow/example_dags/example_params_ui_tutorial.py
[2025-04-21T11:18:27.290+0000] {processor.py:914} INFO - Processing file /home/airflow/.local/lib/python3.12/site-packages/airflow/example_dags/example_params_ui_tutorial.py for tasks to queue
[2025-04-21T11:18:27.293+0000] {logging_mixin.py:190} INFO - [2025-04-21T11:18:27.292+0000] {dagbag.py:588} INFO - Filling up the DagBag from /home/airflow/.local/lib/python3.12/site-packages/airflow/example_dags/example_params_ui_tutorial.py
[2025-04-21T11:18:27.299+0000] {processor.py:925} INFO - DAG(s) 'example_params_ui_tutorial' retrieved from /home/airflow/.local/lib/python3.12/site-packages/airflow/example_dags/example_params_ui_tutorial.py
[2025-04-21T11:18:27.332+0000] {logging_mixin.py:190} INFO - [2025-04-21T11:18:27.332+0000] {dag.py:3239} INFO - Sync 1 DAGs
[2025-04-21T11:18:27.342+0000] {logging_mixin.py:190} INFO - [2025-04-21T11:18:27.342+0000] {dag.py:4180} INFO - Setting next_dagrun for example_params_ui_tutorial to None, run_after=None
[2025-04-21T11:18:27.360+0000] {processor.py:208} INFO - Processing /home/airflow/.local/lib/python3.12/site-packages/airflow/example_dags/example_params_ui_tutorial.py took 0.075 seconds
[2025-04-21T11:18:57.859+0000] {processor.py:186} INFO - Started process (PID=3303) to work on /home/airflow/.local/lib/python3.12/site-packages/airflow/example_dags/example_params_ui_tutorial.py
[2025-04-21T11:18:57.860+0000] {processor.py:914} INFO - Processing file /home/airflow/.local/lib/python3.12/site-packages/airflow/example_dags/example_params_ui_tutorial.py for tasks to queue
[2025-04-21T11:18:57.863+0000] {logging_mixin.py:190} INFO - [2025-04-21T11:18:57.862+0000] {dagbag.py:588} INFO - Filling up the DagBag from /home/airflow/.local/lib/python3.12/site-packages/airflow/example_dags/example_params_ui_tutorial.py
[2025-04-21T11:18:57.872+0000] {processor.py:925} INFO - DAG(s) 'example_params_ui_tutorial' retrieved from /home/airflow/.local/lib/python3.12/site-packages/airflow/example_dags/example_params_ui_tutorial.py
[2025-04-21T11:18:57.906+0000] {logging_mixin.py:190} INFO - [2025-04-21T11:18:57.906+0000] {dag.py:3239} INFO - Sync 1 DAGs
[2025-04-21T11:18:57.917+0000] {logging_mixin.py:190} INFO - [2025-04-21T11:18:57.917+0000] {dag.py:4180} INFO - Setting next_dagrun for example_params_ui_tutorial to None, run_after=None
[2025-04-21T11:18:57.935+0000] {processor.py:208} INFO - Processing /home/airflow/.local/lib/python3.12/site-packages/airflow/example_dags/example_params_ui_tutorial.py took 0.083 seconds
[2025-04-21T11:19:28.106+0000] {processor.py:186} INFO - Started process (PID=3366) to work on /home/airflow/.local/lib/python3.12/site-packages/airflow/example_dags/example_params_ui_tutorial.py
[2025-04-21T11:19:28.107+0000] {processor.py:914} INFO - Processing file /home/airflow/.local/lib/python3.12/site-packages/airflow/example_dags/example_params_ui_tutorial.py for tasks to queue
[2025-04-21T11:19:28.109+0000] {logging_mixin.py:190} INFO - [2025-04-21T11:19:28.109+0000] {dagbag.py:588} INFO - Filling up the DagBag from /home/airflow/.local/lib/python3.12/site-packages/airflow/example_dags/example_params_ui_tutorial.py
[2025-04-21T11:19:28.115+0000] {processor.py:925} INFO - DAG(s) 'example_params_ui_tutorial' retrieved from /home/airflow/.local/lib/python3.12/site-packages/airflow/example_dags/example_params_ui_tutorial.py
[2025-04-21T11:19:28.146+0000] {logging_mixin.py:190} INFO - [2025-04-21T11:19:28.145+0000] {dag.py:3239} INFO - Sync 1 DAGs
[2025-04-21T11:19:28.156+0000] {logging_mixin.py:190} INFO - [2025-04-21T11:19:28.156+0000] {dag.py:4180} INFO - Setting next_dagrun for example_params_ui_tutorial to None, run_after=None
[2025-04-21T11:19:28.173+0000] {processor.py:208} INFO - Processing /home/airflow/.local/lib/python3.12/site-packages/airflow/example_dags/example_params_ui_tutorial.py took 0.070 seconds
[2025-04-21T11:19:58.429+0000] {processor.py:186} INFO - Started process (PID=3429) to work on /home/airflow/.local/lib/python3.12/site-packages/airflow/example_dags/example_params_ui_tutorial.py
[2025-04-21T11:19:58.430+0000] {processor.py:914} INFO - Processing file /home/airflow/.local/lib/python3.12/site-packages/airflow/example_dags/example_params_ui_tutorial.py for tasks to queue
[2025-04-21T11:19:58.431+0000] {logging_mixin.py:190} INFO - [2025-04-21T11:19:58.431+0000] {dagbag.py:588} INFO - Filling up the DagBag from /home/airflow/.local/lib/python3.12/site-packages/airflow/example_dags/example_params_ui_tutorial.py
[2025-04-21T11:19:58.437+0000] {processor.py:925} INFO - DAG(s) 'example_params_ui_tutorial' retrieved from /home/airflow/.local/lib/python3.12/site-packages/airflow/example_dags/example_params_ui_tutorial.py
[2025-04-21T11:19:58.471+0000] {logging_mixin.py:190} INFO - [2025-04-21T11:19:58.471+0000] {dag.py:3239} INFO - Sync 1 DAGs
[2025-04-21T11:19:58.481+0000] {logging_mixin.py:190} INFO - [2025-04-21T11:19:58.481+0000] {dag.py:4180} INFO - Setting next_dagrun for example_params_ui_tutorial to None, run_after=None
[2025-04-21T11:19:58.498+0000] {processor.py:208} INFO - Processing /home/airflow/.local/lib/python3.12/site-packages/airflow/example_dags/example_params_ui_tutorial.py took 0.073 seconds
[2025-04-21T11:20:28.577+0000] {processor.py:186} INFO - Started process (PID=3492) to work on /home/airflow/.local/lib/python3.12/site-packages/airflow/example_dags/example_params_ui_tutorial.py
[2025-04-21T11:20:28.578+0000] {processor.py:914} INFO - Processing file /home/airflow/.local/lib/python3.12/site-packages/airflow/example_dags/example_params_ui_tutorial.py for tasks to queue
[2025-04-21T11:20:28.580+0000] {logging_mixin.py:190} INFO - [2025-04-21T11:20:28.580+0000] {dagbag.py:588} INFO - Filling up the DagBag from /home/airflow/.local/lib/python3.12/site-packages/airflow/example_dags/example_params_ui_tutorial.py
[2025-04-21T11:20:28.588+0000] {processor.py:925} INFO - DAG(s) 'example_params_ui_tutorial' retrieved from /home/airflow/.local/lib/python3.12/site-packages/airflow/example_dags/example_params_ui_tutorial.py
[2025-04-21T11:20:28.623+0000] {logging_mixin.py:190} INFO - [2025-04-21T11:20:28.623+0000] {dag.py:3239} INFO - Sync 1 DAGs
[2025-04-21T11:20:28.634+0000] {logging_mixin.py:190} INFO - [2025-04-21T11:20:28.634+0000] {dag.py:4180} INFO - Setting next_dagrun for example_params_ui_tutorial to None, run_after=None
[2025-04-21T11:20:28.649+0000] {processor.py:208} INFO - Processing /home/airflow/.local/lib/python3.12/site-packages/airflow/example_dags/example_params_ui_tutorial.py took 0.076 seconds
[2025-04-21T11:20:59.333+0000] {processor.py:186} INFO - Started process (PID=3555) to work on /home/airflow/.local/lib/python3.12/site-packages/airflow/example_dags/example_params_ui_tutorial.py
[2025-04-21T11:20:59.334+0000] {processor.py:914} INFO - Processing file /home/airflow/.local/lib/python3.12/site-packages/airflow/example_dags/example_params_ui_tutorial.py for tasks to queue
[2025-04-21T11:20:59.337+0000] {logging_mixin.py:190} INFO - [2025-04-21T11:20:59.336+0000] {dagbag.py:588} INFO - Filling up the DagBag from /home/airflow/.local/lib/python3.12/site-packages/airflow/example_dags/example_params_ui_tutorial.py
[2025-04-21T11:20:59.344+0000] {processor.py:925} INFO - DAG(s) 'example_params_ui_tutorial' retrieved from /home/airflow/.local/lib/python3.12/site-packages/airflow/example_dags/example_params_ui_tutorial.py
[2025-04-21T11:20:59.376+0000] {logging_mixin.py:190} INFO - [2025-04-21T11:20:59.376+0000] {dag.py:3239} INFO - Sync 1 DAGs
[2025-04-21T11:20:59.387+0000] {logging_mixin.py:190} INFO - [2025-04-21T11:20:59.386+0000] {dag.py:4180} INFO - Setting next_dagrun for example_params_ui_tutorial to None, run_after=None
[2025-04-21T11:20:59.405+0000] {processor.py:208} INFO - Processing /home/airflow/.local/lib/python3.12/site-packages/airflow/example_dags/example_params_ui_tutorial.py took 0.076 seconds
[2025-04-21T11:21:29.542+0000] {processor.py:186} INFO - Started process (PID=3618) to work on /home/airflow/.local/lib/python3.12/site-packages/airflow/example_dags/example_params_ui_tutorial.py
[2025-04-21T11:21:29.543+0000] {processor.py:914} INFO - Processing file /home/airflow/.local/lib/python3.12/site-packages/airflow/example_dags/example_params_ui_tutorial.py for tasks to queue
[2025-04-21T11:21:29.544+0000] {logging_mixin.py:190} INFO - [2025-04-21T11:21:29.544+0000] {dagbag.py:588} INFO - Filling up the DagBag from /home/airflow/.local/lib/python3.12/site-packages/airflow/example_dags/example_params_ui_tutorial.py
[2025-04-21T11:21:29.550+0000] {processor.py:925} INFO - DAG(s) 'example_params_ui_tutorial' retrieved from /home/airflow/.local/lib/python3.12/site-packages/airflow/example_dags/example_params_ui_tutorial.py
[2025-04-21T11:21:29.581+0000] {logging_mixin.py:190} INFO - [2025-04-21T11:21:29.581+0000] {dag.py:3239} INFO - Sync 1 DAGs
[2025-04-21T11:21:29.592+0000] {logging_mixin.py:190} INFO - [2025-04-21T11:21:29.592+0000] {dag.py:4180} INFO - Setting next_dagrun for example_params_ui_tutorial to None, run_after=None
[2025-04-21T11:21:29.607+0000] {processor.py:208} INFO - Processing /home/airflow/.local/lib/python3.12/site-packages/airflow/example_dags/example_params_ui_tutorial.py took 0.069 seconds
[2025-04-21T11:22:00.078+0000] {processor.py:186} INFO - Started process (PID=3681) to work on /home/airflow/.local/lib/python3.12/site-packages/airflow/example_dags/example_params_ui_tutorial.py
[2025-04-21T11:22:00.078+0000] {processor.py:914} INFO - Processing file /home/airflow/.local/lib/python3.12/site-packages/airflow/example_dags/example_params_ui_tutorial.py for tasks to queue
[2025-04-21T11:22:00.081+0000] {logging_mixin.py:190} INFO - [2025-04-21T11:22:00.081+0000] {dagbag.py:588} INFO - Filling up the DagBag from /home/airflow/.local/lib/python3.12/site-packages/airflow/example_dags/example_params_ui_tutorial.py
[2025-04-21T11:22:00.090+0000] {processor.py:925} INFO - DAG(s) 'example_params_ui_tutorial' retrieved from /home/airflow/.local/lib/python3.12/site-packages/airflow/example_dags/example_params_ui_tutorial.py
[2025-04-21T11:22:00.125+0000] {logging_mixin.py:190} INFO - [2025-04-21T11:22:00.125+0000] {dag.py:3239} INFO - Sync 1 DAGs
[2025-04-21T11:22:00.137+0000] {logging_mixin.py:190} INFO - [2025-04-21T11:22:00.137+0000] {dag.py:4180} INFO - Setting next_dagrun for example_params_ui_tutorial to None, run_after=None
[2025-04-21T11:22:00.157+0000] {processor.py:208} INFO - Processing /home/airflow/.local/lib/python3.12/site-packages/airflow/example_dags/example_params_ui_tutorial.py took 0.083 seconds
[2025-04-21T11:22:31.206+0000] {processor.py:186} INFO - Started process (PID=3744) to work on /home/airflow/.local/lib/python3.12/site-packages/airflow/example_dags/example_params_ui_tutorial.py
[2025-04-21T11:22:31.207+0000] {processor.py:914} INFO - Processing file /home/airflow/.local/lib/python3.12/site-packages/airflow/example_dags/example_params_ui_tutorial.py for tasks to queue
[2025-04-21T11:22:31.209+0000] {logging_mixin.py:190} INFO - [2025-04-21T11:22:31.209+0000] {dagbag.py:588} INFO - Filling up the DagBag from /home/airflow/.local/lib/python3.12/site-packages/airflow/example_dags/example_params_ui_tutorial.py
[2025-04-21T11:22:31.217+0000] {processor.py:925} INFO - DAG(s) 'example_params_ui_tutorial' retrieved from /home/airflow/.local/lib/python3.12/site-packages/airflow/example_dags/example_params_ui_tutorial.py
[2025-04-21T11:22:31.255+0000] {logging_mixin.py:190} INFO - [2025-04-21T11:22:31.254+0000] {dag.py:3239} INFO - Sync 1 DAGs
[2025-04-21T11:22:31.269+0000] {logging_mixin.py:190} INFO - [2025-04-21T11:22:31.269+0000] {dag.py:4180} INFO - Setting next_dagrun for example_params_ui_tutorial to None, run_after=None
[2025-04-21T11:22:31.287+0000] {processor.py:208} INFO - Processing /home/airflow/.local/lib/python3.12/site-packages/airflow/example_dags/example_params_ui_tutorial.py took 0.086 seconds
[2025-04-21T11:23:02.794+0000] {processor.py:186} INFO - Started process (PID=3807) to work on /home/airflow/.local/lib/python3.12/site-packages/airflow/example_dags/example_params_ui_tutorial.py
[2025-04-21T11:23:02.795+0000] {processor.py:914} INFO - Processing file /home/airflow/.local/lib/python3.12/site-packages/airflow/example_dags/example_params_ui_tutorial.py for tasks to queue
[2025-04-21T11:23:02.797+0000] {logging_mixin.py:190} INFO - [2025-04-21T11:23:02.797+0000] {dagbag.py:588} INFO - Filling up the DagBag from /home/airflow/.local/lib/python3.12/site-packages/airflow/example_dags/example_params_ui_tutorial.py
[2025-04-21T11:23:02.812+0000] {processor.py:925} INFO - DAG(s) 'example_params_ui_tutorial' retrieved from /home/airflow/.local/lib/python3.12/site-packages/airflow/example_dags/example_params_ui_tutorial.py
[2025-04-21T11:23:03.003+0000] {logging_mixin.py:190} INFO - [2025-04-21T11:23:03.003+0000] {dag.py:3239} INFO - Sync 1 DAGs
[2025-04-21T11:23:03.013+0000] {logging_mixin.py:190} INFO - [2025-04-21T11:23:03.012+0000] {dag.py:4180} INFO - Setting next_dagrun for example_params_ui_tutorial to None, run_after=None
[2025-04-21T11:23:03.032+0000] {processor.py:208} INFO - Processing /home/airflow/.local/lib/python3.12/site-packages/airflow/example_dags/example_params_ui_tutorial.py took 0.242 seconds
[2025-04-21T11:23:33.819+0000] {processor.py:186} INFO - Started process (PID=3870) to work on /home/airflow/.local/lib/python3.12/site-packages/airflow/example_dags/example_params_ui_tutorial.py
[2025-04-21T11:23:33.820+0000] {processor.py:914} INFO - Processing file /home/airflow/.local/lib/python3.12/site-packages/airflow/example_dags/example_params_ui_tutorial.py for tasks to queue
[2025-04-21T11:23:33.822+0000] {logging_mixin.py:190} INFO - [2025-04-21T11:23:33.822+0000] {dagbag.py:588} INFO - Filling up the DagBag from /home/airflow/.local/lib/python3.12/site-packages/airflow/example_dags/example_params_ui_tutorial.py
[2025-04-21T11:23:33.829+0000] {processor.py:925} INFO - DAG(s) 'example_params_ui_tutorial' retrieved from /home/airflow/.local/lib/python3.12/site-packages/airflow/example_dags/example_params_ui_tutorial.py
[2025-04-21T11:23:33.859+0000] {logging_mixin.py:190} INFO - [2025-04-21T11:23:33.859+0000] {dag.py:3239} INFO - Sync 1 DAGs
[2025-04-21T11:23:34.012+0000] {logging_mixin.py:190} INFO - [2025-04-21T11:23:34.012+0000] {dag.py:4180} INFO - Setting next_dagrun for example_params_ui_tutorial to None, run_after=None
[2025-04-21T11:23:34.025+0000] {processor.py:208} INFO - Processing /home/airflow/.local/lib/python3.12/site-packages/airflow/example_dags/example_params_ui_tutorial.py took 0.210 seconds
[2025-04-21T11:24:04.796+0000] {processor.py:186} INFO - Started process (PID=3932) to work on /home/airflow/.local/lib/python3.12/site-packages/airflow/example_dags/example_params_ui_tutorial.py
[2025-04-21T11:24:04.797+0000] {processor.py:914} INFO - Processing file /home/airflow/.local/lib/python3.12/site-packages/airflow/example_dags/example_params_ui_tutorial.py for tasks to queue
[2025-04-21T11:24:04.799+0000] {logging_mixin.py:190} INFO - [2025-04-21T11:24:04.799+0000] {dagbag.py:588} INFO - Filling up the DagBag from /home/airflow/.local/lib/python3.12/site-packages/airflow/example_dags/example_params_ui_tutorial.py
[2025-04-21T11:24:04.805+0000] {processor.py:925} INFO - DAG(s) 'example_params_ui_tutorial' retrieved from /home/airflow/.local/lib/python3.12/site-packages/airflow/example_dags/example_params_ui_tutorial.py
[2025-04-21T11:24:04.834+0000] {logging_mixin.py:190} INFO - [2025-04-21T11:24:04.834+0000] {dag.py:3239} INFO - Sync 1 DAGs
[2025-04-21T11:24:04.847+0000] {logging_mixin.py:190} INFO - [2025-04-21T11:24:04.847+0000] {dag.py:4180} INFO - Setting next_dagrun for example_params_ui_tutorial to None, run_after=None
[2025-04-21T11:24:04.862+0000] {processor.py:208} INFO - Processing /home/airflow/.local/lib/python3.12/site-packages/airflow/example_dags/example_params_ui_tutorial.py took 0.070 seconds
[2025-04-21T11:24:35.434+0000] {processor.py:186} INFO - Started process (PID=3995) to work on /home/airflow/.local/lib/python3.12/site-packages/airflow/example_dags/example_params_ui_tutorial.py
[2025-04-21T11:24:35.434+0000] {processor.py:914} INFO - Processing file /home/airflow/.local/lib/python3.12/site-packages/airflow/example_dags/example_params_ui_tutorial.py for tasks to queue
[2025-04-21T11:24:35.437+0000] {logging_mixin.py:190} INFO - [2025-04-21T11:24:35.437+0000] {dagbag.py:588} INFO - Filling up the DagBag from /home/airflow/.local/lib/python3.12/site-packages/airflow/example_dags/example_params_ui_tutorial.py
[2025-04-21T11:24:35.443+0000] {processor.py:925} INFO - DAG(s) 'example_params_ui_tutorial' retrieved from /home/airflow/.local/lib/python3.12/site-packages/airflow/example_dags/example_params_ui_tutorial.py
[2025-04-21T11:24:35.477+0000] {logging_mixin.py:190} INFO - [2025-04-21T11:24:35.476+0000] {dag.py:3239} INFO - Sync 1 DAGs
[2025-04-21T11:24:35.487+0000] {logging_mixin.py:190} INFO - [2025-04-21T11:24:35.487+0000] {dag.py:4180} INFO - Setting next_dagrun for example_params_ui_tutorial to None, run_after=None
[2025-04-21T11:24:35.504+0000] {processor.py:208} INFO - Processing /home/airflow/.local/lib/python3.12/site-packages/airflow/example_dags/example_params_ui_tutorial.py took 0.075 seconds
[2025-04-21T11:25:05.894+0000] {processor.py:186} INFO - Started process (PID=4058) to work on /home/airflow/.local/lib/python3.12/site-packages/airflow/example_dags/example_params_ui_tutorial.py
[2025-04-21T11:25:05.894+0000] {processor.py:914} INFO - Processing file /home/airflow/.local/lib/python3.12/site-packages/airflow/example_dags/example_params_ui_tutorial.py for tasks to queue
[2025-04-21T11:25:05.897+0000] {logging_mixin.py:190} INFO - [2025-04-21T11:25:05.896+0000] {dagbag.py:588} INFO - Filling up the DagBag from /home/airflow/.local/lib/python3.12/site-packages/airflow/example_dags/example_params_ui_tutorial.py
[2025-04-21T11:25:05.905+0000] {processor.py:925} INFO - DAG(s) 'example_params_ui_tutorial' retrieved from /home/airflow/.local/lib/python3.12/site-packages/airflow/example_dags/example_params_ui_tutorial.py
[2025-04-21T11:25:05.935+0000] {logging_mixin.py:190} INFO - [2025-04-21T11:25:05.935+0000] {dag.py:3239} INFO - Sync 1 DAGs
[2025-04-21T11:25:05.946+0000] {logging_mixin.py:190} INFO - [2025-04-21T11:25:05.946+0000] {dag.py:4180} INFO - Setting next_dagrun for example_params_ui_tutorial to None, run_after=None
[2025-04-21T11:25:05.961+0000] {processor.py:208} INFO - Processing /home/airflow/.local/lib/python3.12/site-packages/airflow/example_dags/example_params_ui_tutorial.py took 0.072 seconds
[2025-04-21T11:25:36.575+0000] {processor.py:186} INFO - Started process (PID=4127) to work on /home/airflow/.local/lib/python3.12/site-packages/airflow/example_dags/example_params_ui_tutorial.py
[2025-04-21T11:25:36.576+0000] {processor.py:914} INFO - Processing file /home/airflow/.local/lib/python3.12/site-packages/airflow/example_dags/example_params_ui_tutorial.py for tasks to queue
[2025-04-21T11:25:36.578+0000] {logging_mixin.py:190} INFO - [2025-04-21T11:25:36.578+0000] {dagbag.py:588} INFO - Filling up the DagBag from /home/airflow/.local/lib/python3.12/site-packages/airflow/example_dags/example_params_ui_tutorial.py
[2025-04-21T11:25:36.585+0000] {processor.py:925} INFO - DAG(s) 'example_params_ui_tutorial' retrieved from /home/airflow/.local/lib/python3.12/site-packages/airflow/example_dags/example_params_ui_tutorial.py
[2025-04-21T11:25:36.617+0000] {logging_mixin.py:190} INFO - [2025-04-21T11:25:36.617+0000] {dag.py:3239} INFO - Sync 1 DAGs
[2025-04-21T11:25:36.629+0000] {logging_mixin.py:190} INFO - [2025-04-21T11:25:36.629+0000] {dag.py:4180} INFO - Setting next_dagrun for example_params_ui_tutorial to None, run_after=None
[2025-04-21T11:25:36.646+0000] {processor.py:208} INFO - Processing /home/airflow/.local/lib/python3.12/site-packages/airflow/example_dags/example_params_ui_tutorial.py took 0.076 seconds
[2025-04-21T11:26:07.303+0000] {processor.py:186} INFO - Started process (PID=4190) to work on /home/airflow/.local/lib/python3.12/site-packages/airflow/example_dags/example_params_ui_tutorial.py
[2025-04-21T11:26:07.304+0000] {processor.py:914} INFO - Processing file /home/airflow/.local/lib/python3.12/site-packages/airflow/example_dags/example_params_ui_tutorial.py for tasks to queue
[2025-04-21T11:26:07.306+0000] {logging_mixin.py:190} INFO - [2025-04-21T11:26:07.305+0000] {dagbag.py:588} INFO - Filling up the DagBag from /home/airflow/.local/lib/python3.12/site-packages/airflow/example_dags/example_params_ui_tutorial.py
[2025-04-21T11:26:07.313+0000] {processor.py:925} INFO - DAG(s) 'example_params_ui_tutorial' retrieved from /home/airflow/.local/lib/python3.12/site-packages/airflow/example_dags/example_params_ui_tutorial.py
[2025-04-21T11:26:07.347+0000] {logging_mixin.py:190} INFO - [2025-04-21T11:26:07.347+0000] {dag.py:3239} INFO - Sync 1 DAGs
[2025-04-21T11:26:07.358+0000] {logging_mixin.py:190} INFO - [2025-04-21T11:26:07.358+0000] {dag.py:4180} INFO - Setting next_dagrun for example_params_ui_tutorial to None, run_after=None
[2025-04-21T11:26:07.375+0000] {processor.py:208} INFO - Processing /home/airflow/.local/lib/python3.12/site-packages/airflow/example_dags/example_params_ui_tutorial.py took 0.076 seconds
[2025-04-21T11:26:38.091+0000] {processor.py:186} INFO - Started process (PID=4253) to work on /home/airflow/.local/lib/python3.12/site-packages/airflow/example_dags/example_params_ui_tutorial.py
[2025-04-21T11:26:38.092+0000] {processor.py:914} INFO - Processing file /home/airflow/.local/lib/python3.12/site-packages/airflow/example_dags/example_params_ui_tutorial.py for tasks to queue
[2025-04-21T11:26:38.094+0000] {logging_mixin.py:190} INFO - [2025-04-21T11:26:38.094+0000] {dagbag.py:588} INFO - Filling up the DagBag from /home/airflow/.local/lib/python3.12/site-packages/airflow/example_dags/example_params_ui_tutorial.py
[2025-04-21T11:26:38.101+0000] {processor.py:925} INFO - DAG(s) 'example_params_ui_tutorial' retrieved from /home/airflow/.local/lib/python3.12/site-packages/airflow/example_dags/example_params_ui_tutorial.py
[2025-04-21T11:26:38.133+0000] {logging_mixin.py:190} INFO - [2025-04-21T11:26:38.133+0000] {dag.py:3239} INFO - Sync 1 DAGs
[2025-04-21T11:26:38.145+0000] {logging_mixin.py:190} INFO - [2025-04-21T11:26:38.145+0000] {dag.py:4180} INFO - Setting next_dagrun for example_params_ui_tutorial to None, run_after=None
[2025-04-21T11:26:38.162+0000] {processor.py:208} INFO - Processing /home/airflow/.local/lib/python3.12/site-packages/airflow/example_dags/example_params_ui_tutorial.py took 0.075 seconds
[2025-04-21T11:27:08.914+0000] {processor.py:186} INFO - Started process (PID=4316) to work on /home/airflow/.local/lib/python3.12/site-packages/airflow/example_dags/example_params_ui_tutorial.py
[2025-04-21T11:27:08.915+0000] {processor.py:914} INFO - Processing file /home/airflow/.local/lib/python3.12/site-packages/airflow/example_dags/example_params_ui_tutorial.py for tasks to queue
[2025-04-21T11:27:08.918+0000] {logging_mixin.py:190} INFO - [2025-04-21T11:27:08.917+0000] {dagbag.py:588} INFO - Filling up the DagBag from /home/airflow/.local/lib/python3.12/site-packages/airflow/example_dags/example_params_ui_tutorial.py
[2025-04-21T11:27:08.925+0000] {processor.py:925} INFO - DAG(s) 'example_params_ui_tutorial' retrieved from /home/airflow/.local/lib/python3.12/site-packages/airflow/example_dags/example_params_ui_tutorial.py
[2025-04-21T11:27:08.960+0000] {logging_mixin.py:190} INFO - [2025-04-21T11:27:08.960+0000] {dag.py:3239} INFO - Sync 1 DAGs
[2025-04-21T11:27:08.971+0000] {logging_mixin.py:190} INFO - [2025-04-21T11:27:08.971+0000] {dag.py:4180} INFO - Setting next_dagrun for example_params_ui_tutorial to None, run_after=None
[2025-04-21T11:27:08.988+0000] {processor.py:208} INFO - Processing /home/airflow/.local/lib/python3.12/site-packages/airflow/example_dags/example_params_ui_tutorial.py took 0.078 seconds
[2025-04-21T11:27:39.697+0000] {processor.py:186} INFO - Started process (PID=4379) to work on /home/airflow/.local/lib/python3.12/site-packages/airflow/example_dags/example_params_ui_tutorial.py
[2025-04-21T11:27:39.698+0000] {processor.py:914} INFO - Processing file /home/airflow/.local/lib/python3.12/site-packages/airflow/example_dags/example_params_ui_tutorial.py for tasks to queue
[2025-04-21T11:27:39.700+0000] {logging_mixin.py:190} INFO - [2025-04-21T11:27:39.700+0000] {dagbag.py:588} INFO - Filling up the DagBag from /home/airflow/.local/lib/python3.12/site-packages/airflow/example_dags/example_params_ui_tutorial.py
[2025-04-21T11:27:39.708+0000] {processor.py:925} INFO - DAG(s) 'example_params_ui_tutorial' retrieved from /home/airflow/.local/lib/python3.12/site-packages/airflow/example_dags/example_params_ui_tutorial.py
[2025-04-21T11:27:39.745+0000] {logging_mixin.py:190} INFO - [2025-04-21T11:27:39.744+0000] {dag.py:3239} INFO - Sync 1 DAGs
[2025-04-21T11:27:39.757+0000] {logging_mixin.py:190} INFO - [2025-04-21T11:27:39.756+0000] {dag.py:4180} INFO - Setting next_dagrun for example_params_ui_tutorial to None, run_after=None
[2025-04-21T11:27:39.775+0000] {processor.py:208} INFO - Processing /home/airflow/.local/lib/python3.12/site-packages/airflow/example_dags/example_params_ui_tutorial.py took 0.083 seconds
[2025-04-21T11:28:10.333+0000] {processor.py:186} INFO - Started process (PID=4442) to work on /home/airflow/.local/lib/python3.12/site-packages/airflow/example_dags/example_params_ui_tutorial.py
[2025-04-21T11:28:10.333+0000] {processor.py:914} INFO - Processing file /home/airflow/.local/lib/python3.12/site-packages/airflow/example_dags/example_params_ui_tutorial.py for tasks to queue
[2025-04-21T11:28:10.335+0000] {logging_mixin.py:190} INFO - [2025-04-21T11:28:10.335+0000] {dagbag.py:588} INFO - Filling up the DagBag from /home/airflow/.local/lib/python3.12/site-packages/airflow/example_dags/example_params_ui_tutorial.py
[2025-04-21T11:28:10.342+0000] {processor.py:925} INFO - DAG(s) 'example_params_ui_tutorial' retrieved from /home/airflow/.local/lib/python3.12/site-packages/airflow/example_dags/example_params_ui_tutorial.py
[2025-04-21T11:28:10.374+0000] {logging_mixin.py:190} INFO - [2025-04-21T11:28:10.373+0000] {dag.py:3239} INFO - Sync 1 DAGs
[2025-04-21T11:28:10.385+0000] {logging_mixin.py:190} INFO - [2025-04-21T11:28:10.385+0000] {dag.py:4180} INFO - Setting next_dagrun for example_params_ui_tutorial to None, run_after=None
[2025-04-21T11:28:10.403+0000] {processor.py:208} INFO - Processing /home/airflow/.local/lib/python3.12/site-packages/airflow/example_dags/example_params_ui_tutorial.py took 0.074 seconds
[2025-04-21T11:28:40.858+0000] {processor.py:186} INFO - Started process (PID=4505) to work on /home/airflow/.local/lib/python3.12/site-packages/airflow/example_dags/example_params_ui_tutorial.py
[2025-04-21T11:28:40.858+0000] {processor.py:914} INFO - Processing file /home/airflow/.local/lib/python3.12/site-packages/airflow/example_dags/example_params_ui_tutorial.py for tasks to queue
[2025-04-21T11:28:40.860+0000] {logging_mixin.py:190} INFO - [2025-04-21T11:28:40.860+0000] {dagbag.py:588} INFO - Filling up the DagBag from /home/airflow/.local/lib/python3.12/site-packages/airflow/example_dags/example_params_ui_tutorial.py
[2025-04-21T11:28:40.868+0000] {processor.py:925} INFO - DAG(s) 'example_params_ui_tutorial' retrieved from /home/airflow/.local/lib/python3.12/site-packages/airflow/example_dags/example_params_ui_tutorial.py
[2025-04-21T11:28:40.899+0000] {logging_mixin.py:190} INFO - [2025-04-21T11:28:40.899+0000] {dag.py:3239} INFO - Sync 1 DAGs
[2025-04-21T11:28:40.911+0000] {logging_mixin.py:190} INFO - [2025-04-21T11:28:40.911+0000] {dag.py:4180} INFO - Setting next_dagrun for example_params_ui_tutorial to None, run_after=None
[2025-04-21T11:28:40.929+0000] {processor.py:208} INFO - Processing /home/airflow/.local/lib/python3.12/site-packages/airflow/example_dags/example_params_ui_tutorial.py took 0.076 seconds
[2025-04-21T11:29:11.288+0000] {processor.py:186} INFO - Started process (PID=4567) to work on /home/airflow/.local/lib/python3.12/site-packages/airflow/example_dags/example_params_ui_tutorial.py
[2025-04-21T11:29:11.289+0000] {processor.py:914} INFO - Processing file /home/airflow/.local/lib/python3.12/site-packages/airflow/example_dags/example_params_ui_tutorial.py for tasks to queue
[2025-04-21T11:29:11.291+0000] {logging_mixin.py:190} INFO - [2025-04-21T11:29:11.291+0000] {dagbag.py:588} INFO - Filling up the DagBag from /home/airflow/.local/lib/python3.12/site-packages/airflow/example_dags/example_params_ui_tutorial.py
[2025-04-21T11:29:11.299+0000] {processor.py:925} INFO - DAG(s) 'example_params_ui_tutorial' retrieved from /home/airflow/.local/lib/python3.12/site-packages/airflow/example_dags/example_params_ui_tutorial.py
[2025-04-21T11:29:11.331+0000] {logging_mixin.py:190} INFO - [2025-04-21T11:29:11.330+0000] {dag.py:3239} INFO - Sync 1 DAGs
[2025-04-21T11:29:11.342+0000] {logging_mixin.py:190} INFO - [2025-04-21T11:29:11.342+0000] {dag.py:4180} INFO - Setting next_dagrun for example_params_ui_tutorial to None, run_after=None
[2025-04-21T11:29:11.358+0000] {processor.py:208} INFO - Processing /home/airflow/.local/lib/python3.12/site-packages/airflow/example_dags/example_params_ui_tutorial.py took 0.073 seconds
[2025-04-21T11:29:41.755+0000] {processor.py:186} INFO - Started process (PID=4631) to work on /home/airflow/.local/lib/python3.12/site-packages/airflow/example_dags/example_params_ui_tutorial.py
[2025-04-21T11:29:41.756+0000] {processor.py:914} INFO - Processing file /home/airflow/.local/lib/python3.12/site-packages/airflow/example_dags/example_params_ui_tutorial.py for tasks to queue
[2025-04-21T11:29:41.758+0000] {logging_mixin.py:190} INFO - [2025-04-21T11:29:41.758+0000] {dagbag.py:588} INFO - Filling up the DagBag from /home/airflow/.local/lib/python3.12/site-packages/airflow/example_dags/example_params_ui_tutorial.py
[2025-04-21T11:29:41.765+0000] {processor.py:925} INFO - DAG(s) 'example_params_ui_tutorial' retrieved from /home/airflow/.local/lib/python3.12/site-packages/airflow/example_dags/example_params_ui_tutorial.py
[2025-04-21T11:29:41.799+0000] {logging_mixin.py:190} INFO - [2025-04-21T11:29:41.799+0000] {dag.py:3239} INFO - Sync 1 DAGs
[2025-04-21T11:29:41.810+0000] {logging_mixin.py:190} INFO - [2025-04-21T11:29:41.810+0000] {dag.py:4180} INFO - Setting next_dagrun for example_params_ui_tutorial to None, run_after=None
[2025-04-21T11:29:41.824+0000] {processor.py:208} INFO - Processing /home/airflow/.local/lib/python3.12/site-packages/airflow/example_dags/example_params_ui_tutorial.py took 0.072 seconds
[2025-04-21T11:30:12.268+0000] {processor.py:186} INFO - Started process (PID=4694) to work on /home/airflow/.local/lib/python3.12/site-packages/airflow/example_dags/example_params_ui_tutorial.py
[2025-04-21T11:30:12.268+0000] {processor.py:914} INFO - Processing file /home/airflow/.local/lib/python3.12/site-packages/airflow/example_dags/example_params_ui_tutorial.py for tasks to queue
[2025-04-21T11:30:12.271+0000] {logging_mixin.py:190} INFO - [2025-04-21T11:30:12.271+0000] {dagbag.py:588} INFO - Filling up the DagBag from /home/airflow/.local/lib/python3.12/site-packages/airflow/example_dags/example_params_ui_tutorial.py
[2025-04-21T11:30:12.278+0000] {processor.py:925} INFO - DAG(s) 'example_params_ui_tutorial' retrieved from /home/airflow/.local/lib/python3.12/site-packages/airflow/example_dags/example_params_ui_tutorial.py
[2025-04-21T11:30:12.310+0000] {logging_mixin.py:190} INFO - [2025-04-21T11:30:12.310+0000] {dag.py:3239} INFO - Sync 1 DAGs
[2025-04-21T11:30:12.321+0000] {logging_mixin.py:190} INFO - [2025-04-21T11:30:12.321+0000] {dag.py:4180} INFO - Setting next_dagrun for example_params_ui_tutorial to None, run_after=None
[2025-04-21T11:30:12.336+0000] {processor.py:208} INFO - Processing /home/airflow/.local/lib/python3.12/site-packages/airflow/example_dags/example_params_ui_tutorial.py took 0.073 seconds
[2025-04-21T11:30:42.522+0000] {processor.py:186} INFO - Started process (PID=4756) to work on /home/airflow/.local/lib/python3.12/site-packages/airflow/example_dags/example_params_ui_tutorial.py
[2025-04-21T11:30:42.523+0000] {processor.py:914} INFO - Processing file /home/airflow/.local/lib/python3.12/site-packages/airflow/example_dags/example_params_ui_tutorial.py for tasks to queue
[2025-04-21T11:30:42.525+0000] {logging_mixin.py:190} INFO - [2025-04-21T11:30:42.525+0000] {dagbag.py:588} INFO - Filling up the DagBag from /home/airflow/.local/lib/python3.12/site-packages/airflow/example_dags/example_params_ui_tutorial.py
[2025-04-21T11:30:42.532+0000] {processor.py:925} INFO - DAG(s) 'example_params_ui_tutorial' retrieved from /home/airflow/.local/lib/python3.12/site-packages/airflow/example_dags/example_params_ui_tutorial.py
[2025-04-21T11:30:42.566+0000] {logging_mixin.py:190} INFO - [2025-04-21T11:30:42.566+0000] {dag.py:3239} INFO - Sync 1 DAGs
[2025-04-21T11:30:42.578+0000] {logging_mixin.py:190} INFO - [2025-04-21T11:30:42.578+0000] {dag.py:4180} INFO - Setting next_dagrun for example_params_ui_tutorial to None, run_after=None
[2025-04-21T11:30:42.593+0000] {processor.py:208} INFO - Processing /home/airflow/.local/lib/python3.12/site-packages/airflow/example_dags/example_params_ui_tutorial.py took 0.076 seconds
[2025-04-21T11:31:12.839+0000] {processor.py:186} INFO - Started process (PID=4812) to work on /home/airflow/.local/lib/python3.12/site-packages/airflow/example_dags/example_params_ui_tutorial.py
[2025-04-21T11:31:12.840+0000] {processor.py:914} INFO - Processing file /home/airflow/.local/lib/python3.12/site-packages/airflow/example_dags/example_params_ui_tutorial.py for tasks to queue
[2025-04-21T11:31:12.842+0000] {logging_mixin.py:190} INFO - [2025-04-21T11:31:12.842+0000] {dagbag.py:588} INFO - Filling up the DagBag from /home/airflow/.local/lib/python3.12/site-packages/airflow/example_dags/example_params_ui_tutorial.py
[2025-04-21T11:31:12.849+0000] {processor.py:925} INFO - DAG(s) 'example_params_ui_tutorial' retrieved from /home/airflow/.local/lib/python3.12/site-packages/airflow/example_dags/example_params_ui_tutorial.py
[2025-04-21T11:31:12.885+0000] {logging_mixin.py:190} INFO - [2025-04-21T11:31:12.885+0000] {dag.py:3239} INFO - Sync 1 DAGs
[2025-04-21T11:31:12.898+0000] {logging_mixin.py:190} INFO - [2025-04-21T11:31:12.898+0000] {dag.py:4180} INFO - Setting next_dagrun for example_params_ui_tutorial to None, run_after=None
[2025-04-21T11:31:12.913+0000] {processor.py:208} INFO - Processing /home/airflow/.local/lib/python3.12/site-packages/airflow/example_dags/example_params_ui_tutorial.py took 0.078 seconds
[2025-04-21T11:31:43.701+0000] {processor.py:186} INFO - Started process (PID=4871) to work on /home/airflow/.local/lib/python3.12/site-packages/airflow/example_dags/example_params_ui_tutorial.py
[2025-04-21T11:31:43.702+0000] {processor.py:914} INFO - Processing file /home/airflow/.local/lib/python3.12/site-packages/airflow/example_dags/example_params_ui_tutorial.py for tasks to queue
[2025-04-21T11:31:43.704+0000] {logging_mixin.py:190} INFO - [2025-04-21T11:31:43.704+0000] {dagbag.py:588} INFO - Filling up the DagBag from /home/airflow/.local/lib/python3.12/site-packages/airflow/example_dags/example_params_ui_tutorial.py
[2025-04-21T11:31:43.711+0000] {processor.py:925} INFO - DAG(s) 'example_params_ui_tutorial' retrieved from /home/airflow/.local/lib/python3.12/site-packages/airflow/example_dags/example_params_ui_tutorial.py
[2025-04-21T11:31:43.741+0000] {logging_mixin.py:190} INFO - [2025-04-21T11:31:43.741+0000] {dag.py:3239} INFO - Sync 1 DAGs
[2025-04-21T11:31:43.753+0000] {logging_mixin.py:190} INFO - [2025-04-21T11:31:43.752+0000] {dag.py:4180} INFO - Setting next_dagrun for example_params_ui_tutorial to None, run_after=None
[2025-04-21T11:31:43.769+0000] {processor.py:208} INFO - Processing /home/airflow/.local/lib/python3.12/site-packages/airflow/example_dags/example_params_ui_tutorial.py took 0.072 seconds
[2025-04-21T11:32:14.593+0000] {processor.py:186} INFO - Started process (PID=4934) to work on /home/airflow/.local/lib/python3.12/site-packages/airflow/example_dags/example_params_ui_tutorial.py
[2025-04-21T11:32:14.594+0000] {processor.py:914} INFO - Processing file /home/airflow/.local/lib/python3.12/site-packages/airflow/example_dags/example_params_ui_tutorial.py for tasks to queue
[2025-04-21T11:32:14.596+0000] {logging_mixin.py:190} INFO - [2025-04-21T11:32:14.596+0000] {dagbag.py:588} INFO - Filling up the DagBag from /home/airflow/.local/lib/python3.12/site-packages/airflow/example_dags/example_params_ui_tutorial.py
[2025-04-21T11:32:14.605+0000] {processor.py:925} INFO - DAG(s) 'example_params_ui_tutorial' retrieved from /home/airflow/.local/lib/python3.12/site-packages/airflow/example_dags/example_params_ui_tutorial.py
[2025-04-21T11:32:14.641+0000] {logging_mixin.py:190} INFO - [2025-04-21T11:32:14.641+0000] {dag.py:3239} INFO - Sync 1 DAGs
[2025-04-21T11:32:14.654+0000] {logging_mixin.py:190} INFO - [2025-04-21T11:32:14.653+0000] {dag.py:4180} INFO - Setting next_dagrun for example_params_ui_tutorial to None, run_after=None
[2025-04-21T11:32:14.674+0000] {processor.py:208} INFO - Processing /home/airflow/.local/lib/python3.12/site-packages/airflow/example_dags/example_params_ui_tutorial.py took 0.086 seconds
[2025-04-21T11:32:45.362+0000] {processor.py:186} INFO - Started process (PID=4997) to work on /home/airflow/.local/lib/python3.12/site-packages/airflow/example_dags/example_params_ui_tutorial.py
[2025-04-21T11:32:45.363+0000] {processor.py:914} INFO - Processing file /home/airflow/.local/lib/python3.12/site-packages/airflow/example_dags/example_params_ui_tutorial.py for tasks to queue
[2025-04-21T11:32:45.365+0000] {logging_mixin.py:190} INFO - [2025-04-21T11:32:45.365+0000] {dagbag.py:588} INFO - Filling up the DagBag from /home/airflow/.local/lib/python3.12/site-packages/airflow/example_dags/example_params_ui_tutorial.py
[2025-04-21T11:32:45.373+0000] {processor.py:925} INFO - DAG(s) 'example_params_ui_tutorial' retrieved from /home/airflow/.local/lib/python3.12/site-packages/airflow/example_dags/example_params_ui_tutorial.py
[2025-04-21T11:32:45.407+0000] {logging_mixin.py:190} INFO - [2025-04-21T11:32:45.406+0000] {dag.py:3239} INFO - Sync 1 DAGs
[2025-04-21T11:32:45.419+0000] {logging_mixin.py:190} INFO - [2025-04-21T11:32:45.419+0000] {dag.py:4180} INFO - Setting next_dagrun for example_params_ui_tutorial to None, run_after=None
[2025-04-21T11:32:45.434+0000] {processor.py:208} INFO - Processing /home/airflow/.local/lib/python3.12/site-packages/airflow/example_dags/example_params_ui_tutorial.py took 0.077 seconds
[2025-04-21T11:33:16.037+0000] {processor.py:186} INFO - Started process (PID=5061) to work on /home/airflow/.local/lib/python3.12/site-packages/airflow/example_dags/example_params_ui_tutorial.py
[2025-04-21T11:33:16.038+0000] {processor.py:914} INFO - Processing file /home/airflow/.local/lib/python3.12/site-packages/airflow/example_dags/example_params_ui_tutorial.py for tasks to queue
[2025-04-21T11:33:16.039+0000] {logging_mixin.py:190} INFO - [2025-04-21T11:33:16.039+0000] {dagbag.py:588} INFO - Filling up the DagBag from /home/airflow/.local/lib/python3.12/site-packages/airflow/example_dags/example_params_ui_tutorial.py
[2025-04-21T11:33:16.047+0000] {processor.py:925} INFO - DAG(s) 'example_params_ui_tutorial' retrieved from /home/airflow/.local/lib/python3.12/site-packages/airflow/example_dags/example_params_ui_tutorial.py
[2025-04-21T11:33:16.079+0000] {logging_mixin.py:190} INFO - [2025-04-21T11:33:16.078+0000] {dag.py:3239} INFO - Sync 1 DAGs
[2025-04-21T11:33:16.090+0000] {logging_mixin.py:190} INFO - [2025-04-21T11:33:16.090+0000] {dag.py:4180} INFO - Setting next_dagrun for example_params_ui_tutorial to None, run_after=None
[2025-04-21T11:33:16.106+0000] {processor.py:208} INFO - Processing /home/airflow/.local/lib/python3.12/site-packages/airflow/example_dags/example_params_ui_tutorial.py took 0.074 seconds
[2025-04-21T11:33:46.200+0000] {processor.py:186} INFO - Started process (PID=5124) to work on /home/airflow/.local/lib/python3.12/site-packages/airflow/example_dags/example_params_ui_tutorial.py
[2025-04-21T11:33:46.200+0000] {processor.py:914} INFO - Processing file /home/airflow/.local/lib/python3.12/site-packages/airflow/example_dags/example_params_ui_tutorial.py for tasks to queue
[2025-04-21T11:33:46.202+0000] {logging_mixin.py:190} INFO - [2025-04-21T11:33:46.202+0000] {dagbag.py:588} INFO - Filling up the DagBag from /home/airflow/.local/lib/python3.12/site-packages/airflow/example_dags/example_params_ui_tutorial.py
[2025-04-21T11:33:46.209+0000] {processor.py:925} INFO - DAG(s) 'example_params_ui_tutorial' retrieved from /home/airflow/.local/lib/python3.12/site-packages/airflow/example_dags/example_params_ui_tutorial.py
[2025-04-21T11:33:46.241+0000] {logging_mixin.py:190} INFO - [2025-04-21T11:33:46.241+0000] {dag.py:3239} INFO - Sync 1 DAGs
[2025-04-21T11:33:46.252+0000] {logging_mixin.py:190} INFO - [2025-04-21T11:33:46.252+0000] {dag.py:4180} INFO - Setting next_dagrun for example_params_ui_tutorial to None, run_after=None
[2025-04-21T11:33:46.267+0000] {processor.py:208} INFO - Processing /home/airflow/.local/lib/python3.12/site-packages/airflow/example_dags/example_params_ui_tutorial.py took 0.072 seconds
[2025-04-21T11:34:16.519+0000] {processor.py:186} INFO - Started process (PID=5188) to work on /home/airflow/.local/lib/python3.12/site-packages/airflow/example_dags/example_params_ui_tutorial.py
[2025-04-21T11:34:16.520+0000] {processor.py:914} INFO - Processing file /home/airflow/.local/lib/python3.12/site-packages/airflow/example_dags/example_params_ui_tutorial.py for tasks to queue
[2025-04-21T11:34:16.523+0000] {logging_mixin.py:190} INFO - [2025-04-21T11:34:16.522+0000] {dagbag.py:588} INFO - Filling up the DagBag from /home/airflow/.local/lib/python3.12/site-packages/airflow/example_dags/example_params_ui_tutorial.py
[2025-04-21T11:34:16.529+0000] {processor.py:925} INFO - DAG(s) 'example_params_ui_tutorial' retrieved from /home/airflow/.local/lib/python3.12/site-packages/airflow/example_dags/example_params_ui_tutorial.py
[2025-04-21T11:34:16.564+0000] {logging_mixin.py:190} INFO - [2025-04-21T11:34:16.563+0000] {dag.py:3239} INFO - Sync 1 DAGs
[2025-04-21T11:34:16.574+0000] {logging_mixin.py:190} INFO - [2025-04-21T11:34:16.574+0000] {dag.py:4180} INFO - Setting next_dagrun for example_params_ui_tutorial to None, run_after=None
[2025-04-21T11:34:16.591+0000] {processor.py:208} INFO - Processing /home/airflow/.local/lib/python3.12/site-packages/airflow/example_dags/example_params_ui_tutorial.py took 0.075 seconds
[2025-04-21T11:34:46.876+0000] {processor.py:186} INFO - Started process (PID=5252) to work on /home/airflow/.local/lib/python3.12/site-packages/airflow/example_dags/example_params_ui_tutorial.py
[2025-04-21T11:34:46.877+0000] {processor.py:914} INFO - Processing file /home/airflow/.local/lib/python3.12/site-packages/airflow/example_dags/example_params_ui_tutorial.py for tasks to queue
[2025-04-21T11:34:46.879+0000] {logging_mixin.py:190} INFO - [2025-04-21T11:34:46.879+0000] {dagbag.py:588} INFO - Filling up the DagBag from /home/airflow/.local/lib/python3.12/site-packages/airflow/example_dags/example_params_ui_tutorial.py
[2025-04-21T11:34:46.885+0000] {processor.py:925} INFO - DAG(s) 'example_params_ui_tutorial' retrieved from /home/airflow/.local/lib/python3.12/site-packages/airflow/example_dags/example_params_ui_tutorial.py
[2025-04-21T11:34:46.919+0000] {logging_mixin.py:190} INFO - [2025-04-21T11:34:46.919+0000] {dag.py:3239} INFO - Sync 1 DAGs
[2025-04-21T11:34:46.931+0000] {logging_mixin.py:190} INFO - [2025-04-21T11:34:46.931+0000] {dag.py:4180} INFO - Setting next_dagrun for example_params_ui_tutorial to None, run_after=None
[2025-04-21T11:34:46.946+0000] {processor.py:208} INFO - Processing /home/airflow/.local/lib/python3.12/site-packages/airflow/example_dags/example_params_ui_tutorial.py took 0.074 seconds
[2025-04-21T11:35:17.277+0000] {processor.py:186} INFO - Started process (PID=5316) to work on /home/airflow/.local/lib/python3.12/site-packages/airflow/example_dags/example_params_ui_tutorial.py
[2025-04-21T11:35:17.278+0000] {processor.py:914} INFO - Processing file /home/airflow/.local/lib/python3.12/site-packages/airflow/example_dags/example_params_ui_tutorial.py for tasks to queue
[2025-04-21T11:35:17.280+0000] {logging_mixin.py:190} INFO - [2025-04-21T11:35:17.280+0000] {dagbag.py:588} INFO - Filling up the DagBag from /home/airflow/.local/lib/python3.12/site-packages/airflow/example_dags/example_params_ui_tutorial.py
[2025-04-21T11:35:17.289+0000] {processor.py:925} INFO - DAG(s) 'example_params_ui_tutorial' retrieved from /home/airflow/.local/lib/python3.12/site-packages/airflow/example_dags/example_params_ui_tutorial.py
[2025-04-21T11:35:17.329+0000] {logging_mixin.py:190} INFO - [2025-04-21T11:35:17.329+0000] {dag.py:3239} INFO - Sync 1 DAGs
[2025-04-21T11:35:17.341+0000] {logging_mixin.py:190} INFO - [2025-04-21T11:35:17.341+0000] {dag.py:4180} INFO - Setting next_dagrun for example_params_ui_tutorial to None, run_after=None
[2025-04-21T11:35:17.359+0000] {processor.py:208} INFO - Processing /home/airflow/.local/lib/python3.12/site-packages/airflow/example_dags/example_params_ui_tutorial.py took 0.086 seconds
[2025-04-21T11:35:48.302+0000] {processor.py:186} INFO - Started process (PID=5380) to work on /home/airflow/.local/lib/python3.12/site-packages/airflow/example_dags/example_params_ui_tutorial.py
[2025-04-21T11:35:48.303+0000] {processor.py:914} INFO - Processing file /home/airflow/.local/lib/python3.12/site-packages/airflow/example_dags/example_params_ui_tutorial.py for tasks to queue
[2025-04-21T11:35:48.305+0000] {logging_mixin.py:190} INFO - [2025-04-21T11:35:48.304+0000] {dagbag.py:588} INFO - Filling up the DagBag from /home/airflow/.local/lib/python3.12/site-packages/airflow/example_dags/example_params_ui_tutorial.py
[2025-04-21T11:35:48.311+0000] {processor.py:925} INFO - DAG(s) 'example_params_ui_tutorial' retrieved from /home/airflow/.local/lib/python3.12/site-packages/airflow/example_dags/example_params_ui_tutorial.py
[2025-04-21T11:35:48.342+0000] {logging_mixin.py:190} INFO - [2025-04-21T11:35:48.342+0000] {dag.py:3239} INFO - Sync 1 DAGs
[2025-04-21T11:35:48.353+0000] {logging_mixin.py:190} INFO - [2025-04-21T11:35:48.353+0000] {dag.py:4180} INFO - Setting next_dagrun for example_params_ui_tutorial to None, run_after=None
[2025-04-21T11:35:48.368+0000] {processor.py:208} INFO - Processing /home/airflow/.local/lib/python3.12/site-packages/airflow/example_dags/example_params_ui_tutorial.py took 0.071 seconds
[2025-04-21T11:36:19.129+0000] {processor.py:186} INFO - Started process (PID=5444) to work on /home/airflow/.local/lib/python3.12/site-packages/airflow/example_dags/example_params_ui_tutorial.py
[2025-04-21T11:36:19.130+0000] {processor.py:914} INFO - Processing file /home/airflow/.local/lib/python3.12/site-packages/airflow/example_dags/example_params_ui_tutorial.py for tasks to queue
[2025-04-21T11:36:19.132+0000] {logging_mixin.py:190} INFO - [2025-04-21T11:36:19.132+0000] {dagbag.py:588} INFO - Filling up the DagBag from /home/airflow/.local/lib/python3.12/site-packages/airflow/example_dags/example_params_ui_tutorial.py
[2025-04-21T11:36:19.140+0000] {processor.py:925} INFO - DAG(s) 'example_params_ui_tutorial' retrieved from /home/airflow/.local/lib/python3.12/site-packages/airflow/example_dags/example_params_ui_tutorial.py
[2025-04-21T11:36:19.173+0000] {logging_mixin.py:190} INFO - [2025-04-21T11:36:19.172+0000] {dag.py:3239} INFO - Sync 1 DAGs
[2025-04-21T11:36:19.184+0000] {logging_mixin.py:190} INFO - [2025-04-21T11:36:19.183+0000] {dag.py:4180} INFO - Setting next_dagrun for example_params_ui_tutorial to None, run_after=None
[2025-04-21T11:36:19.198+0000] {processor.py:208} INFO - Processing /home/airflow/.local/lib/python3.12/site-packages/airflow/example_dags/example_params_ui_tutorial.py took 0.074 seconds
[2025-04-21T11:36:49.846+0000] {processor.py:186} INFO - Started process (PID=5508) to work on /home/airflow/.local/lib/python3.12/site-packages/airflow/example_dags/example_params_ui_tutorial.py
[2025-04-21T11:36:49.847+0000] {processor.py:914} INFO - Processing file /home/airflow/.local/lib/python3.12/site-packages/airflow/example_dags/example_params_ui_tutorial.py for tasks to queue
[2025-04-21T11:36:49.849+0000] {logging_mixin.py:190} INFO - [2025-04-21T11:36:49.849+0000] {dagbag.py:588} INFO - Filling up the DagBag from /home/airflow/.local/lib/python3.12/site-packages/airflow/example_dags/example_params_ui_tutorial.py
[2025-04-21T11:36:49.856+0000] {processor.py:925} INFO - DAG(s) 'example_params_ui_tutorial' retrieved from /home/airflow/.local/lib/python3.12/site-packages/airflow/example_dags/example_params_ui_tutorial.py
[2025-04-21T11:36:49.892+0000] {logging_mixin.py:190} INFO - [2025-04-21T11:36:49.891+0000] {dag.py:3239} INFO - Sync 1 DAGs
[2025-04-21T11:36:49.904+0000] {logging_mixin.py:190} INFO - [2025-04-21T11:36:49.904+0000] {dag.py:4180} INFO - Setting next_dagrun for example_params_ui_tutorial to None, run_after=None
[2025-04-21T11:36:49.921+0000] {processor.py:208} INFO - Processing /home/airflow/.local/lib/python3.12/site-packages/airflow/example_dags/example_params_ui_tutorial.py took 0.078 seconds
[2025-04-21T11:37:20.438+0000] {processor.py:186} INFO - Started process (PID=5572) to work on /home/airflow/.local/lib/python3.12/site-packages/airflow/example_dags/example_params_ui_tutorial.py
[2025-04-21T11:37:20.440+0000] {processor.py:914} INFO - Processing file /home/airflow/.local/lib/python3.12/site-packages/airflow/example_dags/example_params_ui_tutorial.py for tasks to queue
[2025-04-21T11:37:20.442+0000] {logging_mixin.py:190} INFO - [2025-04-21T11:37:20.442+0000] {dagbag.py:588} INFO - Filling up the DagBag from /home/airflow/.local/lib/python3.12/site-packages/airflow/example_dags/example_params_ui_tutorial.py
[2025-04-21T11:37:20.449+0000] {processor.py:925} INFO - DAG(s) 'example_params_ui_tutorial' retrieved from /home/airflow/.local/lib/python3.12/site-packages/airflow/example_dags/example_params_ui_tutorial.py
[2025-04-21T11:37:20.482+0000] {logging_mixin.py:190} INFO - [2025-04-21T11:37:20.482+0000] {dag.py:3239} INFO - Sync 1 DAGs
[2025-04-21T11:37:20.493+0000] {logging_mixin.py:190} INFO - [2025-04-21T11:37:20.493+0000] {dag.py:4180} INFO - Setting next_dagrun for example_params_ui_tutorial to None, run_after=None
[2025-04-21T11:37:20.509+0000] {processor.py:208} INFO - Processing /home/airflow/.local/lib/python3.12/site-packages/airflow/example_dags/example_params_ui_tutorial.py took 0.075 seconds
[2025-04-21T11:37:50.927+0000] {processor.py:186} INFO - Started process (PID=5635) to work on /home/airflow/.local/lib/python3.12/site-packages/airflow/example_dags/example_params_ui_tutorial.py
[2025-04-21T11:37:50.928+0000] {processor.py:914} INFO - Processing file /home/airflow/.local/lib/python3.12/site-packages/airflow/example_dags/example_params_ui_tutorial.py for tasks to queue
[2025-04-21T11:37:50.930+0000] {logging_mixin.py:190} INFO - [2025-04-21T11:37:50.930+0000] {dagbag.py:588} INFO - Filling up the DagBag from /home/airflow/.local/lib/python3.12/site-packages/airflow/example_dags/example_params_ui_tutorial.py
[2025-04-21T11:37:50.937+0000] {processor.py:925} INFO - DAG(s) 'example_params_ui_tutorial' retrieved from /home/airflow/.local/lib/python3.12/site-packages/airflow/example_dags/example_params_ui_tutorial.py
[2025-04-21T11:37:50.972+0000] {logging_mixin.py:190} INFO - [2025-04-21T11:37:50.972+0000] {dag.py:3239} INFO - Sync 1 DAGs
[2025-04-21T11:37:50.983+0000] {logging_mixin.py:190} INFO - [2025-04-21T11:37:50.983+0000] {dag.py:4180} INFO - Setting next_dagrun for example_params_ui_tutorial to None, run_after=None
[2025-04-21T11:37:51.001+0000] {processor.py:208} INFO - Processing /home/airflow/.local/lib/python3.12/site-packages/airflow/example_dags/example_params_ui_tutorial.py took 0.079 seconds
[2025-04-21T11:38:21.107+0000] {processor.py:186} INFO - Started process (PID=5699) to work on /home/airflow/.local/lib/python3.12/site-packages/airflow/example_dags/example_params_ui_tutorial.py
[2025-04-21T11:38:21.108+0000] {processor.py:914} INFO - Processing file /home/airflow/.local/lib/python3.12/site-packages/airflow/example_dags/example_params_ui_tutorial.py for tasks to queue
[2025-04-21T11:38:21.110+0000] {logging_mixin.py:190} INFO - [2025-04-21T11:38:21.109+0000] {dagbag.py:588} INFO - Filling up the DagBag from /home/airflow/.local/lib/python3.12/site-packages/airflow/example_dags/example_params_ui_tutorial.py
[2025-04-21T11:38:21.116+0000] {processor.py:925} INFO - DAG(s) 'example_params_ui_tutorial' retrieved from /home/airflow/.local/lib/python3.12/site-packages/airflow/example_dags/example_params_ui_tutorial.py
[2025-04-21T11:38:21.148+0000] {logging_mixin.py:190} INFO - [2025-04-21T11:38:21.148+0000] {dag.py:3239} INFO - Sync 1 DAGs
[2025-04-21T11:38:21.159+0000] {logging_mixin.py:190} INFO - [2025-04-21T11:38:21.159+0000] {dag.py:4180} INFO - Setting next_dagrun for example_params_ui_tutorial to None, run_after=None
[2025-04-21T11:38:21.175+0000] {processor.py:208} INFO - Processing /home/airflow/.local/lib/python3.12/site-packages/airflow/example_dags/example_params_ui_tutorial.py took 0.072 seconds
[2025-04-21T11:38:51.420+0000] {processor.py:186} INFO - Started process (PID=5763) to work on /home/airflow/.local/lib/python3.12/site-packages/airflow/example_dags/example_params_ui_tutorial.py
[2025-04-21T11:38:51.421+0000] {processor.py:914} INFO - Processing file /home/airflow/.local/lib/python3.12/site-packages/airflow/example_dags/example_params_ui_tutorial.py for tasks to queue
[2025-04-21T11:38:51.423+0000] {logging_mixin.py:190} INFO - [2025-04-21T11:38:51.423+0000] {dagbag.py:588} INFO - Filling up the DagBag from /home/airflow/.local/lib/python3.12/site-packages/airflow/example_dags/example_params_ui_tutorial.py
[2025-04-21T11:38:51.432+0000] {processor.py:925} INFO - DAG(s) 'example_params_ui_tutorial' retrieved from /home/airflow/.local/lib/python3.12/site-packages/airflow/example_dags/example_params_ui_tutorial.py
[2025-04-21T11:38:51.465+0000] {logging_mixin.py:190} INFO - [2025-04-21T11:38:51.465+0000] {dag.py:3239} INFO - Sync 1 DAGs
[2025-04-21T11:38:51.477+0000] {logging_mixin.py:190} INFO - [2025-04-21T11:38:51.477+0000] {dag.py:4180} INFO - Setting next_dagrun for example_params_ui_tutorial to None, run_after=None
[2025-04-21T11:38:51.493+0000] {processor.py:208} INFO - Processing /home/airflow/.local/lib/python3.12/site-packages/airflow/example_dags/example_params_ui_tutorial.py took 0.077 seconds
[2025-04-21T11:39:21.525+0000] {processor.py:186} INFO - Started process (PID=5827) to work on /home/airflow/.local/lib/python3.12/site-packages/airflow/example_dags/example_params_ui_tutorial.py
[2025-04-21T11:39:21.526+0000] {processor.py:914} INFO - Processing file /home/airflow/.local/lib/python3.12/site-packages/airflow/example_dags/example_params_ui_tutorial.py for tasks to queue
[2025-04-21T11:39:21.528+0000] {logging_mixin.py:190} INFO - [2025-04-21T11:39:21.528+0000] {dagbag.py:588} INFO - Filling up the DagBag from /home/airflow/.local/lib/python3.12/site-packages/airflow/example_dags/example_params_ui_tutorial.py
[2025-04-21T11:39:21.535+0000] {processor.py:925} INFO - DAG(s) 'example_params_ui_tutorial' retrieved from /home/airflow/.local/lib/python3.12/site-packages/airflow/example_dags/example_params_ui_tutorial.py
[2025-04-21T11:39:21.568+0000] {logging_mixin.py:190} INFO - [2025-04-21T11:39:21.568+0000] {dag.py:3239} INFO - Sync 1 DAGs
[2025-04-21T11:39:21.580+0000] {logging_mixin.py:190} INFO - [2025-04-21T11:39:21.580+0000] {dag.py:4180} INFO - Setting next_dagrun for example_params_ui_tutorial to None, run_after=None
[2025-04-21T11:39:21.598+0000] {processor.py:208} INFO - Processing /home/airflow/.local/lib/python3.12/site-packages/airflow/example_dags/example_params_ui_tutorial.py took 0.077 seconds
[2025-04-21T11:39:52.336+0000] {processor.py:186} INFO - Started process (PID=5891) to work on /home/airflow/.local/lib/python3.12/site-packages/airflow/example_dags/example_params_ui_tutorial.py
[2025-04-21T11:39:52.337+0000] {processor.py:914} INFO - Processing file /home/airflow/.local/lib/python3.12/site-packages/airflow/example_dags/example_params_ui_tutorial.py for tasks to queue
[2025-04-21T11:39:52.339+0000] {logging_mixin.py:190} INFO - [2025-04-21T11:39:52.339+0000] {dagbag.py:588} INFO - Filling up the DagBag from /home/airflow/.local/lib/python3.12/site-packages/airflow/example_dags/example_params_ui_tutorial.py
[2025-04-21T11:39:52.347+0000] {processor.py:925} INFO - DAG(s) 'example_params_ui_tutorial' retrieved from /home/airflow/.local/lib/python3.12/site-packages/airflow/example_dags/example_params_ui_tutorial.py
[2025-04-21T11:39:52.381+0000] {logging_mixin.py:190} INFO - [2025-04-21T11:39:52.380+0000] {dag.py:3239} INFO - Sync 1 DAGs
[2025-04-21T11:39:52.392+0000] {logging_mixin.py:190} INFO - [2025-04-21T11:39:52.392+0000] {dag.py:4180} INFO - Setting next_dagrun for example_params_ui_tutorial to None, run_after=None
[2025-04-21T11:39:52.409+0000] {processor.py:208} INFO - Processing /home/airflow/.local/lib/python3.12/site-packages/airflow/example_dags/example_params_ui_tutorial.py took 0.077 seconds
[2025-04-21T11:40:23.206+0000] {processor.py:186} INFO - Started process (PID=5955) to work on /home/airflow/.local/lib/python3.12/site-packages/airflow/example_dags/example_params_ui_tutorial.py
[2025-04-21T11:40:23.207+0000] {processor.py:914} INFO - Processing file /home/airflow/.local/lib/python3.12/site-packages/airflow/example_dags/example_params_ui_tutorial.py for tasks to queue
[2025-04-21T11:40:23.209+0000] {logging_mixin.py:190} INFO - [2025-04-21T11:40:23.209+0000] {dagbag.py:588} INFO - Filling up the DagBag from /home/airflow/.local/lib/python3.12/site-packages/airflow/example_dags/example_params_ui_tutorial.py
[2025-04-21T11:40:23.217+0000] {processor.py:925} INFO - DAG(s) 'example_params_ui_tutorial' retrieved from /home/airflow/.local/lib/python3.12/site-packages/airflow/example_dags/example_params_ui_tutorial.py
[2025-04-21T11:40:23.251+0000] {logging_mixin.py:190} INFO - [2025-04-21T11:40:23.251+0000] {dag.py:3239} INFO - Sync 1 DAGs
[2025-04-21T11:40:23.262+0000] {logging_mixin.py:190} INFO - [2025-04-21T11:40:23.262+0000] {dag.py:4180} INFO - Setting next_dagrun for example_params_ui_tutorial to None, run_after=None
[2025-04-21T11:40:23.278+0000] {processor.py:208} INFO - Processing /home/airflow/.local/lib/python3.12/site-packages/airflow/example_dags/example_params_ui_tutorial.py took 0.078 seconds
[2025-04-21T11:40:53.418+0000] {processor.py:186} INFO - Started process (PID=6019) to work on /home/airflow/.local/lib/python3.12/site-packages/airflow/example_dags/example_params_ui_tutorial.py
[2025-04-21T11:40:53.418+0000] {processor.py:914} INFO - Processing file /home/airflow/.local/lib/python3.12/site-packages/airflow/example_dags/example_params_ui_tutorial.py for tasks to queue
[2025-04-21T11:40:53.420+0000] {logging_mixin.py:190} INFO - [2025-04-21T11:40:53.420+0000] {dagbag.py:588} INFO - Filling up the DagBag from /home/airflow/.local/lib/python3.12/site-packages/airflow/example_dags/example_params_ui_tutorial.py
[2025-04-21T11:40:53.428+0000] {processor.py:925} INFO - DAG(s) 'example_params_ui_tutorial' retrieved from /home/airflow/.local/lib/python3.12/site-packages/airflow/example_dags/example_params_ui_tutorial.py
[2025-04-21T11:40:53.465+0000] {logging_mixin.py:190} INFO - [2025-04-21T11:40:53.464+0000] {dag.py:3239} INFO - Sync 1 DAGs
[2025-04-21T11:40:53.477+0000] {logging_mixin.py:190} INFO - [2025-04-21T11:40:53.477+0000] {dag.py:4180} INFO - Setting next_dagrun for example_params_ui_tutorial to None, run_after=None
[2025-04-21T11:40:53.495+0000] {processor.py:208} INFO - Processing /home/airflow/.local/lib/python3.12/site-packages/airflow/example_dags/example_params_ui_tutorial.py took 0.082 seconds
[2025-04-21T11:41:23.587+0000] {processor.py:186} INFO - Started process (PID=6083) to work on /home/airflow/.local/lib/python3.12/site-packages/airflow/example_dags/example_params_ui_tutorial.py
[2025-04-21T11:41:23.588+0000] {processor.py:914} INFO - Processing file /home/airflow/.local/lib/python3.12/site-packages/airflow/example_dags/example_params_ui_tutorial.py for tasks to queue
[2025-04-21T11:41:23.591+0000] {logging_mixin.py:190} INFO - [2025-04-21T11:41:23.591+0000] {dagbag.py:588} INFO - Filling up the DagBag from /home/airflow/.local/lib/python3.12/site-packages/airflow/example_dags/example_params_ui_tutorial.py
[2025-04-21T11:41:23.600+0000] {processor.py:925} INFO - DAG(s) 'example_params_ui_tutorial' retrieved from /home/airflow/.local/lib/python3.12/site-packages/airflow/example_dags/example_params_ui_tutorial.py
[2025-04-21T11:41:23.634+0000] {logging_mixin.py:190} INFO - [2025-04-21T11:41:23.633+0000] {dag.py:3239} INFO - Sync 1 DAGs
[2025-04-21T11:41:23.645+0000] {logging_mixin.py:190} INFO - [2025-04-21T11:41:23.645+0000] {dag.py:4180} INFO - Setting next_dagrun for example_params_ui_tutorial to None, run_after=None
[2025-04-21T11:41:23.666+0000] {processor.py:208} INFO - Processing /home/airflow/.local/lib/python3.12/site-packages/airflow/example_dags/example_params_ui_tutorial.py took 0.083 seconds
[2025-04-21T11:41:53.909+0000] {processor.py:186} INFO - Started process (PID=6147) to work on /home/airflow/.local/lib/python3.12/site-packages/airflow/example_dags/example_params_ui_tutorial.py
[2025-04-21T11:41:53.910+0000] {processor.py:914} INFO - Processing file /home/airflow/.local/lib/python3.12/site-packages/airflow/example_dags/example_params_ui_tutorial.py for tasks to queue
[2025-04-21T11:41:53.912+0000] {logging_mixin.py:190} INFO - [2025-04-21T11:41:53.912+0000] {dagbag.py:588} INFO - Filling up the DagBag from /home/airflow/.local/lib/python3.12/site-packages/airflow/example_dags/example_params_ui_tutorial.py
[2025-04-21T11:41:53.918+0000] {processor.py:925} INFO - DAG(s) 'example_params_ui_tutorial' retrieved from /home/airflow/.local/lib/python3.12/site-packages/airflow/example_dags/example_params_ui_tutorial.py
[2025-04-21T11:41:53.963+0000] {logging_mixin.py:190} INFO - [2025-04-21T11:41:53.962+0000] {dag.py:3239} INFO - Sync 1 DAGs
[2025-04-21T11:41:53.974+0000] {logging_mixin.py:190} INFO - [2025-04-21T11:41:53.974+0000] {dag.py:4180} INFO - Setting next_dagrun for example_params_ui_tutorial to None, run_after=None
[2025-04-21T11:41:53.990+0000] {processor.py:208} INFO - Processing /home/airflow/.local/lib/python3.12/site-packages/airflow/example_dags/example_params_ui_tutorial.py took 0.085 seconds
[2025-04-21T11:42:24.726+0000] {processor.py:186} INFO - Started process (PID=6211) to work on /home/airflow/.local/lib/python3.12/site-packages/airflow/example_dags/example_params_ui_tutorial.py
[2025-04-21T11:42:24.727+0000] {processor.py:914} INFO - Processing file /home/airflow/.local/lib/python3.12/site-packages/airflow/example_dags/example_params_ui_tutorial.py for tasks to queue
[2025-04-21T11:42:24.729+0000] {logging_mixin.py:190} INFO - [2025-04-21T11:42:24.729+0000] {dagbag.py:588} INFO - Filling up the DagBag from /home/airflow/.local/lib/python3.12/site-packages/airflow/example_dags/example_params_ui_tutorial.py
[2025-04-21T11:42:24.737+0000] {processor.py:925} INFO - DAG(s) 'example_params_ui_tutorial' retrieved from /home/airflow/.local/lib/python3.12/site-packages/airflow/example_dags/example_params_ui_tutorial.py
[2025-04-21T11:42:24.769+0000] {logging_mixin.py:190} INFO - [2025-04-21T11:42:24.768+0000] {dag.py:3239} INFO - Sync 1 DAGs
[2025-04-21T11:42:24.781+0000] {logging_mixin.py:190} INFO - [2025-04-21T11:42:24.781+0000] {dag.py:4180} INFO - Setting next_dagrun for example_params_ui_tutorial to None, run_after=None
[2025-04-21T11:42:24.797+0000] {processor.py:208} INFO - Processing /home/airflow/.local/lib/python3.12/site-packages/airflow/example_dags/example_params_ui_tutorial.py took 0.077 seconds
[2025-04-21T11:42:55.796+0000] {processor.py:186} INFO - Started process (PID=6275) to work on /home/airflow/.local/lib/python3.12/site-packages/airflow/example_dags/example_params_ui_tutorial.py
[2025-04-21T11:42:55.798+0000] {processor.py:914} INFO - Processing file /home/airflow/.local/lib/python3.12/site-packages/airflow/example_dags/example_params_ui_tutorial.py for tasks to queue
[2025-04-21T11:42:55.803+0000] {logging_mixin.py:190} INFO - [2025-04-21T11:42:55.802+0000] {dagbag.py:588} INFO - Filling up the DagBag from /home/airflow/.local/lib/python3.12/site-packages/airflow/example_dags/example_params_ui_tutorial.py
[2025-04-21T11:42:55.817+0000] {processor.py:925} INFO - DAG(s) 'example_params_ui_tutorial' retrieved from /home/airflow/.local/lib/python3.12/site-packages/airflow/example_dags/example_params_ui_tutorial.py
[2025-04-21T11:42:55.897+0000] {logging_mixin.py:190} INFO - [2025-04-21T11:42:55.897+0000] {dag.py:3239} INFO - Sync 1 DAGs
[2025-04-21T11:42:55.920+0000] {logging_mixin.py:190} INFO - [2025-04-21T11:42:55.919+0000] {dag.py:4180} INFO - Setting next_dagrun for example_params_ui_tutorial to None, run_after=None
[2025-04-21T11:42:55.953+0000] {processor.py:208} INFO - Processing /home/airflow/.local/lib/python3.12/site-packages/airflow/example_dags/example_params_ui_tutorial.py took 0.172 seconds
[2025-04-21T11:43:26.527+0000] {processor.py:186} INFO - Started process (PID=6339) to work on /home/airflow/.local/lib/python3.12/site-packages/airflow/example_dags/example_params_ui_tutorial.py
[2025-04-21T11:43:26.530+0000] {processor.py:914} INFO - Processing file /home/airflow/.local/lib/python3.12/site-packages/airflow/example_dags/example_params_ui_tutorial.py for tasks to queue
[2025-04-21T11:43:26.534+0000] {logging_mixin.py:190} INFO - [2025-04-21T11:43:26.533+0000] {dagbag.py:588} INFO - Filling up the DagBag from /home/airflow/.local/lib/python3.12/site-packages/airflow/example_dags/example_params_ui_tutorial.py
[2025-04-21T11:43:26.548+0000] {processor.py:925} INFO - DAG(s) 'example_params_ui_tutorial' retrieved from /home/airflow/.local/lib/python3.12/site-packages/airflow/example_dags/example_params_ui_tutorial.py
[2025-04-21T11:43:26.614+0000] {logging_mixin.py:190} INFO - [2025-04-21T11:43:26.613+0000] {dag.py:3239} INFO - Sync 1 DAGs
[2025-04-21T11:43:26.637+0000] {logging_mixin.py:190} INFO - [2025-04-21T11:43:26.636+0000] {dag.py:4180} INFO - Setting next_dagrun for example_params_ui_tutorial to None, run_after=None
[2025-04-21T11:43:26.680+0000] {processor.py:208} INFO - Processing /home/airflow/.local/lib/python3.12/site-packages/airflow/example_dags/example_params_ui_tutorial.py took 0.166 seconds
[2025-04-21T11:43:57.115+0000] {processor.py:186} INFO - Started process (PID=6403) to work on /home/airflow/.local/lib/python3.12/site-packages/airflow/example_dags/example_params_ui_tutorial.py
[2025-04-21T11:43:57.117+0000] {processor.py:914} INFO - Processing file /home/airflow/.local/lib/python3.12/site-packages/airflow/example_dags/example_params_ui_tutorial.py for tasks to queue
[2025-04-21T11:43:57.124+0000] {logging_mixin.py:190} INFO - [2025-04-21T11:43:57.123+0000] {dagbag.py:588} INFO - Filling up the DagBag from /home/airflow/.local/lib/python3.12/site-packages/airflow/example_dags/example_params_ui_tutorial.py
[2025-04-21T11:43:57.137+0000] {processor.py:925} INFO - DAG(s) 'example_params_ui_tutorial' retrieved from /home/airflow/.local/lib/python3.12/site-packages/airflow/example_dags/example_params_ui_tutorial.py
[2025-04-21T11:43:57.219+0000] {logging_mixin.py:190} INFO - [2025-04-21T11:43:57.218+0000] {dag.py:3239} INFO - Sync 1 DAGs
[2025-04-21T11:43:57.245+0000] {logging_mixin.py:190} INFO - [2025-04-21T11:43:57.244+0000] {dag.py:4180} INFO - Setting next_dagrun for example_params_ui_tutorial to None, run_after=None
[2025-04-21T11:43:57.280+0000] {processor.py:208} INFO - Processing /home/airflow/.local/lib/python3.12/site-packages/airflow/example_dags/example_params_ui_tutorial.py took 0.179 seconds
[2025-04-21T11:44:27.863+0000] {processor.py:186} INFO - Started process (PID=6467) to work on /home/airflow/.local/lib/python3.12/site-packages/airflow/example_dags/example_params_ui_tutorial.py
[2025-04-21T11:44:27.865+0000] {processor.py:914} INFO - Processing file /home/airflow/.local/lib/python3.12/site-packages/airflow/example_dags/example_params_ui_tutorial.py for tasks to queue
[2025-04-21T11:44:27.871+0000] {logging_mixin.py:190} INFO - [2025-04-21T11:44:27.870+0000] {dagbag.py:588} INFO - Filling up the DagBag from /home/airflow/.local/lib/python3.12/site-packages/airflow/example_dags/example_params_ui_tutorial.py
[2025-04-21T11:44:27.888+0000] {processor.py:925} INFO - DAG(s) 'example_params_ui_tutorial' retrieved from /home/airflow/.local/lib/python3.12/site-packages/airflow/example_dags/example_params_ui_tutorial.py
[2025-04-21T11:44:27.981+0000] {logging_mixin.py:190} INFO - [2025-04-21T11:44:27.981+0000] {dag.py:3239} INFO - Sync 1 DAGs
[2025-04-21T11:44:28.008+0000] {logging_mixin.py:190} INFO - [2025-04-21T11:44:28.007+0000] {dag.py:4180} INFO - Setting next_dagrun for example_params_ui_tutorial to None, run_after=None
[2025-04-21T11:44:28.044+0000] {processor.py:208} INFO - Processing /home/airflow/.local/lib/python3.12/site-packages/airflow/example_dags/example_params_ui_tutorial.py took 0.195 seconds
[2025-04-21T11:44:58.319+0000] {processor.py:186} INFO - Started process (PID=6531) to work on /home/airflow/.local/lib/python3.12/site-packages/airflow/example_dags/example_params_ui_tutorial.py
[2025-04-21T11:44:58.321+0000] {processor.py:914} INFO - Processing file /home/airflow/.local/lib/python3.12/site-packages/airflow/example_dags/example_params_ui_tutorial.py for tasks to queue
[2025-04-21T11:44:58.327+0000] {logging_mixin.py:190} INFO - [2025-04-21T11:44:58.326+0000] {dagbag.py:588} INFO - Filling up the DagBag from /home/airflow/.local/lib/python3.12/site-packages/airflow/example_dags/example_params_ui_tutorial.py
[2025-04-21T11:44:58.344+0000] {processor.py:925} INFO - DAG(s) 'example_params_ui_tutorial' retrieved from /home/airflow/.local/lib/python3.12/site-packages/airflow/example_dags/example_params_ui_tutorial.py
[2025-04-21T11:44:58.421+0000] {logging_mixin.py:190} INFO - [2025-04-21T11:44:58.421+0000] {dag.py:3239} INFO - Sync 1 DAGs
[2025-04-21T11:44:58.447+0000] {logging_mixin.py:190} INFO - [2025-04-21T11:44:58.447+0000] {dag.py:4180} INFO - Setting next_dagrun for example_params_ui_tutorial to None, run_after=None
[2025-04-21T11:44:58.481+0000] {processor.py:208} INFO - Processing /home/airflow/.local/lib/python3.12/site-packages/airflow/example_dags/example_params_ui_tutorial.py took 0.174 seconds
[2025-04-21T11:45:28.891+0000] {processor.py:186} INFO - Started process (PID=6595) to work on /home/airflow/.local/lib/python3.12/site-packages/airflow/example_dags/example_params_ui_tutorial.py
[2025-04-21T11:45:28.896+0000] {processor.py:914} INFO - Processing file /home/airflow/.local/lib/python3.12/site-packages/airflow/example_dags/example_params_ui_tutorial.py for tasks to queue
[2025-04-21T11:45:28.900+0000] {logging_mixin.py:190} INFO - [2025-04-21T11:45:28.899+0000] {dagbag.py:588} INFO - Filling up the DagBag from /home/airflow/.local/lib/python3.12/site-packages/airflow/example_dags/example_params_ui_tutorial.py
[2025-04-21T11:45:28.918+0000] {processor.py:925} INFO - DAG(s) 'example_params_ui_tutorial' retrieved from /home/airflow/.local/lib/python3.12/site-packages/airflow/example_dags/example_params_ui_tutorial.py
[2025-04-21T11:45:29.002+0000] {logging_mixin.py:190} INFO - [2025-04-21T11:45:29.001+0000] {dag.py:3239} INFO - Sync 1 DAGs
[2025-04-21T11:45:29.028+0000] {logging_mixin.py:190} INFO - [2025-04-21T11:45:29.027+0000] {dag.py:4180} INFO - Setting next_dagrun for example_params_ui_tutorial to None, run_after=None
[2025-04-21T11:45:29.062+0000] {processor.py:208} INFO - Processing /home/airflow/.local/lib/python3.12/site-packages/airflow/example_dags/example_params_ui_tutorial.py took 0.185 seconds
[2025-04-21T11:45:59.315+0000] {processor.py:186} INFO - Started process (PID=6659) to work on /home/airflow/.local/lib/python3.12/site-packages/airflow/example_dags/example_params_ui_tutorial.py
[2025-04-21T11:45:59.316+0000] {processor.py:914} INFO - Processing file /home/airflow/.local/lib/python3.12/site-packages/airflow/example_dags/example_params_ui_tutorial.py for tasks to queue
[2025-04-21T11:45:59.320+0000] {logging_mixin.py:190} INFO - [2025-04-21T11:45:59.319+0000] {dagbag.py:588} INFO - Filling up the DagBag from /home/airflow/.local/lib/python3.12/site-packages/airflow/example_dags/example_params_ui_tutorial.py
[2025-04-21T11:45:59.335+0000] {processor.py:925} INFO - DAG(s) 'example_params_ui_tutorial' retrieved from /home/airflow/.local/lib/python3.12/site-packages/airflow/example_dags/example_params_ui_tutorial.py
[2025-04-21T11:45:59.401+0000] {logging_mixin.py:190} INFO - [2025-04-21T11:45:59.401+0000] {dag.py:3239} INFO - Sync 1 DAGs
[2025-04-21T11:45:59.431+0000] {logging_mixin.py:190} INFO - [2025-04-21T11:45:59.431+0000] {dag.py:4180} INFO - Setting next_dagrun for example_params_ui_tutorial to None, run_after=None
[2025-04-21T11:45:59.461+0000] {processor.py:208} INFO - Processing /home/airflow/.local/lib/python3.12/site-packages/airflow/example_dags/example_params_ui_tutorial.py took 0.156 seconds
[2025-04-21T11:46:29.979+0000] {processor.py:186} INFO - Started process (PID=6723) to work on /home/airflow/.local/lib/python3.12/site-packages/airflow/example_dags/example_params_ui_tutorial.py
[2025-04-21T11:46:29.980+0000] {processor.py:914} INFO - Processing file /home/airflow/.local/lib/python3.12/site-packages/airflow/example_dags/example_params_ui_tutorial.py for tasks to queue
[2025-04-21T11:46:29.985+0000] {logging_mixin.py:190} INFO - [2025-04-21T11:46:29.984+0000] {dagbag.py:588} INFO - Filling up the DagBag from /home/airflow/.local/lib/python3.12/site-packages/airflow/example_dags/example_params_ui_tutorial.py
[2025-04-21T11:46:30.001+0000] {processor.py:925} INFO - DAG(s) 'example_params_ui_tutorial' retrieved from /home/airflow/.local/lib/python3.12/site-packages/airflow/example_dags/example_params_ui_tutorial.py
[2025-04-21T11:46:30.094+0000] {logging_mixin.py:190} INFO - [2025-04-21T11:46:30.094+0000] {dag.py:3239} INFO - Sync 1 DAGs
[2025-04-21T11:46:30.124+0000] {logging_mixin.py:190} INFO - [2025-04-21T11:46:30.123+0000] {dag.py:4180} INFO - Setting next_dagrun for example_params_ui_tutorial to None, run_after=None
[2025-04-21T11:46:30.159+0000] {processor.py:208} INFO - Processing /home/airflow/.local/lib/python3.12/site-packages/airflow/example_dags/example_params_ui_tutorial.py took 0.190 seconds
[2025-04-21T11:47:00.397+0000] {processor.py:186} INFO - Started process (PID=6787) to work on /home/airflow/.local/lib/python3.12/site-packages/airflow/example_dags/example_params_ui_tutorial.py
[2025-04-21T11:47:00.399+0000] {processor.py:914} INFO - Processing file /home/airflow/.local/lib/python3.12/site-packages/airflow/example_dags/example_params_ui_tutorial.py for tasks to queue
[2025-04-21T11:47:00.402+0000] {logging_mixin.py:190} INFO - [2025-04-21T11:47:00.401+0000] {dagbag.py:588} INFO - Filling up the DagBag from /home/airflow/.local/lib/python3.12/site-packages/airflow/example_dags/example_params_ui_tutorial.py
[2025-04-21T11:47:00.416+0000] {processor.py:925} INFO - DAG(s) 'example_params_ui_tutorial' retrieved from /home/airflow/.local/lib/python3.12/site-packages/airflow/example_dags/example_params_ui_tutorial.py
[2025-04-21T11:47:00.493+0000] {logging_mixin.py:190} INFO - [2025-04-21T11:47:00.493+0000] {dag.py:3239} INFO - Sync 1 DAGs
[2025-04-21T11:47:00.514+0000] {logging_mixin.py:190} INFO - [2025-04-21T11:47:00.513+0000] {dag.py:4180} INFO - Setting next_dagrun for example_params_ui_tutorial to None, run_after=None
[2025-04-21T11:47:00.545+0000] {processor.py:208} INFO - Processing /home/airflow/.local/lib/python3.12/site-packages/airflow/example_dags/example_params_ui_tutorial.py took 0.155 seconds
[2025-04-21T11:47:30.792+0000] {processor.py:186} INFO - Started process (PID=6851) to work on /home/airflow/.local/lib/python3.12/site-packages/airflow/example_dags/example_params_ui_tutorial.py
[2025-04-21T11:47:30.793+0000] {processor.py:914} INFO - Processing file /home/airflow/.local/lib/python3.12/site-packages/airflow/example_dags/example_params_ui_tutorial.py for tasks to queue
[2025-04-21T11:47:30.797+0000] {logging_mixin.py:190} INFO - [2025-04-21T11:47:30.796+0000] {dagbag.py:588} INFO - Filling up the DagBag from /home/airflow/.local/lib/python3.12/site-packages/airflow/example_dags/example_params_ui_tutorial.py
[2025-04-21T11:47:30.812+0000] {processor.py:925} INFO - DAG(s) 'example_params_ui_tutorial' retrieved from /home/airflow/.local/lib/python3.12/site-packages/airflow/example_dags/example_params_ui_tutorial.py
[2025-04-21T11:47:30.882+0000] {logging_mixin.py:190} INFO - [2025-04-21T11:47:30.881+0000] {dag.py:3239} INFO - Sync 1 DAGs
[2025-04-21T11:47:30.909+0000] {logging_mixin.py:190} INFO - [2025-04-21T11:47:30.908+0000] {dag.py:4180} INFO - Setting next_dagrun for example_params_ui_tutorial to None, run_after=None
[2025-04-21T11:47:30.948+0000] {processor.py:208} INFO - Processing /home/airflow/.local/lib/python3.12/site-packages/airflow/example_dags/example_params_ui_tutorial.py took 0.167 seconds
[2025-04-21T11:48:01.166+0000] {processor.py:186} INFO - Started process (PID=6915) to work on /home/airflow/.local/lib/python3.12/site-packages/airflow/example_dags/example_params_ui_tutorial.py
[2025-04-21T11:48:01.168+0000] {processor.py:914} INFO - Processing file /home/airflow/.local/lib/python3.12/site-packages/airflow/example_dags/example_params_ui_tutorial.py for tasks to queue
[2025-04-21T11:48:01.174+0000] {logging_mixin.py:190} INFO - [2025-04-21T11:48:01.173+0000] {dagbag.py:588} INFO - Filling up the DagBag from /home/airflow/.local/lib/python3.12/site-packages/airflow/example_dags/example_params_ui_tutorial.py
[2025-04-21T11:48:01.195+0000] {processor.py:925} INFO - DAG(s) 'example_params_ui_tutorial' retrieved from /home/airflow/.local/lib/python3.12/site-packages/airflow/example_dags/example_params_ui_tutorial.py
[2025-04-21T11:48:01.270+0000] {logging_mixin.py:190} INFO - [2025-04-21T11:48:01.269+0000] {dag.py:3239} INFO - Sync 1 DAGs
[2025-04-21T11:48:01.300+0000] {logging_mixin.py:190} INFO - [2025-04-21T11:48:01.299+0000] {dag.py:4180} INFO - Setting next_dagrun for example_params_ui_tutorial to None, run_after=None
[2025-04-21T11:48:01.341+0000] {processor.py:208} INFO - Processing /home/airflow/.local/lib/python3.12/site-packages/airflow/example_dags/example_params_ui_tutorial.py took 0.188 seconds
[2025-04-21T11:48:31.810+0000] {processor.py:186} INFO - Started process (PID=6979) to work on /home/airflow/.local/lib/python3.12/site-packages/airflow/example_dags/example_params_ui_tutorial.py
[2025-04-21T11:48:31.812+0000] {processor.py:914} INFO - Processing file /home/airflow/.local/lib/python3.12/site-packages/airflow/example_dags/example_params_ui_tutorial.py for tasks to queue
[2025-04-21T11:48:31.818+0000] {logging_mixin.py:190} INFO - [2025-04-21T11:48:31.817+0000] {dagbag.py:588} INFO - Filling up the DagBag from /home/airflow/.local/lib/python3.12/site-packages/airflow/example_dags/example_params_ui_tutorial.py
[2025-04-21T11:48:31.839+0000] {processor.py:925} INFO - DAG(s) 'example_params_ui_tutorial' retrieved from /home/airflow/.local/lib/python3.12/site-packages/airflow/example_dags/example_params_ui_tutorial.py
[2025-04-21T11:48:31.919+0000] {logging_mixin.py:190} INFO - [2025-04-21T11:48:31.918+0000] {dag.py:3239} INFO - Sync 1 DAGs
[2025-04-21T11:48:31.952+0000] {logging_mixin.py:190} INFO - [2025-04-21T11:48:31.952+0000] {dag.py:4180} INFO - Setting next_dagrun for example_params_ui_tutorial to None, run_after=None
[2025-04-21T11:48:31.988+0000] {processor.py:208} INFO - Processing /home/airflow/.local/lib/python3.12/site-packages/airflow/example_dags/example_params_ui_tutorial.py took 0.192 seconds
[2025-04-21T11:49:02.654+0000] {processor.py:186} INFO - Started process (PID=7043) to work on /home/airflow/.local/lib/python3.12/site-packages/airflow/example_dags/example_params_ui_tutorial.py
[2025-04-21T11:49:02.656+0000] {processor.py:914} INFO - Processing file /home/airflow/.local/lib/python3.12/site-packages/airflow/example_dags/example_params_ui_tutorial.py for tasks to queue
[2025-04-21T11:49:02.664+0000] {logging_mixin.py:190} INFO - [2025-04-21T11:49:02.663+0000] {dagbag.py:588} INFO - Filling up the DagBag from /home/airflow/.local/lib/python3.12/site-packages/airflow/example_dags/example_params_ui_tutorial.py
[2025-04-21T11:49:02.685+0000] {processor.py:925} INFO - DAG(s) 'example_params_ui_tutorial' retrieved from /home/airflow/.local/lib/python3.12/site-packages/airflow/example_dags/example_params_ui_tutorial.py
[2025-04-21T11:49:02.764+0000] {logging_mixin.py:190} INFO - [2025-04-21T11:49:02.764+0000] {dag.py:3239} INFO - Sync 1 DAGs
[2025-04-21T11:49:02.791+0000] {logging_mixin.py:190} INFO - [2025-04-21T11:49:02.791+0000] {dag.py:4180} INFO - Setting next_dagrun for example_params_ui_tutorial to None, run_after=None
[2025-04-21T11:49:02.826+0000] {processor.py:208} INFO - Processing /home/airflow/.local/lib/python3.12/site-packages/airflow/example_dags/example_params_ui_tutorial.py took 0.181 seconds
[2025-04-21T11:49:33.035+0000] {processor.py:186} INFO - Started process (PID=7107) to work on /home/airflow/.local/lib/python3.12/site-packages/airflow/example_dags/example_params_ui_tutorial.py
[2025-04-21T11:49:33.037+0000] {processor.py:914} INFO - Processing file /home/airflow/.local/lib/python3.12/site-packages/airflow/example_dags/example_params_ui_tutorial.py for tasks to queue
[2025-04-21T11:49:33.041+0000] {logging_mixin.py:190} INFO - [2025-04-21T11:49:33.041+0000] {dagbag.py:588} INFO - Filling up the DagBag from /home/airflow/.local/lib/python3.12/site-packages/airflow/example_dags/example_params_ui_tutorial.py
[2025-04-21T11:49:33.056+0000] {processor.py:925} INFO - DAG(s) 'example_params_ui_tutorial' retrieved from /home/airflow/.local/lib/python3.12/site-packages/airflow/example_dags/example_params_ui_tutorial.py
[2025-04-21T11:49:33.121+0000] {logging_mixin.py:190} INFO - [2025-04-21T11:49:33.121+0000] {dag.py:3239} INFO - Sync 1 DAGs
[2025-04-21T11:49:33.143+0000] {logging_mixin.py:190} INFO - [2025-04-21T11:49:33.143+0000] {dag.py:4180} INFO - Setting next_dagrun for example_params_ui_tutorial to None, run_after=None
[2025-04-21T11:49:33.173+0000] {processor.py:208} INFO - Processing /home/airflow/.local/lib/python3.12/site-packages/airflow/example_dags/example_params_ui_tutorial.py took 0.152 seconds
[2025-04-21T11:50:04.047+0000] {processor.py:186} INFO - Started process (PID=7171) to work on /home/airflow/.local/lib/python3.12/site-packages/airflow/example_dags/example_params_ui_tutorial.py
[2025-04-21T11:50:04.053+0000] {processor.py:914} INFO - Processing file /home/airflow/.local/lib/python3.12/site-packages/airflow/example_dags/example_params_ui_tutorial.py for tasks to queue
[2025-04-21T11:50:04.058+0000] {logging_mixin.py:190} INFO - [2025-04-21T11:50:04.057+0000] {dagbag.py:588} INFO - Filling up the DagBag from /home/airflow/.local/lib/python3.12/site-packages/airflow/example_dags/example_params_ui_tutorial.py
[2025-04-21T11:50:04.075+0000] {processor.py:925} INFO - DAG(s) 'example_params_ui_tutorial' retrieved from /home/airflow/.local/lib/python3.12/site-packages/airflow/example_dags/example_params_ui_tutorial.py
[2025-04-21T11:50:04.157+0000] {logging_mixin.py:190} INFO - [2025-04-21T11:50:04.157+0000] {dag.py:3239} INFO - Sync 1 DAGs
[2025-04-21T11:50:04.192+0000] {logging_mixin.py:190} INFO - [2025-04-21T11:50:04.192+0000] {dag.py:4180} INFO - Setting next_dagrun for example_params_ui_tutorial to None, run_after=None
[2025-04-21T11:50:04.234+0000] {processor.py:208} INFO - Processing /home/airflow/.local/lib/python3.12/site-packages/airflow/example_dags/example_params_ui_tutorial.py took 0.199 seconds
[2025-04-21T11:50:34.336+0000] {processor.py:186} INFO - Started process (PID=7235) to work on /home/airflow/.local/lib/python3.12/site-packages/airflow/example_dags/example_params_ui_tutorial.py
[2025-04-21T11:50:34.337+0000] {processor.py:914} INFO - Processing file /home/airflow/.local/lib/python3.12/site-packages/airflow/example_dags/example_params_ui_tutorial.py for tasks to queue
[2025-04-21T11:50:34.340+0000] {logging_mixin.py:190} INFO - [2025-04-21T11:50:34.340+0000] {dagbag.py:588} INFO - Filling up the DagBag from /home/airflow/.local/lib/python3.12/site-packages/airflow/example_dags/example_params_ui_tutorial.py
[2025-04-21T11:50:34.361+0000] {processor.py:925} INFO - DAG(s) 'example_params_ui_tutorial' retrieved from /home/airflow/.local/lib/python3.12/site-packages/airflow/example_dags/example_params_ui_tutorial.py
[2025-04-21T11:50:34.437+0000] {logging_mixin.py:190} INFO - [2025-04-21T11:50:34.437+0000] {dag.py:3239} INFO - Sync 1 DAGs
[2025-04-21T11:50:34.462+0000] {logging_mixin.py:190} INFO - [2025-04-21T11:50:34.462+0000] {dag.py:4180} INFO - Setting next_dagrun for example_params_ui_tutorial to None, run_after=None
[2025-04-21T11:50:34.494+0000] {processor.py:208} INFO - Processing /home/airflow/.local/lib/python3.12/site-packages/airflow/example_dags/example_params_ui_tutorial.py took 0.166 seconds
[2025-04-21T11:51:05.939+0000] {processor.py:186} INFO - Started process (PID=7299) to work on /home/airflow/.local/lib/python3.12/site-packages/airflow/example_dags/example_params_ui_tutorial.py
[2025-04-21T11:51:05.941+0000] {processor.py:914} INFO - Processing file /home/airflow/.local/lib/python3.12/site-packages/airflow/example_dags/example_params_ui_tutorial.py for tasks to queue
[2025-04-21T11:51:05.944+0000] {logging_mixin.py:190} INFO - [2025-04-21T11:51:05.944+0000] {dagbag.py:588} INFO - Filling up the DagBag from /home/airflow/.local/lib/python3.12/site-packages/airflow/example_dags/example_params_ui_tutorial.py
[2025-04-21T11:51:05.957+0000] {processor.py:925} INFO - DAG(s) 'example_params_ui_tutorial' retrieved from /home/airflow/.local/lib/python3.12/site-packages/airflow/example_dags/example_params_ui_tutorial.py
[2025-04-21T11:51:06.027+0000] {logging_mixin.py:190} INFO - [2025-04-21T11:51:06.027+0000] {dag.py:3239} INFO - Sync 1 DAGs
[2025-04-21T11:51:06.052+0000] {logging_mixin.py:190} INFO - [2025-04-21T11:51:06.051+0000] {dag.py:4180} INFO - Setting next_dagrun for example_params_ui_tutorial to None, run_after=None
[2025-04-21T11:51:06.082+0000] {processor.py:208} INFO - Processing /home/airflow/.local/lib/python3.12/site-packages/airflow/example_dags/example_params_ui_tutorial.py took 0.152 seconds
[2025-04-21T11:51:38.343+0000] {processor.py:186} INFO - Started process (PID=7363) to work on /home/airflow/.local/lib/python3.12/site-packages/airflow/example_dags/example_params_ui_tutorial.py
[2025-04-21T11:51:38.345+0000] {processor.py:914} INFO - Processing file /home/airflow/.local/lib/python3.12/site-packages/airflow/example_dags/example_params_ui_tutorial.py for tasks to queue
[2025-04-21T11:51:38.351+0000] {logging_mixin.py:190} INFO - [2025-04-21T11:51:38.350+0000] {dagbag.py:588} INFO - Filling up the DagBag from /home/airflow/.local/lib/python3.12/site-packages/airflow/example_dags/example_params_ui_tutorial.py
[2025-04-21T11:51:38.373+0000] {processor.py:925} INFO - DAG(s) 'example_params_ui_tutorial' retrieved from /home/airflow/.local/lib/python3.12/site-packages/airflow/example_dags/example_params_ui_tutorial.py
[2025-04-21T11:51:38.470+0000] {logging_mixin.py:190} INFO - [2025-04-21T11:51:38.469+0000] {dag.py:3239} INFO - Sync 1 DAGs
[2025-04-21T11:51:38.502+0000] {logging_mixin.py:190} INFO - [2025-04-21T11:51:38.502+0000] {dag.py:4180} INFO - Setting next_dagrun for example_params_ui_tutorial to None, run_after=None
[2025-04-21T11:51:38.543+0000] {processor.py:208} INFO - Processing /home/airflow/.local/lib/python3.12/site-packages/airflow/example_dags/example_params_ui_tutorial.py took 0.212 seconds
[2025-04-21T11:52:09.459+0000] {processor.py:186} INFO - Started process (PID=7426) to work on /home/airflow/.local/lib/python3.12/site-packages/airflow/example_dags/example_params_ui_tutorial.py
[2025-04-21T11:52:09.462+0000] {processor.py:914} INFO - Processing file /home/airflow/.local/lib/python3.12/site-packages/airflow/example_dags/example_params_ui_tutorial.py for tasks to queue
[2025-04-21T11:52:09.467+0000] {logging_mixin.py:190} INFO - [2025-04-21T11:52:09.466+0000] {dagbag.py:588} INFO - Filling up the DagBag from /home/airflow/.local/lib/python3.12/site-packages/airflow/example_dags/example_params_ui_tutorial.py
[2025-04-21T11:52:09.486+0000] {processor.py:925} INFO - DAG(s) 'example_params_ui_tutorial' retrieved from /home/airflow/.local/lib/python3.12/site-packages/airflow/example_dags/example_params_ui_tutorial.py
[2025-04-21T11:52:09.573+0000] {logging_mixin.py:190} INFO - [2025-04-21T11:52:09.572+0000] {dag.py:3239} INFO - Sync 1 DAGs
[2025-04-21T11:52:09.607+0000] {logging_mixin.py:190} INFO - [2025-04-21T11:52:09.606+0000] {dag.py:4180} INFO - Setting next_dagrun for example_params_ui_tutorial to None, run_after=None
[2025-04-21T11:52:09.634+0000] {processor.py:208} INFO - Processing /home/airflow/.local/lib/python3.12/site-packages/airflow/example_dags/example_params_ui_tutorial.py took 0.187 seconds
[2025-04-21T11:52:40.957+0000] {processor.py:186} INFO - Started process (PID=7497) to work on /home/airflow/.local/lib/python3.12/site-packages/airflow/example_dags/example_params_ui_tutorial.py
[2025-04-21T11:52:40.959+0000] {processor.py:914} INFO - Processing file /home/airflow/.local/lib/python3.12/site-packages/airflow/example_dags/example_params_ui_tutorial.py for tasks to queue
[2025-04-21T11:52:40.965+0000] {logging_mixin.py:190} INFO - [2025-04-21T11:52:40.964+0000] {dagbag.py:588} INFO - Filling up the DagBag from /home/airflow/.local/lib/python3.12/site-packages/airflow/example_dags/example_params_ui_tutorial.py
[2025-04-21T11:52:40.984+0000] {processor.py:925} INFO - DAG(s) 'example_params_ui_tutorial' retrieved from /home/airflow/.local/lib/python3.12/site-packages/airflow/example_dags/example_params_ui_tutorial.py
[2025-04-21T11:52:41.071+0000] {logging_mixin.py:190} INFO - [2025-04-21T11:52:41.070+0000] {dag.py:3239} INFO - Sync 1 DAGs
[2025-04-21T11:52:41.092+0000] {logging_mixin.py:190} INFO - [2025-04-21T11:52:41.091+0000] {dag.py:4180} INFO - Setting next_dagrun for example_params_ui_tutorial to None, run_after=None
[2025-04-21T11:52:41.117+0000] {processor.py:208} INFO - Processing /home/airflow/.local/lib/python3.12/site-packages/airflow/example_dags/example_params_ui_tutorial.py took 0.172 seconds
[2025-04-21T11:53:11.345+0000] {processor.py:186} INFO - Started process (PID=7560) to work on /home/airflow/.local/lib/python3.12/site-packages/airflow/example_dags/example_params_ui_tutorial.py
[2025-04-21T11:53:11.348+0000] {processor.py:914} INFO - Processing file /home/airflow/.local/lib/python3.12/site-packages/airflow/example_dags/example_params_ui_tutorial.py for tasks to queue
[2025-04-21T11:53:11.353+0000] {logging_mixin.py:190} INFO - [2025-04-21T11:53:11.353+0000] {dagbag.py:588} INFO - Filling up the DagBag from /home/airflow/.local/lib/python3.12/site-packages/airflow/example_dags/example_params_ui_tutorial.py
[2025-04-21T11:53:11.375+0000] {processor.py:925} INFO - DAG(s) 'example_params_ui_tutorial' retrieved from /home/airflow/.local/lib/python3.12/site-packages/airflow/example_dags/example_params_ui_tutorial.py
[2025-04-21T11:53:11.470+0000] {logging_mixin.py:190} INFO - [2025-04-21T11:53:11.470+0000] {dag.py:3239} INFO - Sync 1 DAGs
[2025-04-21T11:53:11.503+0000] {logging_mixin.py:190} INFO - [2025-04-21T11:53:11.502+0000] {dag.py:4180} INFO - Setting next_dagrun for example_params_ui_tutorial to None, run_after=None
[2025-04-21T11:53:11.543+0000] {processor.py:208} INFO - Processing /home/airflow/.local/lib/python3.12/site-packages/airflow/example_dags/example_params_ui_tutorial.py took 0.210 seconds
[2025-04-21T11:53:42.387+0000] {processor.py:186} INFO - Started process (PID=7624) to work on /home/airflow/.local/lib/python3.12/site-packages/airflow/example_dags/example_params_ui_tutorial.py
[2025-04-21T11:53:42.389+0000] {processor.py:914} INFO - Processing file /home/airflow/.local/lib/python3.12/site-packages/airflow/example_dags/example_params_ui_tutorial.py for tasks to queue
[2025-04-21T11:53:42.395+0000] {logging_mixin.py:190} INFO - [2025-04-21T11:53:42.394+0000] {dagbag.py:588} INFO - Filling up the DagBag from /home/airflow/.local/lib/python3.12/site-packages/airflow/example_dags/example_params_ui_tutorial.py
[2025-04-21T11:53:42.415+0000] {processor.py:925} INFO - DAG(s) 'example_params_ui_tutorial' retrieved from /home/airflow/.local/lib/python3.12/site-packages/airflow/example_dags/example_params_ui_tutorial.py
[2025-04-21T11:53:42.509+0000] {logging_mixin.py:190} INFO - [2025-04-21T11:53:42.509+0000] {dag.py:3239} INFO - Sync 1 DAGs
[2025-04-21T11:53:42.541+0000] {logging_mixin.py:190} INFO - [2025-04-21T11:53:42.541+0000] {dag.py:4180} INFO - Setting next_dagrun for example_params_ui_tutorial to None, run_after=None
[2025-04-21T11:53:42.583+0000] {processor.py:208} INFO - Processing /home/airflow/.local/lib/python3.12/site-packages/airflow/example_dags/example_params_ui_tutorial.py took 0.209 seconds
[2025-04-21T11:54:13.323+0000] {processor.py:186} INFO - Started process (PID=7688) to work on /home/airflow/.local/lib/python3.12/site-packages/airflow/example_dags/example_params_ui_tutorial.py
[2025-04-21T11:54:13.324+0000] {processor.py:914} INFO - Processing file /home/airflow/.local/lib/python3.12/site-packages/airflow/example_dags/example_params_ui_tutorial.py for tasks to queue
[2025-04-21T11:54:13.327+0000] {logging_mixin.py:190} INFO - [2025-04-21T11:54:13.327+0000] {dagbag.py:588} INFO - Filling up the DagBag from /home/airflow/.local/lib/python3.12/site-packages/airflow/example_dags/example_params_ui_tutorial.py
[2025-04-21T11:54:13.338+0000] {processor.py:925} INFO - DAG(s) 'example_params_ui_tutorial' retrieved from /home/airflow/.local/lib/python3.12/site-packages/airflow/example_dags/example_params_ui_tutorial.py
[2025-04-21T11:54:13.389+0000] {logging_mixin.py:190} INFO - [2025-04-21T11:54:13.388+0000] {dag.py:3239} INFO - Sync 1 DAGs
[2025-04-21T11:54:13.406+0000] {logging_mixin.py:190} INFO - [2025-04-21T11:54:13.405+0000] {dag.py:4180} INFO - Setting next_dagrun for example_params_ui_tutorial to None, run_after=None
[2025-04-21T11:54:13.432+0000] {processor.py:208} INFO - Processing /home/airflow/.local/lib/python3.12/site-packages/airflow/example_dags/example_params_ui_tutorial.py took 0.116 seconds
[2025-04-21T11:54:43.946+0000] {processor.py:186} INFO - Started process (PID=7752) to work on /home/airflow/.local/lib/python3.12/site-packages/airflow/example_dags/example_params_ui_tutorial.py
[2025-04-21T11:54:43.950+0000] {processor.py:914} INFO - Processing file /home/airflow/.local/lib/python3.12/site-packages/airflow/example_dags/example_params_ui_tutorial.py for tasks to queue
[2025-04-21T11:54:43.955+0000] {logging_mixin.py:190} INFO - [2025-04-21T11:54:43.954+0000] {dagbag.py:588} INFO - Filling up the DagBag from /home/airflow/.local/lib/python3.12/site-packages/airflow/example_dags/example_params_ui_tutorial.py
[2025-04-21T11:54:43.973+0000] {processor.py:925} INFO - DAG(s) 'example_params_ui_tutorial' retrieved from /home/airflow/.local/lib/python3.12/site-packages/airflow/example_dags/example_params_ui_tutorial.py
[2025-04-21T11:54:44.068+0000] {logging_mixin.py:190} INFO - [2025-04-21T11:54:44.067+0000] {dag.py:3239} INFO - Sync 1 DAGs
[2025-04-21T11:54:44.096+0000] {logging_mixin.py:190} INFO - [2025-04-21T11:54:44.095+0000] {dag.py:4180} INFO - Setting next_dagrun for example_params_ui_tutorial to None, run_after=None
[2025-04-21T11:54:44.132+0000] {processor.py:208} INFO - Processing /home/airflow/.local/lib/python3.12/site-packages/airflow/example_dags/example_params_ui_tutorial.py took 0.197 seconds
[2025-04-21T11:55:14.208+0000] {processor.py:186} INFO - Started process (PID=7815) to work on /home/airflow/.local/lib/python3.12/site-packages/airflow/example_dags/example_params_ui_tutorial.py
[2025-04-21T11:55:14.210+0000] {processor.py:914} INFO - Processing file /home/airflow/.local/lib/python3.12/site-packages/airflow/example_dags/example_params_ui_tutorial.py for tasks to queue
[2025-04-21T11:55:14.216+0000] {logging_mixin.py:190} INFO - [2025-04-21T11:55:14.215+0000] {dagbag.py:588} INFO - Filling up the DagBag from /home/airflow/.local/lib/python3.12/site-packages/airflow/example_dags/example_params_ui_tutorial.py
[2025-04-21T11:55:14.236+0000] {processor.py:925} INFO - DAG(s) 'example_params_ui_tutorial' retrieved from /home/airflow/.local/lib/python3.12/site-packages/airflow/example_dags/example_params_ui_tutorial.py
[2025-04-21T11:55:14.336+0000] {logging_mixin.py:190} INFO - [2025-04-21T11:55:14.335+0000] {dag.py:3239} INFO - Sync 1 DAGs
[2025-04-21T11:55:14.366+0000] {logging_mixin.py:190} INFO - [2025-04-21T11:55:14.365+0000] {dag.py:4180} INFO - Setting next_dagrun for example_params_ui_tutorial to None, run_after=None
[2025-04-21T11:55:14.405+0000] {processor.py:208} INFO - Processing /home/airflow/.local/lib/python3.12/site-packages/airflow/example_dags/example_params_ui_tutorial.py took 0.210 seconds
[2025-04-21T11:55:44.670+0000] {processor.py:186} INFO - Started process (PID=7879) to work on /home/airflow/.local/lib/python3.12/site-packages/airflow/example_dags/example_params_ui_tutorial.py
[2025-04-21T11:55:44.672+0000] {processor.py:914} INFO - Processing file /home/airflow/.local/lib/python3.12/site-packages/airflow/example_dags/example_params_ui_tutorial.py for tasks to queue
[2025-04-21T11:55:44.676+0000] {logging_mixin.py:190} INFO - [2025-04-21T11:55:44.675+0000] {dagbag.py:588} INFO - Filling up the DagBag from /home/airflow/.local/lib/python3.12/site-packages/airflow/example_dags/example_params_ui_tutorial.py
[2025-04-21T11:55:44.688+0000] {processor.py:925} INFO - DAG(s) 'example_params_ui_tutorial' retrieved from /home/airflow/.local/lib/python3.12/site-packages/airflow/example_dags/example_params_ui_tutorial.py
[2025-04-21T11:55:44.774+0000] {logging_mixin.py:190} INFO - [2025-04-21T11:55:44.774+0000] {dag.py:3239} INFO - Sync 1 DAGs
[2025-04-21T11:55:44.806+0000] {logging_mixin.py:190} INFO - [2025-04-21T11:55:44.805+0000] {dag.py:4180} INFO - Setting next_dagrun for example_params_ui_tutorial to None, run_after=None
[2025-04-21T11:55:44.845+0000] {processor.py:208} INFO - Processing /home/airflow/.local/lib/python3.12/site-packages/airflow/example_dags/example_params_ui_tutorial.py took 0.188 seconds
[2025-04-21T11:56:15.088+0000] {processor.py:186} INFO - Started process (PID=7942) to work on /home/airflow/.local/lib/python3.12/site-packages/airflow/example_dags/example_params_ui_tutorial.py
[2025-04-21T11:56:15.091+0000] {processor.py:914} INFO - Processing file /home/airflow/.local/lib/python3.12/site-packages/airflow/example_dags/example_params_ui_tutorial.py for tasks to queue
[2025-04-21T11:56:15.096+0000] {logging_mixin.py:190} INFO - [2025-04-21T11:56:15.095+0000] {dagbag.py:588} INFO - Filling up the DagBag from /home/airflow/.local/lib/python3.12/site-packages/airflow/example_dags/example_params_ui_tutorial.py
[2025-04-21T11:56:15.110+0000] {processor.py:925} INFO - DAG(s) 'example_params_ui_tutorial' retrieved from /home/airflow/.local/lib/python3.12/site-packages/airflow/example_dags/example_params_ui_tutorial.py
[2025-04-21T11:56:15.187+0000] {logging_mixin.py:190} INFO - [2025-04-21T11:56:15.186+0000] {dag.py:3239} INFO - Sync 1 DAGs
[2025-04-21T11:56:15.213+0000] {logging_mixin.py:190} INFO - [2025-04-21T11:56:15.212+0000] {dag.py:4180} INFO - Setting next_dagrun for example_params_ui_tutorial to None, run_after=None
[2025-04-21T11:56:15.253+0000] {processor.py:208} INFO - Processing /home/airflow/.local/lib/python3.12/site-packages/airflow/example_dags/example_params_ui_tutorial.py took 0.177 seconds
[2025-04-21T11:56:45.758+0000] {processor.py:186} INFO - Started process (PID=8006) to work on /home/airflow/.local/lib/python3.12/site-packages/airflow/example_dags/example_params_ui_tutorial.py
[2025-04-21T11:56:45.759+0000] {processor.py:914} INFO - Processing file /home/airflow/.local/lib/python3.12/site-packages/airflow/example_dags/example_params_ui_tutorial.py for tasks to queue
[2025-04-21T11:56:45.762+0000] {logging_mixin.py:190} INFO - [2025-04-21T11:56:45.762+0000] {dagbag.py:588} INFO - Filling up the DagBag from /home/airflow/.local/lib/python3.12/site-packages/airflow/example_dags/example_params_ui_tutorial.py
[2025-04-21T11:56:45.775+0000] {processor.py:925} INFO - DAG(s) 'example_params_ui_tutorial' retrieved from /home/airflow/.local/lib/python3.12/site-packages/airflow/example_dags/example_params_ui_tutorial.py
[2025-04-21T11:56:45.858+0000] {logging_mixin.py:190} INFO - [2025-04-21T11:56:45.858+0000] {dag.py:3239} INFO - Sync 1 DAGs
[2025-04-21T11:56:45.889+0000] {logging_mixin.py:190} INFO - [2025-04-21T11:56:45.889+0000] {dag.py:4180} INFO - Setting next_dagrun for example_params_ui_tutorial to None, run_after=None
[2025-04-21T11:56:45.933+0000] {processor.py:208} INFO - Processing /home/airflow/.local/lib/python3.12/site-packages/airflow/example_dags/example_params_ui_tutorial.py took 0.183 seconds
[2025-04-21T11:57:16.306+0000] {processor.py:186} INFO - Started process (PID=8069) to work on /home/airflow/.local/lib/python3.12/site-packages/airflow/example_dags/example_params_ui_tutorial.py
[2025-04-21T11:57:16.308+0000] {processor.py:914} INFO - Processing file /home/airflow/.local/lib/python3.12/site-packages/airflow/example_dags/example_params_ui_tutorial.py for tasks to queue
[2025-04-21T11:57:16.314+0000] {logging_mixin.py:190} INFO - [2025-04-21T11:57:16.313+0000] {dagbag.py:588} INFO - Filling up the DagBag from /home/airflow/.local/lib/python3.12/site-packages/airflow/example_dags/example_params_ui_tutorial.py
[2025-04-21T11:57:16.335+0000] {processor.py:925} INFO - DAG(s) 'example_params_ui_tutorial' retrieved from /home/airflow/.local/lib/python3.12/site-packages/airflow/example_dags/example_params_ui_tutorial.py
[2025-04-21T11:57:16.428+0000] {logging_mixin.py:190} INFO - [2025-04-21T11:57:16.427+0000] {dag.py:3239} INFO - Sync 1 DAGs
[2025-04-21T11:57:16.460+0000] {logging_mixin.py:190} INFO - [2025-04-21T11:57:16.459+0000] {dag.py:4180} INFO - Setting next_dagrun for example_params_ui_tutorial to None, run_after=None
[2025-04-21T11:57:16.501+0000] {processor.py:208} INFO - Processing /home/airflow/.local/lib/python3.12/site-packages/airflow/example_dags/example_params_ui_tutorial.py took 0.207 seconds
[2025-04-21T11:57:46.831+0000] {processor.py:186} INFO - Started process (PID=8133) to work on /home/airflow/.local/lib/python3.12/site-packages/airflow/example_dags/example_params_ui_tutorial.py
[2025-04-21T11:57:46.833+0000] {processor.py:914} INFO - Processing file /home/airflow/.local/lib/python3.12/site-packages/airflow/example_dags/example_params_ui_tutorial.py for tasks to queue
[2025-04-21T11:57:46.839+0000] {logging_mixin.py:190} INFO - [2025-04-21T11:57:46.838+0000] {dagbag.py:588} INFO - Filling up the DagBag from /home/airflow/.local/lib/python3.12/site-packages/airflow/example_dags/example_params_ui_tutorial.py
[2025-04-21T11:57:46.861+0000] {processor.py:925} INFO - DAG(s) 'example_params_ui_tutorial' retrieved from /home/airflow/.local/lib/python3.12/site-packages/airflow/example_dags/example_params_ui_tutorial.py
[2025-04-21T11:57:46.954+0000] {logging_mixin.py:190} INFO - [2025-04-21T11:57:46.953+0000] {dag.py:3239} INFO - Sync 1 DAGs
[2025-04-21T11:57:46.985+0000] {logging_mixin.py:190} INFO - [2025-04-21T11:57:46.985+0000] {dag.py:4180} INFO - Setting next_dagrun for example_params_ui_tutorial to None, run_after=None
[2025-04-21T11:57:47.026+0000] {processor.py:208} INFO - Processing /home/airflow/.local/lib/python3.12/site-packages/airflow/example_dags/example_params_ui_tutorial.py took 0.208 seconds
[2025-04-21T11:58:17.745+0000] {processor.py:186} INFO - Started process (PID=8197) to work on /home/airflow/.local/lib/python3.12/site-packages/airflow/example_dags/example_params_ui_tutorial.py
[2025-04-21T11:58:17.748+0000] {processor.py:914} INFO - Processing file /home/airflow/.local/lib/python3.12/site-packages/airflow/example_dags/example_params_ui_tutorial.py for tasks to queue
[2025-04-21T11:58:17.754+0000] {logging_mixin.py:190} INFO - [2025-04-21T11:58:17.753+0000] {dagbag.py:588} INFO - Filling up the DagBag from /home/airflow/.local/lib/python3.12/site-packages/airflow/example_dags/example_params_ui_tutorial.py
[2025-04-21T11:58:17.774+0000] {processor.py:925} INFO - DAG(s) 'example_params_ui_tutorial' retrieved from /home/airflow/.local/lib/python3.12/site-packages/airflow/example_dags/example_params_ui_tutorial.py
[2025-04-21T11:58:17.869+0000] {logging_mixin.py:190} INFO - [2025-04-21T11:58:17.869+0000] {dag.py:3239} INFO - Sync 1 DAGs
[2025-04-21T11:58:17.902+0000] {logging_mixin.py:190} INFO - [2025-04-21T11:58:17.902+0000] {dag.py:4180} INFO - Setting next_dagrun for example_params_ui_tutorial to None, run_after=None
[2025-04-21T11:58:17.942+0000] {processor.py:208} INFO - Processing /home/airflow/.local/lib/python3.12/site-packages/airflow/example_dags/example_params_ui_tutorial.py took 0.209 seconds
[2025-04-21T11:58:48.185+0000] {processor.py:186} INFO - Started process (PID=8261) to work on /home/airflow/.local/lib/python3.12/site-packages/airflow/example_dags/example_params_ui_tutorial.py
[2025-04-21T11:58:48.187+0000] {processor.py:914} INFO - Processing file /home/airflow/.local/lib/python3.12/site-packages/airflow/example_dags/example_params_ui_tutorial.py for tasks to queue
[2025-04-21T11:58:48.191+0000] {logging_mixin.py:190} INFO - [2025-04-21T11:58:48.191+0000] {dagbag.py:588} INFO - Filling up the DagBag from /home/airflow/.local/lib/python3.12/site-packages/airflow/example_dags/example_params_ui_tutorial.py
[2025-04-21T11:58:48.208+0000] {processor.py:925} INFO - DAG(s) 'example_params_ui_tutorial' retrieved from /home/airflow/.local/lib/python3.12/site-packages/airflow/example_dags/example_params_ui_tutorial.py
[2025-04-21T11:58:48.294+0000] {logging_mixin.py:190} INFO - [2025-04-21T11:58:48.294+0000] {dag.py:3239} INFO - Sync 1 DAGs
[2025-04-21T11:58:48.324+0000] {logging_mixin.py:190} INFO - [2025-04-21T11:58:48.323+0000] {dag.py:4180} INFO - Setting next_dagrun for example_params_ui_tutorial to None, run_after=None
[2025-04-21T11:58:48.362+0000] {processor.py:208} INFO - Processing /home/airflow/.local/lib/python3.12/site-packages/airflow/example_dags/example_params_ui_tutorial.py took 0.188 seconds
[2025-04-21T11:59:18.475+0000] {processor.py:186} INFO - Started process (PID=8325) to work on /home/airflow/.local/lib/python3.12/site-packages/airflow/example_dags/example_params_ui_tutorial.py
[2025-04-21T11:59:18.477+0000] {processor.py:914} INFO - Processing file /home/airflow/.local/lib/python3.12/site-packages/airflow/example_dags/example_params_ui_tutorial.py for tasks to queue
[2025-04-21T11:59:18.483+0000] {logging_mixin.py:190} INFO - [2025-04-21T11:59:18.482+0000] {dagbag.py:588} INFO - Filling up the DagBag from /home/airflow/.local/lib/python3.12/site-packages/airflow/example_dags/example_params_ui_tutorial.py
[2025-04-21T11:59:18.500+0000] {processor.py:925} INFO - DAG(s) 'example_params_ui_tutorial' retrieved from /home/airflow/.local/lib/python3.12/site-packages/airflow/example_dags/example_params_ui_tutorial.py
[2025-04-21T11:59:18.593+0000] {logging_mixin.py:190} INFO - [2025-04-21T11:59:18.593+0000] {dag.py:3239} INFO - Sync 1 DAGs
[2025-04-21T11:59:18.626+0000] {logging_mixin.py:190} INFO - [2025-04-21T11:59:18.625+0000] {dag.py:4180} INFO - Setting next_dagrun for example_params_ui_tutorial to None, run_after=None
[2025-04-21T11:59:18.666+0000] {processor.py:208} INFO - Processing /home/airflow/.local/lib/python3.12/site-packages/airflow/example_dags/example_params_ui_tutorial.py took 0.204 seconds
[2025-04-21T11:59:49.018+0000] {processor.py:186} INFO - Started process (PID=8389) to work on /home/airflow/.local/lib/python3.12/site-packages/airflow/example_dags/example_params_ui_tutorial.py
[2025-04-21T11:59:49.021+0000] {processor.py:914} INFO - Processing file /home/airflow/.local/lib/python3.12/site-packages/airflow/example_dags/example_params_ui_tutorial.py for tasks to queue
[2025-04-21T11:59:49.027+0000] {logging_mixin.py:190} INFO - [2025-04-21T11:59:49.026+0000] {dagbag.py:588} INFO - Filling up the DagBag from /home/airflow/.local/lib/python3.12/site-packages/airflow/example_dags/example_params_ui_tutorial.py
[2025-04-21T11:59:49.043+0000] {processor.py:925} INFO - DAG(s) 'example_params_ui_tutorial' retrieved from /home/airflow/.local/lib/python3.12/site-packages/airflow/example_dags/example_params_ui_tutorial.py
[2025-04-21T11:59:49.140+0000] {logging_mixin.py:190} INFO - [2025-04-21T11:59:49.139+0000] {dag.py:3239} INFO - Sync 1 DAGs
[2025-04-21T11:59:49.171+0000] {logging_mixin.py:190} INFO - [2025-04-21T11:59:49.170+0000] {dag.py:4180} INFO - Setting next_dagrun for example_params_ui_tutorial to None, run_after=None
[2025-04-21T11:59:49.213+0000] {processor.py:208} INFO - Processing /home/airflow/.local/lib/python3.12/site-packages/airflow/example_dags/example_params_ui_tutorial.py took 0.207 seconds
[2025-04-21T12:00:19.579+0000] {processor.py:186} INFO - Started process (PID=8453) to work on /home/airflow/.local/lib/python3.12/site-packages/airflow/example_dags/example_params_ui_tutorial.py
[2025-04-21T12:00:19.581+0000] {processor.py:914} INFO - Processing file /home/airflow/.local/lib/python3.12/site-packages/airflow/example_dags/example_params_ui_tutorial.py for tasks to queue
[2025-04-21T12:00:19.587+0000] {logging_mixin.py:190} INFO - [2025-04-21T12:00:19.587+0000] {dagbag.py:588} INFO - Filling up the DagBag from /home/airflow/.local/lib/python3.12/site-packages/airflow/example_dags/example_params_ui_tutorial.py
[2025-04-21T12:00:19.608+0000] {processor.py:925} INFO - DAG(s) 'example_params_ui_tutorial' retrieved from /home/airflow/.local/lib/python3.12/site-packages/airflow/example_dags/example_params_ui_tutorial.py
[2025-04-21T12:00:19.701+0000] {logging_mixin.py:190} INFO - [2025-04-21T12:00:19.700+0000] {dag.py:3239} INFO - Sync 1 DAGs
[2025-04-21T12:00:19.737+0000] {logging_mixin.py:190} INFO - [2025-04-21T12:00:19.737+0000] {dag.py:4180} INFO - Setting next_dagrun for example_params_ui_tutorial to None, run_after=None
[2025-04-21T12:00:19.782+0000] {processor.py:208} INFO - Processing /home/airflow/.local/lib/python3.12/site-packages/airflow/example_dags/example_params_ui_tutorial.py took 0.216 seconds
[2025-04-21T12:00:49.875+0000] {processor.py:186} INFO - Started process (PID=8517) to work on /home/airflow/.local/lib/python3.12/site-packages/airflow/example_dags/example_params_ui_tutorial.py
[2025-04-21T12:00:49.878+0000] {processor.py:914} INFO - Processing file /home/airflow/.local/lib/python3.12/site-packages/airflow/example_dags/example_params_ui_tutorial.py for tasks to queue
[2025-04-21T12:00:49.884+0000] {logging_mixin.py:190} INFO - [2025-04-21T12:00:49.883+0000] {dagbag.py:588} INFO - Filling up the DagBag from /home/airflow/.local/lib/python3.12/site-packages/airflow/example_dags/example_params_ui_tutorial.py
[2025-04-21T12:00:49.904+0000] {processor.py:925} INFO - DAG(s) 'example_params_ui_tutorial' retrieved from /home/airflow/.local/lib/python3.12/site-packages/airflow/example_dags/example_params_ui_tutorial.py
[2025-04-21T12:00:49.999+0000] {logging_mixin.py:190} INFO - [2025-04-21T12:00:49.998+0000] {dag.py:3239} INFO - Sync 1 DAGs
[2025-04-21T12:00:50.031+0000] {logging_mixin.py:190} INFO - [2025-04-21T12:00:50.030+0000] {dag.py:4180} INFO - Setting next_dagrun for example_params_ui_tutorial to None, run_after=None
[2025-04-21T12:00:50.071+0000] {processor.py:208} INFO - Processing /home/airflow/.local/lib/python3.12/site-packages/airflow/example_dags/example_params_ui_tutorial.py took 0.208 seconds
[2025-04-21T12:01:20.560+0000] {processor.py:186} INFO - Started process (PID=8581) to work on /home/airflow/.local/lib/python3.12/site-packages/airflow/example_dags/example_params_ui_tutorial.py
[2025-04-21T12:01:20.562+0000] {processor.py:914} INFO - Processing file /home/airflow/.local/lib/python3.12/site-packages/airflow/example_dags/example_params_ui_tutorial.py for tasks to queue
[2025-04-21T12:01:20.568+0000] {logging_mixin.py:190} INFO - [2025-04-21T12:01:20.568+0000] {dagbag.py:588} INFO - Filling up the DagBag from /home/airflow/.local/lib/python3.12/site-packages/airflow/example_dags/example_params_ui_tutorial.py
[2025-04-21T12:01:20.590+0000] {processor.py:925} INFO - DAG(s) 'example_params_ui_tutorial' retrieved from /home/airflow/.local/lib/python3.12/site-packages/airflow/example_dags/example_params_ui_tutorial.py
[2025-04-21T12:01:20.685+0000] {logging_mixin.py:190} INFO - [2025-04-21T12:01:20.684+0000] {dag.py:3239} INFO - Sync 1 DAGs
[2025-04-21T12:01:20.716+0000] {logging_mixin.py:190} INFO - [2025-04-21T12:01:20.716+0000] {dag.py:4180} INFO - Setting next_dagrun for example_params_ui_tutorial to None, run_after=None
[2025-04-21T12:01:20.758+0000] {processor.py:208} INFO - Processing /home/airflow/.local/lib/python3.12/site-packages/airflow/example_dags/example_params_ui_tutorial.py took 0.210 seconds
[2025-04-21T12:01:50.829+0000] {processor.py:186} INFO - Started process (PID=8645) to work on /home/airflow/.local/lib/python3.12/site-packages/airflow/example_dags/example_params_ui_tutorial.py
[2025-04-21T12:01:50.832+0000] {processor.py:914} INFO - Processing file /home/airflow/.local/lib/python3.12/site-packages/airflow/example_dags/example_params_ui_tutorial.py for tasks to queue
[2025-04-21T12:01:50.838+0000] {logging_mixin.py:190} INFO - [2025-04-21T12:01:50.837+0000] {dagbag.py:588} INFO - Filling up the DagBag from /home/airflow/.local/lib/python3.12/site-packages/airflow/example_dags/example_params_ui_tutorial.py
[2025-04-21T12:01:50.859+0000] {processor.py:925} INFO - DAG(s) 'example_params_ui_tutorial' retrieved from /home/airflow/.local/lib/python3.12/site-packages/airflow/example_dags/example_params_ui_tutorial.py
[2025-04-21T12:01:50.952+0000] {logging_mixin.py:190} INFO - [2025-04-21T12:01:50.951+0000] {dag.py:3239} INFO - Sync 1 DAGs
[2025-04-21T12:01:50.986+0000] {logging_mixin.py:190} INFO - [2025-04-21T12:01:50.986+0000] {dag.py:4180} INFO - Setting next_dagrun for example_params_ui_tutorial to None, run_after=None
[2025-04-21T12:01:51.023+0000] {processor.py:208} INFO - Processing /home/airflow/.local/lib/python3.12/site-packages/airflow/example_dags/example_params_ui_tutorial.py took 0.205 seconds
[2025-04-21T12:02:21.568+0000] {processor.py:186} INFO - Started process (PID=8709) to work on /home/airflow/.local/lib/python3.12/site-packages/airflow/example_dags/example_params_ui_tutorial.py
[2025-04-21T12:02:21.570+0000] {processor.py:914} INFO - Processing file /home/airflow/.local/lib/python3.12/site-packages/airflow/example_dags/example_params_ui_tutorial.py for tasks to queue
[2025-04-21T12:02:21.575+0000] {logging_mixin.py:190} INFO - [2025-04-21T12:02:21.574+0000] {dagbag.py:588} INFO - Filling up the DagBag from /home/airflow/.local/lib/python3.12/site-packages/airflow/example_dags/example_params_ui_tutorial.py
[2025-04-21T12:02:21.593+0000] {processor.py:925} INFO - DAG(s) 'example_params_ui_tutorial' retrieved from /home/airflow/.local/lib/python3.12/site-packages/airflow/example_dags/example_params_ui_tutorial.py
[2025-04-21T12:02:21.682+0000] {logging_mixin.py:190} INFO - [2025-04-21T12:02:21.681+0000] {dag.py:3239} INFO - Sync 1 DAGs
[2025-04-21T12:02:21.712+0000] {logging_mixin.py:190} INFO - [2025-04-21T12:02:21.712+0000] {dag.py:4180} INFO - Setting next_dagrun for example_params_ui_tutorial to None, run_after=None
[2025-04-21T12:02:21.742+0000] {processor.py:208} INFO - Processing /home/airflow/.local/lib/python3.12/site-packages/airflow/example_dags/example_params_ui_tutorial.py took 0.186 seconds
[2025-04-21T12:02:52.058+0000] {processor.py:186} INFO - Started process (PID=8773) to work on /home/airflow/.local/lib/python3.12/site-packages/airflow/example_dags/example_params_ui_tutorial.py
[2025-04-21T12:02:52.061+0000] {processor.py:914} INFO - Processing file /home/airflow/.local/lib/python3.12/site-packages/airflow/example_dags/example_params_ui_tutorial.py for tasks to queue
[2025-04-21T12:02:52.067+0000] {logging_mixin.py:190} INFO - [2025-04-21T12:02:52.066+0000] {dagbag.py:588} INFO - Filling up the DagBag from /home/airflow/.local/lib/python3.12/site-packages/airflow/example_dags/example_params_ui_tutorial.py
[2025-04-21T12:02:52.088+0000] {processor.py:925} INFO - DAG(s) 'example_params_ui_tutorial' retrieved from /home/airflow/.local/lib/python3.12/site-packages/airflow/example_dags/example_params_ui_tutorial.py
[2025-04-21T12:02:52.181+0000] {logging_mixin.py:190} INFO - [2025-04-21T12:02:52.181+0000] {dag.py:3239} INFO - Sync 1 DAGs
[2025-04-21T12:02:52.214+0000] {logging_mixin.py:190} INFO - [2025-04-21T12:02:52.214+0000] {dag.py:4180} INFO - Setting next_dagrun for example_params_ui_tutorial to None, run_after=None
[2025-04-21T12:02:52.256+0000] {processor.py:208} INFO - Processing /home/airflow/.local/lib/python3.12/site-packages/airflow/example_dags/example_params_ui_tutorial.py took 0.210 seconds
[2025-04-21T12:03:22.652+0000] {processor.py:186} INFO - Started process (PID=8837) to work on /home/airflow/.local/lib/python3.12/site-packages/airflow/example_dags/example_params_ui_tutorial.py
[2025-04-21T12:03:22.654+0000] {processor.py:914} INFO - Processing file /home/airflow/.local/lib/python3.12/site-packages/airflow/example_dags/example_params_ui_tutorial.py for tasks to queue
[2025-04-21T12:03:22.660+0000] {logging_mixin.py:190} INFO - [2025-04-21T12:03:22.659+0000] {dagbag.py:588} INFO - Filling up the DagBag from /home/airflow/.local/lib/python3.12/site-packages/airflow/example_dags/example_params_ui_tutorial.py
[2025-04-21T12:03:22.681+0000] {processor.py:925} INFO - DAG(s) 'example_params_ui_tutorial' retrieved from /home/airflow/.local/lib/python3.12/site-packages/airflow/example_dags/example_params_ui_tutorial.py
[2025-04-21T12:03:22.744+0000] {logging_mixin.py:190} INFO - [2025-04-21T12:03:22.743+0000] {dag.py:3239} INFO - Sync 1 DAGs
[2025-04-21T12:03:22.766+0000] {logging_mixin.py:190} INFO - [2025-04-21T12:03:22.766+0000] {dag.py:4180} INFO - Setting next_dagrun for example_params_ui_tutorial to None, run_after=None
[2025-04-21T12:03:22.794+0000] {processor.py:208} INFO - Processing /home/airflow/.local/lib/python3.12/site-packages/airflow/example_dags/example_params_ui_tutorial.py took 0.152 seconds
