[2025-04-21T10:53:03.081+0000] {processor.py:186} INFO - Started process (PID=92) to work on /home/airflow/.local/lib/python3.12/site-packages/airflow/example_dags/example_nested_branch_dag.py
[2025-04-21T10:53:03.082+0000] {processor.py:914} INFO - Processing file /home/airflow/.local/lib/python3.12/site-packages/airflow/example_dags/example_nested_branch_dag.py for tasks to queue
[2025-04-21T10:53:03.085+0000] {logging_mixin.py:190} INFO - [2025-04-21T10:53:03.084+0000] {dagbag.py:588} INFO - Filling up the DagBag from /home/airflow/.local/lib/python3.12/site-packages/airflow/example_dags/example_nested_branch_dag.py
[2025-04-21T10:53:03.097+0000] {processor.py:925} INFO - DAG(s) 'example_nested_branch_dag' retrieved from /home/airflow/.local/lib/python3.12/site-packages/airflow/example_dags/example_nested_branch_dag.py
[2025-04-21T10:53:03.204+0000] {logging_mixin.py:190} INFO - [2025-04-21T10:53:03.203+0000] {override.py:1912} INFO - Created Permission View: can edit on DAG:example_nested_branch_dag
[2025-04-21T10:53:03.216+0000] {logging_mixin.py:190} INFO - [2025-04-21T10:53:03.216+0000] {override.py:1912} INFO - Created Permission View: can read on DAG:example_nested_branch_dag
[2025-04-21T10:53:03.224+0000] {logging_mixin.py:190} INFO - [2025-04-21T10:53:03.223+0000] {override.py:1912} INFO - Created Permission View: can delete on DAG:example_nested_branch_dag
[2025-04-21T10:53:03.234+0000] {logging_mixin.py:190} INFO - [2025-04-21T10:53:03.233+0000] {override.py:1912} INFO - Created Permission View: menu access on DAG Run:example_nested_branch_dag
[2025-04-21T10:53:03.240+0000] {logging_mixin.py:190} INFO - [2025-04-21T10:53:03.240+0000] {override.py:1912} INFO - Created Permission View: can create on DAG Run:example_nested_branch_dag
[2025-04-21T10:53:03.247+0000] {logging_mixin.py:190} INFO - [2025-04-21T10:53:03.246+0000] {override.py:1912} INFO - Created Permission View: can read on DAG Run:example_nested_branch_dag
[2025-04-21T10:53:03.254+0000] {logging_mixin.py:190} INFO - [2025-04-21T10:53:03.253+0000] {override.py:1912} INFO - Created Permission View: can delete on DAG Run:example_nested_branch_dag
[2025-04-21T10:53:03.254+0000] {logging_mixin.py:190} INFO - [2025-04-21T10:53:03.254+0000] {dag.py:3239} INFO - Sync 1 DAGs
[2025-04-21T10:53:03.264+0000] {logging_mixin.py:190} INFO - [2025-04-21T10:53:03.264+0000] {dag.py:3262} INFO - Creating ORM DAG for example_nested_branch_dag
[2025-04-21T10:53:03.280+0000] {logging_mixin.py:190} INFO - [2025-04-21T10:53:03.280+0000] {dag.py:4180} INFO - Setting next_dagrun for example_nested_branch_dag to 2025-04-20 00:00:00+00:00, run_after=2025-04-21 00:00:00+00:00
[2025-04-21T10:53:03.294+0000] {processor.py:208} INFO - Processing /home/airflow/.local/lib/python3.12/site-packages/airflow/example_dags/example_nested_branch_dag.py took 0.218 seconds
[2025-04-21T10:53:34.040+0000] {processor.py:186} INFO - Started process (PID=161) to work on /home/airflow/.local/lib/python3.12/site-packages/airflow/example_dags/example_nested_branch_dag.py
[2025-04-21T10:53:34.041+0000] {processor.py:914} INFO - Processing file /home/airflow/.local/lib/python3.12/site-packages/airflow/example_dags/example_nested_branch_dag.py for tasks to queue
[2025-04-21T10:53:34.043+0000] {logging_mixin.py:190} INFO - [2025-04-21T10:53:34.043+0000] {dagbag.py:588} INFO - Filling up the DagBag from /home/airflow/.local/lib/python3.12/site-packages/airflow/example_dags/example_nested_branch_dag.py
[2025-04-21T10:53:34.055+0000] {processor.py:925} INFO - DAG(s) 'example_nested_branch_dag' retrieved from /home/airflow/.local/lib/python3.12/site-packages/airflow/example_dags/example_nested_branch_dag.py
[2025-04-21T10:53:34.079+0000] {logging_mixin.py:190} INFO - [2025-04-21T10:53:34.079+0000] {dag.py:3239} INFO - Sync 1 DAGs
[2025-04-21T10:53:34.105+0000] {logging_mixin.py:190} INFO - [2025-04-21T10:53:34.105+0000] {dag.py:4180} INFO - Setting next_dagrun for example_nested_branch_dag to 2025-04-20 00:00:00+00:00, run_after=2025-04-21 00:00:00+00:00
[2025-04-21T10:53:34.125+0000] {processor.py:208} INFO - Processing /home/airflow/.local/lib/python3.12/site-packages/airflow/example_dags/example_nested_branch_dag.py took 0.092 seconds
[2025-04-21T10:54:04.151+0000] {processor.py:186} INFO - Started process (PID=222) to work on /home/airflow/.local/lib/python3.12/site-packages/airflow/example_dags/example_nested_branch_dag.py
[2025-04-21T10:54:04.152+0000] {processor.py:914} INFO - Processing file /home/airflow/.local/lib/python3.12/site-packages/airflow/example_dags/example_nested_branch_dag.py for tasks to queue
[2025-04-21T10:54:04.154+0000] {logging_mixin.py:190} INFO - [2025-04-21T10:54:04.154+0000] {dagbag.py:588} INFO - Filling up the DagBag from /home/airflow/.local/lib/python3.12/site-packages/airflow/example_dags/example_nested_branch_dag.py
[2025-04-21T10:54:04.162+0000] {processor.py:925} INFO - DAG(s) 'example_nested_branch_dag' retrieved from /home/airflow/.local/lib/python3.12/site-packages/airflow/example_dags/example_nested_branch_dag.py
[2025-04-21T10:54:04.178+0000] {logging_mixin.py:190} INFO - [2025-04-21T10:54:04.178+0000] {dag.py:3239} INFO - Sync 1 DAGs
[2025-04-21T10:54:04.196+0000] {logging_mixin.py:190} INFO - [2025-04-21T10:54:04.196+0000] {dag.py:4180} INFO - Setting next_dagrun for example_nested_branch_dag to 2025-04-20 00:00:00+00:00, run_after=2025-04-21 00:00:00+00:00
[2025-04-21T10:54:04.211+0000] {processor.py:208} INFO - Processing /home/airflow/.local/lib/python3.12/site-packages/airflow/example_dags/example_nested_branch_dag.py took 0.063 seconds
[2025-04-21T10:54:34.304+0000] {processor.py:186} INFO - Started process (PID=285) to work on /home/airflow/.local/lib/python3.12/site-packages/airflow/example_dags/example_nested_branch_dag.py
[2025-04-21T10:54:34.305+0000] {processor.py:914} INFO - Processing file /home/airflow/.local/lib/python3.12/site-packages/airflow/example_dags/example_nested_branch_dag.py for tasks to queue
[2025-04-21T10:54:34.308+0000] {logging_mixin.py:190} INFO - [2025-04-21T10:54:34.308+0000] {dagbag.py:588} INFO - Filling up the DagBag from /home/airflow/.local/lib/python3.12/site-packages/airflow/example_dags/example_nested_branch_dag.py
[2025-04-21T10:54:34.317+0000] {processor.py:925} INFO - DAG(s) 'example_nested_branch_dag' retrieved from /home/airflow/.local/lib/python3.12/site-packages/airflow/example_dags/example_nested_branch_dag.py
[2025-04-21T10:54:34.333+0000] {logging_mixin.py:190} INFO - [2025-04-21T10:54:34.332+0000] {dag.py:3239} INFO - Sync 1 DAGs
[2025-04-21T10:54:34.352+0000] {logging_mixin.py:190} INFO - [2025-04-21T10:54:34.352+0000] {dag.py:4180} INFO - Setting next_dagrun for example_nested_branch_dag to 2025-04-20 00:00:00+00:00, run_after=2025-04-21 00:00:00+00:00
[2025-04-21T10:54:34.365+0000] {processor.py:208} INFO - Processing /home/airflow/.local/lib/python3.12/site-packages/airflow/example_dags/example_nested_branch_dag.py took 0.065 seconds
[2025-04-21T10:55:05.264+0000] {processor.py:186} INFO - Started process (PID=348) to work on /home/airflow/.local/lib/python3.12/site-packages/airflow/example_dags/example_nested_branch_dag.py
[2025-04-21T10:55:05.265+0000] {processor.py:914} INFO - Processing file /home/airflow/.local/lib/python3.12/site-packages/airflow/example_dags/example_nested_branch_dag.py for tasks to queue
[2025-04-21T10:55:05.267+0000] {logging_mixin.py:190} INFO - [2025-04-21T10:55:05.267+0000] {dagbag.py:588} INFO - Filling up the DagBag from /home/airflow/.local/lib/python3.12/site-packages/airflow/example_dags/example_nested_branch_dag.py
[2025-04-21T10:55:05.277+0000] {processor.py:925} INFO - DAG(s) 'example_nested_branch_dag' retrieved from /home/airflow/.local/lib/python3.12/site-packages/airflow/example_dags/example_nested_branch_dag.py
[2025-04-21T10:55:05.292+0000] {logging_mixin.py:190} INFO - [2025-04-21T10:55:05.292+0000] {dag.py:3239} INFO - Sync 1 DAGs
[2025-04-21T10:55:05.311+0000] {logging_mixin.py:190} INFO - [2025-04-21T10:55:05.311+0000] {dag.py:4180} INFO - Setting next_dagrun for example_nested_branch_dag to 2025-04-20 00:00:00+00:00, run_after=2025-04-21 00:00:00+00:00
[2025-04-21T10:55:05.325+0000] {processor.py:208} INFO - Processing /home/airflow/.local/lib/python3.12/site-packages/airflow/example_dags/example_nested_branch_dag.py took 0.065 seconds
[2025-04-21T10:55:35.606+0000] {processor.py:186} INFO - Started process (PID=411) to work on /home/airflow/.local/lib/python3.12/site-packages/airflow/example_dags/example_nested_branch_dag.py
[2025-04-21T10:55:35.607+0000] {processor.py:914} INFO - Processing file /home/airflow/.local/lib/python3.12/site-packages/airflow/example_dags/example_nested_branch_dag.py for tasks to queue
[2025-04-21T10:55:35.609+0000] {logging_mixin.py:190} INFO - [2025-04-21T10:55:35.609+0000] {dagbag.py:588} INFO - Filling up the DagBag from /home/airflow/.local/lib/python3.12/site-packages/airflow/example_dags/example_nested_branch_dag.py
[2025-04-21T10:55:35.617+0000] {processor.py:925} INFO - DAG(s) 'example_nested_branch_dag' retrieved from /home/airflow/.local/lib/python3.12/site-packages/airflow/example_dags/example_nested_branch_dag.py
[2025-04-21T10:55:35.634+0000] {logging_mixin.py:190} INFO - [2025-04-21T10:55:35.633+0000] {dag.py:3239} INFO - Sync 1 DAGs
[2025-04-21T10:55:35.651+0000] {logging_mixin.py:190} INFO - [2025-04-21T10:55:35.651+0000] {dag.py:4180} INFO - Setting next_dagrun for example_nested_branch_dag to 2025-04-20 00:00:00+00:00, run_after=2025-04-21 00:00:00+00:00
[2025-04-21T10:55:35.666+0000] {processor.py:208} INFO - Processing /home/airflow/.local/lib/python3.12/site-packages/airflow/example_dags/example_nested_branch_dag.py took 0.064 seconds
[2025-04-21T10:56:05.708+0000] {processor.py:186} INFO - Started process (PID=473) to work on /home/airflow/.local/lib/python3.12/site-packages/airflow/example_dags/example_nested_branch_dag.py
[2025-04-21T10:56:05.709+0000] {processor.py:914} INFO - Processing file /home/airflow/.local/lib/python3.12/site-packages/airflow/example_dags/example_nested_branch_dag.py for tasks to queue
[2025-04-21T10:56:05.711+0000] {logging_mixin.py:190} INFO - [2025-04-21T10:56:05.710+0000] {dagbag.py:588} INFO - Filling up the DagBag from /home/airflow/.local/lib/python3.12/site-packages/airflow/example_dags/example_nested_branch_dag.py
[2025-04-21T10:56:05.719+0000] {processor.py:925} INFO - DAG(s) 'example_nested_branch_dag' retrieved from /home/airflow/.local/lib/python3.12/site-packages/airflow/example_dags/example_nested_branch_dag.py
[2025-04-21T10:56:05.735+0000] {logging_mixin.py:190} INFO - [2025-04-21T10:56:05.734+0000] {dag.py:3239} INFO - Sync 1 DAGs
[2025-04-21T10:56:05.752+0000] {logging_mixin.py:190} INFO - [2025-04-21T10:56:05.752+0000] {dag.py:4180} INFO - Setting next_dagrun for example_nested_branch_dag to 2025-04-20 00:00:00+00:00, run_after=2025-04-21 00:00:00+00:00
[2025-04-21T10:56:05.766+0000] {processor.py:208} INFO - Processing /home/airflow/.local/lib/python3.12/site-packages/airflow/example_dags/example_nested_branch_dag.py took 0.062 seconds
[2025-04-21T10:56:36.008+0000] {processor.py:186} INFO - Started process (PID=536) to work on /home/airflow/.local/lib/python3.12/site-packages/airflow/example_dags/example_nested_branch_dag.py
[2025-04-21T10:56:36.009+0000] {processor.py:914} INFO - Processing file /home/airflow/.local/lib/python3.12/site-packages/airflow/example_dags/example_nested_branch_dag.py for tasks to queue
[2025-04-21T10:56:36.011+0000] {logging_mixin.py:190} INFO - [2025-04-21T10:56:36.010+0000] {dagbag.py:588} INFO - Filling up the DagBag from /home/airflow/.local/lib/python3.12/site-packages/airflow/example_dags/example_nested_branch_dag.py
[2025-04-21T10:56:36.020+0000] {processor.py:925} INFO - DAG(s) 'example_nested_branch_dag' retrieved from /home/airflow/.local/lib/python3.12/site-packages/airflow/example_dags/example_nested_branch_dag.py
[2025-04-21T10:56:36.036+0000] {logging_mixin.py:190} INFO - [2025-04-21T10:56:36.036+0000] {dag.py:3239} INFO - Sync 1 DAGs
[2025-04-21T10:56:36.055+0000] {logging_mixin.py:190} INFO - [2025-04-21T10:56:36.055+0000] {dag.py:4180} INFO - Setting next_dagrun for example_nested_branch_dag to 2025-04-20 00:00:00+00:00, run_after=2025-04-21 00:00:00+00:00
[2025-04-21T10:56:36.068+0000] {processor.py:208} INFO - Processing /home/airflow/.local/lib/python3.12/site-packages/airflow/example_dags/example_nested_branch_dag.py took 0.064 seconds
[2025-04-21T10:57:06.449+0000] {processor.py:186} INFO - Started process (PID=598) to work on /home/airflow/.local/lib/python3.12/site-packages/airflow/example_dags/example_nested_branch_dag.py
[2025-04-21T10:57:06.449+0000] {processor.py:914} INFO - Processing file /home/airflow/.local/lib/python3.12/site-packages/airflow/example_dags/example_nested_branch_dag.py for tasks to queue
[2025-04-21T10:57:06.452+0000] {logging_mixin.py:190} INFO - [2025-04-21T10:57:06.451+0000] {dagbag.py:588} INFO - Filling up the DagBag from /home/airflow/.local/lib/python3.12/site-packages/airflow/example_dags/example_nested_branch_dag.py
[2025-04-21T10:57:06.460+0000] {processor.py:925} INFO - DAG(s) 'example_nested_branch_dag' retrieved from /home/airflow/.local/lib/python3.12/site-packages/airflow/example_dags/example_nested_branch_dag.py
[2025-04-21T10:57:06.477+0000] {logging_mixin.py:190} INFO - [2025-04-21T10:57:06.477+0000] {dag.py:3239} INFO - Sync 1 DAGs
[2025-04-21T10:57:06.496+0000] {logging_mixin.py:190} INFO - [2025-04-21T10:57:06.496+0000] {dag.py:4180} INFO - Setting next_dagrun for example_nested_branch_dag to 2025-04-20 00:00:00+00:00, run_after=2025-04-21 00:00:00+00:00
[2025-04-21T10:57:06.508+0000] {processor.py:208} INFO - Processing /home/airflow/.local/lib/python3.12/site-packages/airflow/example_dags/example_nested_branch_dag.py took 0.064 seconds
[2025-04-21T10:57:36.671+0000] {processor.py:186} INFO - Started process (PID=661) to work on /home/airflow/.local/lib/python3.12/site-packages/airflow/example_dags/example_nested_branch_dag.py
[2025-04-21T10:57:36.672+0000] {processor.py:914} INFO - Processing file /home/airflow/.local/lib/python3.12/site-packages/airflow/example_dags/example_nested_branch_dag.py for tasks to queue
[2025-04-21T10:57:36.674+0000] {logging_mixin.py:190} INFO - [2025-04-21T10:57:36.673+0000] {dagbag.py:588} INFO - Filling up the DagBag from /home/airflow/.local/lib/python3.12/site-packages/airflow/example_dags/example_nested_branch_dag.py
[2025-04-21T10:57:36.682+0000] {processor.py:925} INFO - DAG(s) 'example_nested_branch_dag' retrieved from /home/airflow/.local/lib/python3.12/site-packages/airflow/example_dags/example_nested_branch_dag.py
[2025-04-21T10:57:36.697+0000] {logging_mixin.py:190} INFO - [2025-04-21T10:57:36.697+0000] {dag.py:3239} INFO - Sync 1 DAGs
[2025-04-21T10:57:36.714+0000] {logging_mixin.py:190} INFO - [2025-04-21T10:57:36.714+0000] {dag.py:4180} INFO - Setting next_dagrun for example_nested_branch_dag to 2025-04-20 00:00:00+00:00, run_after=2025-04-21 00:00:00+00:00
[2025-04-21T10:57:36.729+0000] {processor.py:208} INFO - Processing /home/airflow/.local/lib/python3.12/site-packages/airflow/example_dags/example_nested_branch_dag.py took 0.062 seconds
[2025-04-21T10:58:06.879+0000] {processor.py:186} INFO - Started process (PID=724) to work on /home/airflow/.local/lib/python3.12/site-packages/airflow/example_dags/example_nested_branch_dag.py
[2025-04-21T10:58:06.880+0000] {processor.py:914} INFO - Processing file /home/airflow/.local/lib/python3.12/site-packages/airflow/example_dags/example_nested_branch_dag.py for tasks to queue
[2025-04-21T10:58:06.883+0000] {logging_mixin.py:190} INFO - [2025-04-21T10:58:06.882+0000] {dagbag.py:588} INFO - Filling up the DagBag from /home/airflow/.local/lib/python3.12/site-packages/airflow/example_dags/example_nested_branch_dag.py
[2025-04-21T10:58:06.890+0000] {processor.py:925} INFO - DAG(s) 'example_nested_branch_dag' retrieved from /home/airflow/.local/lib/python3.12/site-packages/airflow/example_dags/example_nested_branch_dag.py
[2025-04-21T10:58:06.905+0000] {logging_mixin.py:190} INFO - [2025-04-21T10:58:06.905+0000] {dag.py:3239} INFO - Sync 1 DAGs
[2025-04-21T10:58:06.923+0000] {logging_mixin.py:190} INFO - [2025-04-21T10:58:06.922+0000] {dag.py:4180} INFO - Setting next_dagrun for example_nested_branch_dag to 2025-04-20 00:00:00+00:00, run_after=2025-04-21 00:00:00+00:00
[2025-04-21T10:58:06.936+0000] {processor.py:208} INFO - Processing /home/airflow/.local/lib/python3.12/site-packages/airflow/example_dags/example_nested_branch_dag.py took 0.061 seconds
[2025-04-21T10:58:36.991+0000] {processor.py:186} INFO - Started process (PID=787) to work on /home/airflow/.local/lib/python3.12/site-packages/airflow/example_dags/example_nested_branch_dag.py
[2025-04-21T10:58:36.992+0000] {processor.py:914} INFO - Processing file /home/airflow/.local/lib/python3.12/site-packages/airflow/example_dags/example_nested_branch_dag.py for tasks to queue
[2025-04-21T10:58:36.994+0000] {logging_mixin.py:190} INFO - [2025-04-21T10:58:36.994+0000] {dagbag.py:588} INFO - Filling up the DagBag from /home/airflow/.local/lib/python3.12/site-packages/airflow/example_dags/example_nested_branch_dag.py
[2025-04-21T10:58:37.003+0000] {processor.py:925} INFO - DAG(s) 'example_nested_branch_dag' retrieved from /home/airflow/.local/lib/python3.12/site-packages/airflow/example_dags/example_nested_branch_dag.py
[2025-04-21T10:58:37.018+0000] {logging_mixin.py:190} INFO - [2025-04-21T10:58:37.018+0000] {dag.py:3239} INFO - Sync 1 DAGs
[2025-04-21T10:58:37.035+0000] {logging_mixin.py:190} INFO - [2025-04-21T10:58:37.034+0000] {dag.py:4180} INFO - Setting next_dagrun for example_nested_branch_dag to 2025-04-20 00:00:00+00:00, run_after=2025-04-21 00:00:00+00:00
[2025-04-21T10:58:37.049+0000] {processor.py:208} INFO - Processing /home/airflow/.local/lib/python3.12/site-packages/airflow/example_dags/example_nested_branch_dag.py took 0.062 seconds
[2025-04-21T10:59:07.304+0000] {processor.py:186} INFO - Started process (PID=850) to work on /home/airflow/.local/lib/python3.12/site-packages/airflow/example_dags/example_nested_branch_dag.py
[2025-04-21T10:59:07.305+0000] {processor.py:914} INFO - Processing file /home/airflow/.local/lib/python3.12/site-packages/airflow/example_dags/example_nested_branch_dag.py for tasks to queue
[2025-04-21T10:59:07.307+0000] {logging_mixin.py:190} INFO - [2025-04-21T10:59:07.306+0000] {dagbag.py:588} INFO - Filling up the DagBag from /home/airflow/.local/lib/python3.12/site-packages/airflow/example_dags/example_nested_branch_dag.py
[2025-04-21T10:59:07.315+0000] {processor.py:925} INFO - DAG(s) 'example_nested_branch_dag' retrieved from /home/airflow/.local/lib/python3.12/site-packages/airflow/example_dags/example_nested_branch_dag.py
[2025-04-21T10:59:07.330+0000] {logging_mixin.py:190} INFO - [2025-04-21T10:59:07.330+0000] {dag.py:3239} INFO - Sync 1 DAGs
[2025-04-21T10:59:07.347+0000] {logging_mixin.py:190} INFO - [2025-04-21T10:59:07.346+0000] {dag.py:4180} INFO - Setting next_dagrun for example_nested_branch_dag to 2025-04-20 00:00:00+00:00, run_after=2025-04-21 00:00:00+00:00
[2025-04-21T10:59:07.361+0000] {processor.py:208} INFO - Processing /home/airflow/.local/lib/python3.12/site-packages/airflow/example_dags/example_nested_branch_dag.py took 0.061 seconds
[2025-04-21T10:59:37.812+0000] {processor.py:186} INFO - Started process (PID=913) to work on /home/airflow/.local/lib/python3.12/site-packages/airflow/example_dags/example_nested_branch_dag.py
[2025-04-21T10:59:37.813+0000] {processor.py:914} INFO - Processing file /home/airflow/.local/lib/python3.12/site-packages/airflow/example_dags/example_nested_branch_dag.py for tasks to queue
[2025-04-21T10:59:37.816+0000] {logging_mixin.py:190} INFO - [2025-04-21T10:59:37.816+0000] {dagbag.py:588} INFO - Filling up the DagBag from /home/airflow/.local/lib/python3.12/site-packages/airflow/example_dags/example_nested_branch_dag.py
[2025-04-21T10:59:37.825+0000] {processor.py:925} INFO - DAG(s) 'example_nested_branch_dag' retrieved from /home/airflow/.local/lib/python3.12/site-packages/airflow/example_dags/example_nested_branch_dag.py
[2025-04-21T10:59:37.841+0000] {logging_mixin.py:190} INFO - [2025-04-21T10:59:37.841+0000] {dag.py:3239} INFO - Sync 1 DAGs
[2025-04-21T10:59:37.860+0000] {logging_mixin.py:190} INFO - [2025-04-21T10:59:37.860+0000] {dag.py:4180} INFO - Setting next_dagrun for example_nested_branch_dag to 2025-04-20 00:00:00+00:00, run_after=2025-04-21 00:00:00+00:00
[2025-04-21T10:59:37.874+0000] {processor.py:208} INFO - Processing /home/airflow/.local/lib/python3.12/site-packages/airflow/example_dags/example_nested_branch_dag.py took 0.066 seconds
[2025-04-21T11:00:09.065+0000] {processor.py:186} INFO - Started process (PID=976) to work on /home/airflow/.local/lib/python3.12/site-packages/airflow/example_dags/example_nested_branch_dag.py
[2025-04-21T11:00:09.066+0000] {processor.py:914} INFO - Processing file /home/airflow/.local/lib/python3.12/site-packages/airflow/example_dags/example_nested_branch_dag.py for tasks to queue
[2025-04-21T11:00:09.067+0000] {logging_mixin.py:190} INFO - [2025-04-21T11:00:09.067+0000] {dagbag.py:588} INFO - Filling up the DagBag from /home/airflow/.local/lib/python3.12/site-packages/airflow/example_dags/example_nested_branch_dag.py
[2025-04-21T11:00:09.076+0000] {processor.py:925} INFO - DAG(s) 'example_nested_branch_dag' retrieved from /home/airflow/.local/lib/python3.12/site-packages/airflow/example_dags/example_nested_branch_dag.py
[2025-04-21T11:00:09.092+0000] {logging_mixin.py:190} INFO - [2025-04-21T11:00:09.092+0000] {dag.py:3239} INFO - Sync 1 DAGs
[2025-04-21T11:00:09.110+0000] {logging_mixin.py:190} INFO - [2025-04-21T11:00:09.110+0000] {dag.py:4180} INFO - Setting next_dagrun for example_nested_branch_dag to 2025-04-20 00:00:00+00:00, run_after=2025-04-21 00:00:00+00:00
[2025-04-21T11:00:09.123+0000] {processor.py:208} INFO - Processing /home/airflow/.local/lib/python3.12/site-packages/airflow/example_dags/example_nested_branch_dag.py took 0.062 seconds
[2025-04-21T11:00:39.639+0000] {processor.py:186} INFO - Started process (PID=1039) to work on /home/airflow/.local/lib/python3.12/site-packages/airflow/example_dags/example_nested_branch_dag.py
[2025-04-21T11:00:39.640+0000] {processor.py:914} INFO - Processing file /home/airflow/.local/lib/python3.12/site-packages/airflow/example_dags/example_nested_branch_dag.py for tasks to queue
[2025-04-21T11:00:39.642+0000] {logging_mixin.py:190} INFO - [2025-04-21T11:00:39.641+0000] {dagbag.py:588} INFO - Filling up the DagBag from /home/airflow/.local/lib/python3.12/site-packages/airflow/example_dags/example_nested_branch_dag.py
[2025-04-21T11:00:39.649+0000] {processor.py:925} INFO - DAG(s) 'example_nested_branch_dag' retrieved from /home/airflow/.local/lib/python3.12/site-packages/airflow/example_dags/example_nested_branch_dag.py
[2025-04-21T11:00:39.667+0000] {logging_mixin.py:190} INFO - [2025-04-21T11:00:39.666+0000] {dag.py:3239} INFO - Sync 1 DAGs
[2025-04-21T11:00:39.684+0000] {logging_mixin.py:190} INFO - [2025-04-21T11:00:39.684+0000] {dag.py:4180} INFO - Setting next_dagrun for example_nested_branch_dag to 2025-04-20 00:00:00+00:00, run_after=2025-04-21 00:00:00+00:00
[2025-04-21T11:00:39.697+0000] {processor.py:208} INFO - Processing /home/airflow/.local/lib/python3.12/site-packages/airflow/example_dags/example_nested_branch_dag.py took 0.062 seconds
[2025-04-21T11:01:10.233+0000] {processor.py:186} INFO - Started process (PID=1102) to work on /home/airflow/.local/lib/python3.12/site-packages/airflow/example_dags/example_nested_branch_dag.py
[2025-04-21T11:01:10.234+0000] {processor.py:914} INFO - Processing file /home/airflow/.local/lib/python3.12/site-packages/airflow/example_dags/example_nested_branch_dag.py for tasks to queue
[2025-04-21T11:01:10.236+0000] {logging_mixin.py:190} INFO - [2025-04-21T11:01:10.235+0000] {dagbag.py:588} INFO - Filling up the DagBag from /home/airflow/.local/lib/python3.12/site-packages/airflow/example_dags/example_nested_branch_dag.py
[2025-04-21T11:01:10.244+0000] {processor.py:925} INFO - DAG(s) 'example_nested_branch_dag' retrieved from /home/airflow/.local/lib/python3.12/site-packages/airflow/example_dags/example_nested_branch_dag.py
[2025-04-21T11:01:10.259+0000] {logging_mixin.py:190} INFO - [2025-04-21T11:01:10.259+0000] {dag.py:3239} INFO - Sync 1 DAGs
[2025-04-21T11:01:10.277+0000] {logging_mixin.py:190} INFO - [2025-04-21T11:01:10.277+0000] {dag.py:4180} INFO - Setting next_dagrun for example_nested_branch_dag to 2025-04-20 00:00:00+00:00, run_after=2025-04-21 00:00:00+00:00
[2025-04-21T11:01:10.291+0000] {processor.py:208} INFO - Processing /home/airflow/.local/lib/python3.12/site-packages/airflow/example_dags/example_nested_branch_dag.py took 0.062 seconds
[2025-04-21T11:01:40.634+0000] {processor.py:186} INFO - Started process (PID=1165) to work on /home/airflow/.local/lib/python3.12/site-packages/airflow/example_dags/example_nested_branch_dag.py
[2025-04-21T11:01:40.635+0000] {processor.py:914} INFO - Processing file /home/airflow/.local/lib/python3.12/site-packages/airflow/example_dags/example_nested_branch_dag.py for tasks to queue
[2025-04-21T11:01:40.637+0000] {logging_mixin.py:190} INFO - [2025-04-21T11:01:40.637+0000] {dagbag.py:588} INFO - Filling up the DagBag from /home/airflow/.local/lib/python3.12/site-packages/airflow/example_dags/example_nested_branch_dag.py
[2025-04-21T11:01:40.646+0000] {processor.py:925} INFO - DAG(s) 'example_nested_branch_dag' retrieved from /home/airflow/.local/lib/python3.12/site-packages/airflow/example_dags/example_nested_branch_dag.py
[2025-04-21T11:01:40.664+0000] {logging_mixin.py:190} INFO - [2025-04-21T11:01:40.664+0000] {dag.py:3239} INFO - Sync 1 DAGs
[2025-04-21T11:01:40.682+0000] {logging_mixin.py:190} INFO - [2025-04-21T11:01:40.682+0000] {dag.py:4180} INFO - Setting next_dagrun for example_nested_branch_dag to 2025-04-20 00:00:00+00:00, run_after=2025-04-21 00:00:00+00:00
[2025-04-21T11:01:40.697+0000] {processor.py:208} INFO - Processing /home/airflow/.local/lib/python3.12/site-packages/airflow/example_dags/example_nested_branch_dag.py took 0.067 seconds
[2025-04-21T11:02:10.917+0000] {processor.py:186} INFO - Started process (PID=1228) to work on /home/airflow/.local/lib/python3.12/site-packages/airflow/example_dags/example_nested_branch_dag.py
[2025-04-21T11:02:10.917+0000] {processor.py:914} INFO - Processing file /home/airflow/.local/lib/python3.12/site-packages/airflow/example_dags/example_nested_branch_dag.py for tasks to queue
[2025-04-21T11:02:10.919+0000] {logging_mixin.py:190} INFO - [2025-04-21T11:02:10.919+0000] {dagbag.py:588} INFO - Filling up the DagBag from /home/airflow/.local/lib/python3.12/site-packages/airflow/example_dags/example_nested_branch_dag.py
[2025-04-21T11:02:10.927+0000] {processor.py:925} INFO - DAG(s) 'example_nested_branch_dag' retrieved from /home/airflow/.local/lib/python3.12/site-packages/airflow/example_dags/example_nested_branch_dag.py
[2025-04-21T11:02:10.948+0000] {logging_mixin.py:190} INFO - [2025-04-21T11:02:10.947+0000] {dag.py:3239} INFO - Sync 1 DAGs
[2025-04-21T11:02:10.966+0000] {logging_mixin.py:190} INFO - [2025-04-21T11:02:10.966+0000] {dag.py:4180} INFO - Setting next_dagrun for example_nested_branch_dag to 2025-04-20 00:00:00+00:00, run_after=2025-04-21 00:00:00+00:00
[2025-04-21T11:02:10.980+0000] {processor.py:208} INFO - Processing /home/airflow/.local/lib/python3.12/site-packages/airflow/example_dags/example_nested_branch_dag.py took 0.068 seconds
[2025-04-21T11:02:41.314+0000] {processor.py:186} INFO - Started process (PID=1291) to work on /home/airflow/.local/lib/python3.12/site-packages/airflow/example_dags/example_nested_branch_dag.py
[2025-04-21T11:02:41.314+0000] {processor.py:914} INFO - Processing file /home/airflow/.local/lib/python3.12/site-packages/airflow/example_dags/example_nested_branch_dag.py for tasks to queue
[2025-04-21T11:02:41.316+0000] {logging_mixin.py:190} INFO - [2025-04-21T11:02:41.316+0000] {dagbag.py:588} INFO - Filling up the DagBag from /home/airflow/.local/lib/python3.12/site-packages/airflow/example_dags/example_nested_branch_dag.py
[2025-04-21T11:02:41.325+0000] {processor.py:925} INFO - DAG(s) 'example_nested_branch_dag' retrieved from /home/airflow/.local/lib/python3.12/site-packages/airflow/example_dags/example_nested_branch_dag.py
[2025-04-21T11:02:41.342+0000] {logging_mixin.py:190} INFO - [2025-04-21T11:02:41.341+0000] {dag.py:3239} INFO - Sync 1 DAGs
[2025-04-21T11:02:41.365+0000] {logging_mixin.py:190} INFO - [2025-04-21T11:02:41.364+0000] {dag.py:4180} INFO - Setting next_dagrun for example_nested_branch_dag to 2025-04-20 00:00:00+00:00, run_after=2025-04-21 00:00:00+00:00
[2025-04-21T11:02:41.380+0000] {processor.py:208} INFO - Processing /home/airflow/.local/lib/python3.12/site-packages/airflow/example_dags/example_nested_branch_dag.py took 0.071 seconds
[2025-04-21T11:03:11.668+0000] {processor.py:186} INFO - Started process (PID=1354) to work on /home/airflow/.local/lib/python3.12/site-packages/airflow/example_dags/example_nested_branch_dag.py
[2025-04-21T11:03:11.669+0000] {processor.py:914} INFO - Processing file /home/airflow/.local/lib/python3.12/site-packages/airflow/example_dags/example_nested_branch_dag.py for tasks to queue
[2025-04-21T11:03:11.671+0000] {logging_mixin.py:190} INFO - [2025-04-21T11:03:11.671+0000] {dagbag.py:588} INFO - Filling up the DagBag from /home/airflow/.local/lib/python3.12/site-packages/airflow/example_dags/example_nested_branch_dag.py
[2025-04-21T11:03:11.680+0000] {processor.py:925} INFO - DAG(s) 'example_nested_branch_dag' retrieved from /home/airflow/.local/lib/python3.12/site-packages/airflow/example_dags/example_nested_branch_dag.py
[2025-04-21T11:03:11.706+0000] {logging_mixin.py:190} INFO - [2025-04-21T11:03:11.705+0000] {dag.py:3239} INFO - Sync 1 DAGs
[2025-04-21T11:03:11.727+0000] {logging_mixin.py:190} INFO - [2025-04-21T11:03:11.727+0000] {dag.py:4180} INFO - Setting next_dagrun for example_nested_branch_dag to 2025-04-20 00:00:00+00:00, run_after=2025-04-21 00:00:00+00:00
[2025-04-21T11:03:11.742+0000] {processor.py:208} INFO - Processing /home/airflow/.local/lib/python3.12/site-packages/airflow/example_dags/example_nested_branch_dag.py took 0.078 seconds
[2025-04-21T11:03:42.671+0000] {processor.py:186} INFO - Started process (PID=1417) to work on /home/airflow/.local/lib/python3.12/site-packages/airflow/example_dags/example_nested_branch_dag.py
[2025-04-21T11:03:42.671+0000] {processor.py:914} INFO - Processing file /home/airflow/.local/lib/python3.12/site-packages/airflow/example_dags/example_nested_branch_dag.py for tasks to queue
[2025-04-21T11:03:42.673+0000] {logging_mixin.py:190} INFO - [2025-04-21T11:03:42.673+0000] {dagbag.py:588} INFO - Filling up the DagBag from /home/airflow/.local/lib/python3.12/site-packages/airflow/example_dags/example_nested_branch_dag.py
[2025-04-21T11:03:42.683+0000] {processor.py:925} INFO - DAG(s) 'example_nested_branch_dag' retrieved from /home/airflow/.local/lib/python3.12/site-packages/airflow/example_dags/example_nested_branch_dag.py
[2025-04-21T11:03:42.703+0000] {logging_mixin.py:190} INFO - [2025-04-21T11:03:42.703+0000] {dag.py:3239} INFO - Sync 1 DAGs
[2025-04-21T11:03:42.723+0000] {logging_mixin.py:190} INFO - [2025-04-21T11:03:42.723+0000] {dag.py:4180} INFO - Setting next_dagrun for example_nested_branch_dag to 2025-04-20 00:00:00+00:00, run_after=2025-04-21 00:00:00+00:00
[2025-04-21T11:03:42.739+0000] {processor.py:208} INFO - Processing /home/airflow/.local/lib/python3.12/site-packages/airflow/example_dags/example_nested_branch_dag.py took 0.073 seconds
[2025-04-21T11:04:13.340+0000] {processor.py:186} INFO - Started process (PID=1480) to work on /home/airflow/.local/lib/python3.12/site-packages/airflow/example_dags/example_nested_branch_dag.py
[2025-04-21T11:04:13.341+0000] {processor.py:914} INFO - Processing file /home/airflow/.local/lib/python3.12/site-packages/airflow/example_dags/example_nested_branch_dag.py for tasks to queue
[2025-04-21T11:04:13.343+0000] {logging_mixin.py:190} INFO - [2025-04-21T11:04:13.342+0000] {dagbag.py:588} INFO - Filling up the DagBag from /home/airflow/.local/lib/python3.12/site-packages/airflow/example_dags/example_nested_branch_dag.py
[2025-04-21T11:04:13.351+0000] {processor.py:925} INFO - DAG(s) 'example_nested_branch_dag' retrieved from /home/airflow/.local/lib/python3.12/site-packages/airflow/example_dags/example_nested_branch_dag.py
[2025-04-21T11:04:13.369+0000] {logging_mixin.py:190} INFO - [2025-04-21T11:04:13.369+0000] {dag.py:3239} INFO - Sync 1 DAGs
[2025-04-21T11:04:13.389+0000] {logging_mixin.py:190} INFO - [2025-04-21T11:04:13.389+0000] {dag.py:4180} INFO - Setting next_dagrun for example_nested_branch_dag to 2025-04-20 00:00:00+00:00, run_after=2025-04-21 00:00:00+00:00
[2025-04-21T11:04:13.407+0000] {processor.py:208} INFO - Processing /home/airflow/.local/lib/python3.12/site-packages/airflow/example_dags/example_nested_branch_dag.py took 0.070 seconds
[2025-04-21T11:04:44.066+0000] {processor.py:186} INFO - Started process (PID=1543) to work on /home/airflow/.local/lib/python3.12/site-packages/airflow/example_dags/example_nested_branch_dag.py
[2025-04-21T11:04:44.067+0000] {processor.py:914} INFO - Processing file /home/airflow/.local/lib/python3.12/site-packages/airflow/example_dags/example_nested_branch_dag.py for tasks to queue
[2025-04-21T11:04:44.069+0000] {logging_mixin.py:190} INFO - [2025-04-21T11:04:44.069+0000] {dagbag.py:588} INFO - Filling up the DagBag from /home/airflow/.local/lib/python3.12/site-packages/airflow/example_dags/example_nested_branch_dag.py
[2025-04-21T11:04:44.079+0000] {processor.py:925} INFO - DAG(s) 'example_nested_branch_dag' retrieved from /home/airflow/.local/lib/python3.12/site-packages/airflow/example_dags/example_nested_branch_dag.py
[2025-04-21T11:04:44.107+0000] {logging_mixin.py:190} INFO - [2025-04-21T11:04:44.106+0000] {dag.py:3239} INFO - Sync 1 DAGs
[2025-04-21T11:04:44.127+0000] {logging_mixin.py:190} INFO - [2025-04-21T11:04:44.127+0000] {dag.py:4180} INFO - Setting next_dagrun for example_nested_branch_dag to 2025-04-20 00:00:00+00:00, run_after=2025-04-21 00:00:00+00:00
[2025-04-21T11:04:44.142+0000] {processor.py:208} INFO - Processing /home/airflow/.local/lib/python3.12/site-packages/airflow/example_dags/example_nested_branch_dag.py took 0.080 seconds
[2025-04-21T11:05:14.650+0000] {processor.py:186} INFO - Started process (PID=1606) to work on /home/airflow/.local/lib/python3.12/site-packages/airflow/example_dags/example_nested_branch_dag.py
[2025-04-21T11:05:14.651+0000] {processor.py:914} INFO - Processing file /home/airflow/.local/lib/python3.12/site-packages/airflow/example_dags/example_nested_branch_dag.py for tasks to queue
[2025-04-21T11:05:14.653+0000] {logging_mixin.py:190} INFO - [2025-04-21T11:05:14.653+0000] {dagbag.py:588} INFO - Filling up the DagBag from /home/airflow/.local/lib/python3.12/site-packages/airflow/example_dags/example_nested_branch_dag.py
[2025-04-21T11:05:14.662+0000] {processor.py:925} INFO - DAG(s) 'example_nested_branch_dag' retrieved from /home/airflow/.local/lib/python3.12/site-packages/airflow/example_dags/example_nested_branch_dag.py
[2025-04-21T11:05:14.679+0000] {logging_mixin.py:190} INFO - [2025-04-21T11:05:14.678+0000] {dag.py:3239} INFO - Sync 1 DAGs
[2025-04-21T11:05:14.698+0000] {logging_mixin.py:190} INFO - [2025-04-21T11:05:14.698+0000] {dag.py:4180} INFO - Setting next_dagrun for example_nested_branch_dag to 2025-04-20 00:00:00+00:00, run_after=2025-04-21 00:00:00+00:00
[2025-04-21T11:05:14.712+0000] {processor.py:208} INFO - Processing /home/airflow/.local/lib/python3.12/site-packages/airflow/example_dags/example_nested_branch_dag.py took 0.065 seconds
[2025-04-21T11:05:45.347+0000] {processor.py:186} INFO - Started process (PID=1669) to work on /home/airflow/.local/lib/python3.12/site-packages/airflow/example_dags/example_nested_branch_dag.py
[2025-04-21T11:05:45.348+0000] {processor.py:914} INFO - Processing file /home/airflow/.local/lib/python3.12/site-packages/airflow/example_dags/example_nested_branch_dag.py for tasks to queue
[2025-04-21T11:05:45.350+0000] {logging_mixin.py:190} INFO - [2025-04-21T11:05:45.350+0000] {dagbag.py:588} INFO - Filling up the DagBag from /home/airflow/.local/lib/python3.12/site-packages/airflow/example_dags/example_nested_branch_dag.py
[2025-04-21T11:05:45.358+0000] {processor.py:925} INFO - DAG(s) 'example_nested_branch_dag' retrieved from /home/airflow/.local/lib/python3.12/site-packages/airflow/example_dags/example_nested_branch_dag.py
[2025-04-21T11:05:45.373+0000] {logging_mixin.py:190} INFO - [2025-04-21T11:05:45.372+0000] {dag.py:3239} INFO - Sync 1 DAGs
[2025-04-21T11:05:45.392+0000] {logging_mixin.py:190} INFO - [2025-04-21T11:05:45.392+0000] {dag.py:4180} INFO - Setting next_dagrun for example_nested_branch_dag to 2025-04-20 00:00:00+00:00, run_after=2025-04-21 00:00:00+00:00
[2025-04-21T11:05:45.406+0000] {processor.py:208} INFO - Processing /home/airflow/.local/lib/python3.12/site-packages/airflow/example_dags/example_nested_branch_dag.py took 0.063 seconds
[2025-04-21T11:06:15.834+0000] {processor.py:186} INFO - Started process (PID=1732) to work on /home/airflow/.local/lib/python3.12/site-packages/airflow/example_dags/example_nested_branch_dag.py
[2025-04-21T11:06:15.835+0000] {processor.py:914} INFO - Processing file /home/airflow/.local/lib/python3.12/site-packages/airflow/example_dags/example_nested_branch_dag.py for tasks to queue
[2025-04-21T11:06:15.837+0000] {logging_mixin.py:190} INFO - [2025-04-21T11:06:15.836+0000] {dagbag.py:588} INFO - Filling up the DagBag from /home/airflow/.local/lib/python3.12/site-packages/airflow/example_dags/example_nested_branch_dag.py
[2025-04-21T11:06:15.846+0000] {processor.py:925} INFO - DAG(s) 'example_nested_branch_dag' retrieved from /home/airflow/.local/lib/python3.12/site-packages/airflow/example_dags/example_nested_branch_dag.py
[2025-04-21T11:06:15.863+0000] {logging_mixin.py:190} INFO - [2025-04-21T11:06:15.863+0000] {dag.py:3239} INFO - Sync 1 DAGs
[2025-04-21T11:06:15.882+0000] {logging_mixin.py:190} INFO - [2025-04-21T11:06:15.882+0000] {dag.py:4180} INFO - Setting next_dagrun for example_nested_branch_dag to 2025-04-20 00:00:00+00:00, run_after=2025-04-21 00:00:00+00:00
[2025-04-21T11:06:15.895+0000] {processor.py:208} INFO - Processing /home/airflow/.local/lib/python3.12/site-packages/airflow/example_dags/example_nested_branch_dag.py took 0.065 seconds
[2025-04-21T11:06:46.296+0000] {processor.py:186} INFO - Started process (PID=1795) to work on /home/airflow/.local/lib/python3.12/site-packages/airflow/example_dags/example_nested_branch_dag.py
[2025-04-21T11:06:46.296+0000] {processor.py:914} INFO - Processing file /home/airflow/.local/lib/python3.12/site-packages/airflow/example_dags/example_nested_branch_dag.py for tasks to queue
[2025-04-21T11:06:46.299+0000] {logging_mixin.py:190} INFO - [2025-04-21T11:06:46.299+0000] {dagbag.py:588} INFO - Filling up the DagBag from /home/airflow/.local/lib/python3.12/site-packages/airflow/example_dags/example_nested_branch_dag.py
[2025-04-21T11:06:46.309+0000] {processor.py:925} INFO - DAG(s) 'example_nested_branch_dag' retrieved from /home/airflow/.local/lib/python3.12/site-packages/airflow/example_dags/example_nested_branch_dag.py
[2025-04-21T11:06:46.329+0000] {logging_mixin.py:190} INFO - [2025-04-21T11:06:46.328+0000] {dag.py:3239} INFO - Sync 1 DAGs
[2025-04-21T11:06:46.349+0000] {logging_mixin.py:190} INFO - [2025-04-21T11:06:46.349+0000] {dag.py:4180} INFO - Setting next_dagrun for example_nested_branch_dag to 2025-04-20 00:00:00+00:00, run_after=2025-04-21 00:00:00+00:00
[2025-04-21T11:06:46.364+0000] {processor.py:208} INFO - Processing /home/airflow/.local/lib/python3.12/site-packages/airflow/example_dags/example_nested_branch_dag.py took 0.074 seconds
[2025-04-21T11:07:16.454+0000] {processor.py:186} INFO - Started process (PID=1858) to work on /home/airflow/.local/lib/python3.12/site-packages/airflow/example_dags/example_nested_branch_dag.py
[2025-04-21T11:07:16.454+0000] {processor.py:914} INFO - Processing file /home/airflow/.local/lib/python3.12/site-packages/airflow/example_dags/example_nested_branch_dag.py for tasks to queue
[2025-04-21T11:07:16.456+0000] {logging_mixin.py:190} INFO - [2025-04-21T11:07:16.455+0000] {dagbag.py:588} INFO - Filling up the DagBag from /home/airflow/.local/lib/python3.12/site-packages/airflow/example_dags/example_nested_branch_dag.py
[2025-04-21T11:07:16.465+0000] {processor.py:925} INFO - DAG(s) 'example_nested_branch_dag' retrieved from /home/airflow/.local/lib/python3.12/site-packages/airflow/example_dags/example_nested_branch_dag.py
[2025-04-21T11:07:16.483+0000] {logging_mixin.py:190} INFO - [2025-04-21T11:07:16.482+0000] {dag.py:3239} INFO - Sync 1 DAGs
[2025-04-21T11:07:16.504+0000] {logging_mixin.py:190} INFO - [2025-04-21T11:07:16.503+0000] {dag.py:4180} INFO - Setting next_dagrun for example_nested_branch_dag to 2025-04-20 00:00:00+00:00, run_after=2025-04-21 00:00:00+00:00
[2025-04-21T11:07:16.517+0000] {processor.py:208} INFO - Processing /home/airflow/.local/lib/python3.12/site-packages/airflow/example_dags/example_nested_branch_dag.py took 0.067 seconds
[2025-04-21T11:07:46.636+0000] {processor.py:186} INFO - Started process (PID=1921) to work on /home/airflow/.local/lib/python3.12/site-packages/airflow/example_dags/example_nested_branch_dag.py
[2025-04-21T11:07:46.636+0000] {processor.py:914} INFO - Processing file /home/airflow/.local/lib/python3.12/site-packages/airflow/example_dags/example_nested_branch_dag.py for tasks to queue
[2025-04-21T11:07:46.638+0000] {logging_mixin.py:190} INFO - [2025-04-21T11:07:46.638+0000] {dagbag.py:588} INFO - Filling up the DagBag from /home/airflow/.local/lib/python3.12/site-packages/airflow/example_dags/example_nested_branch_dag.py
[2025-04-21T11:07:46.648+0000] {processor.py:925} INFO - DAG(s) 'example_nested_branch_dag' retrieved from /home/airflow/.local/lib/python3.12/site-packages/airflow/example_dags/example_nested_branch_dag.py
[2025-04-21T11:07:46.665+0000] {logging_mixin.py:190} INFO - [2025-04-21T11:07:46.665+0000] {dag.py:3239} INFO - Sync 1 DAGs
[2025-04-21T11:07:46.683+0000] {logging_mixin.py:190} INFO - [2025-04-21T11:07:46.683+0000] {dag.py:4180} INFO - Setting next_dagrun for example_nested_branch_dag to 2025-04-20 00:00:00+00:00, run_after=2025-04-21 00:00:00+00:00
[2025-04-21T11:07:46.699+0000] {processor.py:208} INFO - Processing /home/airflow/.local/lib/python3.12/site-packages/airflow/example_dags/example_nested_branch_dag.py took 0.067 seconds
[2025-04-21T11:08:17.445+0000] {processor.py:186} INFO - Started process (PID=1984) to work on /home/airflow/.local/lib/python3.12/site-packages/airflow/example_dags/example_nested_branch_dag.py
[2025-04-21T11:08:17.446+0000] {processor.py:914} INFO - Processing file /home/airflow/.local/lib/python3.12/site-packages/airflow/example_dags/example_nested_branch_dag.py for tasks to queue
[2025-04-21T11:08:17.448+0000] {logging_mixin.py:190} INFO - [2025-04-21T11:08:17.447+0000] {dagbag.py:588} INFO - Filling up the DagBag from /home/airflow/.local/lib/python3.12/site-packages/airflow/example_dags/example_nested_branch_dag.py
[2025-04-21T11:08:17.456+0000] {processor.py:925} INFO - DAG(s) 'example_nested_branch_dag' retrieved from /home/airflow/.local/lib/python3.12/site-packages/airflow/example_dags/example_nested_branch_dag.py
[2025-04-21T11:08:17.473+0000] {logging_mixin.py:190} INFO - [2025-04-21T11:08:17.472+0000] {dag.py:3239} INFO - Sync 1 DAGs
[2025-04-21T11:08:17.492+0000] {logging_mixin.py:190} INFO - [2025-04-21T11:08:17.491+0000] {dag.py:4180} INFO - Setting next_dagrun for example_nested_branch_dag to 2025-04-20 00:00:00+00:00, run_after=2025-04-21 00:00:00+00:00
[2025-04-21T11:08:17.508+0000] {processor.py:208} INFO - Processing /home/airflow/.local/lib/python3.12/site-packages/airflow/example_dags/example_nested_branch_dag.py took 0.067 seconds
[2025-04-21T11:08:48.055+0000] {processor.py:186} INFO - Started process (PID=2047) to work on /home/airflow/.local/lib/python3.12/site-packages/airflow/example_dags/example_nested_branch_dag.py
[2025-04-21T11:08:48.056+0000] {processor.py:914} INFO - Processing file /home/airflow/.local/lib/python3.12/site-packages/airflow/example_dags/example_nested_branch_dag.py for tasks to queue
[2025-04-21T11:08:48.058+0000] {logging_mixin.py:190} INFO - [2025-04-21T11:08:48.057+0000] {dagbag.py:588} INFO - Filling up the DagBag from /home/airflow/.local/lib/python3.12/site-packages/airflow/example_dags/example_nested_branch_dag.py
[2025-04-21T11:08:48.066+0000] {processor.py:925} INFO - DAG(s) 'example_nested_branch_dag' retrieved from /home/airflow/.local/lib/python3.12/site-packages/airflow/example_dags/example_nested_branch_dag.py
[2025-04-21T11:08:48.083+0000] {logging_mixin.py:190} INFO - [2025-04-21T11:08:48.082+0000] {dag.py:3239} INFO - Sync 1 DAGs
[2025-04-21T11:08:48.103+0000] {logging_mixin.py:190} INFO - [2025-04-21T11:08:48.102+0000] {dag.py:4180} INFO - Setting next_dagrun for example_nested_branch_dag to 2025-04-20 00:00:00+00:00, run_after=2025-04-21 00:00:00+00:00
[2025-04-21T11:08:48.119+0000] {processor.py:208} INFO - Processing /home/airflow/.local/lib/python3.12/site-packages/airflow/example_dags/example_nested_branch_dag.py took 0.068 seconds
[2025-04-21T11:09:18.946+0000] {processor.py:186} INFO - Started process (PID=2110) to work on /home/airflow/.local/lib/python3.12/site-packages/airflow/example_dags/example_nested_branch_dag.py
[2025-04-21T11:09:18.947+0000] {processor.py:914} INFO - Processing file /home/airflow/.local/lib/python3.12/site-packages/airflow/example_dags/example_nested_branch_dag.py for tasks to queue
[2025-04-21T11:09:18.949+0000] {logging_mixin.py:190} INFO - [2025-04-21T11:09:18.949+0000] {dagbag.py:588} INFO - Filling up the DagBag from /home/airflow/.local/lib/python3.12/site-packages/airflow/example_dags/example_nested_branch_dag.py
[2025-04-21T11:09:18.958+0000] {processor.py:925} INFO - DAG(s) 'example_nested_branch_dag' retrieved from /home/airflow/.local/lib/python3.12/site-packages/airflow/example_dags/example_nested_branch_dag.py
[2025-04-21T11:09:18.976+0000] {logging_mixin.py:190} INFO - [2025-04-21T11:09:18.976+0000] {dag.py:3239} INFO - Sync 1 DAGs
[2025-04-21T11:09:18.996+0000] {logging_mixin.py:190} INFO - [2025-04-21T11:09:18.996+0000] {dag.py:4180} INFO - Setting next_dagrun for example_nested_branch_dag to 2025-04-20 00:00:00+00:00, run_after=2025-04-21 00:00:00+00:00
[2025-04-21T11:09:19.014+0000] {processor.py:208} INFO - Processing /home/airflow/.local/lib/python3.12/site-packages/airflow/example_dags/example_nested_branch_dag.py took 0.072 seconds
[2025-04-21T11:09:49.866+0000] {processor.py:186} INFO - Started process (PID=2173) to work on /home/airflow/.local/lib/python3.12/site-packages/airflow/example_dags/example_nested_branch_dag.py
[2025-04-21T11:09:49.867+0000] {processor.py:914} INFO - Processing file /home/airflow/.local/lib/python3.12/site-packages/airflow/example_dags/example_nested_branch_dag.py for tasks to queue
[2025-04-21T11:09:49.870+0000] {logging_mixin.py:190} INFO - [2025-04-21T11:09:49.869+0000] {dagbag.py:588} INFO - Filling up the DagBag from /home/airflow/.local/lib/python3.12/site-packages/airflow/example_dags/example_nested_branch_dag.py
[2025-04-21T11:09:49.880+0000] {processor.py:925} INFO - DAG(s) 'example_nested_branch_dag' retrieved from /home/airflow/.local/lib/python3.12/site-packages/airflow/example_dags/example_nested_branch_dag.py
[2025-04-21T11:09:49.898+0000] {logging_mixin.py:190} INFO - [2025-04-21T11:09:49.898+0000] {dag.py:3239} INFO - Sync 1 DAGs
[2025-04-21T11:09:49.918+0000] {logging_mixin.py:190} INFO - [2025-04-21T11:09:49.918+0000] {dag.py:4180} INFO - Setting next_dagrun for example_nested_branch_dag to 2025-04-20 00:00:00+00:00, run_after=2025-04-21 00:00:00+00:00
[2025-04-21T11:09:49.936+0000] {processor.py:208} INFO - Processing /home/airflow/.local/lib/python3.12/site-packages/airflow/example_dags/example_nested_branch_dag.py took 0.074 seconds
[2025-04-21T11:10:20.189+0000] {processor.py:186} INFO - Started process (PID=2236) to work on /home/airflow/.local/lib/python3.12/site-packages/airflow/example_dags/example_nested_branch_dag.py
[2025-04-21T11:10:20.189+0000] {processor.py:914} INFO - Processing file /home/airflow/.local/lib/python3.12/site-packages/airflow/example_dags/example_nested_branch_dag.py for tasks to queue
[2025-04-21T11:10:20.191+0000] {logging_mixin.py:190} INFO - [2025-04-21T11:10:20.191+0000] {dagbag.py:588} INFO - Filling up the DagBag from /home/airflow/.local/lib/python3.12/site-packages/airflow/example_dags/example_nested_branch_dag.py
[2025-04-21T11:10:20.200+0000] {processor.py:925} INFO - DAG(s) 'example_nested_branch_dag' retrieved from /home/airflow/.local/lib/python3.12/site-packages/airflow/example_dags/example_nested_branch_dag.py
[2025-04-21T11:10:20.216+0000] {logging_mixin.py:190} INFO - [2025-04-21T11:10:20.216+0000] {dag.py:3239} INFO - Sync 1 DAGs
[2025-04-21T11:10:20.238+0000] {logging_mixin.py:190} INFO - [2025-04-21T11:10:20.238+0000] {dag.py:4180} INFO - Setting next_dagrun for example_nested_branch_dag to 2025-04-20 00:00:00+00:00, run_after=2025-04-21 00:00:00+00:00
[2025-04-21T11:10:20.255+0000] {processor.py:208} INFO - Processing /home/airflow/.local/lib/python3.12/site-packages/airflow/example_dags/example_nested_branch_dag.py took 0.071 seconds
[2025-04-21T11:10:50.926+0000] {processor.py:186} INFO - Started process (PID=2299) to work on /home/airflow/.local/lib/python3.12/site-packages/airflow/example_dags/example_nested_branch_dag.py
[2025-04-21T11:10:50.927+0000] {processor.py:914} INFO - Processing file /home/airflow/.local/lib/python3.12/site-packages/airflow/example_dags/example_nested_branch_dag.py for tasks to queue
[2025-04-21T11:10:50.929+0000] {logging_mixin.py:190} INFO - [2025-04-21T11:10:50.928+0000] {dagbag.py:588} INFO - Filling up the DagBag from /home/airflow/.local/lib/python3.12/site-packages/airflow/example_dags/example_nested_branch_dag.py
[2025-04-21T11:10:50.938+0000] {processor.py:925} INFO - DAG(s) 'example_nested_branch_dag' retrieved from /home/airflow/.local/lib/python3.12/site-packages/airflow/example_dags/example_nested_branch_dag.py
[2025-04-21T11:10:50.954+0000] {logging_mixin.py:190} INFO - [2025-04-21T11:10:50.954+0000] {dag.py:3239} INFO - Sync 1 DAGs
[2025-04-21T11:10:50.973+0000] {logging_mixin.py:190} INFO - [2025-04-21T11:10:50.972+0000] {dag.py:4180} INFO - Setting next_dagrun for example_nested_branch_dag to 2025-04-20 00:00:00+00:00, run_after=2025-04-21 00:00:00+00:00
[2025-04-21T11:10:50.987+0000] {processor.py:208} INFO - Processing /home/airflow/.local/lib/python3.12/site-packages/airflow/example_dags/example_nested_branch_dag.py took 0.065 seconds
[2025-04-21T11:11:21.595+0000] {processor.py:186} INFO - Started process (PID=2362) to work on /home/airflow/.local/lib/python3.12/site-packages/airflow/example_dags/example_nested_branch_dag.py
[2025-04-21T11:11:21.596+0000] {processor.py:914} INFO - Processing file /home/airflow/.local/lib/python3.12/site-packages/airflow/example_dags/example_nested_branch_dag.py for tasks to queue
[2025-04-21T11:11:21.598+0000] {logging_mixin.py:190} INFO - [2025-04-21T11:11:21.597+0000] {dagbag.py:588} INFO - Filling up the DagBag from /home/airflow/.local/lib/python3.12/site-packages/airflow/example_dags/example_nested_branch_dag.py
[2025-04-21T11:11:21.606+0000] {processor.py:925} INFO - DAG(s) 'example_nested_branch_dag' retrieved from /home/airflow/.local/lib/python3.12/site-packages/airflow/example_dags/example_nested_branch_dag.py
[2025-04-21T11:11:21.623+0000] {logging_mixin.py:190} INFO - [2025-04-21T11:11:21.623+0000] {dag.py:3239} INFO - Sync 1 DAGs
[2025-04-21T11:11:21.640+0000] {logging_mixin.py:190} INFO - [2025-04-21T11:11:21.640+0000] {dag.py:4180} INFO - Setting next_dagrun for example_nested_branch_dag to 2025-04-20 00:00:00+00:00, run_after=2025-04-21 00:00:00+00:00
[2025-04-21T11:11:21.655+0000] {processor.py:208} INFO - Processing /home/airflow/.local/lib/python3.12/site-packages/airflow/example_dags/example_nested_branch_dag.py took 0.064 seconds
[2025-04-21T11:11:52.233+0000] {processor.py:186} INFO - Started process (PID=2425) to work on /home/airflow/.local/lib/python3.12/site-packages/airflow/example_dags/example_nested_branch_dag.py
[2025-04-21T11:11:52.234+0000] {processor.py:914} INFO - Processing file /home/airflow/.local/lib/python3.12/site-packages/airflow/example_dags/example_nested_branch_dag.py for tasks to queue
[2025-04-21T11:11:52.236+0000] {logging_mixin.py:190} INFO - [2025-04-21T11:11:52.235+0000] {dagbag.py:588} INFO - Filling up the DagBag from /home/airflow/.local/lib/python3.12/site-packages/airflow/example_dags/example_nested_branch_dag.py
[2025-04-21T11:11:52.244+0000] {processor.py:925} INFO - DAG(s) 'example_nested_branch_dag' retrieved from /home/airflow/.local/lib/python3.12/site-packages/airflow/example_dags/example_nested_branch_dag.py
[2025-04-21T11:11:52.259+0000] {logging_mixin.py:190} INFO - [2025-04-21T11:11:52.259+0000] {dag.py:3239} INFO - Sync 1 DAGs
[2025-04-21T11:11:52.278+0000] {logging_mixin.py:190} INFO - [2025-04-21T11:11:52.278+0000] {dag.py:4180} INFO - Setting next_dagrun for example_nested_branch_dag to 2025-04-20 00:00:00+00:00, run_after=2025-04-21 00:00:00+00:00
[2025-04-21T11:11:52.295+0000] {processor.py:208} INFO - Processing /home/airflow/.local/lib/python3.12/site-packages/airflow/example_dags/example_nested_branch_dag.py took 0.066 seconds
[2025-04-21T11:12:23.081+0000] {processor.py:186} INFO - Started process (PID=2488) to work on /home/airflow/.local/lib/python3.12/site-packages/airflow/example_dags/example_nested_branch_dag.py
[2025-04-21T11:12:23.082+0000] {processor.py:914} INFO - Processing file /home/airflow/.local/lib/python3.12/site-packages/airflow/example_dags/example_nested_branch_dag.py for tasks to queue
[2025-04-21T11:12:23.084+0000] {logging_mixin.py:190} INFO - [2025-04-21T11:12:23.084+0000] {dagbag.py:588} INFO - Filling up the DagBag from /home/airflow/.local/lib/python3.12/site-packages/airflow/example_dags/example_nested_branch_dag.py
[2025-04-21T11:12:23.093+0000] {processor.py:925} INFO - DAG(s) 'example_nested_branch_dag' retrieved from /home/airflow/.local/lib/python3.12/site-packages/airflow/example_dags/example_nested_branch_dag.py
[2025-04-21T11:12:23.109+0000] {logging_mixin.py:190} INFO - [2025-04-21T11:12:23.109+0000] {dag.py:3239} INFO - Sync 1 DAGs
[2025-04-21T11:12:23.127+0000] {logging_mixin.py:190} INFO - [2025-04-21T11:12:23.127+0000] {dag.py:4180} INFO - Setting next_dagrun for example_nested_branch_dag to 2025-04-20 00:00:00+00:00, run_after=2025-04-21 00:00:00+00:00
[2025-04-21T11:12:23.144+0000] {processor.py:208} INFO - Processing /home/airflow/.local/lib/python3.12/site-packages/airflow/example_dags/example_nested_branch_dag.py took 0.067 seconds
[2025-04-21T11:12:53.198+0000] {processor.py:186} INFO - Started process (PID=2551) to work on /home/airflow/.local/lib/python3.12/site-packages/airflow/example_dags/example_nested_branch_dag.py
[2025-04-21T11:12:53.198+0000] {processor.py:914} INFO - Processing file /home/airflow/.local/lib/python3.12/site-packages/airflow/example_dags/example_nested_branch_dag.py for tasks to queue
[2025-04-21T11:12:53.200+0000] {logging_mixin.py:190} INFO - [2025-04-21T11:12:53.200+0000] {dagbag.py:588} INFO - Filling up the DagBag from /home/airflow/.local/lib/python3.12/site-packages/airflow/example_dags/example_nested_branch_dag.py
[2025-04-21T11:12:53.209+0000] {processor.py:925} INFO - DAG(s) 'example_nested_branch_dag' retrieved from /home/airflow/.local/lib/python3.12/site-packages/airflow/example_dags/example_nested_branch_dag.py
[2025-04-21T11:12:53.229+0000] {logging_mixin.py:190} INFO - [2025-04-21T11:12:53.228+0000] {dag.py:3239} INFO - Sync 1 DAGs
[2025-04-21T11:12:53.247+0000] {logging_mixin.py:190} INFO - [2025-04-21T11:12:53.247+0000] {dag.py:4180} INFO - Setting next_dagrun for example_nested_branch_dag to 2025-04-20 00:00:00+00:00, run_after=2025-04-21 00:00:00+00:00
[2025-04-21T11:12:53.262+0000] {processor.py:208} INFO - Processing /home/airflow/.local/lib/python3.12/site-packages/airflow/example_dags/example_nested_branch_dag.py took 0.068 seconds
[2025-04-21T11:13:23.384+0000] {processor.py:186} INFO - Started process (PID=2614) to work on /home/airflow/.local/lib/python3.12/site-packages/airflow/example_dags/example_nested_branch_dag.py
[2025-04-21T11:13:23.385+0000] {processor.py:914} INFO - Processing file /home/airflow/.local/lib/python3.12/site-packages/airflow/example_dags/example_nested_branch_dag.py for tasks to queue
[2025-04-21T11:13:23.387+0000] {logging_mixin.py:190} INFO - [2025-04-21T11:13:23.387+0000] {dagbag.py:588} INFO - Filling up the DagBag from /home/airflow/.local/lib/python3.12/site-packages/airflow/example_dags/example_nested_branch_dag.py
[2025-04-21T11:13:23.396+0000] {processor.py:925} INFO - DAG(s) 'example_nested_branch_dag' retrieved from /home/airflow/.local/lib/python3.12/site-packages/airflow/example_dags/example_nested_branch_dag.py
[2025-04-21T11:13:23.414+0000] {logging_mixin.py:190} INFO - [2025-04-21T11:13:23.414+0000] {dag.py:3239} INFO - Sync 1 DAGs
[2025-04-21T11:13:23.433+0000] {logging_mixin.py:190} INFO - [2025-04-21T11:13:23.433+0000] {dag.py:4180} INFO - Setting next_dagrun for example_nested_branch_dag to 2025-04-20 00:00:00+00:00, run_after=2025-04-21 00:00:00+00:00
[2025-04-21T11:13:23.452+0000] {processor.py:208} INFO - Processing /home/airflow/.local/lib/python3.12/site-packages/airflow/example_dags/example_nested_branch_dag.py took 0.071 seconds
[2025-04-21T11:13:53.504+0000] {processor.py:186} INFO - Started process (PID=2677) to work on /home/airflow/.local/lib/python3.12/site-packages/airflow/example_dags/example_nested_branch_dag.py
[2025-04-21T11:13:53.505+0000] {processor.py:914} INFO - Processing file /home/airflow/.local/lib/python3.12/site-packages/airflow/example_dags/example_nested_branch_dag.py for tasks to queue
[2025-04-21T11:13:53.507+0000] {logging_mixin.py:190} INFO - [2025-04-21T11:13:53.507+0000] {dagbag.py:588} INFO - Filling up the DagBag from /home/airflow/.local/lib/python3.12/site-packages/airflow/example_dags/example_nested_branch_dag.py
[2025-04-21T11:13:53.516+0000] {processor.py:925} INFO - DAG(s) 'example_nested_branch_dag' retrieved from /home/airflow/.local/lib/python3.12/site-packages/airflow/example_dags/example_nested_branch_dag.py
[2025-04-21T11:13:53.533+0000] {logging_mixin.py:190} INFO - [2025-04-21T11:13:53.533+0000] {dag.py:3239} INFO - Sync 1 DAGs
[2025-04-21T11:13:53.553+0000] {logging_mixin.py:190} INFO - [2025-04-21T11:13:53.552+0000] {dag.py:4180} INFO - Setting next_dagrun for example_nested_branch_dag to 2025-04-20 00:00:00+00:00, run_after=2025-04-21 00:00:00+00:00
[2025-04-21T11:13:53.567+0000] {processor.py:208} INFO - Processing /home/airflow/.local/lib/python3.12/site-packages/airflow/example_dags/example_nested_branch_dag.py took 0.068 seconds
[2025-04-21T11:14:23.757+0000] {processor.py:186} INFO - Started process (PID=2740) to work on /home/airflow/.local/lib/python3.12/site-packages/airflow/example_dags/example_nested_branch_dag.py
[2025-04-21T11:14:23.757+0000] {processor.py:914} INFO - Processing file /home/airflow/.local/lib/python3.12/site-packages/airflow/example_dags/example_nested_branch_dag.py for tasks to queue
[2025-04-21T11:14:23.759+0000] {logging_mixin.py:190} INFO - [2025-04-21T11:14:23.759+0000] {dagbag.py:588} INFO - Filling up the DagBag from /home/airflow/.local/lib/python3.12/site-packages/airflow/example_dags/example_nested_branch_dag.py
[2025-04-21T11:14:23.767+0000] {processor.py:925} INFO - DAG(s) 'example_nested_branch_dag' retrieved from /home/airflow/.local/lib/python3.12/site-packages/airflow/example_dags/example_nested_branch_dag.py
[2025-04-21T11:14:23.784+0000] {logging_mixin.py:190} INFO - [2025-04-21T11:14:23.783+0000] {dag.py:3239} INFO - Sync 1 DAGs
[2025-04-21T11:14:23.803+0000] {logging_mixin.py:190} INFO - [2025-04-21T11:14:23.803+0000] {dag.py:4180} INFO - Setting next_dagrun for example_nested_branch_dag to 2025-04-20 00:00:00+00:00, run_after=2025-04-21 00:00:00+00:00
[2025-04-21T11:14:23.819+0000] {processor.py:208} INFO - Processing /home/airflow/.local/lib/python3.12/site-packages/airflow/example_dags/example_nested_branch_dag.py took 0.066 seconds
[2025-04-21T11:14:54.270+0000] {processor.py:186} INFO - Started process (PID=2803) to work on /home/airflow/.local/lib/python3.12/site-packages/airflow/example_dags/example_nested_branch_dag.py
[2025-04-21T11:14:54.271+0000] {processor.py:914} INFO - Processing file /home/airflow/.local/lib/python3.12/site-packages/airflow/example_dags/example_nested_branch_dag.py for tasks to queue
[2025-04-21T11:14:54.273+0000] {logging_mixin.py:190} INFO - [2025-04-21T11:14:54.273+0000] {dagbag.py:588} INFO - Filling up the DagBag from /home/airflow/.local/lib/python3.12/site-packages/airflow/example_dags/example_nested_branch_dag.py
[2025-04-21T11:14:54.282+0000] {processor.py:925} INFO - DAG(s) 'example_nested_branch_dag' retrieved from /home/airflow/.local/lib/python3.12/site-packages/airflow/example_dags/example_nested_branch_dag.py
[2025-04-21T11:14:54.297+0000] {logging_mixin.py:190} INFO - [2025-04-21T11:14:54.297+0000] {dag.py:3239} INFO - Sync 1 DAGs
[2025-04-21T11:14:54.315+0000] {logging_mixin.py:190} INFO - [2025-04-21T11:14:54.315+0000] {dag.py:4180} INFO - Setting next_dagrun for example_nested_branch_dag to 2025-04-20 00:00:00+00:00, run_after=2025-04-21 00:00:00+00:00
[2025-04-21T11:14:54.331+0000] {processor.py:208} INFO - Processing /home/airflow/.local/lib/python3.12/site-packages/airflow/example_dags/example_nested_branch_dag.py took 0.065 seconds
[2025-04-21T11:15:24.778+0000] {processor.py:186} INFO - Started process (PID=2866) to work on /home/airflow/.local/lib/python3.12/site-packages/airflow/example_dags/example_nested_branch_dag.py
[2025-04-21T11:15:24.779+0000] {processor.py:914} INFO - Processing file /home/airflow/.local/lib/python3.12/site-packages/airflow/example_dags/example_nested_branch_dag.py for tasks to queue
[2025-04-21T11:15:24.781+0000] {logging_mixin.py:190} INFO - [2025-04-21T11:15:24.781+0000] {dagbag.py:588} INFO - Filling up the DagBag from /home/airflow/.local/lib/python3.12/site-packages/airflow/example_dags/example_nested_branch_dag.py
[2025-04-21T11:15:24.790+0000] {processor.py:925} INFO - DAG(s) 'example_nested_branch_dag' retrieved from /home/airflow/.local/lib/python3.12/site-packages/airflow/example_dags/example_nested_branch_dag.py
[2025-04-21T11:15:24.807+0000] {logging_mixin.py:190} INFO - [2025-04-21T11:15:24.807+0000] {dag.py:3239} INFO - Sync 1 DAGs
[2025-04-21T11:15:24.828+0000] {logging_mixin.py:190} INFO - [2025-04-21T11:15:24.827+0000] {dag.py:4180} INFO - Setting next_dagrun for example_nested_branch_dag to 2025-04-20 00:00:00+00:00, run_after=2025-04-21 00:00:00+00:00
[2025-04-21T11:15:24.844+0000] {processor.py:208} INFO - Processing /home/airflow/.local/lib/python3.12/site-packages/airflow/example_dags/example_nested_branch_dag.py took 0.070 seconds
[2025-04-21T11:15:55.282+0000] {processor.py:186} INFO - Started process (PID=2929) to work on /home/airflow/.local/lib/python3.12/site-packages/airflow/example_dags/example_nested_branch_dag.py
[2025-04-21T11:15:55.282+0000] {processor.py:914} INFO - Processing file /home/airflow/.local/lib/python3.12/site-packages/airflow/example_dags/example_nested_branch_dag.py for tasks to queue
[2025-04-21T11:15:55.284+0000] {logging_mixin.py:190} INFO - [2025-04-21T11:15:55.284+0000] {dagbag.py:588} INFO - Filling up the DagBag from /home/airflow/.local/lib/python3.12/site-packages/airflow/example_dags/example_nested_branch_dag.py
[2025-04-21T11:15:55.293+0000] {processor.py:925} INFO - DAG(s) 'example_nested_branch_dag' retrieved from /home/airflow/.local/lib/python3.12/site-packages/airflow/example_dags/example_nested_branch_dag.py
[2025-04-21T11:15:55.309+0000] {logging_mixin.py:190} INFO - [2025-04-21T11:15:55.309+0000] {dag.py:3239} INFO - Sync 1 DAGs
[2025-04-21T11:15:55.330+0000] {logging_mixin.py:190} INFO - [2025-04-21T11:15:55.329+0000] {dag.py:4180} INFO - Setting next_dagrun for example_nested_branch_dag to 2025-04-20 00:00:00+00:00, run_after=2025-04-21 00:00:00+00:00
[2025-04-21T11:15:55.348+0000] {processor.py:208} INFO - Processing /home/airflow/.local/lib/python3.12/site-packages/airflow/example_dags/example_nested_branch_dag.py took 0.071 seconds
[2025-04-21T11:16:25.422+0000] {processor.py:186} INFO - Started process (PID=2992) to work on /home/airflow/.local/lib/python3.12/site-packages/airflow/example_dags/example_nested_branch_dag.py
[2025-04-21T11:16:25.422+0000] {processor.py:914} INFO - Processing file /home/airflow/.local/lib/python3.12/site-packages/airflow/example_dags/example_nested_branch_dag.py for tasks to queue
[2025-04-21T11:16:25.424+0000] {logging_mixin.py:190} INFO - [2025-04-21T11:16:25.424+0000] {dagbag.py:588} INFO - Filling up the DagBag from /home/airflow/.local/lib/python3.12/site-packages/airflow/example_dags/example_nested_branch_dag.py
[2025-04-21T11:16:25.433+0000] {processor.py:925} INFO - DAG(s) 'example_nested_branch_dag' retrieved from /home/airflow/.local/lib/python3.12/site-packages/airflow/example_dags/example_nested_branch_dag.py
[2025-04-21T11:16:25.453+0000] {logging_mixin.py:190} INFO - [2025-04-21T11:16:25.452+0000] {dag.py:3239} INFO - Sync 1 DAGs
[2025-04-21T11:16:25.472+0000] {logging_mixin.py:190} INFO - [2025-04-21T11:16:25.472+0000] {dag.py:4180} INFO - Setting next_dagrun for example_nested_branch_dag to 2025-04-20 00:00:00+00:00, run_after=2025-04-21 00:00:00+00:00
[2025-04-21T11:16:25.488+0000] {processor.py:208} INFO - Processing /home/airflow/.local/lib/python3.12/site-packages/airflow/example_dags/example_nested_branch_dag.py took 0.071 seconds
[2025-04-21T11:16:55.674+0000] {processor.py:186} INFO - Started process (PID=3055) to work on /home/airflow/.local/lib/python3.12/site-packages/airflow/example_dags/example_nested_branch_dag.py
[2025-04-21T11:16:55.677+0000] {processor.py:914} INFO - Processing file /home/airflow/.local/lib/python3.12/site-packages/airflow/example_dags/example_nested_branch_dag.py for tasks to queue
[2025-04-21T11:16:55.681+0000] {logging_mixin.py:190} INFO - [2025-04-21T11:16:55.680+0000] {dagbag.py:588} INFO - Filling up the DagBag from /home/airflow/.local/lib/python3.12/site-packages/airflow/example_dags/example_nested_branch_dag.py
[2025-04-21T11:16:55.689+0000] {processor.py:925} INFO - DAG(s) 'example_nested_branch_dag' retrieved from /home/airflow/.local/lib/python3.12/site-packages/airflow/example_dags/example_nested_branch_dag.py
[2025-04-21T11:16:55.705+0000] {logging_mixin.py:190} INFO - [2025-04-21T11:16:55.705+0000] {dag.py:3239} INFO - Sync 1 DAGs
[2025-04-21T11:16:55.726+0000] {logging_mixin.py:190} INFO - [2025-04-21T11:16:55.726+0000] {dag.py:4180} INFO - Setting next_dagrun for example_nested_branch_dag to 2025-04-20 00:00:00+00:00, run_after=2025-04-21 00:00:00+00:00
[2025-04-21T11:16:55.740+0000] {processor.py:208} INFO - Processing /home/airflow/.local/lib/python3.12/site-packages/airflow/example_dags/example_nested_branch_dag.py took 0.070 seconds
[2025-04-21T11:17:26.244+0000] {processor.py:186} INFO - Started process (PID=3118) to work on /home/airflow/.local/lib/python3.12/site-packages/airflow/example_dags/example_nested_branch_dag.py
[2025-04-21T11:17:26.245+0000] {processor.py:914} INFO - Processing file /home/airflow/.local/lib/python3.12/site-packages/airflow/example_dags/example_nested_branch_dag.py for tasks to queue
[2025-04-21T11:17:26.249+0000] {logging_mixin.py:190} INFO - [2025-04-21T11:17:26.248+0000] {dagbag.py:588} INFO - Filling up the DagBag from /home/airflow/.local/lib/python3.12/site-packages/airflow/example_dags/example_nested_branch_dag.py
[2025-04-21T11:17:26.257+0000] {processor.py:925} INFO - DAG(s) 'example_nested_branch_dag' retrieved from /home/airflow/.local/lib/python3.12/site-packages/airflow/example_dags/example_nested_branch_dag.py
[2025-04-21T11:17:26.274+0000] {logging_mixin.py:190} INFO - [2025-04-21T11:17:26.274+0000] {dag.py:3239} INFO - Sync 1 DAGs
[2025-04-21T11:17:26.294+0000] {logging_mixin.py:190} INFO - [2025-04-21T11:17:26.294+0000] {dag.py:4180} INFO - Setting next_dagrun for example_nested_branch_dag to 2025-04-20 00:00:00+00:00, run_after=2025-04-21 00:00:00+00:00
[2025-04-21T11:17:26.310+0000] {processor.py:208} INFO - Processing /home/airflow/.local/lib/python3.12/site-packages/airflow/example_dags/example_nested_branch_dag.py took 0.070 seconds
[2025-04-21T11:17:56.917+0000] {processor.py:186} INFO - Started process (PID=3181) to work on /home/airflow/.local/lib/python3.12/site-packages/airflow/example_dags/example_nested_branch_dag.py
[2025-04-21T11:17:56.917+0000] {processor.py:914} INFO - Processing file /home/airflow/.local/lib/python3.12/site-packages/airflow/example_dags/example_nested_branch_dag.py for tasks to queue
[2025-04-21T11:17:56.919+0000] {logging_mixin.py:190} INFO - [2025-04-21T11:17:56.919+0000] {dagbag.py:588} INFO - Filling up the DagBag from /home/airflow/.local/lib/python3.12/site-packages/airflow/example_dags/example_nested_branch_dag.py
[2025-04-21T11:17:56.928+0000] {processor.py:925} INFO - DAG(s) 'example_nested_branch_dag' retrieved from /home/airflow/.local/lib/python3.12/site-packages/airflow/example_dags/example_nested_branch_dag.py
[2025-04-21T11:17:56.948+0000] {logging_mixin.py:190} INFO - [2025-04-21T11:17:56.947+0000] {dag.py:3239} INFO - Sync 1 DAGs
[2025-04-21T11:17:56.966+0000] {logging_mixin.py:190} INFO - [2025-04-21T11:17:56.966+0000] {dag.py:4180} INFO - Setting next_dagrun for example_nested_branch_dag to 2025-04-20 00:00:00+00:00, run_after=2025-04-21 00:00:00+00:00
[2025-04-21T11:17:56.981+0000] {processor.py:208} INFO - Processing /home/airflow/.local/lib/python3.12/site-packages/airflow/example_dags/example_nested_branch_dag.py took 0.069 seconds
[2025-04-21T11:18:27.452+0000] {processor.py:186} INFO - Started process (PID=3244) to work on /home/airflow/.local/lib/python3.12/site-packages/airflow/example_dags/example_nested_branch_dag.py
[2025-04-21T11:18:27.453+0000] {processor.py:914} INFO - Processing file /home/airflow/.local/lib/python3.12/site-packages/airflow/example_dags/example_nested_branch_dag.py for tasks to queue
[2025-04-21T11:18:27.455+0000] {logging_mixin.py:190} INFO - [2025-04-21T11:18:27.454+0000] {dagbag.py:588} INFO - Filling up the DagBag from /home/airflow/.local/lib/python3.12/site-packages/airflow/example_dags/example_nested_branch_dag.py
[2025-04-21T11:18:27.463+0000] {processor.py:925} INFO - DAG(s) 'example_nested_branch_dag' retrieved from /home/airflow/.local/lib/python3.12/site-packages/airflow/example_dags/example_nested_branch_dag.py
[2025-04-21T11:18:27.477+0000] {logging_mixin.py:190} INFO - [2025-04-21T11:18:27.477+0000] {dag.py:3239} INFO - Sync 1 DAGs
[2025-04-21T11:18:27.496+0000] {logging_mixin.py:190} INFO - [2025-04-21T11:18:27.496+0000] {dag.py:4180} INFO - Setting next_dagrun for example_nested_branch_dag to 2025-04-20 00:00:00+00:00, run_after=2025-04-21 00:00:00+00:00
[2025-04-21T11:18:27.512+0000] {processor.py:208} INFO - Processing /home/airflow/.local/lib/python3.12/site-packages/airflow/example_dags/example_nested_branch_dag.py took 0.063 seconds
[2025-04-21T11:18:58.034+0000] {processor.py:186} INFO - Started process (PID=3307) to work on /home/airflow/.local/lib/python3.12/site-packages/airflow/example_dags/example_nested_branch_dag.py
[2025-04-21T11:18:58.035+0000] {processor.py:914} INFO - Processing file /home/airflow/.local/lib/python3.12/site-packages/airflow/example_dags/example_nested_branch_dag.py for tasks to queue
[2025-04-21T11:18:58.037+0000] {logging_mixin.py:190} INFO - [2025-04-21T11:18:58.037+0000] {dagbag.py:588} INFO - Filling up the DagBag from /home/airflow/.local/lib/python3.12/site-packages/airflow/example_dags/example_nested_branch_dag.py
[2025-04-21T11:18:58.046+0000] {processor.py:925} INFO - DAG(s) 'example_nested_branch_dag' retrieved from /home/airflow/.local/lib/python3.12/site-packages/airflow/example_dags/example_nested_branch_dag.py
[2025-04-21T11:18:58.061+0000] {logging_mixin.py:190} INFO - [2025-04-21T11:18:58.060+0000] {dag.py:3239} INFO - Sync 1 DAGs
[2025-04-21T11:18:58.080+0000] {logging_mixin.py:190} INFO - [2025-04-21T11:18:58.080+0000] {dag.py:4180} INFO - Setting next_dagrun for example_nested_branch_dag to 2025-04-20 00:00:00+00:00, run_after=2025-04-21 00:00:00+00:00
[2025-04-21T11:18:58.096+0000] {processor.py:208} INFO - Processing /home/airflow/.local/lib/python3.12/site-packages/airflow/example_dags/example_nested_branch_dag.py took 0.066 seconds
[2025-04-21T11:19:28.279+0000] {processor.py:186} INFO - Started process (PID=3370) to work on /home/airflow/.local/lib/python3.12/site-packages/airflow/example_dags/example_nested_branch_dag.py
[2025-04-21T11:19:28.279+0000] {processor.py:914} INFO - Processing file /home/airflow/.local/lib/python3.12/site-packages/airflow/example_dags/example_nested_branch_dag.py for tasks to queue
[2025-04-21T11:19:28.281+0000] {logging_mixin.py:190} INFO - [2025-04-21T11:19:28.281+0000] {dagbag.py:588} INFO - Filling up the DagBag from /home/airflow/.local/lib/python3.12/site-packages/airflow/example_dags/example_nested_branch_dag.py
[2025-04-21T11:19:28.289+0000] {processor.py:925} INFO - DAG(s) 'example_nested_branch_dag' retrieved from /home/airflow/.local/lib/python3.12/site-packages/airflow/example_dags/example_nested_branch_dag.py
[2025-04-21T11:19:28.305+0000] {logging_mixin.py:190} INFO - [2025-04-21T11:19:28.305+0000] {dag.py:3239} INFO - Sync 1 DAGs
[2025-04-21T11:19:28.324+0000] {logging_mixin.py:190} INFO - [2025-04-21T11:19:28.324+0000] {dag.py:4180} INFO - Setting next_dagrun for example_nested_branch_dag to 2025-04-20 00:00:00+00:00, run_after=2025-04-21 00:00:00+00:00
[2025-04-21T11:19:28.337+0000] {processor.py:208} INFO - Processing /home/airflow/.local/lib/python3.12/site-packages/airflow/example_dags/example_nested_branch_dag.py took 0.063 seconds
[2025-04-21T11:19:58.696+0000] {processor.py:186} INFO - Started process (PID=3433) to work on /home/airflow/.local/lib/python3.12/site-packages/airflow/example_dags/example_nested_branch_dag.py
[2025-04-21T11:19:58.697+0000] {processor.py:914} INFO - Processing file /home/airflow/.local/lib/python3.12/site-packages/airflow/example_dags/example_nested_branch_dag.py for tasks to queue
[2025-04-21T11:19:58.699+0000] {logging_mixin.py:190} INFO - [2025-04-21T11:19:58.699+0000] {dagbag.py:588} INFO - Filling up the DagBag from /home/airflow/.local/lib/python3.12/site-packages/airflow/example_dags/example_nested_branch_dag.py
[2025-04-21T11:19:58.707+0000] {processor.py:925} INFO - DAG(s) 'example_nested_branch_dag' retrieved from /home/airflow/.local/lib/python3.12/site-packages/airflow/example_dags/example_nested_branch_dag.py
[2025-04-21T11:19:58.725+0000] {logging_mixin.py:190} INFO - [2025-04-21T11:19:58.725+0000] {dag.py:3239} INFO - Sync 1 DAGs
[2025-04-21T11:19:58.744+0000] {logging_mixin.py:190} INFO - [2025-04-21T11:19:58.743+0000] {dag.py:4180} INFO - Setting next_dagrun for example_nested_branch_dag to 2025-04-20 00:00:00+00:00, run_after=2025-04-21 00:00:00+00:00
[2025-04-21T11:19:58.758+0000] {processor.py:208} INFO - Processing /home/airflow/.local/lib/python3.12/site-packages/airflow/example_dags/example_nested_branch_dag.py took 0.066 seconds
[2025-04-21T11:20:28.823+0000] {processor.py:186} INFO - Started process (PID=3496) to work on /home/airflow/.local/lib/python3.12/site-packages/airflow/example_dags/example_nested_branch_dag.py
[2025-04-21T11:20:28.824+0000] {processor.py:914} INFO - Processing file /home/airflow/.local/lib/python3.12/site-packages/airflow/example_dags/example_nested_branch_dag.py for tasks to queue
[2025-04-21T11:20:28.826+0000] {logging_mixin.py:190} INFO - [2025-04-21T11:20:28.825+0000] {dagbag.py:588} INFO - Filling up the DagBag from /home/airflow/.local/lib/python3.12/site-packages/airflow/example_dags/example_nested_branch_dag.py
[2025-04-21T11:20:28.834+0000] {processor.py:925} INFO - DAG(s) 'example_nested_branch_dag' retrieved from /home/airflow/.local/lib/python3.12/site-packages/airflow/example_dags/example_nested_branch_dag.py
[2025-04-21T11:20:28.850+0000] {logging_mixin.py:190} INFO - [2025-04-21T11:20:28.849+0000] {dag.py:3239} INFO - Sync 1 DAGs
[2025-04-21T11:20:28.867+0000] {logging_mixin.py:190} INFO - [2025-04-21T11:20:28.867+0000] {dag.py:4180} INFO - Setting next_dagrun for example_nested_branch_dag to 2025-04-20 00:00:00+00:00, run_after=2025-04-21 00:00:00+00:00
[2025-04-21T11:20:28.881+0000] {processor.py:208} INFO - Processing /home/airflow/.local/lib/python3.12/site-packages/airflow/example_dags/example_nested_branch_dag.py took 0.062 seconds
[2025-04-21T11:20:59.515+0000] {processor.py:186} INFO - Started process (PID=3559) to work on /home/airflow/.local/lib/python3.12/site-packages/airflow/example_dags/example_nested_branch_dag.py
[2025-04-21T11:20:59.516+0000] {processor.py:914} INFO - Processing file /home/airflow/.local/lib/python3.12/site-packages/airflow/example_dags/example_nested_branch_dag.py for tasks to queue
[2025-04-21T11:20:59.519+0000] {logging_mixin.py:190} INFO - [2025-04-21T11:20:59.518+0000] {dagbag.py:588} INFO - Filling up the DagBag from /home/airflow/.local/lib/python3.12/site-packages/airflow/example_dags/example_nested_branch_dag.py
[2025-04-21T11:20:59.527+0000] {processor.py:925} INFO - DAG(s) 'example_nested_branch_dag' retrieved from /home/airflow/.local/lib/python3.12/site-packages/airflow/example_dags/example_nested_branch_dag.py
[2025-04-21T11:20:59.543+0000] {logging_mixin.py:190} INFO - [2025-04-21T11:20:59.543+0000] {dag.py:3239} INFO - Sync 1 DAGs
[2025-04-21T11:20:59.563+0000] {logging_mixin.py:190} INFO - [2025-04-21T11:20:59.563+0000] {dag.py:4180} INFO - Setting next_dagrun for example_nested_branch_dag to 2025-04-20 00:00:00+00:00, run_after=2025-04-21 00:00:00+00:00
[2025-04-21T11:20:59.576+0000] {processor.py:208} INFO - Processing /home/airflow/.local/lib/python3.12/site-packages/airflow/example_dags/example_nested_branch_dag.py took 0.065 seconds
[2025-04-21T11:21:29.715+0000] {processor.py:186} INFO - Started process (PID=3622) to work on /home/airflow/.local/lib/python3.12/site-packages/airflow/example_dags/example_nested_branch_dag.py
[2025-04-21T11:21:29.716+0000] {processor.py:914} INFO - Processing file /home/airflow/.local/lib/python3.12/site-packages/airflow/example_dags/example_nested_branch_dag.py for tasks to queue
[2025-04-21T11:21:29.717+0000] {logging_mixin.py:190} INFO - [2025-04-21T11:21:29.717+0000] {dagbag.py:588} INFO - Filling up the DagBag from /home/airflow/.local/lib/python3.12/site-packages/airflow/example_dags/example_nested_branch_dag.py
[2025-04-21T11:21:29.726+0000] {processor.py:925} INFO - DAG(s) 'example_nested_branch_dag' retrieved from /home/airflow/.local/lib/python3.12/site-packages/airflow/example_dags/example_nested_branch_dag.py
[2025-04-21T11:21:29.742+0000] {logging_mixin.py:190} INFO - [2025-04-21T11:21:29.742+0000] {dag.py:3239} INFO - Sync 1 DAGs
[2025-04-21T11:21:29.759+0000] {logging_mixin.py:190} INFO - [2025-04-21T11:21:29.759+0000] {dag.py:4180} INFO - Setting next_dagrun for example_nested_branch_dag to 2025-04-20 00:00:00+00:00, run_after=2025-04-21 00:00:00+00:00
[2025-04-21T11:21:29.778+0000] {processor.py:208} INFO - Processing /home/airflow/.local/lib/python3.12/site-packages/airflow/example_dags/example_nested_branch_dag.py took 0.067 seconds
[2025-04-21T11:22:00.269+0000] {processor.py:186} INFO - Started process (PID=3685) to work on /home/airflow/.local/lib/python3.12/site-packages/airflow/example_dags/example_nested_branch_dag.py
[2025-04-21T11:22:00.270+0000] {processor.py:914} INFO - Processing file /home/airflow/.local/lib/python3.12/site-packages/airflow/example_dags/example_nested_branch_dag.py for tasks to queue
[2025-04-21T11:22:00.272+0000] {logging_mixin.py:190} INFO - [2025-04-21T11:22:00.271+0000] {dagbag.py:588} INFO - Filling up the DagBag from /home/airflow/.local/lib/python3.12/site-packages/airflow/example_dags/example_nested_branch_dag.py
[2025-04-21T11:22:00.280+0000] {processor.py:925} INFO - DAG(s) 'example_nested_branch_dag' retrieved from /home/airflow/.local/lib/python3.12/site-packages/airflow/example_dags/example_nested_branch_dag.py
[2025-04-21T11:22:00.301+0000] {logging_mixin.py:190} INFO - [2025-04-21T11:22:00.301+0000] {dag.py:3239} INFO - Sync 1 DAGs
[2025-04-21T11:22:00.322+0000] {logging_mixin.py:190} INFO - [2025-04-21T11:22:00.322+0000] {dag.py:4180} INFO - Setting next_dagrun for example_nested_branch_dag to 2025-04-20 00:00:00+00:00, run_after=2025-04-21 00:00:00+00:00
[2025-04-21T11:22:00.340+0000] {processor.py:208} INFO - Processing /home/airflow/.local/lib/python3.12/site-packages/airflow/example_dags/example_nested_branch_dag.py took 0.075 seconds
[2025-04-21T11:22:31.411+0000] {processor.py:186} INFO - Started process (PID=3748) to work on /home/airflow/.local/lib/python3.12/site-packages/airflow/example_dags/example_nested_branch_dag.py
[2025-04-21T11:22:31.412+0000] {processor.py:914} INFO - Processing file /home/airflow/.local/lib/python3.12/site-packages/airflow/example_dags/example_nested_branch_dag.py for tasks to queue
[2025-04-21T11:22:31.414+0000] {logging_mixin.py:190} INFO - [2025-04-21T11:22:31.414+0000] {dagbag.py:588} INFO - Filling up the DagBag from /home/airflow/.local/lib/python3.12/site-packages/airflow/example_dags/example_nested_branch_dag.py
[2025-04-21T11:22:31.424+0000] {processor.py:925} INFO - DAG(s) 'example_nested_branch_dag' retrieved from /home/airflow/.local/lib/python3.12/site-packages/airflow/example_dags/example_nested_branch_dag.py
[2025-04-21T11:22:31.448+0000] {logging_mixin.py:190} INFO - [2025-04-21T11:22:31.448+0000] {dag.py:3239} INFO - Sync 1 DAGs
[2025-04-21T11:22:31.470+0000] {logging_mixin.py:190} INFO - [2025-04-21T11:22:31.470+0000] {dag.py:4180} INFO - Setting next_dagrun for example_nested_branch_dag to 2025-04-20 00:00:00+00:00, run_after=2025-04-21 00:00:00+00:00
[2025-04-21T11:22:31.490+0000] {processor.py:208} INFO - Processing /home/airflow/.local/lib/python3.12/site-packages/airflow/example_dags/example_nested_branch_dag.py took 0.087 seconds
[2025-04-21T11:23:03.063+0000] {processor.py:186} INFO - Started process (PID=3811) to work on /home/airflow/.local/lib/python3.12/site-packages/airflow/example_dags/example_nested_branch_dag.py
[2025-04-21T11:23:03.064+0000] {processor.py:914} INFO - Processing file /home/airflow/.local/lib/python3.12/site-packages/airflow/example_dags/example_nested_branch_dag.py for tasks to queue
[2025-04-21T11:23:03.066+0000] {logging_mixin.py:190} INFO - [2025-04-21T11:23:03.066+0000] {dagbag.py:588} INFO - Filling up the DagBag from /home/airflow/.local/lib/python3.12/site-packages/airflow/example_dags/example_nested_branch_dag.py
[2025-04-21T11:23:03.075+0000] {processor.py:925} INFO - DAG(s) 'example_nested_branch_dag' retrieved from /home/airflow/.local/lib/python3.12/site-packages/airflow/example_dags/example_nested_branch_dag.py
[2025-04-21T11:23:03.093+0000] {logging_mixin.py:190} INFO - [2025-04-21T11:23:03.093+0000] {dag.py:3239} INFO - Sync 1 DAGs
[2025-04-21T11:23:03.114+0000] {logging_mixin.py:190} INFO - [2025-04-21T11:23:03.113+0000] {dag.py:4180} INFO - Setting next_dagrun for example_nested_branch_dag to 2025-04-20 00:00:00+00:00, run_after=2025-04-21 00:00:00+00:00
[2025-04-21T11:23:03.129+0000] {processor.py:208} INFO - Processing /home/airflow/.local/lib/python3.12/site-packages/airflow/example_dags/example_nested_branch_dag.py took 0.071 seconds
[2025-04-21T11:23:34.522+0000] {processor.py:186} INFO - Started process (PID=3874) to work on /home/airflow/.local/lib/python3.12/site-packages/airflow/example_dags/example_nested_branch_dag.py
[2025-04-21T11:23:34.523+0000] {processor.py:914} INFO - Processing file /home/airflow/.local/lib/python3.12/site-packages/airflow/example_dags/example_nested_branch_dag.py for tasks to queue
[2025-04-21T11:23:34.524+0000] {logging_mixin.py:190} INFO - [2025-04-21T11:23:34.524+0000] {dagbag.py:588} INFO - Filling up the DagBag from /home/airflow/.local/lib/python3.12/site-packages/airflow/example_dags/example_nested_branch_dag.py
[2025-04-21T11:23:34.533+0000] {processor.py:925} INFO - DAG(s) 'example_nested_branch_dag' retrieved from /home/airflow/.local/lib/python3.12/site-packages/airflow/example_dags/example_nested_branch_dag.py
[2025-04-21T11:23:34.550+0000] {logging_mixin.py:190} INFO - [2025-04-21T11:23:34.549+0000] {dag.py:3239} INFO - Sync 1 DAGs
[2025-04-21T11:23:34.718+0000] {logging_mixin.py:190} INFO - [2025-04-21T11:23:34.718+0000] {dag.py:4180} INFO - Setting next_dagrun for example_nested_branch_dag to 2025-04-20 00:00:00+00:00, run_after=2025-04-21 00:00:00+00:00
[2025-04-21T11:23:34.732+0000] {processor.py:208} INFO - Processing /home/airflow/.local/lib/python3.12/site-packages/airflow/example_dags/example_nested_branch_dag.py took 0.214 seconds
[2025-04-21T11:24:05.070+0000] {processor.py:186} INFO - Started process (PID=3936) to work on /home/airflow/.local/lib/python3.12/site-packages/airflow/example_dags/example_nested_branch_dag.py
[2025-04-21T11:24:05.070+0000] {processor.py:914} INFO - Processing file /home/airflow/.local/lib/python3.12/site-packages/airflow/example_dags/example_nested_branch_dag.py for tasks to queue
[2025-04-21T11:24:05.072+0000] {logging_mixin.py:190} INFO - [2025-04-21T11:24:05.072+0000] {dagbag.py:588} INFO - Filling up the DagBag from /home/airflow/.local/lib/python3.12/site-packages/airflow/example_dags/example_nested_branch_dag.py
[2025-04-21T11:24:05.081+0000] {processor.py:925} INFO - DAG(s) 'example_nested_branch_dag' retrieved from /home/airflow/.local/lib/python3.12/site-packages/airflow/example_dags/example_nested_branch_dag.py
[2025-04-21T11:24:05.099+0000] {logging_mixin.py:190} INFO - [2025-04-21T11:24:05.099+0000] {dag.py:3239} INFO - Sync 1 DAGs
[2025-04-21T11:24:05.118+0000] {logging_mixin.py:190} INFO - [2025-04-21T11:24:05.117+0000] {dag.py:4180} INFO - Setting next_dagrun for example_nested_branch_dag to 2025-04-20 00:00:00+00:00, run_after=2025-04-21 00:00:00+00:00
[2025-04-21T11:24:05.134+0000] {processor.py:208} INFO - Processing /home/airflow/.local/lib/python3.12/site-packages/airflow/example_dags/example_nested_branch_dag.py took 0.069 seconds
[2025-04-21T11:24:35.607+0000] {processor.py:186} INFO - Started process (PID=3999) to work on /home/airflow/.local/lib/python3.12/site-packages/airflow/example_dags/example_nested_branch_dag.py
[2025-04-21T11:24:35.608+0000] {processor.py:914} INFO - Processing file /home/airflow/.local/lib/python3.12/site-packages/airflow/example_dags/example_nested_branch_dag.py for tasks to queue
[2025-04-21T11:24:35.610+0000] {logging_mixin.py:190} INFO - [2025-04-21T11:24:35.609+0000] {dagbag.py:588} INFO - Filling up the DagBag from /home/airflow/.local/lib/python3.12/site-packages/airflow/example_dags/example_nested_branch_dag.py
[2025-04-21T11:24:35.618+0000] {processor.py:925} INFO - DAG(s) 'example_nested_branch_dag' retrieved from /home/airflow/.local/lib/python3.12/site-packages/airflow/example_dags/example_nested_branch_dag.py
[2025-04-21T11:24:35.638+0000] {logging_mixin.py:190} INFO - [2025-04-21T11:24:35.638+0000] {dag.py:3239} INFO - Sync 1 DAGs
[2025-04-21T11:24:35.655+0000] {logging_mixin.py:190} INFO - [2025-04-21T11:24:35.655+0000] {dag.py:4180} INFO - Setting next_dagrun for example_nested_branch_dag to 2025-04-20 00:00:00+00:00, run_after=2025-04-21 00:00:00+00:00
[2025-04-21T11:24:35.670+0000] {processor.py:208} INFO - Processing /home/airflow/.local/lib/python3.12/site-packages/airflow/example_dags/example_nested_branch_dag.py took 0.068 seconds
[2025-04-21T11:25:06.064+0000] {processor.py:186} INFO - Started process (PID=4062) to work on /home/airflow/.local/lib/python3.12/site-packages/airflow/example_dags/example_nested_branch_dag.py
[2025-04-21T11:25:06.065+0000] {processor.py:914} INFO - Processing file /home/airflow/.local/lib/python3.12/site-packages/airflow/example_dags/example_nested_branch_dag.py for tasks to queue
[2025-04-21T11:25:06.067+0000] {logging_mixin.py:190} INFO - [2025-04-21T11:25:06.067+0000] {dagbag.py:588} INFO - Filling up the DagBag from /home/airflow/.local/lib/python3.12/site-packages/airflow/example_dags/example_nested_branch_dag.py
[2025-04-21T11:25:06.078+0000] {processor.py:925} INFO - DAG(s) 'example_nested_branch_dag' retrieved from /home/airflow/.local/lib/python3.12/site-packages/airflow/example_dags/example_nested_branch_dag.py
[2025-04-21T11:25:06.094+0000] {logging_mixin.py:190} INFO - [2025-04-21T11:25:06.094+0000] {dag.py:3239} INFO - Sync 1 DAGs
[2025-04-21T11:25:06.112+0000] {logging_mixin.py:190} INFO - [2025-04-21T11:25:06.112+0000] {dag.py:4180} INFO - Setting next_dagrun for example_nested_branch_dag to 2025-04-20 00:00:00+00:00, run_after=2025-04-21 00:00:00+00:00
[2025-04-21T11:25:06.127+0000] {processor.py:208} INFO - Processing /home/airflow/.local/lib/python3.12/site-packages/airflow/example_dags/example_nested_branch_dag.py took 0.068 seconds
[2025-04-21T11:25:36.759+0000] {processor.py:186} INFO - Started process (PID=4131) to work on /home/airflow/.local/lib/python3.12/site-packages/airflow/example_dags/example_nested_branch_dag.py
[2025-04-21T11:25:36.759+0000] {processor.py:914} INFO - Processing file /home/airflow/.local/lib/python3.12/site-packages/airflow/example_dags/example_nested_branch_dag.py for tasks to queue
[2025-04-21T11:25:36.761+0000] {logging_mixin.py:190} INFO - [2025-04-21T11:25:36.761+0000] {dagbag.py:588} INFO - Filling up the DagBag from /home/airflow/.local/lib/python3.12/site-packages/airflow/example_dags/example_nested_branch_dag.py
[2025-04-21T11:25:36.770+0000] {processor.py:925} INFO - DAG(s) 'example_nested_branch_dag' retrieved from /home/airflow/.local/lib/python3.12/site-packages/airflow/example_dags/example_nested_branch_dag.py
[2025-04-21T11:25:36.788+0000] {logging_mixin.py:190} INFO - [2025-04-21T11:25:36.788+0000] {dag.py:3239} INFO - Sync 1 DAGs
[2025-04-21T11:25:36.812+0000] {logging_mixin.py:190} INFO - [2025-04-21T11:25:36.812+0000] {dag.py:4180} INFO - Setting next_dagrun for example_nested_branch_dag to 2025-04-20 00:00:00+00:00, run_after=2025-04-21 00:00:00+00:00
[2025-04-21T11:25:36.827+0000] {processor.py:208} INFO - Processing /home/airflow/.local/lib/python3.12/site-packages/airflow/example_dags/example_nested_branch_dag.py took 0.073 seconds
[2025-04-21T11:26:07.478+0000] {processor.py:186} INFO - Started process (PID=4194) to work on /home/airflow/.local/lib/python3.12/site-packages/airflow/example_dags/example_nested_branch_dag.py
[2025-04-21T11:26:07.479+0000] {processor.py:914} INFO - Processing file /home/airflow/.local/lib/python3.12/site-packages/airflow/example_dags/example_nested_branch_dag.py for tasks to queue
[2025-04-21T11:26:07.481+0000] {logging_mixin.py:190} INFO - [2025-04-21T11:26:07.481+0000] {dagbag.py:588} INFO - Filling up the DagBag from /home/airflow/.local/lib/python3.12/site-packages/airflow/example_dags/example_nested_branch_dag.py
[2025-04-21T11:26:07.490+0000] {processor.py:925} INFO - DAG(s) 'example_nested_branch_dag' retrieved from /home/airflow/.local/lib/python3.12/site-packages/airflow/example_dags/example_nested_branch_dag.py
[2025-04-21T11:26:07.507+0000] {logging_mixin.py:190} INFO - [2025-04-21T11:26:07.507+0000] {dag.py:3239} INFO - Sync 1 DAGs
[2025-04-21T11:26:07.526+0000] {logging_mixin.py:190} INFO - [2025-04-21T11:26:07.526+0000] {dag.py:4180} INFO - Setting next_dagrun for example_nested_branch_dag to 2025-04-20 00:00:00+00:00, run_after=2025-04-21 00:00:00+00:00
[2025-04-21T11:26:07.543+0000] {processor.py:208} INFO - Processing /home/airflow/.local/lib/python3.12/site-packages/airflow/example_dags/example_nested_branch_dag.py took 0.069 seconds
[2025-04-21T11:26:38.266+0000] {processor.py:186} INFO - Started process (PID=4257) to work on /home/airflow/.local/lib/python3.12/site-packages/airflow/example_dags/example_nested_branch_dag.py
[2025-04-21T11:26:38.267+0000] {processor.py:914} INFO - Processing file /home/airflow/.local/lib/python3.12/site-packages/airflow/example_dags/example_nested_branch_dag.py for tasks to queue
[2025-04-21T11:26:38.269+0000] {logging_mixin.py:190} INFO - [2025-04-21T11:26:38.268+0000] {dagbag.py:588} INFO - Filling up the DagBag from /home/airflow/.local/lib/python3.12/site-packages/airflow/example_dags/example_nested_branch_dag.py
[2025-04-21T11:26:38.277+0000] {processor.py:925} INFO - DAG(s) 'example_nested_branch_dag' retrieved from /home/airflow/.local/lib/python3.12/site-packages/airflow/example_dags/example_nested_branch_dag.py
[2025-04-21T11:26:38.294+0000] {logging_mixin.py:190} INFO - [2025-04-21T11:26:38.294+0000] {dag.py:3239} INFO - Sync 1 DAGs
[2025-04-21T11:26:38.313+0000] {logging_mixin.py:190} INFO - [2025-04-21T11:26:38.313+0000] {dag.py:4180} INFO - Setting next_dagrun for example_nested_branch_dag to 2025-04-20 00:00:00+00:00, run_after=2025-04-21 00:00:00+00:00
[2025-04-21T11:26:38.335+0000] {processor.py:208} INFO - Processing /home/airflow/.local/lib/python3.12/site-packages/airflow/example_dags/example_nested_branch_dag.py took 0.073 seconds
[2025-04-21T11:27:09.119+0000] {processor.py:186} INFO - Started process (PID=4320) to work on /home/airflow/.local/lib/python3.12/site-packages/airflow/example_dags/example_nested_branch_dag.py
[2025-04-21T11:27:09.120+0000] {processor.py:914} INFO - Processing file /home/airflow/.local/lib/python3.12/site-packages/airflow/example_dags/example_nested_branch_dag.py for tasks to queue
[2025-04-21T11:27:09.122+0000] {logging_mixin.py:190} INFO - [2025-04-21T11:27:09.122+0000] {dagbag.py:588} INFO - Filling up the DagBag from /home/airflow/.local/lib/python3.12/site-packages/airflow/example_dags/example_nested_branch_dag.py
[2025-04-21T11:27:09.134+0000] {processor.py:925} INFO - DAG(s) 'example_nested_branch_dag' retrieved from /home/airflow/.local/lib/python3.12/site-packages/airflow/example_dags/example_nested_branch_dag.py
[2025-04-21T11:27:09.155+0000] {logging_mixin.py:190} INFO - [2025-04-21T11:27:09.155+0000] {dag.py:3239} INFO - Sync 1 DAGs
[2025-04-21T11:27:09.178+0000] {logging_mixin.py:190} INFO - [2025-04-21T11:27:09.178+0000] {dag.py:4180} INFO - Setting next_dagrun for example_nested_branch_dag to 2025-04-20 00:00:00+00:00, run_after=2025-04-21 00:00:00+00:00
[2025-04-21T11:27:09.202+0000] {processor.py:208} INFO - Processing /home/airflow/.local/lib/python3.12/site-packages/airflow/example_dags/example_nested_branch_dag.py took 0.088 seconds
[2025-04-21T11:27:39.887+0000] {processor.py:186} INFO - Started process (PID=4383) to work on /home/airflow/.local/lib/python3.12/site-packages/airflow/example_dags/example_nested_branch_dag.py
[2025-04-21T11:27:39.889+0000] {processor.py:914} INFO - Processing file /home/airflow/.local/lib/python3.12/site-packages/airflow/example_dags/example_nested_branch_dag.py for tasks to queue
[2025-04-21T11:27:39.891+0000] {logging_mixin.py:190} INFO - [2025-04-21T11:27:39.890+0000] {dagbag.py:588} INFO - Filling up the DagBag from /home/airflow/.local/lib/python3.12/site-packages/airflow/example_dags/example_nested_branch_dag.py
[2025-04-21T11:27:39.901+0000] {processor.py:925} INFO - DAG(s) 'example_nested_branch_dag' retrieved from /home/airflow/.local/lib/python3.12/site-packages/airflow/example_dags/example_nested_branch_dag.py
[2025-04-21T11:27:39.918+0000] {logging_mixin.py:190} INFO - [2025-04-21T11:27:39.917+0000] {dag.py:3239} INFO - Sync 1 DAGs
[2025-04-21T11:27:39.938+0000] {logging_mixin.py:190} INFO - [2025-04-21T11:27:39.938+0000] {dag.py:4180} INFO - Setting next_dagrun for example_nested_branch_dag to 2025-04-20 00:00:00+00:00, run_after=2025-04-21 00:00:00+00:00
[2025-04-21T11:27:39.954+0000] {processor.py:208} INFO - Processing /home/airflow/.local/lib/python3.12/site-packages/airflow/example_dags/example_nested_branch_dag.py took 0.071 seconds
[2025-04-21T11:28:10.510+0000] {processor.py:186} INFO - Started process (PID=4446) to work on /home/airflow/.local/lib/python3.12/site-packages/airflow/example_dags/example_nested_branch_dag.py
[2025-04-21T11:28:10.513+0000] {processor.py:914} INFO - Processing file /home/airflow/.local/lib/python3.12/site-packages/airflow/example_dags/example_nested_branch_dag.py for tasks to queue
[2025-04-21T11:28:10.517+0000] {logging_mixin.py:190} INFO - [2025-04-21T11:28:10.516+0000] {dagbag.py:588} INFO - Filling up the DagBag from /home/airflow/.local/lib/python3.12/site-packages/airflow/example_dags/example_nested_branch_dag.py
[2025-04-21T11:28:10.526+0000] {processor.py:925} INFO - DAG(s) 'example_nested_branch_dag' retrieved from /home/airflow/.local/lib/python3.12/site-packages/airflow/example_dags/example_nested_branch_dag.py
[2025-04-21T11:28:10.543+0000] {logging_mixin.py:190} INFO - [2025-04-21T11:28:10.543+0000] {dag.py:3239} INFO - Sync 1 DAGs
[2025-04-21T11:28:10.563+0000] {logging_mixin.py:190} INFO - [2025-04-21T11:28:10.563+0000] {dag.py:4180} INFO - Setting next_dagrun for example_nested_branch_dag to 2025-04-20 00:00:00+00:00, run_after=2025-04-21 00:00:00+00:00
[2025-04-21T11:28:10.579+0000] {processor.py:208} INFO - Processing /home/airflow/.local/lib/python3.12/site-packages/airflow/example_dags/example_nested_branch_dag.py took 0.073 seconds
[2025-04-21T11:28:41.042+0000] {processor.py:186} INFO - Started process (PID=4509) to work on /home/airflow/.local/lib/python3.12/site-packages/airflow/example_dags/example_nested_branch_dag.py
[2025-04-21T11:28:41.045+0000] {processor.py:914} INFO - Processing file /home/airflow/.local/lib/python3.12/site-packages/airflow/example_dags/example_nested_branch_dag.py for tasks to queue
[2025-04-21T11:28:41.047+0000] {logging_mixin.py:190} INFO - [2025-04-21T11:28:41.047+0000] {dagbag.py:588} INFO - Filling up the DagBag from /home/airflow/.local/lib/python3.12/site-packages/airflow/example_dags/example_nested_branch_dag.py
[2025-04-21T11:28:41.057+0000] {processor.py:925} INFO - DAG(s) 'example_nested_branch_dag' retrieved from /home/airflow/.local/lib/python3.12/site-packages/airflow/example_dags/example_nested_branch_dag.py
[2025-04-21T11:28:41.079+0000] {logging_mixin.py:190} INFO - [2025-04-21T11:28:41.078+0000] {dag.py:3239} INFO - Sync 1 DAGs
[2025-04-21T11:28:41.100+0000] {logging_mixin.py:190} INFO - [2025-04-21T11:28:41.099+0000] {dag.py:4180} INFO - Setting next_dagrun for example_nested_branch_dag to 2025-04-20 00:00:00+00:00, run_after=2025-04-21 00:00:00+00:00
[2025-04-21T11:28:41.117+0000] {processor.py:208} INFO - Processing /home/airflow/.local/lib/python3.12/site-packages/airflow/example_dags/example_nested_branch_dag.py took 0.079 seconds
[2025-04-21T11:29:11.463+0000] {processor.py:186} INFO - Started process (PID=4571) to work on /home/airflow/.local/lib/python3.12/site-packages/airflow/example_dags/example_nested_branch_dag.py
[2025-04-21T11:29:11.464+0000] {processor.py:914} INFO - Processing file /home/airflow/.local/lib/python3.12/site-packages/airflow/example_dags/example_nested_branch_dag.py for tasks to queue
[2025-04-21T11:29:11.467+0000] {logging_mixin.py:190} INFO - [2025-04-21T11:29:11.467+0000] {dagbag.py:588} INFO - Filling up the DagBag from /home/airflow/.local/lib/python3.12/site-packages/airflow/example_dags/example_nested_branch_dag.py
[2025-04-21T11:29:11.476+0000] {processor.py:925} INFO - DAG(s) 'example_nested_branch_dag' retrieved from /home/airflow/.local/lib/python3.12/site-packages/airflow/example_dags/example_nested_branch_dag.py
[2025-04-21T11:29:11.495+0000] {logging_mixin.py:190} INFO - [2025-04-21T11:29:11.495+0000] {dag.py:3239} INFO - Sync 1 DAGs
[2025-04-21T11:29:11.514+0000] {logging_mixin.py:190} INFO - [2025-04-21T11:29:11.514+0000] {dag.py:4180} INFO - Setting next_dagrun for example_nested_branch_dag to 2025-04-20 00:00:00+00:00, run_after=2025-04-21 00:00:00+00:00
[2025-04-21T11:29:11.536+0000] {processor.py:208} INFO - Processing /home/airflow/.local/lib/python3.12/site-packages/airflow/example_dags/example_nested_branch_dag.py took 0.079 seconds
[2025-04-21T11:29:41.928+0000] {processor.py:186} INFO - Started process (PID=4635) to work on /home/airflow/.local/lib/python3.12/site-packages/airflow/example_dags/example_nested_branch_dag.py
[2025-04-21T11:29:41.929+0000] {processor.py:914} INFO - Processing file /home/airflow/.local/lib/python3.12/site-packages/airflow/example_dags/example_nested_branch_dag.py for tasks to queue
[2025-04-21T11:29:41.933+0000] {logging_mixin.py:190} INFO - [2025-04-21T11:29:41.932+0000] {dagbag.py:588} INFO - Filling up the DagBag from /home/airflow/.local/lib/python3.12/site-packages/airflow/example_dags/example_nested_branch_dag.py
[2025-04-21T11:29:41.942+0000] {processor.py:925} INFO - DAG(s) 'example_nested_branch_dag' retrieved from /home/airflow/.local/lib/python3.12/site-packages/airflow/example_dags/example_nested_branch_dag.py
[2025-04-21T11:29:41.964+0000] {logging_mixin.py:190} INFO - [2025-04-21T11:29:41.964+0000] {dag.py:3239} INFO - Sync 1 DAGs
[2025-04-21T11:29:41.984+0000] {logging_mixin.py:190} INFO - [2025-04-21T11:29:41.983+0000] {dag.py:4180} INFO - Setting next_dagrun for example_nested_branch_dag to 2025-04-20 00:00:00+00:00, run_after=2025-04-21 00:00:00+00:00
[2025-04-21T11:29:41.999+0000] {processor.py:208} INFO - Processing /home/airflow/.local/lib/python3.12/site-packages/airflow/example_dags/example_nested_branch_dag.py took 0.075 seconds
[2025-04-21T11:30:12.439+0000] {processor.py:186} INFO - Started process (PID=4698) to work on /home/airflow/.local/lib/python3.12/site-packages/airflow/example_dags/example_nested_branch_dag.py
[2025-04-21T11:30:12.440+0000] {processor.py:914} INFO - Processing file /home/airflow/.local/lib/python3.12/site-packages/airflow/example_dags/example_nested_branch_dag.py for tasks to queue
[2025-04-21T11:30:12.443+0000] {logging_mixin.py:190} INFO - [2025-04-21T11:30:12.443+0000] {dagbag.py:588} INFO - Filling up the DagBag from /home/airflow/.local/lib/python3.12/site-packages/airflow/example_dags/example_nested_branch_dag.py
[2025-04-21T11:30:12.455+0000] {processor.py:925} INFO - DAG(s) 'example_nested_branch_dag' retrieved from /home/airflow/.local/lib/python3.12/site-packages/airflow/example_dags/example_nested_branch_dag.py
[2025-04-21T11:30:12.476+0000] {logging_mixin.py:190} INFO - [2025-04-21T11:30:12.476+0000] {dag.py:3239} INFO - Sync 1 DAGs
[2025-04-21T11:30:12.494+0000] {logging_mixin.py:190} INFO - [2025-04-21T11:30:12.494+0000] {dag.py:4180} INFO - Setting next_dagrun for example_nested_branch_dag to 2025-04-20 00:00:00+00:00, run_after=2025-04-21 00:00:00+00:00
[2025-04-21T11:30:12.510+0000] {processor.py:208} INFO - Processing /home/airflow/.local/lib/python3.12/site-packages/airflow/example_dags/example_nested_branch_dag.py took 0.074 seconds
[2025-04-21T11:30:42.902+0000] {processor.py:186} INFO - Started process (PID=4761) to work on /home/airflow/.local/lib/python3.12/site-packages/airflow/example_dags/example_nested_branch_dag.py
[2025-04-21T11:30:42.903+0000] {processor.py:914} INFO - Processing file /home/airflow/.local/lib/python3.12/site-packages/airflow/example_dags/example_nested_branch_dag.py for tasks to queue
[2025-04-21T11:30:42.905+0000] {logging_mixin.py:190} INFO - [2025-04-21T11:30:42.905+0000] {dagbag.py:588} INFO - Filling up the DagBag from /home/airflow/.local/lib/python3.12/site-packages/airflow/example_dags/example_nested_branch_dag.py
[2025-04-21T11:30:42.914+0000] {processor.py:925} INFO - DAG(s) 'example_nested_branch_dag' retrieved from /home/airflow/.local/lib/python3.12/site-packages/airflow/example_dags/example_nested_branch_dag.py
[2025-04-21T11:30:42.931+0000] {logging_mixin.py:190} INFO - [2025-04-21T11:30:42.930+0000] {dag.py:3239} INFO - Sync 1 DAGs
[2025-04-21T11:30:42.948+0000] {logging_mixin.py:190} INFO - [2025-04-21T11:30:42.948+0000] {dag.py:4180} INFO - Setting next_dagrun for example_nested_branch_dag to 2025-04-20 00:00:00+00:00, run_after=2025-04-21 00:00:00+00:00
[2025-04-21T11:30:42.964+0000] {processor.py:208} INFO - Processing /home/airflow/.local/lib/python3.12/site-packages/airflow/example_dags/example_nested_branch_dag.py took 0.067 seconds
[2025-04-21T11:31:13.429+0000] {processor.py:186} INFO - Started process (PID=4823) to work on /home/airflow/.local/lib/python3.12/site-packages/airflow/example_dags/example_nested_branch_dag.py
[2025-04-21T11:31:13.429+0000] {processor.py:914} INFO - Processing file /home/airflow/.local/lib/python3.12/site-packages/airflow/example_dags/example_nested_branch_dag.py for tasks to queue
[2025-04-21T11:31:13.431+0000] {logging_mixin.py:190} INFO - [2025-04-21T11:31:13.431+0000] {dagbag.py:588} INFO - Filling up the DagBag from /home/airflow/.local/lib/python3.12/site-packages/airflow/example_dags/example_nested_branch_dag.py
[2025-04-21T11:31:13.440+0000] {processor.py:925} INFO - DAG(s) 'example_nested_branch_dag' retrieved from /home/airflow/.local/lib/python3.12/site-packages/airflow/example_dags/example_nested_branch_dag.py
[2025-04-21T11:31:13.460+0000] {logging_mixin.py:190} INFO - [2025-04-21T11:31:13.460+0000] {dag.py:3239} INFO - Sync 1 DAGs
[2025-04-21T11:31:13.479+0000] {logging_mixin.py:190} INFO - [2025-04-21T11:31:13.479+0000] {dag.py:4180} INFO - Setting next_dagrun for example_nested_branch_dag to 2025-04-20 00:00:00+00:00, run_after=2025-04-21 00:00:00+00:00
[2025-04-21T11:31:13.496+0000] {processor.py:208} INFO - Processing /home/airflow/.local/lib/python3.12/site-packages/airflow/example_dags/example_nested_branch_dag.py took 0.071 seconds
[2025-04-21T11:31:44.717+0000] {processor.py:186} INFO - Started process (PID=4886) to work on /home/airflow/.local/lib/python3.12/site-packages/airflow/example_dags/example_nested_branch_dag.py
[2025-04-21T11:31:44.718+0000] {processor.py:914} INFO - Processing file /home/airflow/.local/lib/python3.12/site-packages/airflow/example_dags/example_nested_branch_dag.py for tasks to queue
[2025-04-21T11:31:44.721+0000] {logging_mixin.py:190} INFO - [2025-04-21T11:31:44.721+0000] {dagbag.py:588} INFO - Filling up the DagBag from /home/airflow/.local/lib/python3.12/site-packages/airflow/example_dags/example_nested_branch_dag.py
[2025-04-21T11:31:44.731+0000] {processor.py:925} INFO - DAG(s) 'example_nested_branch_dag' retrieved from /home/airflow/.local/lib/python3.12/site-packages/airflow/example_dags/example_nested_branch_dag.py
[2025-04-21T11:31:44.751+0000] {logging_mixin.py:190} INFO - [2025-04-21T11:31:44.751+0000] {dag.py:3239} INFO - Sync 1 DAGs
[2025-04-21T11:31:44.772+0000] {logging_mixin.py:190} INFO - [2025-04-21T11:31:44.772+0000] {dag.py:4180} INFO - Setting next_dagrun for example_nested_branch_dag to 2025-04-20 00:00:00+00:00, run_after=2025-04-21 00:00:00+00:00
[2025-04-21T11:31:44.788+0000] {processor.py:208} INFO - Processing /home/airflow/.local/lib/python3.12/site-packages/airflow/example_dags/example_nested_branch_dag.py took 0.075 seconds
[2025-04-21T11:32:14.986+0000] {processor.py:186} INFO - Started process (PID=4939) to work on /home/airflow/.local/lib/python3.12/site-packages/airflow/example_dags/example_nested_branch_dag.py
[2025-04-21T11:32:14.987+0000] {processor.py:914} INFO - Processing file /home/airflow/.local/lib/python3.12/site-packages/airflow/example_dags/example_nested_branch_dag.py for tasks to queue
[2025-04-21T11:32:14.989+0000] {logging_mixin.py:190} INFO - [2025-04-21T11:32:14.988+0000] {dagbag.py:588} INFO - Filling up the DagBag from /home/airflow/.local/lib/python3.12/site-packages/airflow/example_dags/example_nested_branch_dag.py
[2025-04-21T11:32:14.997+0000] {processor.py:925} INFO - DAG(s) 'example_nested_branch_dag' retrieved from /home/airflow/.local/lib/python3.12/site-packages/airflow/example_dags/example_nested_branch_dag.py
[2025-04-21T11:32:15.013+0000] {logging_mixin.py:190} INFO - [2025-04-21T11:32:15.013+0000] {dag.py:3239} INFO - Sync 1 DAGs
[2025-04-21T11:32:15.033+0000] {logging_mixin.py:190} INFO - [2025-04-21T11:32:15.032+0000] {dag.py:4180} INFO - Setting next_dagrun for example_nested_branch_dag to 2025-04-20 00:00:00+00:00, run_after=2025-04-21 00:00:00+00:00
[2025-04-21T11:32:15.048+0000] {processor.py:208} INFO - Processing /home/airflow/.local/lib/python3.12/site-packages/airflow/example_dags/example_nested_branch_dag.py took 0.066 seconds
[2025-04-21T11:32:45.638+0000] {processor.py:186} INFO - Started process (PID=5001) to work on /home/airflow/.local/lib/python3.12/site-packages/airflow/example_dags/example_nested_branch_dag.py
[2025-04-21T11:32:45.639+0000] {processor.py:914} INFO - Processing file /home/airflow/.local/lib/python3.12/site-packages/airflow/example_dags/example_nested_branch_dag.py for tasks to queue
[2025-04-21T11:32:45.641+0000] {logging_mixin.py:190} INFO - [2025-04-21T11:32:45.641+0000] {dagbag.py:588} INFO - Filling up the DagBag from /home/airflow/.local/lib/python3.12/site-packages/airflow/example_dags/example_nested_branch_dag.py
[2025-04-21T11:32:45.650+0000] {processor.py:925} INFO - DAG(s) 'example_nested_branch_dag' retrieved from /home/airflow/.local/lib/python3.12/site-packages/airflow/example_dags/example_nested_branch_dag.py
[2025-04-21T11:32:45.672+0000] {logging_mixin.py:190} INFO - [2025-04-21T11:32:45.672+0000] {dag.py:3239} INFO - Sync 1 DAGs
[2025-04-21T11:32:45.693+0000] {logging_mixin.py:190} INFO - [2025-04-21T11:32:45.693+0000] {dag.py:4180} INFO - Setting next_dagrun for example_nested_branch_dag to 2025-04-20 00:00:00+00:00, run_after=2025-04-21 00:00:00+00:00
[2025-04-21T11:32:45.708+0000] {processor.py:208} INFO - Processing /home/airflow/.local/lib/python3.12/site-packages/airflow/example_dags/example_nested_branch_dag.py took 0.074 seconds
[2025-04-21T11:33:16.305+0000] {processor.py:186} INFO - Started process (PID=5065) to work on /home/airflow/.local/lib/python3.12/site-packages/airflow/example_dags/example_nested_branch_dag.py
[2025-04-21T11:33:16.306+0000] {processor.py:914} INFO - Processing file /home/airflow/.local/lib/python3.12/site-packages/airflow/example_dags/example_nested_branch_dag.py for tasks to queue
[2025-04-21T11:33:16.308+0000] {logging_mixin.py:190} INFO - [2025-04-21T11:33:16.308+0000] {dagbag.py:588} INFO - Filling up the DagBag from /home/airflow/.local/lib/python3.12/site-packages/airflow/example_dags/example_nested_branch_dag.py
[2025-04-21T11:33:16.318+0000] {processor.py:925} INFO - DAG(s) 'example_nested_branch_dag' retrieved from /home/airflow/.local/lib/python3.12/site-packages/airflow/example_dags/example_nested_branch_dag.py
[2025-04-21T11:33:16.338+0000] {logging_mixin.py:190} INFO - [2025-04-21T11:33:16.338+0000] {dag.py:3239} INFO - Sync 1 DAGs
[2025-04-21T11:33:16.358+0000] {logging_mixin.py:190} INFO - [2025-04-21T11:33:16.358+0000] {dag.py:4180} INFO - Setting next_dagrun for example_nested_branch_dag to 2025-04-20 00:00:00+00:00, run_after=2025-04-21 00:00:00+00:00
[2025-04-21T11:33:16.375+0000] {processor.py:208} INFO - Processing /home/airflow/.local/lib/python3.12/site-packages/airflow/example_dags/example_nested_branch_dag.py took 0.074 seconds
[2025-04-21T11:33:46.566+0000] {processor.py:186} INFO - Started process (PID=5129) to work on /home/airflow/.local/lib/python3.12/site-packages/airflow/example_dags/example_nested_branch_dag.py
[2025-04-21T11:33:46.567+0000] {processor.py:914} INFO - Processing file /home/airflow/.local/lib/python3.12/site-packages/airflow/example_dags/example_nested_branch_dag.py for tasks to queue
[2025-04-21T11:33:46.569+0000] {logging_mixin.py:190} INFO - [2025-04-21T11:33:46.569+0000] {dagbag.py:588} INFO - Filling up the DagBag from /home/airflow/.local/lib/python3.12/site-packages/airflow/example_dags/example_nested_branch_dag.py
[2025-04-21T11:33:46.579+0000] {processor.py:925} INFO - DAG(s) 'example_nested_branch_dag' retrieved from /home/airflow/.local/lib/python3.12/site-packages/airflow/example_dags/example_nested_branch_dag.py
[2025-04-21T11:33:46.596+0000] {logging_mixin.py:190} INFO - [2025-04-21T11:33:46.596+0000] {dag.py:3239} INFO - Sync 1 DAGs
[2025-04-21T11:33:46.614+0000] {logging_mixin.py:190} INFO - [2025-04-21T11:33:46.614+0000] {dag.py:4180} INFO - Setting next_dagrun for example_nested_branch_dag to 2025-04-20 00:00:00+00:00, run_after=2025-04-21 00:00:00+00:00
[2025-04-21T11:33:46.634+0000] {processor.py:208} INFO - Processing /home/airflow/.local/lib/python3.12/site-packages/airflow/example_dags/example_nested_branch_dag.py took 0.071 seconds
[2025-04-21T11:34:16.800+0000] {processor.py:186} INFO - Started process (PID=5193) to work on /home/airflow/.local/lib/python3.12/site-packages/airflow/example_dags/example_nested_branch_dag.py
[2025-04-21T11:34:16.802+0000] {processor.py:914} INFO - Processing file /home/airflow/.local/lib/python3.12/site-packages/airflow/example_dags/example_nested_branch_dag.py for tasks to queue
[2025-04-21T11:34:16.804+0000] {logging_mixin.py:190} INFO - [2025-04-21T11:34:16.804+0000] {dagbag.py:588} INFO - Filling up the DagBag from /home/airflow/.local/lib/python3.12/site-packages/airflow/example_dags/example_nested_branch_dag.py
[2025-04-21T11:34:16.812+0000] {processor.py:925} INFO - DAG(s) 'example_nested_branch_dag' retrieved from /home/airflow/.local/lib/python3.12/site-packages/airflow/example_dags/example_nested_branch_dag.py
[2025-04-21T11:34:16.834+0000] {logging_mixin.py:190} INFO - [2025-04-21T11:34:16.834+0000] {dag.py:3239} INFO - Sync 1 DAGs
[2025-04-21T11:34:16.853+0000] {logging_mixin.py:190} INFO - [2025-04-21T11:34:16.853+0000] {dag.py:4180} INFO - Setting next_dagrun for example_nested_branch_dag to 2025-04-20 00:00:00+00:00, run_after=2025-04-21 00:00:00+00:00
[2025-04-21T11:34:16.867+0000] {processor.py:208} INFO - Processing /home/airflow/.local/lib/python3.12/site-packages/airflow/example_dags/example_nested_branch_dag.py took 0.071 seconds
[2025-04-21T11:34:47.137+0000] {processor.py:186} INFO - Started process (PID=5256) to work on /home/airflow/.local/lib/python3.12/site-packages/airflow/example_dags/example_nested_branch_dag.py
[2025-04-21T11:34:47.138+0000] {processor.py:914} INFO - Processing file /home/airflow/.local/lib/python3.12/site-packages/airflow/example_dags/example_nested_branch_dag.py for tasks to queue
[2025-04-21T11:34:47.140+0000] {logging_mixin.py:190} INFO - [2025-04-21T11:34:47.140+0000] {dagbag.py:588} INFO - Filling up the DagBag from /home/airflow/.local/lib/python3.12/site-packages/airflow/example_dags/example_nested_branch_dag.py
[2025-04-21T11:34:47.149+0000] {processor.py:925} INFO - DAG(s) 'example_nested_branch_dag' retrieved from /home/airflow/.local/lib/python3.12/site-packages/airflow/example_dags/example_nested_branch_dag.py
[2025-04-21T11:34:47.166+0000] {logging_mixin.py:190} INFO - [2025-04-21T11:34:47.166+0000] {dag.py:3239} INFO - Sync 1 DAGs
[2025-04-21T11:34:47.186+0000] {logging_mixin.py:190} INFO - [2025-04-21T11:34:47.186+0000] {dag.py:4180} INFO - Setting next_dagrun for example_nested_branch_dag to 2025-04-20 00:00:00+00:00, run_after=2025-04-21 00:00:00+00:00
[2025-04-21T11:34:47.200+0000] {processor.py:208} INFO - Processing /home/airflow/.local/lib/python3.12/site-packages/airflow/example_dags/example_nested_branch_dag.py took 0.067 seconds
[2025-04-21T11:35:17.577+0000] {processor.py:186} INFO - Started process (PID=5320) to work on /home/airflow/.local/lib/python3.12/site-packages/airflow/example_dags/example_nested_branch_dag.py
[2025-04-21T11:35:17.579+0000] {processor.py:914} INFO - Processing file /home/airflow/.local/lib/python3.12/site-packages/airflow/example_dags/example_nested_branch_dag.py for tasks to queue
[2025-04-21T11:35:17.581+0000] {logging_mixin.py:190} INFO - [2025-04-21T11:35:17.580+0000] {dagbag.py:588} INFO - Filling up the DagBag from /home/airflow/.local/lib/python3.12/site-packages/airflow/example_dags/example_nested_branch_dag.py
[2025-04-21T11:35:17.592+0000] {processor.py:925} INFO - DAG(s) 'example_nested_branch_dag' retrieved from /home/airflow/.local/lib/python3.12/site-packages/airflow/example_dags/example_nested_branch_dag.py
[2025-04-21T11:35:17.611+0000] {logging_mixin.py:190} INFO - [2025-04-21T11:35:17.610+0000] {dag.py:3239} INFO - Sync 1 DAGs
[2025-04-21T11:35:17.630+0000] {logging_mixin.py:190} INFO - [2025-04-21T11:35:17.630+0000] {dag.py:4180} INFO - Setting next_dagrun for example_nested_branch_dag to 2025-04-20 00:00:00+00:00, run_after=2025-04-21 00:00:00+00:00
[2025-04-21T11:35:17.649+0000] {processor.py:208} INFO - Processing /home/airflow/.local/lib/python3.12/site-packages/airflow/example_dags/example_nested_branch_dag.py took 0.077 seconds
[2025-04-21T11:35:48.676+0000] {processor.py:186} INFO - Started process (PID=5384) to work on /home/airflow/.local/lib/python3.12/site-packages/airflow/example_dags/example_nested_branch_dag.py
[2025-04-21T11:35:48.676+0000] {processor.py:914} INFO - Processing file /home/airflow/.local/lib/python3.12/site-packages/airflow/example_dags/example_nested_branch_dag.py for tasks to queue
[2025-04-21T11:35:48.679+0000] {logging_mixin.py:190} INFO - [2025-04-21T11:35:48.679+0000] {dagbag.py:588} INFO - Filling up the DagBag from /home/airflow/.local/lib/python3.12/site-packages/airflow/example_dags/example_nested_branch_dag.py
[2025-04-21T11:35:48.688+0000] {processor.py:925} INFO - DAG(s) 'example_nested_branch_dag' retrieved from /home/airflow/.local/lib/python3.12/site-packages/airflow/example_dags/example_nested_branch_dag.py
[2025-04-21T11:35:48.706+0000] {logging_mixin.py:190} INFO - [2025-04-21T11:35:48.706+0000] {dag.py:3239} INFO - Sync 1 DAGs
[2025-04-21T11:35:48.728+0000] {logging_mixin.py:190} INFO - [2025-04-21T11:35:48.727+0000] {dag.py:4180} INFO - Setting next_dagrun for example_nested_branch_dag to 2025-04-20 00:00:00+00:00, run_after=2025-04-21 00:00:00+00:00
[2025-04-21T11:35:48.743+0000] {processor.py:208} INFO - Processing /home/airflow/.local/lib/python3.12/site-packages/airflow/example_dags/example_nested_branch_dag.py took 0.072 seconds
[2025-04-21T11:36:19.506+0000] {processor.py:186} INFO - Started process (PID=5448) to work on /home/airflow/.local/lib/python3.12/site-packages/airflow/example_dags/example_nested_branch_dag.py
[2025-04-21T11:36:19.507+0000] {processor.py:914} INFO - Processing file /home/airflow/.local/lib/python3.12/site-packages/airflow/example_dags/example_nested_branch_dag.py for tasks to queue
[2025-04-21T11:36:19.509+0000] {logging_mixin.py:190} INFO - [2025-04-21T11:36:19.508+0000] {dagbag.py:588} INFO - Filling up the DagBag from /home/airflow/.local/lib/python3.12/site-packages/airflow/example_dags/example_nested_branch_dag.py
[2025-04-21T11:36:19.518+0000] {processor.py:925} INFO - DAG(s) 'example_nested_branch_dag' retrieved from /home/airflow/.local/lib/python3.12/site-packages/airflow/example_dags/example_nested_branch_dag.py
[2025-04-21T11:36:19.539+0000] {logging_mixin.py:190} INFO - [2025-04-21T11:36:19.538+0000] {dag.py:3239} INFO - Sync 1 DAGs
[2025-04-21T11:36:19.559+0000] {logging_mixin.py:190} INFO - [2025-04-21T11:36:19.559+0000] {dag.py:4180} INFO - Setting next_dagrun for example_nested_branch_dag to 2025-04-20 00:00:00+00:00, run_after=2025-04-21 00:00:00+00:00
[2025-04-21T11:36:19.575+0000] {processor.py:208} INFO - Processing /home/airflow/.local/lib/python3.12/site-packages/airflow/example_dags/example_nested_branch_dag.py took 0.074 seconds
[2025-04-21T11:36:50.218+0000] {processor.py:186} INFO - Started process (PID=5512) to work on /home/airflow/.local/lib/python3.12/site-packages/airflow/example_dags/example_nested_branch_dag.py
[2025-04-21T11:36:50.219+0000] {processor.py:914} INFO - Processing file /home/airflow/.local/lib/python3.12/site-packages/airflow/example_dags/example_nested_branch_dag.py for tasks to queue
[2025-04-21T11:36:50.220+0000] {logging_mixin.py:190} INFO - [2025-04-21T11:36:50.220+0000] {dagbag.py:588} INFO - Filling up the DagBag from /home/airflow/.local/lib/python3.12/site-packages/airflow/example_dags/example_nested_branch_dag.py
[2025-04-21T11:36:50.230+0000] {processor.py:925} INFO - DAG(s) 'example_nested_branch_dag' retrieved from /home/airflow/.local/lib/python3.12/site-packages/airflow/example_dags/example_nested_branch_dag.py
[2025-04-21T11:36:50.246+0000] {logging_mixin.py:190} INFO - [2025-04-21T11:36:50.246+0000] {dag.py:3239} INFO - Sync 1 DAGs
[2025-04-21T11:36:50.265+0000] {logging_mixin.py:190} INFO - [2025-04-21T11:36:50.265+0000] {dag.py:4180} INFO - Setting next_dagrun for example_nested_branch_dag to 2025-04-20 00:00:00+00:00, run_after=2025-04-21 00:00:00+00:00
[2025-04-21T11:36:50.281+0000] {processor.py:208} INFO - Processing /home/airflow/.local/lib/python3.12/site-packages/airflow/example_dags/example_nested_branch_dag.py took 0.068 seconds
[2025-04-21T11:37:20.807+0000] {processor.py:186} INFO - Started process (PID=5576) to work on /home/airflow/.local/lib/python3.12/site-packages/airflow/example_dags/example_nested_branch_dag.py
[2025-04-21T11:37:20.808+0000] {processor.py:914} INFO - Processing file /home/airflow/.local/lib/python3.12/site-packages/airflow/example_dags/example_nested_branch_dag.py for tasks to queue
[2025-04-21T11:37:20.810+0000] {logging_mixin.py:190} INFO - [2025-04-21T11:37:20.810+0000] {dagbag.py:588} INFO - Filling up the DagBag from /home/airflow/.local/lib/python3.12/site-packages/airflow/example_dags/example_nested_branch_dag.py
[2025-04-21T11:37:20.818+0000] {processor.py:925} INFO - DAG(s) 'example_nested_branch_dag' retrieved from /home/airflow/.local/lib/python3.12/site-packages/airflow/example_dags/example_nested_branch_dag.py
[2025-04-21T11:37:20.836+0000] {logging_mixin.py:190} INFO - [2025-04-21T11:37:20.836+0000] {dag.py:3239} INFO - Sync 1 DAGs
[2025-04-21T11:37:20.854+0000] {logging_mixin.py:190} INFO - [2025-04-21T11:37:20.854+0000] {dag.py:4180} INFO - Setting next_dagrun for example_nested_branch_dag to 2025-04-20 00:00:00+00:00, run_after=2025-04-21 00:00:00+00:00
[2025-04-21T11:37:20.869+0000] {processor.py:208} INFO - Processing /home/airflow/.local/lib/python3.12/site-packages/airflow/example_dags/example_nested_branch_dag.py took 0.066 seconds
[2025-04-21T11:37:51.096+0000] {processor.py:186} INFO - Started process (PID=5639) to work on /home/airflow/.local/lib/python3.12/site-packages/airflow/example_dags/example_nested_branch_dag.py
[2025-04-21T11:37:51.096+0000] {processor.py:914} INFO - Processing file /home/airflow/.local/lib/python3.12/site-packages/airflow/example_dags/example_nested_branch_dag.py for tasks to queue
[2025-04-21T11:37:51.098+0000] {logging_mixin.py:190} INFO - [2025-04-21T11:37:51.098+0000] {dagbag.py:588} INFO - Filling up the DagBag from /home/airflow/.local/lib/python3.12/site-packages/airflow/example_dags/example_nested_branch_dag.py
[2025-04-21T11:37:51.107+0000] {processor.py:925} INFO - DAG(s) 'example_nested_branch_dag' retrieved from /home/airflow/.local/lib/python3.12/site-packages/airflow/example_dags/example_nested_branch_dag.py
[2025-04-21T11:37:51.122+0000] {logging_mixin.py:190} INFO - [2025-04-21T11:37:51.122+0000] {dag.py:3239} INFO - Sync 1 DAGs
[2025-04-21T11:37:51.140+0000] {logging_mixin.py:190} INFO - [2025-04-21T11:37:51.139+0000] {dag.py:4180} INFO - Setting next_dagrun for example_nested_branch_dag to 2025-04-20 00:00:00+00:00, run_after=2025-04-21 00:00:00+00:00
[2025-04-21T11:37:51.159+0000] {processor.py:208} INFO - Processing /home/airflow/.local/lib/python3.12/site-packages/airflow/example_dags/example_nested_branch_dag.py took 0.068 seconds
[2025-04-21T11:38:21.279+0000] {processor.py:186} INFO - Started process (PID=5703) to work on /home/airflow/.local/lib/python3.12/site-packages/airflow/example_dags/example_nested_branch_dag.py
[2025-04-21T11:38:21.279+0000] {processor.py:914} INFO - Processing file /home/airflow/.local/lib/python3.12/site-packages/airflow/example_dags/example_nested_branch_dag.py for tasks to queue
[2025-04-21T11:38:21.281+0000] {logging_mixin.py:190} INFO - [2025-04-21T11:38:21.281+0000] {dagbag.py:588} INFO - Filling up the DagBag from /home/airflow/.local/lib/python3.12/site-packages/airflow/example_dags/example_nested_branch_dag.py
[2025-04-21T11:38:21.291+0000] {processor.py:925} INFO - DAG(s) 'example_nested_branch_dag' retrieved from /home/airflow/.local/lib/python3.12/site-packages/airflow/example_dags/example_nested_branch_dag.py
[2025-04-21T11:38:21.308+0000] {logging_mixin.py:190} INFO - [2025-04-21T11:38:21.307+0000] {dag.py:3239} INFO - Sync 1 DAGs
[2025-04-21T11:38:21.326+0000] {logging_mixin.py:190} INFO - [2025-04-21T11:38:21.326+0000] {dag.py:4180} INFO - Setting next_dagrun for example_nested_branch_dag to 2025-04-20 00:00:00+00:00, run_after=2025-04-21 00:00:00+00:00
[2025-04-21T11:38:21.342+0000] {processor.py:208} INFO - Processing /home/airflow/.local/lib/python3.12/site-packages/airflow/example_dags/example_nested_branch_dag.py took 0.068 seconds
[2025-04-21T11:38:51.589+0000] {processor.py:186} INFO - Started process (PID=5767) to work on /home/airflow/.local/lib/python3.12/site-packages/airflow/example_dags/example_nested_branch_dag.py
[2025-04-21T11:38:51.590+0000] {processor.py:914} INFO - Processing file /home/airflow/.local/lib/python3.12/site-packages/airflow/example_dags/example_nested_branch_dag.py for tasks to queue
[2025-04-21T11:38:51.592+0000] {logging_mixin.py:190} INFO - [2025-04-21T11:38:51.591+0000] {dagbag.py:588} INFO - Filling up the DagBag from /home/airflow/.local/lib/python3.12/site-packages/airflow/example_dags/example_nested_branch_dag.py
[2025-04-21T11:38:51.600+0000] {processor.py:925} INFO - DAG(s) 'example_nested_branch_dag' retrieved from /home/airflow/.local/lib/python3.12/site-packages/airflow/example_dags/example_nested_branch_dag.py
[2025-04-21T11:38:51.620+0000] {logging_mixin.py:190} INFO - [2025-04-21T11:38:51.620+0000] {dag.py:3239} INFO - Sync 1 DAGs
[2025-04-21T11:38:51.638+0000] {logging_mixin.py:190} INFO - [2025-04-21T11:38:51.638+0000] {dag.py:4180} INFO - Setting next_dagrun for example_nested_branch_dag to 2025-04-20 00:00:00+00:00, run_after=2025-04-21 00:00:00+00:00
[2025-04-21T11:38:51.652+0000] {processor.py:208} INFO - Processing /home/airflow/.local/lib/python3.12/site-packages/airflow/example_dags/example_nested_branch_dag.py took 0.067 seconds
[2025-04-21T11:39:21.700+0000] {processor.py:186} INFO - Started process (PID=5831) to work on /home/airflow/.local/lib/python3.12/site-packages/airflow/example_dags/example_nested_branch_dag.py
[2025-04-21T11:39:21.701+0000] {processor.py:914} INFO - Processing file /home/airflow/.local/lib/python3.12/site-packages/airflow/example_dags/example_nested_branch_dag.py for tasks to queue
[2025-04-21T11:39:21.704+0000] {logging_mixin.py:190} INFO - [2025-04-21T11:39:21.703+0000] {dagbag.py:588} INFO - Filling up the DagBag from /home/airflow/.local/lib/python3.12/site-packages/airflow/example_dags/example_nested_branch_dag.py
[2025-04-21T11:39:21.712+0000] {processor.py:925} INFO - DAG(s) 'example_nested_branch_dag' retrieved from /home/airflow/.local/lib/python3.12/site-packages/airflow/example_dags/example_nested_branch_dag.py
[2025-04-21T11:39:21.730+0000] {logging_mixin.py:190} INFO - [2025-04-21T11:39:21.730+0000] {dag.py:3239} INFO - Sync 1 DAGs
[2025-04-21T11:39:21.751+0000] {logging_mixin.py:190} INFO - [2025-04-21T11:39:21.751+0000] {dag.py:4180} INFO - Setting next_dagrun for example_nested_branch_dag to 2025-04-20 00:00:00+00:00, run_after=2025-04-21 00:00:00+00:00
[2025-04-21T11:39:21.769+0000] {processor.py:208} INFO - Processing /home/airflow/.local/lib/python3.12/site-packages/airflow/example_dags/example_nested_branch_dag.py took 0.073 seconds
[2025-04-21T11:39:52.512+0000] {processor.py:186} INFO - Started process (PID=5895) to work on /home/airflow/.local/lib/python3.12/site-packages/airflow/example_dags/example_nested_branch_dag.py
[2025-04-21T11:39:52.513+0000] {processor.py:914} INFO - Processing file /home/airflow/.local/lib/python3.12/site-packages/airflow/example_dags/example_nested_branch_dag.py for tasks to queue
[2025-04-21T11:39:52.514+0000] {logging_mixin.py:190} INFO - [2025-04-21T11:39:52.514+0000] {dagbag.py:588} INFO - Filling up the DagBag from /home/airflow/.local/lib/python3.12/site-packages/airflow/example_dags/example_nested_branch_dag.py
[2025-04-21T11:39:52.523+0000] {processor.py:925} INFO - DAG(s) 'example_nested_branch_dag' retrieved from /home/airflow/.local/lib/python3.12/site-packages/airflow/example_dags/example_nested_branch_dag.py
[2025-04-21T11:39:52.540+0000] {logging_mixin.py:190} INFO - [2025-04-21T11:39:52.540+0000] {dag.py:3239} INFO - Sync 1 DAGs
[2025-04-21T11:39:52.560+0000] {logging_mixin.py:190} INFO - [2025-04-21T11:39:52.559+0000] {dag.py:4180} INFO - Setting next_dagrun for example_nested_branch_dag to 2025-04-20 00:00:00+00:00, run_after=2025-04-21 00:00:00+00:00
[2025-04-21T11:39:52.576+0000] {processor.py:208} INFO - Processing /home/airflow/.local/lib/python3.12/site-packages/airflow/example_dags/example_nested_branch_dag.py took 0.068 seconds
[2025-04-21T11:40:23.384+0000] {processor.py:186} INFO - Started process (PID=5959) to work on /home/airflow/.local/lib/python3.12/site-packages/airflow/example_dags/example_nested_branch_dag.py
[2025-04-21T11:40:23.386+0000] {processor.py:914} INFO - Processing file /home/airflow/.local/lib/python3.12/site-packages/airflow/example_dags/example_nested_branch_dag.py for tasks to queue
[2025-04-21T11:40:23.388+0000] {logging_mixin.py:190} INFO - [2025-04-21T11:40:23.388+0000] {dagbag.py:588} INFO - Filling up the DagBag from /home/airflow/.local/lib/python3.12/site-packages/airflow/example_dags/example_nested_branch_dag.py
[2025-04-21T11:40:23.398+0000] {processor.py:925} INFO - DAG(s) 'example_nested_branch_dag' retrieved from /home/airflow/.local/lib/python3.12/site-packages/airflow/example_dags/example_nested_branch_dag.py
[2025-04-21T11:40:23.415+0000] {logging_mixin.py:190} INFO - [2025-04-21T11:40:23.415+0000] {dag.py:3239} INFO - Sync 1 DAGs
[2025-04-21T11:40:23.436+0000] {logging_mixin.py:190} INFO - [2025-04-21T11:40:23.435+0000] {dag.py:4180} INFO - Setting next_dagrun for example_nested_branch_dag to 2025-04-20 00:00:00+00:00, run_after=2025-04-21 00:00:00+00:00
[2025-04-21T11:40:23.453+0000] {processor.py:208} INFO - Processing /home/airflow/.local/lib/python3.12/site-packages/airflow/example_dags/example_nested_branch_dag.py took 0.074 seconds
[2025-04-21T11:40:53.610+0000] {processor.py:186} INFO - Started process (PID=6023) to work on /home/airflow/.local/lib/python3.12/site-packages/airflow/example_dags/example_nested_branch_dag.py
[2025-04-21T11:40:53.611+0000] {processor.py:914} INFO - Processing file /home/airflow/.local/lib/python3.12/site-packages/airflow/example_dags/example_nested_branch_dag.py for tasks to queue
[2025-04-21T11:40:53.613+0000] {logging_mixin.py:190} INFO - [2025-04-21T11:40:53.612+0000] {dagbag.py:588} INFO - Filling up the DagBag from /home/airflow/.local/lib/python3.12/site-packages/airflow/example_dags/example_nested_branch_dag.py
[2025-04-21T11:40:53.623+0000] {processor.py:925} INFO - DAG(s) 'example_nested_branch_dag' retrieved from /home/airflow/.local/lib/python3.12/site-packages/airflow/example_dags/example_nested_branch_dag.py
[2025-04-21T11:40:53.640+0000] {logging_mixin.py:190} INFO - [2025-04-21T11:40:53.640+0000] {dag.py:3239} INFO - Sync 1 DAGs
[2025-04-21T11:40:53.660+0000] {logging_mixin.py:190} INFO - [2025-04-21T11:40:53.660+0000] {dag.py:4180} INFO - Setting next_dagrun for example_nested_branch_dag to 2025-04-20 00:00:00+00:00, run_after=2025-04-21 00:00:00+00:00
[2025-04-21T11:40:53.676+0000] {processor.py:208} INFO - Processing /home/airflow/.local/lib/python3.12/site-packages/airflow/example_dags/example_nested_branch_dag.py took 0.072 seconds
[2025-04-21T11:41:23.773+0000] {processor.py:186} INFO - Started process (PID=6087) to work on /home/airflow/.local/lib/python3.12/site-packages/airflow/example_dags/example_nested_branch_dag.py
[2025-04-21T11:41:23.774+0000] {processor.py:914} INFO - Processing file /home/airflow/.local/lib/python3.12/site-packages/airflow/example_dags/example_nested_branch_dag.py for tasks to queue
[2025-04-21T11:41:23.776+0000] {logging_mixin.py:190} INFO - [2025-04-21T11:41:23.776+0000] {dagbag.py:588} INFO - Filling up the DagBag from /home/airflow/.local/lib/python3.12/site-packages/airflow/example_dags/example_nested_branch_dag.py
[2025-04-21T11:41:23.787+0000] {processor.py:925} INFO - DAG(s) 'example_nested_branch_dag' retrieved from /home/airflow/.local/lib/python3.12/site-packages/airflow/example_dags/example_nested_branch_dag.py
[2025-04-21T11:41:23.807+0000] {logging_mixin.py:190} INFO - [2025-04-21T11:41:23.807+0000] {dag.py:3239} INFO - Sync 1 DAGs
[2025-04-21T11:41:23.827+0000] {logging_mixin.py:190} INFO - [2025-04-21T11:41:23.827+0000] {dag.py:4180} INFO - Setting next_dagrun for example_nested_branch_dag to 2025-04-20 00:00:00+00:00, run_after=2025-04-21 00:00:00+00:00
[2025-04-21T11:41:23.844+0000] {processor.py:208} INFO - Processing /home/airflow/.local/lib/python3.12/site-packages/airflow/example_dags/example_nested_branch_dag.py took 0.076 seconds
[2025-04-21T11:41:54.086+0000] {processor.py:186} INFO - Started process (PID=6151) to work on /home/airflow/.local/lib/python3.12/site-packages/airflow/example_dags/example_nested_branch_dag.py
[2025-04-21T11:41:54.087+0000] {processor.py:914} INFO - Processing file /home/airflow/.local/lib/python3.12/site-packages/airflow/example_dags/example_nested_branch_dag.py for tasks to queue
[2025-04-21T11:41:54.089+0000] {logging_mixin.py:190} INFO - [2025-04-21T11:41:54.088+0000] {dagbag.py:588} INFO - Filling up the DagBag from /home/airflow/.local/lib/python3.12/site-packages/airflow/example_dags/example_nested_branch_dag.py
[2025-04-21T11:41:54.097+0000] {processor.py:925} INFO - DAG(s) 'example_nested_branch_dag' retrieved from /home/airflow/.local/lib/python3.12/site-packages/airflow/example_dags/example_nested_branch_dag.py
[2025-04-21T11:41:54.114+0000] {logging_mixin.py:190} INFO - [2025-04-21T11:41:54.113+0000] {dag.py:3239} INFO - Sync 1 DAGs
[2025-04-21T11:41:54.132+0000] {logging_mixin.py:190} INFO - [2025-04-21T11:41:54.132+0000] {dag.py:4180} INFO - Setting next_dagrun for example_nested_branch_dag to 2025-04-20 00:00:00+00:00, run_after=2025-04-21 00:00:00+00:00
[2025-04-21T11:41:54.151+0000] {processor.py:208} INFO - Processing /home/airflow/.local/lib/python3.12/site-packages/airflow/example_dags/example_nested_branch_dag.py took 0.070 seconds
[2025-04-21T11:42:24.900+0000] {processor.py:186} INFO - Started process (PID=6215) to work on /home/airflow/.local/lib/python3.12/site-packages/airflow/example_dags/example_nested_branch_dag.py
[2025-04-21T11:42:24.901+0000] {processor.py:914} INFO - Processing file /home/airflow/.local/lib/python3.12/site-packages/airflow/example_dags/example_nested_branch_dag.py for tasks to queue
[2025-04-21T11:42:24.903+0000] {logging_mixin.py:190} INFO - [2025-04-21T11:42:24.903+0000] {dagbag.py:588} INFO - Filling up the DagBag from /home/airflow/.local/lib/python3.12/site-packages/airflow/example_dags/example_nested_branch_dag.py
[2025-04-21T11:42:24.911+0000] {processor.py:925} INFO - DAG(s) 'example_nested_branch_dag' retrieved from /home/airflow/.local/lib/python3.12/site-packages/airflow/example_dags/example_nested_branch_dag.py
[2025-04-21T11:42:24.932+0000] {logging_mixin.py:190} INFO - [2025-04-21T11:42:24.931+0000] {dag.py:3239} INFO - Sync 1 DAGs
[2025-04-21T11:42:24.950+0000] {logging_mixin.py:190} INFO - [2025-04-21T11:42:24.950+0000] {dag.py:4180} INFO - Setting next_dagrun for example_nested_branch_dag to 2025-04-20 00:00:00+00:00, run_after=2025-04-21 00:00:00+00:00
[2025-04-21T11:42:24.970+0000] {processor.py:208} INFO - Processing /home/airflow/.local/lib/python3.12/site-packages/airflow/example_dags/example_nested_branch_dag.py took 0.075 seconds
[2025-04-21T11:42:56.145+0000] {processor.py:186} INFO - Started process (PID=6279) to work on /home/airflow/.local/lib/python3.12/site-packages/airflow/example_dags/example_nested_branch_dag.py
[2025-04-21T11:42:56.146+0000] {processor.py:914} INFO - Processing file /home/airflow/.local/lib/python3.12/site-packages/airflow/example_dags/example_nested_branch_dag.py for tasks to queue
[2025-04-21T11:42:56.149+0000] {logging_mixin.py:190} INFO - [2025-04-21T11:42:56.149+0000] {dagbag.py:588} INFO - Filling up the DagBag from /home/airflow/.local/lib/python3.12/site-packages/airflow/example_dags/example_nested_branch_dag.py
[2025-04-21T11:42:56.168+0000] {processor.py:925} INFO - DAG(s) 'example_nested_branch_dag' retrieved from /home/airflow/.local/lib/python3.12/site-packages/airflow/example_dags/example_nested_branch_dag.py
[2025-04-21T11:42:56.211+0000] {logging_mixin.py:190} INFO - [2025-04-21T11:42:56.211+0000] {dag.py:3239} INFO - Sync 1 DAGs
[2025-04-21T11:42:56.248+0000] {logging_mixin.py:190} INFO - [2025-04-21T11:42:56.248+0000] {dag.py:4180} INFO - Setting next_dagrun for example_nested_branch_dag to 2025-04-20 00:00:00+00:00, run_after=2025-04-21 00:00:00+00:00
[2025-04-21T11:42:56.284+0000] {processor.py:208} INFO - Processing /home/airflow/.local/lib/python3.12/site-packages/airflow/example_dags/example_nested_branch_dag.py took 0.150 seconds
[2025-04-21T11:43:26.957+0000] {processor.py:186} INFO - Started process (PID=6343) to work on /home/airflow/.local/lib/python3.12/site-packages/airflow/example_dags/example_nested_branch_dag.py
[2025-04-21T11:43:26.960+0000] {processor.py:914} INFO - Processing file /home/airflow/.local/lib/python3.12/site-packages/airflow/example_dags/example_nested_branch_dag.py for tasks to queue
[2025-04-21T11:43:26.965+0000] {logging_mixin.py:190} INFO - [2025-04-21T11:43:26.964+0000] {dagbag.py:588} INFO - Filling up the DagBag from /home/airflow/.local/lib/python3.12/site-packages/airflow/example_dags/example_nested_branch_dag.py
[2025-04-21T11:43:26.989+0000] {processor.py:925} INFO - DAG(s) 'example_nested_branch_dag' retrieved from /home/airflow/.local/lib/python3.12/site-packages/airflow/example_dags/example_nested_branch_dag.py
[2025-04-21T11:43:27.033+0000] {logging_mixin.py:190} INFO - [2025-04-21T11:43:27.032+0000] {dag.py:3239} INFO - Sync 1 DAGs
[2025-04-21T11:43:27.085+0000] {logging_mixin.py:190} INFO - [2025-04-21T11:43:27.085+0000] {dag.py:4180} INFO - Setting next_dagrun for example_nested_branch_dag to 2025-04-20 00:00:00+00:00, run_after=2025-04-21 00:00:00+00:00
[2025-04-21T11:43:27.130+0000] {processor.py:208} INFO - Processing /home/airflow/.local/lib/python3.12/site-packages/airflow/example_dags/example_nested_branch_dag.py took 0.185 seconds
[2025-04-21T11:43:57.441+0000] {processor.py:186} INFO - Started process (PID=6407) to work on /home/airflow/.local/lib/python3.12/site-packages/airflow/example_dags/example_nested_branch_dag.py
[2025-04-21T11:43:57.442+0000] {processor.py:914} INFO - Processing file /home/airflow/.local/lib/python3.12/site-packages/airflow/example_dags/example_nested_branch_dag.py for tasks to queue
[2025-04-21T11:43:57.445+0000] {logging_mixin.py:190} INFO - [2025-04-21T11:43:57.445+0000] {dagbag.py:588} INFO - Filling up the DagBag from /home/airflow/.local/lib/python3.12/site-packages/airflow/example_dags/example_nested_branch_dag.py
[2025-04-21T11:43:57.461+0000] {processor.py:925} INFO - DAG(s) 'example_nested_branch_dag' retrieved from /home/airflow/.local/lib/python3.12/site-packages/airflow/example_dags/example_nested_branch_dag.py
[2025-04-21T11:43:57.493+0000] {logging_mixin.py:190} INFO - [2025-04-21T11:43:57.493+0000] {dag.py:3239} INFO - Sync 1 DAGs
[2025-04-21T11:43:57.530+0000] {logging_mixin.py:190} INFO - [2025-04-21T11:43:57.530+0000] {dag.py:4180} INFO - Setting next_dagrun for example_nested_branch_dag to 2025-04-20 00:00:00+00:00, run_after=2025-04-21 00:00:00+00:00
[2025-04-21T11:43:57.564+0000] {processor.py:208} INFO - Processing /home/airflow/.local/lib/python3.12/site-packages/airflow/example_dags/example_nested_branch_dag.py took 0.131 seconds
[2025-04-21T11:44:28.245+0000] {processor.py:186} INFO - Started process (PID=6471) to work on /home/airflow/.local/lib/python3.12/site-packages/airflow/example_dags/example_nested_branch_dag.py
[2025-04-21T11:44:28.248+0000] {processor.py:914} INFO - Processing file /home/airflow/.local/lib/python3.12/site-packages/airflow/example_dags/example_nested_branch_dag.py for tasks to queue
[2025-04-21T11:44:28.253+0000] {logging_mixin.py:190} INFO - [2025-04-21T11:44:28.252+0000] {dagbag.py:588} INFO - Filling up the DagBag from /home/airflow/.local/lib/python3.12/site-packages/airflow/example_dags/example_nested_branch_dag.py
[2025-04-21T11:44:28.281+0000] {processor.py:925} INFO - DAG(s) 'example_nested_branch_dag' retrieved from /home/airflow/.local/lib/python3.12/site-packages/airflow/example_dags/example_nested_branch_dag.py
[2025-04-21T11:44:28.323+0000] {logging_mixin.py:190} INFO - [2025-04-21T11:44:28.323+0000] {dag.py:3239} INFO - Sync 1 DAGs
[2025-04-21T11:44:28.370+0000] {logging_mixin.py:190} INFO - [2025-04-21T11:44:28.369+0000] {dag.py:4180} INFO - Setting next_dagrun for example_nested_branch_dag to 2025-04-20 00:00:00+00:00, run_after=2025-04-21 00:00:00+00:00
[2025-04-21T11:44:28.410+0000] {processor.py:208} INFO - Processing /home/airflow/.local/lib/python3.12/site-packages/airflow/example_dags/example_nested_branch_dag.py took 0.178 seconds
[2025-04-21T11:44:58.752+0000] {processor.py:186} INFO - Started process (PID=6535) to work on /home/airflow/.local/lib/python3.12/site-packages/airflow/example_dags/example_nested_branch_dag.py
[2025-04-21T11:44:58.754+0000] {processor.py:914} INFO - Processing file /home/airflow/.local/lib/python3.12/site-packages/airflow/example_dags/example_nested_branch_dag.py for tasks to queue
[2025-04-21T11:44:58.758+0000] {logging_mixin.py:190} INFO - [2025-04-21T11:44:58.758+0000] {dagbag.py:588} INFO - Filling up the DagBag from /home/airflow/.local/lib/python3.12/site-packages/airflow/example_dags/example_nested_branch_dag.py
[2025-04-21T11:44:58.776+0000] {processor.py:925} INFO - DAG(s) 'example_nested_branch_dag' retrieved from /home/airflow/.local/lib/python3.12/site-packages/airflow/example_dags/example_nested_branch_dag.py
[2025-04-21T11:44:58.808+0000] {logging_mixin.py:190} INFO - [2025-04-21T11:44:58.808+0000] {dag.py:3239} INFO - Sync 1 DAGs
[2025-04-21T11:44:58.857+0000] {logging_mixin.py:190} INFO - [2025-04-21T11:44:58.856+0000] {dag.py:4180} INFO - Setting next_dagrun for example_nested_branch_dag to 2025-04-20 00:00:00+00:00, run_after=2025-04-21 00:00:00+00:00
[2025-04-21T11:44:58.899+0000] {processor.py:208} INFO - Processing /home/airflow/.local/lib/python3.12/site-packages/airflow/example_dags/example_nested_branch_dag.py took 0.158 seconds
[2025-04-21T11:45:29.269+0000] {processor.py:186} INFO - Started process (PID=6599) to work on /home/airflow/.local/lib/python3.12/site-packages/airflow/example_dags/example_nested_branch_dag.py
[2025-04-21T11:45:29.271+0000] {processor.py:914} INFO - Processing file /home/airflow/.local/lib/python3.12/site-packages/airflow/example_dags/example_nested_branch_dag.py for tasks to queue
[2025-04-21T11:45:29.275+0000] {logging_mixin.py:190} INFO - [2025-04-21T11:45:29.274+0000] {dagbag.py:588} INFO - Filling up the DagBag from /home/airflow/.local/lib/python3.12/site-packages/airflow/example_dags/example_nested_branch_dag.py
[2025-04-21T11:45:29.292+0000] {processor.py:925} INFO - DAG(s) 'example_nested_branch_dag' retrieved from /home/airflow/.local/lib/python3.12/site-packages/airflow/example_dags/example_nested_branch_dag.py
[2025-04-21T11:45:29.326+0000] {logging_mixin.py:190} INFO - [2025-04-21T11:45:29.325+0000] {dag.py:3239} INFO - Sync 1 DAGs
[2025-04-21T11:45:29.375+0000] {logging_mixin.py:190} INFO - [2025-04-21T11:45:29.374+0000] {dag.py:4180} INFO - Setting next_dagrun for example_nested_branch_dag to 2025-04-20 00:00:00+00:00, run_after=2025-04-21 00:00:00+00:00
[2025-04-21T11:45:29.412+0000] {processor.py:208} INFO - Processing /home/airflow/.local/lib/python3.12/site-packages/airflow/example_dags/example_nested_branch_dag.py took 0.151 seconds
[2025-04-21T11:45:59.650+0000] {processor.py:186} INFO - Started process (PID=6663) to work on /home/airflow/.local/lib/python3.12/site-packages/airflow/example_dags/example_nested_branch_dag.py
[2025-04-21T11:45:59.652+0000] {processor.py:914} INFO - Processing file /home/airflow/.local/lib/python3.12/site-packages/airflow/example_dags/example_nested_branch_dag.py for tasks to queue
[2025-04-21T11:45:59.655+0000] {logging_mixin.py:190} INFO - [2025-04-21T11:45:59.654+0000] {dagbag.py:588} INFO - Filling up the DagBag from /home/airflow/.local/lib/python3.12/site-packages/airflow/example_dags/example_nested_branch_dag.py
[2025-04-21T11:45:59.673+0000] {processor.py:925} INFO - DAG(s) 'example_nested_branch_dag' retrieved from /home/airflow/.local/lib/python3.12/site-packages/airflow/example_dags/example_nested_branch_dag.py
[2025-04-21T11:45:59.703+0000] {logging_mixin.py:190} INFO - [2025-04-21T11:45:59.702+0000] {dag.py:3239} INFO - Sync 1 DAGs
[2025-04-21T11:45:59.741+0000] {logging_mixin.py:190} INFO - [2025-04-21T11:45:59.741+0000] {dag.py:4180} INFO - Setting next_dagrun for example_nested_branch_dag to 2025-04-20 00:00:00+00:00, run_after=2025-04-21 00:00:00+00:00
[2025-04-21T11:45:59.772+0000] {processor.py:208} INFO - Processing /home/airflow/.local/lib/python3.12/site-packages/airflow/example_dags/example_nested_branch_dag.py took 0.129 seconds
[2025-04-21T11:46:30.388+0000] {processor.py:186} INFO - Started process (PID=6727) to work on /home/airflow/.local/lib/python3.12/site-packages/airflow/example_dags/example_nested_branch_dag.py
[2025-04-21T11:46:30.389+0000] {processor.py:914} INFO - Processing file /home/airflow/.local/lib/python3.12/site-packages/airflow/example_dags/example_nested_branch_dag.py for tasks to queue
[2025-04-21T11:46:30.393+0000] {logging_mixin.py:190} INFO - [2025-04-21T11:46:30.392+0000] {dagbag.py:588} INFO - Filling up the DagBag from /home/airflow/.local/lib/python3.12/site-packages/airflow/example_dags/example_nested_branch_dag.py
[2025-04-21T11:46:30.409+0000] {processor.py:925} INFO - DAG(s) 'example_nested_branch_dag' retrieved from /home/airflow/.local/lib/python3.12/site-packages/airflow/example_dags/example_nested_branch_dag.py
[2025-04-21T11:46:30.442+0000] {logging_mixin.py:190} INFO - [2025-04-21T11:46:30.441+0000] {dag.py:3239} INFO - Sync 1 DAGs
[2025-04-21T11:46:30.494+0000] {logging_mixin.py:190} INFO - [2025-04-21T11:46:30.494+0000] {dag.py:4180} INFO - Setting next_dagrun for example_nested_branch_dag to 2025-04-20 00:00:00+00:00, run_after=2025-04-21 00:00:00+00:00
[2025-04-21T11:46:30.529+0000] {processor.py:208} INFO - Processing /home/airflow/.local/lib/python3.12/site-packages/airflow/example_dags/example_nested_branch_dag.py took 0.151 seconds
[2025-04-21T11:47:00.786+0000] {processor.py:186} INFO - Started process (PID=6791) to work on /home/airflow/.local/lib/python3.12/site-packages/airflow/example_dags/example_nested_branch_dag.py
[2025-04-21T11:47:00.788+0000] {processor.py:914} INFO - Processing file /home/airflow/.local/lib/python3.12/site-packages/airflow/example_dags/example_nested_branch_dag.py for tasks to queue
[2025-04-21T11:47:00.792+0000] {logging_mixin.py:190} INFO - [2025-04-21T11:47:00.791+0000] {dagbag.py:588} INFO - Filling up the DagBag from /home/airflow/.local/lib/python3.12/site-packages/airflow/example_dags/example_nested_branch_dag.py
[2025-04-21T11:47:00.810+0000] {processor.py:925} INFO - DAG(s) 'example_nested_branch_dag' retrieved from /home/airflow/.local/lib/python3.12/site-packages/airflow/example_dags/example_nested_branch_dag.py
[2025-04-21T11:47:00.843+0000] {logging_mixin.py:190} INFO - [2025-04-21T11:47:00.842+0000] {dag.py:3239} INFO - Sync 1 DAGs
[2025-04-21T11:47:00.878+0000] {logging_mixin.py:190} INFO - [2025-04-21T11:47:00.878+0000] {dag.py:4180} INFO - Setting next_dagrun for example_nested_branch_dag to 2025-04-20 00:00:00+00:00, run_after=2025-04-21 00:00:00+00:00
[2025-04-21T11:47:00.912+0000] {processor.py:208} INFO - Processing /home/airflow/.local/lib/python3.12/site-packages/airflow/example_dags/example_nested_branch_dag.py took 0.138 seconds
[2025-04-21T11:47:31.002+0000] {processor.py:186} INFO - Started process (PID=6854) to work on /home/airflow/.local/lib/python3.12/site-packages/airflow/example_dags/example_nested_branch_dag.py
[2025-04-21T11:47:31.004+0000] {processor.py:914} INFO - Processing file /home/airflow/.local/lib/python3.12/site-packages/airflow/example_dags/example_nested_branch_dag.py for tasks to queue
[2025-04-21T11:47:31.007+0000] {logging_mixin.py:190} INFO - [2025-04-21T11:47:31.007+0000] {dagbag.py:588} INFO - Filling up the DagBag from /home/airflow/.local/lib/python3.12/site-packages/airflow/example_dags/example_nested_branch_dag.py
[2025-04-21T11:47:31.025+0000] {processor.py:925} INFO - DAG(s) 'example_nested_branch_dag' retrieved from /home/airflow/.local/lib/python3.12/site-packages/airflow/example_dags/example_nested_branch_dag.py
[2025-04-21T11:47:31.059+0000] {logging_mixin.py:190} INFO - [2025-04-21T11:47:31.059+0000] {dag.py:3239} INFO - Sync 1 DAGs
[2025-04-21T11:47:31.107+0000] {logging_mixin.py:190} INFO - [2025-04-21T11:47:31.106+0000] {dag.py:4180} INFO - Setting next_dagrun for example_nested_branch_dag to 2025-04-20 00:00:00+00:00, run_after=2025-04-21 00:00:00+00:00
[2025-04-21T11:47:31.140+0000] {processor.py:208} INFO - Processing /home/airflow/.local/lib/python3.12/site-packages/airflow/example_dags/example_nested_branch_dag.py took 0.145 seconds
[2025-04-21T11:48:01.630+0000] {processor.py:186} INFO - Started process (PID=6919) to work on /home/airflow/.local/lib/python3.12/site-packages/airflow/example_dags/example_nested_branch_dag.py
[2025-04-21T11:48:01.632+0000] {processor.py:914} INFO - Processing file /home/airflow/.local/lib/python3.12/site-packages/airflow/example_dags/example_nested_branch_dag.py for tasks to queue
[2025-04-21T11:48:01.638+0000] {logging_mixin.py:190} INFO - [2025-04-21T11:48:01.637+0000] {dagbag.py:588} INFO - Filling up the DagBag from /home/airflow/.local/lib/python3.12/site-packages/airflow/example_dags/example_nested_branch_dag.py
[2025-04-21T11:48:01.665+0000] {processor.py:925} INFO - DAG(s) 'example_nested_branch_dag' retrieved from /home/airflow/.local/lib/python3.12/site-packages/airflow/example_dags/example_nested_branch_dag.py
[2025-04-21T11:48:01.715+0000] {logging_mixin.py:190} INFO - [2025-04-21T11:48:01.714+0000] {dag.py:3239} INFO - Sync 1 DAGs
[2025-04-21T11:48:01.768+0000] {logging_mixin.py:190} INFO - [2025-04-21T11:48:01.767+0000] {dag.py:4180} INFO - Setting next_dagrun for example_nested_branch_dag to 2025-04-20 00:00:00+00:00, run_after=2025-04-21 00:00:00+00:00
[2025-04-21T11:48:01.812+0000] {processor.py:208} INFO - Processing /home/airflow/.local/lib/python3.12/site-packages/airflow/example_dags/example_nested_branch_dag.py took 0.196 seconds
[2025-04-21T11:48:32.272+0000] {processor.py:186} INFO - Started process (PID=6983) to work on /home/airflow/.local/lib/python3.12/site-packages/airflow/example_dags/example_nested_branch_dag.py
[2025-04-21T11:48:32.274+0000] {processor.py:914} INFO - Processing file /home/airflow/.local/lib/python3.12/site-packages/airflow/example_dags/example_nested_branch_dag.py for tasks to queue
[2025-04-21T11:48:32.280+0000] {logging_mixin.py:190} INFO - [2025-04-21T11:48:32.279+0000] {dagbag.py:588} INFO - Filling up the DagBag from /home/airflow/.local/lib/python3.12/site-packages/airflow/example_dags/example_nested_branch_dag.py
[2025-04-21T11:48:32.306+0000] {processor.py:925} INFO - DAG(s) 'example_nested_branch_dag' retrieved from /home/airflow/.local/lib/python3.12/site-packages/airflow/example_dags/example_nested_branch_dag.py
[2025-04-21T11:48:32.352+0000] {logging_mixin.py:190} INFO - [2025-04-21T11:48:32.351+0000] {dag.py:3239} INFO - Sync 1 DAGs
[2025-04-21T11:48:32.403+0000] {logging_mixin.py:190} INFO - [2025-04-21T11:48:32.402+0000] {dag.py:4180} INFO - Setting next_dagrun for example_nested_branch_dag to 2025-04-20 00:00:00+00:00, run_after=2025-04-21 00:00:00+00:00
[2025-04-21T11:48:32.444+0000] {processor.py:208} INFO - Processing /home/airflow/.local/lib/python3.12/site-packages/airflow/example_dags/example_nested_branch_dag.py took 0.185 seconds
[2025-04-21T11:49:03.051+0000] {processor.py:186} INFO - Started process (PID=7047) to work on /home/airflow/.local/lib/python3.12/site-packages/airflow/example_dags/example_nested_branch_dag.py
[2025-04-21T11:49:03.053+0000] {processor.py:914} INFO - Processing file /home/airflow/.local/lib/python3.12/site-packages/airflow/example_dags/example_nested_branch_dag.py for tasks to queue
[2025-04-21T11:49:03.058+0000] {logging_mixin.py:190} INFO - [2025-04-21T11:49:03.058+0000] {dagbag.py:588} INFO - Filling up the DagBag from /home/airflow/.local/lib/python3.12/site-packages/airflow/example_dags/example_nested_branch_dag.py
[2025-04-21T11:49:03.080+0000] {processor.py:925} INFO - DAG(s) 'example_nested_branch_dag' retrieved from /home/airflow/.local/lib/python3.12/site-packages/airflow/example_dags/example_nested_branch_dag.py
[2025-04-21T11:49:03.128+0000] {logging_mixin.py:190} INFO - [2025-04-21T11:49:03.127+0000] {dag.py:3239} INFO - Sync 1 DAGs
[2025-04-21T11:49:03.177+0000] {logging_mixin.py:190} INFO - [2025-04-21T11:49:03.177+0000] {dag.py:4180} INFO - Setting next_dagrun for example_nested_branch_dag to 2025-04-20 00:00:00+00:00, run_after=2025-04-21 00:00:00+00:00
[2025-04-21T11:49:03.215+0000] {processor.py:208} INFO - Processing /home/airflow/.local/lib/python3.12/site-packages/airflow/example_dags/example_nested_branch_dag.py took 0.176 seconds
[2025-04-21T11:49:33.427+0000] {processor.py:186} INFO - Started process (PID=7111) to work on /home/airflow/.local/lib/python3.12/site-packages/airflow/example_dags/example_nested_branch_dag.py
[2025-04-21T11:49:33.429+0000] {processor.py:914} INFO - Processing file /home/airflow/.local/lib/python3.12/site-packages/airflow/example_dags/example_nested_branch_dag.py for tasks to queue
[2025-04-21T11:49:33.432+0000] {logging_mixin.py:190} INFO - [2025-04-21T11:49:33.432+0000] {dagbag.py:588} INFO - Filling up the DagBag from /home/airflow/.local/lib/python3.12/site-packages/airflow/example_dags/example_nested_branch_dag.py
[2025-04-21T11:49:33.462+0000] {processor.py:925} INFO - DAG(s) 'example_nested_branch_dag' retrieved from /home/airflow/.local/lib/python3.12/site-packages/airflow/example_dags/example_nested_branch_dag.py
[2025-04-21T11:49:33.503+0000] {logging_mixin.py:190} INFO - [2025-04-21T11:49:33.502+0000] {dag.py:3239} INFO - Sync 1 DAGs
[2025-04-21T11:49:33.551+0000] {logging_mixin.py:190} INFO - [2025-04-21T11:49:33.551+0000] {dag.py:4180} INFO - Setting next_dagrun for example_nested_branch_dag to 2025-04-20 00:00:00+00:00, run_after=2025-04-21 00:00:00+00:00
[2025-04-21T11:49:33.583+0000] {processor.py:208} INFO - Processing /home/airflow/.local/lib/python3.12/site-packages/airflow/example_dags/example_nested_branch_dag.py took 0.166 seconds
[2025-04-21T11:50:04.493+0000] {processor.py:186} INFO - Started process (PID=7175) to work on /home/airflow/.local/lib/python3.12/site-packages/airflow/example_dags/example_nested_branch_dag.py
[2025-04-21T11:50:04.495+0000] {processor.py:914} INFO - Processing file /home/airflow/.local/lib/python3.12/site-packages/airflow/example_dags/example_nested_branch_dag.py for tasks to queue
[2025-04-21T11:50:04.500+0000] {logging_mixin.py:190} INFO - [2025-04-21T11:50:04.499+0000] {dagbag.py:588} INFO - Filling up the DagBag from /home/airflow/.local/lib/python3.12/site-packages/airflow/example_dags/example_nested_branch_dag.py
[2025-04-21T11:50:04.519+0000] {processor.py:925} INFO - DAG(s) 'example_nested_branch_dag' retrieved from /home/airflow/.local/lib/python3.12/site-packages/airflow/example_dags/example_nested_branch_dag.py
[2025-04-21T11:50:04.562+0000] {logging_mixin.py:190} INFO - [2025-04-21T11:50:04.562+0000] {dag.py:3239} INFO - Sync 1 DAGs
[2025-04-21T11:50:04.617+0000] {logging_mixin.py:190} INFO - [2025-04-21T11:50:04.616+0000] {dag.py:4180} INFO - Setting next_dagrun for example_nested_branch_dag to 2025-04-20 00:00:00+00:00, run_after=2025-04-21 00:00:00+00:00
[2025-04-21T11:50:04.660+0000] {processor.py:208} INFO - Processing /home/airflow/.local/lib/python3.12/site-packages/airflow/example_dags/example_nested_branch_dag.py took 0.179 seconds
[2025-04-21T11:50:35.616+0000] {processor.py:186} INFO - Started process (PID=7239) to work on /home/airflow/.local/lib/python3.12/site-packages/airflow/example_dags/example_nested_branch_dag.py
[2025-04-21T11:50:35.617+0000] {processor.py:914} INFO - Processing file /home/airflow/.local/lib/python3.12/site-packages/airflow/example_dags/example_nested_branch_dag.py for tasks to queue
[2025-04-21T11:50:35.621+0000] {logging_mixin.py:190} INFO - [2025-04-21T11:50:35.621+0000] {dagbag.py:588} INFO - Filling up the DagBag from /home/airflow/.local/lib/python3.12/site-packages/airflow/example_dags/example_nested_branch_dag.py
[2025-04-21T11:50:35.638+0000] {processor.py:925} INFO - DAG(s) 'example_nested_branch_dag' retrieved from /home/airflow/.local/lib/python3.12/site-packages/airflow/example_dags/example_nested_branch_dag.py
[2025-04-21T11:50:35.679+0000] {logging_mixin.py:190} INFO - [2025-04-21T11:50:35.678+0000] {dag.py:3239} INFO - Sync 1 DAGs
[2025-04-21T11:50:35.727+0000] {logging_mixin.py:190} INFO - [2025-04-21T11:50:35.726+0000] {dag.py:4180} INFO - Setting next_dagrun for example_nested_branch_dag to 2025-04-20 00:00:00+00:00, run_after=2025-04-21 00:00:00+00:00
[2025-04-21T11:50:35.759+0000] {processor.py:208} INFO - Processing /home/airflow/.local/lib/python3.12/site-packages/airflow/example_dags/example_nested_branch_dag.py took 0.151 seconds
[2025-04-21T11:51:06.296+0000] {processor.py:186} INFO - Started process (PID=7303) to work on /home/airflow/.local/lib/python3.12/site-packages/airflow/example_dags/example_nested_branch_dag.py
[2025-04-21T11:51:06.298+0000] {processor.py:914} INFO - Processing file /home/airflow/.local/lib/python3.12/site-packages/airflow/example_dags/example_nested_branch_dag.py for tasks to queue
[2025-04-21T11:51:06.301+0000] {logging_mixin.py:190} INFO - [2025-04-21T11:51:06.301+0000] {dagbag.py:588} INFO - Filling up the DagBag from /home/airflow/.local/lib/python3.12/site-packages/airflow/example_dags/example_nested_branch_dag.py
[2025-04-21T11:51:06.319+0000] {processor.py:925} INFO - DAG(s) 'example_nested_branch_dag' retrieved from /home/airflow/.local/lib/python3.12/site-packages/airflow/example_dags/example_nested_branch_dag.py
[2025-04-21T11:51:06.351+0000] {logging_mixin.py:190} INFO - [2025-04-21T11:51:06.351+0000] {dag.py:3239} INFO - Sync 1 DAGs
[2025-04-21T11:51:06.390+0000] {logging_mixin.py:190} INFO - [2025-04-21T11:51:06.389+0000] {dag.py:4180} INFO - Setting next_dagrun for example_nested_branch_dag to 2025-04-20 00:00:00+00:00, run_after=2025-04-21 00:00:00+00:00
[2025-04-21T11:51:06.429+0000] {processor.py:208} INFO - Processing /home/airflow/.local/lib/python3.12/site-packages/airflow/example_dags/example_nested_branch_dag.py took 0.142 seconds
[2025-04-21T11:51:38.764+0000] {processor.py:186} INFO - Started process (PID=7367) to work on /home/airflow/.local/lib/python3.12/site-packages/airflow/example_dags/example_nested_branch_dag.py
[2025-04-21T11:51:38.765+0000] {processor.py:914} INFO - Processing file /home/airflow/.local/lib/python3.12/site-packages/airflow/example_dags/example_nested_branch_dag.py for tasks to queue
[2025-04-21T11:51:38.769+0000] {logging_mixin.py:190} INFO - [2025-04-21T11:51:38.768+0000] {dagbag.py:588} INFO - Filling up the DagBag from /home/airflow/.local/lib/python3.12/site-packages/airflow/example_dags/example_nested_branch_dag.py
[2025-04-21T11:51:38.784+0000] {processor.py:925} INFO - DAG(s) 'example_nested_branch_dag' retrieved from /home/airflow/.local/lib/python3.12/site-packages/airflow/example_dags/example_nested_branch_dag.py
[2025-04-21T11:51:38.828+0000] {logging_mixin.py:190} INFO - [2025-04-21T11:51:38.827+0000] {dag.py:3239} INFO - Sync 1 DAGs
[2025-04-21T11:51:38.860+0000] {logging_mixin.py:190} INFO - [2025-04-21T11:51:38.860+0000] {dag.py:4180} INFO - Setting next_dagrun for example_nested_branch_dag to 2025-04-20 00:00:00+00:00, run_after=2025-04-21 00:00:00+00:00
[2025-04-21T11:51:38.886+0000] {processor.py:208} INFO - Processing /home/airflow/.local/lib/python3.12/site-packages/airflow/example_dags/example_nested_branch_dag.py took 0.128 seconds
[2025-04-21T11:52:10.970+0000] {processor.py:186} INFO - Started process (PID=7437) to work on /home/airflow/.local/lib/python3.12/site-packages/airflow/example_dags/example_nested_branch_dag.py
[2025-04-21T11:52:10.972+0000] {processor.py:914} INFO - Processing file /home/airflow/.local/lib/python3.12/site-packages/airflow/example_dags/example_nested_branch_dag.py for tasks to queue
[2025-04-21T11:52:10.977+0000] {logging_mixin.py:190} INFO - [2025-04-21T11:52:10.976+0000] {dagbag.py:588} INFO - Filling up the DagBag from /home/airflow/.local/lib/python3.12/site-packages/airflow/example_dags/example_nested_branch_dag.py
[2025-04-21T11:52:11.002+0000] {processor.py:925} INFO - DAG(s) 'example_nested_branch_dag' retrieved from /home/airflow/.local/lib/python3.12/site-packages/airflow/example_dags/example_nested_branch_dag.py
[2025-04-21T11:52:11.049+0000] {logging_mixin.py:190} INFO - [2025-04-21T11:52:11.049+0000] {dag.py:3239} INFO - Sync 1 DAGs
[2025-04-21T11:52:11.100+0000] {logging_mixin.py:190} INFO - [2025-04-21T11:52:11.100+0000] {dag.py:4180} INFO - Setting next_dagrun for example_nested_branch_dag to 2025-04-20 00:00:00+00:00, run_after=2025-04-21 00:00:00+00:00
[2025-04-21T11:52:11.141+0000] {processor.py:208} INFO - Processing /home/airflow/.local/lib/python3.12/site-packages/airflow/example_dags/example_nested_branch_dag.py took 0.184 seconds
[2025-04-21T11:52:41.814+0000] {processor.py:186} INFO - Started process (PID=7500) to work on /home/airflow/.local/lib/python3.12/site-packages/airflow/example_dags/example_nested_branch_dag.py
[2025-04-21T11:52:41.815+0000] {processor.py:914} INFO - Processing file /home/airflow/.local/lib/python3.12/site-packages/airflow/example_dags/example_nested_branch_dag.py for tasks to queue
[2025-04-21T11:52:41.818+0000] {logging_mixin.py:190} INFO - [2025-04-21T11:52:41.818+0000] {dagbag.py:588} INFO - Filling up the DagBag from /home/airflow/.local/lib/python3.12/site-packages/airflow/example_dags/example_nested_branch_dag.py
[2025-04-21T11:52:41.836+0000] {processor.py:925} INFO - DAG(s) 'example_nested_branch_dag' retrieved from /home/airflow/.local/lib/python3.12/site-packages/airflow/example_dags/example_nested_branch_dag.py
[2025-04-21T11:52:41.875+0000] {logging_mixin.py:190} INFO - [2025-04-21T11:52:41.875+0000] {dag.py:3239} INFO - Sync 1 DAGs
[2025-04-21T11:52:41.928+0000] {logging_mixin.py:190} INFO - [2025-04-21T11:52:41.927+0000] {dag.py:4180} INFO - Setting next_dagrun for example_nested_branch_dag to 2025-04-20 00:00:00+00:00, run_after=2025-04-21 00:00:00+00:00
[2025-04-21T11:52:41.974+0000] {processor.py:208} INFO - Processing /home/airflow/.local/lib/python3.12/site-packages/airflow/example_dags/example_nested_branch_dag.py took 0.168 seconds
[2025-04-21T11:53:12.985+0000] {processor.py:186} INFO - Started process (PID=7564) to work on /home/airflow/.local/lib/python3.12/site-packages/airflow/example_dags/example_nested_branch_dag.py
[2025-04-21T11:53:12.987+0000] {processor.py:914} INFO - Processing file /home/airflow/.local/lib/python3.12/site-packages/airflow/example_dags/example_nested_branch_dag.py for tasks to queue
[2025-04-21T11:53:12.991+0000] {logging_mixin.py:190} INFO - [2025-04-21T11:53:12.991+0000] {dagbag.py:588} INFO - Filling up the DagBag from /home/airflow/.local/lib/python3.12/site-packages/airflow/example_dags/example_nested_branch_dag.py
[2025-04-21T11:53:13.006+0000] {processor.py:925} INFO - DAG(s) 'example_nested_branch_dag' retrieved from /home/airflow/.local/lib/python3.12/site-packages/airflow/example_dags/example_nested_branch_dag.py
[2025-04-21T11:53:13.049+0000] {logging_mixin.py:190} INFO - [2025-04-21T11:53:13.049+0000] {dag.py:3239} INFO - Sync 1 DAGs
[2025-04-21T11:53:13.098+0000] {logging_mixin.py:190} INFO - [2025-04-21T11:53:13.098+0000] {dag.py:4180} INFO - Setting next_dagrun for example_nested_branch_dag to 2025-04-20 00:00:00+00:00, run_after=2025-04-21 00:00:00+00:00
[2025-04-21T11:53:13.129+0000] {processor.py:208} INFO - Processing /home/airflow/.local/lib/python3.12/site-packages/airflow/example_dags/example_nested_branch_dag.py took 0.155 seconds
[2025-04-21T11:53:43.687+0000] {processor.py:186} INFO - Started process (PID=7627) to work on /home/airflow/.local/lib/python3.12/site-packages/airflow/example_dags/example_nested_branch_dag.py
[2025-04-21T11:53:43.689+0000] {processor.py:914} INFO - Processing file /home/airflow/.local/lib/python3.12/site-packages/airflow/example_dags/example_nested_branch_dag.py for tasks to queue
[2025-04-21T11:53:43.694+0000] {logging_mixin.py:190} INFO - [2025-04-21T11:53:43.694+0000] {dagbag.py:588} INFO - Filling up the DagBag from /home/airflow/.local/lib/python3.12/site-packages/airflow/example_dags/example_nested_branch_dag.py
[2025-04-21T11:53:43.717+0000] {processor.py:925} INFO - DAG(s) 'example_nested_branch_dag' retrieved from /home/airflow/.local/lib/python3.12/site-packages/airflow/example_dags/example_nested_branch_dag.py
[2025-04-21T11:53:43.766+0000] {logging_mixin.py:190} INFO - [2025-04-21T11:53:43.765+0000] {dag.py:3239} INFO - Sync 1 DAGs
[2025-04-21T11:53:43.820+0000] {logging_mixin.py:190} INFO - [2025-04-21T11:53:43.820+0000] {dag.py:4180} INFO - Setting next_dagrun for example_nested_branch_dag to 2025-04-20 00:00:00+00:00, run_after=2025-04-21 00:00:00+00:00
[2025-04-21T11:53:43.863+0000] {processor.py:208} INFO - Processing /home/airflow/.local/lib/python3.12/site-packages/airflow/example_dags/example_nested_branch_dag.py took 0.188 seconds
[2025-04-21T11:54:14.590+0000] {processor.py:186} INFO - Started process (PID=7691) to work on /home/airflow/.local/lib/python3.12/site-packages/airflow/example_dags/example_nested_branch_dag.py
[2025-04-21T11:54:14.592+0000] {processor.py:914} INFO - Processing file /home/airflow/.local/lib/python3.12/site-packages/airflow/example_dags/example_nested_branch_dag.py for tasks to queue
[2025-04-21T11:54:14.598+0000] {logging_mixin.py:190} INFO - [2025-04-21T11:54:14.597+0000] {dagbag.py:588} INFO - Filling up the DagBag from /home/airflow/.local/lib/python3.12/site-packages/airflow/example_dags/example_nested_branch_dag.py
[2025-04-21T11:54:14.625+0000] {processor.py:925} INFO - DAG(s) 'example_nested_branch_dag' retrieved from /home/airflow/.local/lib/python3.12/site-packages/airflow/example_dags/example_nested_branch_dag.py
[2025-04-21T11:54:14.666+0000] {logging_mixin.py:190} INFO - [2025-04-21T11:54:14.665+0000] {dag.py:3239} INFO - Sync 1 DAGs
[2025-04-21T11:54:14.719+0000] {logging_mixin.py:190} INFO - [2025-04-21T11:54:14.719+0000] {dag.py:4180} INFO - Setting next_dagrun for example_nested_branch_dag to 2025-04-20 00:00:00+00:00, run_after=2025-04-21 00:00:00+00:00
[2025-04-21T11:54:14.756+0000] {processor.py:208} INFO - Processing /home/airflow/.local/lib/python3.12/site-packages/airflow/example_dags/example_nested_branch_dag.py took 0.179 seconds
[2025-04-21T11:54:45.356+0000] {processor.py:186} INFO - Started process (PID=7755) to work on /home/airflow/.local/lib/python3.12/site-packages/airflow/example_dags/example_nested_branch_dag.py
[2025-04-21T11:54:45.358+0000] {processor.py:914} INFO - Processing file /home/airflow/.local/lib/python3.12/site-packages/airflow/example_dags/example_nested_branch_dag.py for tasks to queue
[2025-04-21T11:54:45.362+0000] {logging_mixin.py:190} INFO - [2025-04-21T11:54:45.361+0000] {dagbag.py:588} INFO - Filling up the DagBag from /home/airflow/.local/lib/python3.12/site-packages/airflow/example_dags/example_nested_branch_dag.py
[2025-04-21T11:54:45.378+0000] {processor.py:925} INFO - DAG(s) 'example_nested_branch_dag' retrieved from /home/airflow/.local/lib/python3.12/site-packages/airflow/example_dags/example_nested_branch_dag.py
[2025-04-21T11:54:45.410+0000] {logging_mixin.py:190} INFO - [2025-04-21T11:54:45.409+0000] {dag.py:3239} INFO - Sync 1 DAGs
[2025-04-21T11:54:45.448+0000] {logging_mixin.py:190} INFO - [2025-04-21T11:54:45.447+0000] {dag.py:4180} INFO - Setting next_dagrun for example_nested_branch_dag to 2025-04-20 00:00:00+00:00, run_after=2025-04-21 00:00:00+00:00
[2025-04-21T11:54:45.479+0000] {processor.py:208} INFO - Processing /home/airflow/.local/lib/python3.12/site-packages/airflow/example_dags/example_nested_branch_dag.py took 0.133 seconds
[2025-04-21T11:55:15.781+0000] {processor.py:186} INFO - Started process (PID=7819) to work on /home/airflow/.local/lib/python3.12/site-packages/airflow/example_dags/example_nested_branch_dag.py
[2025-04-21T11:55:15.783+0000] {processor.py:914} INFO - Processing file /home/airflow/.local/lib/python3.12/site-packages/airflow/example_dags/example_nested_branch_dag.py for tasks to queue
[2025-04-21T11:55:15.786+0000] {logging_mixin.py:190} INFO - [2025-04-21T11:55:15.786+0000] {dagbag.py:588} INFO - Filling up the DagBag from /home/airflow/.local/lib/python3.12/site-packages/airflow/example_dags/example_nested_branch_dag.py
[2025-04-21T11:55:15.812+0000] {processor.py:925} INFO - DAG(s) 'example_nested_branch_dag' retrieved from /home/airflow/.local/lib/python3.12/site-packages/airflow/example_dags/example_nested_branch_dag.py
[2025-04-21T11:55:15.840+0000] {logging_mixin.py:190} INFO - [2025-04-21T11:55:15.839+0000] {dag.py:3239} INFO - Sync 1 DAGs
[2025-04-21T11:55:15.888+0000] {logging_mixin.py:190} INFO - [2025-04-21T11:55:15.888+0000] {dag.py:4180} INFO - Setting next_dagrun for example_nested_branch_dag to 2025-04-20 00:00:00+00:00, run_after=2025-04-21 00:00:00+00:00
[2025-04-21T11:55:15.924+0000] {processor.py:208} INFO - Processing /home/airflow/.local/lib/python3.12/site-packages/airflow/example_dags/example_nested_branch_dag.py took 0.154 seconds
[2025-04-21T11:55:46.277+0000] {processor.py:186} INFO - Started process (PID=7883) to work on /home/airflow/.local/lib/python3.12/site-packages/airflow/example_dags/example_nested_branch_dag.py
[2025-04-21T11:55:46.279+0000] {processor.py:914} INFO - Processing file /home/airflow/.local/lib/python3.12/site-packages/airflow/example_dags/example_nested_branch_dag.py for tasks to queue
[2025-04-21T11:55:46.284+0000] {logging_mixin.py:190} INFO - [2025-04-21T11:55:46.283+0000] {dagbag.py:588} INFO - Filling up the DagBag from /home/airflow/.local/lib/python3.12/site-packages/airflow/example_dags/example_nested_branch_dag.py
[2025-04-21T11:55:46.310+0000] {processor.py:925} INFO - DAG(s) 'example_nested_branch_dag' retrieved from /home/airflow/.local/lib/python3.12/site-packages/airflow/example_dags/example_nested_branch_dag.py
[2025-04-21T11:55:46.359+0000] {logging_mixin.py:190} INFO - [2025-04-21T11:55:46.359+0000] {dag.py:3239} INFO - Sync 1 DAGs
[2025-04-21T11:55:46.412+0000] {logging_mixin.py:190} INFO - [2025-04-21T11:55:46.412+0000] {dag.py:4180} INFO - Setting next_dagrun for example_nested_branch_dag to 2025-04-20 00:00:00+00:00, run_after=2025-04-21 00:00:00+00:00
[2025-04-21T11:55:46.458+0000] {processor.py:208} INFO - Processing /home/airflow/.local/lib/python3.12/site-packages/airflow/example_dags/example_nested_branch_dag.py took 0.192 seconds
[2025-04-21T11:56:16.739+0000] {processor.py:186} INFO - Started process (PID=7946) to work on /home/airflow/.local/lib/python3.12/site-packages/airflow/example_dags/example_nested_branch_dag.py
[2025-04-21T11:56:16.741+0000] {processor.py:914} INFO - Processing file /home/airflow/.local/lib/python3.12/site-packages/airflow/example_dags/example_nested_branch_dag.py for tasks to queue
[2025-04-21T11:56:16.746+0000] {logging_mixin.py:190} INFO - [2025-04-21T11:56:16.745+0000] {dagbag.py:588} INFO - Filling up the DagBag from /home/airflow/.local/lib/python3.12/site-packages/airflow/example_dags/example_nested_branch_dag.py
[2025-04-21T11:56:16.769+0000] {processor.py:925} INFO - DAG(s) 'example_nested_branch_dag' retrieved from /home/airflow/.local/lib/python3.12/site-packages/airflow/example_dags/example_nested_branch_dag.py
[2025-04-21T11:56:16.815+0000] {logging_mixin.py:190} INFO - [2025-04-21T11:56:16.814+0000] {dag.py:3239} INFO - Sync 1 DAGs
[2025-04-21T11:56:16.865+0000] {logging_mixin.py:190} INFO - [2025-04-21T11:56:16.864+0000] {dag.py:4180} INFO - Setting next_dagrun for example_nested_branch_dag to 2025-04-20 00:00:00+00:00, run_after=2025-04-21 00:00:00+00:00
[2025-04-21T11:56:16.904+0000] {processor.py:208} INFO - Processing /home/airflow/.local/lib/python3.12/site-packages/airflow/example_dags/example_nested_branch_dag.py took 0.176 seconds
[2025-04-21T11:56:47.248+0000] {processor.py:186} INFO - Started process (PID=8009) to work on /home/airflow/.local/lib/python3.12/site-packages/airflow/example_dags/example_nested_branch_dag.py
[2025-04-21T11:56:47.250+0000] {processor.py:914} INFO - Processing file /home/airflow/.local/lib/python3.12/site-packages/airflow/example_dags/example_nested_branch_dag.py for tasks to queue
[2025-04-21T11:56:47.255+0000] {logging_mixin.py:190} INFO - [2025-04-21T11:56:47.254+0000] {dagbag.py:588} INFO - Filling up the DagBag from /home/airflow/.local/lib/python3.12/site-packages/airflow/example_dags/example_nested_branch_dag.py
[2025-04-21T11:56:47.278+0000] {processor.py:925} INFO - DAG(s) 'example_nested_branch_dag' retrieved from /home/airflow/.local/lib/python3.12/site-packages/airflow/example_dags/example_nested_branch_dag.py
[2025-04-21T11:56:47.322+0000] {logging_mixin.py:190} INFO - [2025-04-21T11:56:47.322+0000] {dag.py:3239} INFO - Sync 1 DAGs
[2025-04-21T11:56:47.367+0000] {logging_mixin.py:190} INFO - [2025-04-21T11:56:47.367+0000] {dag.py:4180} INFO - Setting next_dagrun for example_nested_branch_dag to 2025-04-20 00:00:00+00:00, run_after=2025-04-21 00:00:00+00:00
[2025-04-21T11:56:47.404+0000] {processor.py:208} INFO - Processing /home/airflow/.local/lib/python3.12/site-packages/airflow/example_dags/example_nested_branch_dag.py took 0.168 seconds
[2025-04-21T11:57:17.935+0000] {processor.py:186} INFO - Started process (PID=8073) to work on /home/airflow/.local/lib/python3.12/site-packages/airflow/example_dags/example_nested_branch_dag.py
[2025-04-21T11:57:17.937+0000] {processor.py:914} INFO - Processing file /home/airflow/.local/lib/python3.12/site-packages/airflow/example_dags/example_nested_branch_dag.py for tasks to queue
[2025-04-21T11:57:17.943+0000] {logging_mixin.py:190} INFO - [2025-04-21T11:57:17.942+0000] {dagbag.py:588} INFO - Filling up the DagBag from /home/airflow/.local/lib/python3.12/site-packages/airflow/example_dags/example_nested_branch_dag.py
[2025-04-21T11:57:17.970+0000] {processor.py:925} INFO - DAG(s) 'example_nested_branch_dag' retrieved from /home/airflow/.local/lib/python3.12/site-packages/airflow/example_dags/example_nested_branch_dag.py
[2025-04-21T11:57:18.019+0000] {logging_mixin.py:190} INFO - [2025-04-21T11:57:18.019+0000] {dag.py:3239} INFO - Sync 1 DAGs
[2025-04-21T11:57:18.072+0000] {logging_mixin.py:190} INFO - [2025-04-21T11:57:18.071+0000] {dag.py:4180} INFO - Setting next_dagrun for example_nested_branch_dag to 2025-04-20 00:00:00+00:00, run_after=2025-04-21 00:00:00+00:00
[2025-04-21T11:57:18.109+0000] {processor.py:208} INFO - Processing /home/airflow/.local/lib/python3.12/site-packages/airflow/example_dags/example_nested_branch_dag.py took 0.186 seconds
[2025-04-21T11:57:48.241+0000] {processor.py:186} INFO - Started process (PID=8136) to work on /home/airflow/.local/lib/python3.12/site-packages/airflow/example_dags/example_nested_branch_dag.py
[2025-04-21T11:57:48.244+0000] {processor.py:914} INFO - Processing file /home/airflow/.local/lib/python3.12/site-packages/airflow/example_dags/example_nested_branch_dag.py for tasks to queue
[2025-04-21T11:57:48.247+0000] {logging_mixin.py:190} INFO - [2025-04-21T11:57:48.247+0000] {dagbag.py:588} INFO - Filling up the DagBag from /home/airflow/.local/lib/python3.12/site-packages/airflow/example_dags/example_nested_branch_dag.py
[2025-04-21T11:57:48.268+0000] {processor.py:925} INFO - DAG(s) 'example_nested_branch_dag' retrieved from /home/airflow/.local/lib/python3.12/site-packages/airflow/example_dags/example_nested_branch_dag.py
[2025-04-21T11:57:48.314+0000] {logging_mixin.py:190} INFO - [2025-04-21T11:57:48.313+0000] {dag.py:3239} INFO - Sync 1 DAGs
[2025-04-21T11:57:48.356+0000] {logging_mixin.py:190} INFO - [2025-04-21T11:57:48.356+0000] {dag.py:4180} INFO - Setting next_dagrun for example_nested_branch_dag to 2025-04-20 00:00:00+00:00, run_after=2025-04-21 00:00:00+00:00
[2025-04-21T11:57:48.395+0000] {processor.py:208} INFO - Processing /home/airflow/.local/lib/python3.12/site-packages/airflow/example_dags/example_nested_branch_dag.py took 0.166 seconds
[2025-04-21T11:58:19.129+0000] {processor.py:186} INFO - Started process (PID=8200) to work on /home/airflow/.local/lib/python3.12/site-packages/airflow/example_dags/example_nested_branch_dag.py
[2025-04-21T11:58:19.132+0000] {processor.py:914} INFO - Processing file /home/airflow/.local/lib/python3.12/site-packages/airflow/example_dags/example_nested_branch_dag.py for tasks to queue
[2025-04-21T11:58:19.137+0000] {logging_mixin.py:190} INFO - [2025-04-21T11:58:19.136+0000] {dagbag.py:588} INFO - Filling up the DagBag from /home/airflow/.local/lib/python3.12/site-packages/airflow/example_dags/example_nested_branch_dag.py
[2025-04-21T11:58:19.164+0000] {processor.py:925} INFO - DAG(s) 'example_nested_branch_dag' retrieved from /home/airflow/.local/lib/python3.12/site-packages/airflow/example_dags/example_nested_branch_dag.py
[2025-04-21T11:58:19.208+0000] {logging_mixin.py:190} INFO - [2025-04-21T11:58:19.208+0000] {dag.py:3239} INFO - Sync 1 DAGs
[2025-04-21T11:58:19.260+0000] {logging_mixin.py:190} INFO - [2025-04-21T11:58:19.260+0000] {dag.py:4180} INFO - Setting next_dagrun for example_nested_branch_dag to 2025-04-20 00:00:00+00:00, run_after=2025-04-21 00:00:00+00:00
[2025-04-21T11:58:19.301+0000] {processor.py:208} INFO - Processing /home/airflow/.local/lib/python3.12/site-packages/airflow/example_dags/example_nested_branch_dag.py took 0.184 seconds
[2025-04-21T11:58:49.502+0000] {processor.py:186} INFO - Started process (PID=8264) to work on /home/airflow/.local/lib/python3.12/site-packages/airflow/example_dags/example_nested_branch_dag.py
[2025-04-21T11:58:49.504+0000] {processor.py:914} INFO - Processing file /home/airflow/.local/lib/python3.12/site-packages/airflow/example_dags/example_nested_branch_dag.py for tasks to queue
[2025-04-21T11:58:49.508+0000] {logging_mixin.py:190} INFO - [2025-04-21T11:58:49.508+0000] {dagbag.py:588} INFO - Filling up the DagBag from /home/airflow/.local/lib/python3.12/site-packages/airflow/example_dags/example_nested_branch_dag.py
[2025-04-21T11:58:49.532+0000] {processor.py:925} INFO - DAG(s) 'example_nested_branch_dag' retrieved from /home/airflow/.local/lib/python3.12/site-packages/airflow/example_dags/example_nested_branch_dag.py
[2025-04-21T11:58:49.575+0000] {logging_mixin.py:190} INFO - [2025-04-21T11:58:49.574+0000] {dag.py:3239} INFO - Sync 1 DAGs
[2025-04-21T11:58:49.619+0000] {logging_mixin.py:190} INFO - [2025-04-21T11:58:49.619+0000] {dag.py:4180} INFO - Setting next_dagrun for example_nested_branch_dag to 2025-04-20 00:00:00+00:00, run_after=2025-04-21 00:00:00+00:00
[2025-04-21T11:58:49.643+0000] {processor.py:208} INFO - Processing /home/airflow/.local/lib/python3.12/site-packages/airflow/example_dags/example_nested_branch_dag.py took 0.152 seconds
[2025-04-21T11:59:19.863+0000] {processor.py:186} INFO - Started process (PID=8328) to work on /home/airflow/.local/lib/python3.12/site-packages/airflow/example_dags/example_nested_branch_dag.py
[2025-04-21T11:59:19.864+0000] {processor.py:914} INFO - Processing file /home/airflow/.local/lib/python3.12/site-packages/airflow/example_dags/example_nested_branch_dag.py for tasks to queue
[2025-04-21T11:59:19.868+0000] {logging_mixin.py:190} INFO - [2025-04-21T11:59:19.867+0000] {dagbag.py:588} INFO - Filling up the DagBag from /home/airflow/.local/lib/python3.12/site-packages/airflow/example_dags/example_nested_branch_dag.py
[2025-04-21T11:59:19.884+0000] {processor.py:925} INFO - DAG(s) 'example_nested_branch_dag' retrieved from /home/airflow/.local/lib/python3.12/site-packages/airflow/example_dags/example_nested_branch_dag.py
[2025-04-21T11:59:19.923+0000] {logging_mixin.py:190} INFO - [2025-04-21T11:59:19.923+0000] {dag.py:3239} INFO - Sync 1 DAGs
[2025-04-21T11:59:19.974+0000] {logging_mixin.py:190} INFO - [2025-04-21T11:59:19.974+0000] {dag.py:4180} INFO - Setting next_dagrun for example_nested_branch_dag to 2025-04-20 00:00:00+00:00, run_after=2025-04-21 00:00:00+00:00
[2025-04-21T11:59:20.006+0000] {processor.py:208} INFO - Processing /home/airflow/.local/lib/python3.12/site-packages/airflow/example_dags/example_nested_branch_dag.py took 0.150 seconds
[2025-04-21T11:59:50.414+0000] {processor.py:186} INFO - Started process (PID=8392) to work on /home/airflow/.local/lib/python3.12/site-packages/airflow/example_dags/example_nested_branch_dag.py
[2025-04-21T11:59:50.416+0000] {processor.py:914} INFO - Processing file /home/airflow/.local/lib/python3.12/site-packages/airflow/example_dags/example_nested_branch_dag.py for tasks to queue
[2025-04-21T11:59:50.422+0000] {logging_mixin.py:190} INFO - [2025-04-21T11:59:50.422+0000] {dagbag.py:588} INFO - Filling up the DagBag from /home/airflow/.local/lib/python3.12/site-packages/airflow/example_dags/example_nested_branch_dag.py
[2025-04-21T11:59:50.444+0000] {processor.py:925} INFO - DAG(s) 'example_nested_branch_dag' retrieved from /home/airflow/.local/lib/python3.12/site-packages/airflow/example_dags/example_nested_branch_dag.py
[2025-04-21T11:59:50.487+0000] {logging_mixin.py:190} INFO - [2025-04-21T11:59:50.486+0000] {dag.py:3239} INFO - Sync 1 DAGs
[2025-04-21T11:59:50.529+0000] {logging_mixin.py:190} INFO - [2025-04-21T11:59:50.528+0000] {dag.py:4180} INFO - Setting next_dagrun for example_nested_branch_dag to 2025-04-20 00:00:00+00:00, run_after=2025-04-21 00:00:00+00:00
[2025-04-21T11:59:50.563+0000] {processor.py:208} INFO - Processing /home/airflow/.local/lib/python3.12/site-packages/airflow/example_dags/example_nested_branch_dag.py took 0.157 seconds
[2025-04-21T12:00:21.002+0000] {processor.py:186} INFO - Started process (PID=8456) to work on /home/airflow/.local/lib/python3.12/site-packages/airflow/example_dags/example_nested_branch_dag.py
[2025-04-21T12:00:21.003+0000] {processor.py:914} INFO - Processing file /home/airflow/.local/lib/python3.12/site-packages/airflow/example_dags/example_nested_branch_dag.py for tasks to queue
[2025-04-21T12:00:21.007+0000] {logging_mixin.py:190} INFO - [2025-04-21T12:00:21.007+0000] {dagbag.py:588} INFO - Filling up the DagBag from /home/airflow/.local/lib/python3.12/site-packages/airflow/example_dags/example_nested_branch_dag.py
[2025-04-21T12:00:21.025+0000] {processor.py:925} INFO - DAG(s) 'example_nested_branch_dag' retrieved from /home/airflow/.local/lib/python3.12/site-packages/airflow/example_dags/example_nested_branch_dag.py
[2025-04-21T12:00:21.066+0000] {logging_mixin.py:190} INFO - [2025-04-21T12:00:21.065+0000] {dag.py:3239} INFO - Sync 1 DAGs
[2025-04-21T12:00:21.122+0000] {logging_mixin.py:190} INFO - [2025-04-21T12:00:21.121+0000] {dag.py:4180} INFO - Setting next_dagrun for example_nested_branch_dag to 2025-04-20 00:00:00+00:00, run_after=2025-04-21 00:00:00+00:00
[2025-04-21T12:00:21.160+0000] {processor.py:208} INFO - Processing /home/airflow/.local/lib/python3.12/site-packages/airflow/example_dags/example_nested_branch_dag.py took 0.167 seconds
[2025-04-21T12:00:51.320+0000] {processor.py:186} INFO - Started process (PID=8520) to work on /home/airflow/.local/lib/python3.12/site-packages/airflow/example_dags/example_nested_branch_dag.py
[2025-04-21T12:00:51.323+0000] {processor.py:914} INFO - Processing file /home/airflow/.local/lib/python3.12/site-packages/airflow/example_dags/example_nested_branch_dag.py for tasks to queue
[2025-04-21T12:00:51.328+0000] {logging_mixin.py:190} INFO - [2025-04-21T12:00:51.327+0000] {dagbag.py:588} INFO - Filling up the DagBag from /home/airflow/.local/lib/python3.12/site-packages/airflow/example_dags/example_nested_branch_dag.py
[2025-04-21T12:00:51.353+0000] {processor.py:925} INFO - DAG(s) 'example_nested_branch_dag' retrieved from /home/airflow/.local/lib/python3.12/site-packages/airflow/example_dags/example_nested_branch_dag.py
[2025-04-21T12:00:51.405+0000] {logging_mixin.py:190} INFO - [2025-04-21T12:00:51.405+0000] {dag.py:3239} INFO - Sync 1 DAGs
[2025-04-21T12:00:51.458+0000] {logging_mixin.py:190} INFO - [2025-04-21T12:00:51.458+0000] {dag.py:4180} INFO - Setting next_dagrun for example_nested_branch_dag to 2025-04-20 00:00:00+00:00, run_after=2025-04-21 00:00:00+00:00
[2025-04-21T12:00:51.496+0000] {processor.py:208} INFO - Processing /home/airflow/.local/lib/python3.12/site-packages/airflow/example_dags/example_nested_branch_dag.py took 0.187 seconds
[2025-04-21T12:01:21.966+0000] {processor.py:186} INFO - Started process (PID=8584) to work on /home/airflow/.local/lib/python3.12/site-packages/airflow/example_dags/example_nested_branch_dag.py
[2025-04-21T12:01:21.968+0000] {processor.py:914} INFO - Processing file /home/airflow/.local/lib/python3.12/site-packages/airflow/example_dags/example_nested_branch_dag.py for tasks to queue
[2025-04-21T12:01:21.973+0000] {logging_mixin.py:190} INFO - [2025-04-21T12:01:21.972+0000] {dagbag.py:588} INFO - Filling up the DagBag from /home/airflow/.local/lib/python3.12/site-packages/airflow/example_dags/example_nested_branch_dag.py
[2025-04-21T12:01:21.996+0000] {processor.py:925} INFO - DAG(s) 'example_nested_branch_dag' retrieved from /home/airflow/.local/lib/python3.12/site-packages/airflow/example_dags/example_nested_branch_dag.py
[2025-04-21T12:01:22.042+0000] {logging_mixin.py:190} INFO - [2025-04-21T12:01:22.041+0000] {dag.py:3239} INFO - Sync 1 DAGs
[2025-04-21T12:01:22.099+0000] {logging_mixin.py:190} INFO - [2025-04-21T12:01:22.099+0000] {dag.py:4180} INFO - Setting next_dagrun for example_nested_branch_dag to 2025-04-20 00:00:00+00:00, run_after=2025-04-21 00:00:00+00:00
[2025-04-21T12:01:22.142+0000] {processor.py:208} INFO - Processing /home/airflow/.local/lib/python3.12/site-packages/airflow/example_dags/example_nested_branch_dag.py took 0.189 seconds
[2025-04-21T12:01:52.232+0000] {processor.py:186} INFO - Started process (PID=8648) to work on /home/airflow/.local/lib/python3.12/site-packages/airflow/example_dags/example_nested_branch_dag.py
[2025-04-21T12:01:52.234+0000] {processor.py:914} INFO - Processing file /home/airflow/.local/lib/python3.12/site-packages/airflow/example_dags/example_nested_branch_dag.py for tasks to queue
[2025-04-21T12:01:52.238+0000] {logging_mixin.py:190} INFO - [2025-04-21T12:01:52.237+0000] {dagbag.py:588} INFO - Filling up the DagBag from /home/airflow/.local/lib/python3.12/site-packages/airflow/example_dags/example_nested_branch_dag.py
[2025-04-21T12:01:52.255+0000] {processor.py:925} INFO - DAG(s) 'example_nested_branch_dag' retrieved from /home/airflow/.local/lib/python3.12/site-packages/airflow/example_dags/example_nested_branch_dag.py
[2025-04-21T12:01:52.294+0000] {logging_mixin.py:190} INFO - [2025-04-21T12:01:52.293+0000] {dag.py:3239} INFO - Sync 1 DAGs
[2025-04-21T12:01:52.348+0000] {logging_mixin.py:190} INFO - [2025-04-21T12:01:52.348+0000] {dag.py:4180} INFO - Setting next_dagrun for example_nested_branch_dag to 2025-04-20 00:00:00+00:00, run_after=2025-04-21 00:00:00+00:00
[2025-04-21T12:01:52.383+0000] {processor.py:208} INFO - Processing /home/airflow/.local/lib/python3.12/site-packages/airflow/example_dags/example_nested_branch_dag.py took 0.162 seconds
[2025-04-21T12:02:22.920+0000] {processor.py:186} INFO - Started process (PID=8712) to work on /home/airflow/.local/lib/python3.12/site-packages/airflow/example_dags/example_nested_branch_dag.py
[2025-04-21T12:02:22.921+0000] {processor.py:914} INFO - Processing file /home/airflow/.local/lib/python3.12/site-packages/airflow/example_dags/example_nested_branch_dag.py for tasks to queue
[2025-04-21T12:02:22.925+0000] {logging_mixin.py:190} INFO - [2025-04-21T12:02:22.925+0000] {dagbag.py:588} INFO - Filling up the DagBag from /home/airflow/.local/lib/python3.12/site-packages/airflow/example_dags/example_nested_branch_dag.py
[2025-04-21T12:02:22.943+0000] {processor.py:925} INFO - DAG(s) 'example_nested_branch_dag' retrieved from /home/airflow/.local/lib/python3.12/site-packages/airflow/example_dags/example_nested_branch_dag.py
[2025-04-21T12:02:22.975+0000] {logging_mixin.py:190} INFO - [2025-04-21T12:02:22.975+0000] {dag.py:3239} INFO - Sync 1 DAGs
[2025-04-21T12:02:23.011+0000] {logging_mixin.py:190} INFO - [2025-04-21T12:02:23.011+0000] {dag.py:4180} INFO - Setting next_dagrun for example_nested_branch_dag to 2025-04-20 00:00:00+00:00, run_after=2025-04-21 00:00:00+00:00
[2025-04-21T12:02:23.038+0000] {processor.py:208} INFO - Processing /home/airflow/.local/lib/python3.12/site-packages/airflow/example_dags/example_nested_branch_dag.py took 0.126 seconds
[2025-04-21T12:02:53.465+0000] {processor.py:186} INFO - Started process (PID=8776) to work on /home/airflow/.local/lib/python3.12/site-packages/airflow/example_dags/example_nested_branch_dag.py
[2025-04-21T12:02:53.467+0000] {processor.py:914} INFO - Processing file /home/airflow/.local/lib/python3.12/site-packages/airflow/example_dags/example_nested_branch_dag.py for tasks to queue
[2025-04-21T12:02:53.472+0000] {logging_mixin.py:190} INFO - [2025-04-21T12:02:53.471+0000] {dagbag.py:588} INFO - Filling up the DagBag from /home/airflow/.local/lib/python3.12/site-packages/airflow/example_dags/example_nested_branch_dag.py
[2025-04-21T12:02:53.496+0000] {processor.py:925} INFO - DAG(s) 'example_nested_branch_dag' retrieved from /home/airflow/.local/lib/python3.12/site-packages/airflow/example_dags/example_nested_branch_dag.py
[2025-04-21T12:02:53.536+0000] {logging_mixin.py:190} INFO - [2025-04-21T12:02:53.536+0000] {dag.py:3239} INFO - Sync 1 DAGs
[2025-04-21T12:02:53.585+0000] {logging_mixin.py:190} INFO - [2025-04-21T12:02:53.584+0000] {dag.py:4180} INFO - Setting next_dagrun for example_nested_branch_dag to 2025-04-20 00:00:00+00:00, run_after=2025-04-21 00:00:00+00:00
[2025-04-21T12:02:53.624+0000] {processor.py:208} INFO - Processing /home/airflow/.local/lib/python3.12/site-packages/airflow/example_dags/example_nested_branch_dag.py took 0.170 seconds
[2025-04-21T12:03:24.036+0000] {processor.py:186} INFO - Started process (PID=8840) to work on /home/airflow/.local/lib/python3.12/site-packages/airflow/example_dags/example_nested_branch_dag.py
[2025-04-21T12:03:24.037+0000] {processor.py:914} INFO - Processing file /home/airflow/.local/lib/python3.12/site-packages/airflow/example_dags/example_nested_branch_dag.py for tasks to queue
[2025-04-21T12:03:24.040+0000] {logging_mixin.py:190} INFO - [2025-04-21T12:03:24.039+0000] {dagbag.py:588} INFO - Filling up the DagBag from /home/airflow/.local/lib/python3.12/site-packages/airflow/example_dags/example_nested_branch_dag.py
[2025-04-21T12:03:24.056+0000] {processor.py:925} INFO - DAG(s) 'example_nested_branch_dag' retrieved from /home/airflow/.local/lib/python3.12/site-packages/airflow/example_dags/example_nested_branch_dag.py
[2025-04-21T12:03:24.087+0000] {logging_mixin.py:190} INFO - [2025-04-21T12:03:24.086+0000] {dag.py:3239} INFO - Sync 1 DAGs
[2025-04-21T12:03:24.136+0000] {logging_mixin.py:190} INFO - [2025-04-21T12:03:24.136+0000] {dag.py:4180} INFO - Setting next_dagrun for example_nested_branch_dag to 2025-04-20 00:00:00+00:00, run_after=2025-04-21 00:00:00+00:00
[2025-04-21T12:03:24.175+0000] {processor.py:208} INFO - Processing /home/airflow/.local/lib/python3.12/site-packages/airflow/example_dags/example_nested_branch_dag.py took 0.148 seconds
