[2025-04-21T10:52:59.086+0000] {processor.py:186} INFO - Started process (PID=70) to work on /home/airflow/.local/lib/python3.12/site-packages/airflow/example_dags/example_dataset_alias_with_no_taskflow.py
[2025-04-21T10:52:59.087+0000] {processor.py:914} INFO - Processing file /home/airflow/.local/lib/python3.12/site-packages/airflow/example_dags/example_dataset_alias_with_no_taskflow.py for tasks to queue
[2025-04-21T10:52:59.089+0000] {logging_mixin.py:190} INFO - [2025-04-21T10:52:59.088+0000] {dagbag.py:588} INFO - Filling up the DagBag from /home/airflow/.local/lib/python3.12/site-packages/airflow/example_dags/example_dataset_alias_with_no_taskflow.py
[2025-04-21T10:53:01.001+0000] {processor.py:925} INFO - DAG(s) 'dataset_s3_bucket_consumer_with_no_taskflow', 'dataset_alias_example_alias_producer_with_no_taskflow', 'dataset_s3_bucket_producer_with_no_taskflow', 'dataset_alias_example_alias_consumer_with_no_taskflow' retrieved from /home/airflow/.local/lib/python3.12/site-packages/airflow/example_dags/example_dataset_alias_with_no_taskflow.py
[2025-04-21T10:53:01.084+0000] {logging_mixin.py:190} INFO - [2025-04-21T10:53:01.083+0000] {override.py:1912} INFO - Created Permission View: can edit on DAG:dataset_s3_bucket_consumer_with_no_taskflow
[2025-04-21T10:53:01.094+0000] {logging_mixin.py:190} INFO - [2025-04-21T10:53:01.094+0000] {override.py:1912} INFO - Created Permission View: can read on DAG:dataset_s3_bucket_consumer_with_no_taskflow
[2025-04-21T10:53:01.101+0000] {logging_mixin.py:190} INFO - [2025-04-21T10:53:01.101+0000] {override.py:1912} INFO - Created Permission View: can delete on DAG:dataset_s3_bucket_consumer_with_no_taskflow
[2025-04-21T10:53:01.108+0000] {logging_mixin.py:190} INFO - [2025-04-21T10:53:01.108+0000] {override.py:1912} INFO - Created Permission View: menu access on DAG Run:dataset_s3_bucket_consumer_with_no_taskflow
[2025-04-21T10:53:01.116+0000] {logging_mixin.py:190} INFO - [2025-04-21T10:53:01.116+0000] {override.py:1912} INFO - Created Permission View: can create on DAG Run:dataset_s3_bucket_consumer_with_no_taskflow
[2025-04-21T10:53:01.126+0000] {logging_mixin.py:190} INFO - [2025-04-21T10:53:01.126+0000] {override.py:1912} INFO - Created Permission View: can read on DAG Run:dataset_s3_bucket_consumer_with_no_taskflow
[2025-04-21T10:53:01.133+0000] {logging_mixin.py:190} INFO - [2025-04-21T10:53:01.133+0000] {override.py:1912} INFO - Created Permission View: can delete on DAG Run:dataset_s3_bucket_consumer_with_no_taskflow
[2025-04-21T10:53:01.146+0000] {logging_mixin.py:190} INFO - [2025-04-21T10:53:01.146+0000] {override.py:1912} INFO - Created Permission View: can edit on DAG:dataset_alias_example_alias_producer_with_no_taskflow
[2025-04-21T10:53:01.152+0000] {logging_mixin.py:190} INFO - [2025-04-21T10:53:01.151+0000] {override.py:1912} INFO - Created Permission View: can read on DAG:dataset_alias_example_alias_producer_with_no_taskflow
[2025-04-21T10:53:01.157+0000] {logging_mixin.py:190} INFO - [2025-04-21T10:53:01.157+0000] {override.py:1912} INFO - Created Permission View: can delete on DAG:dataset_alias_example_alias_producer_with_no_taskflow
[2025-04-21T10:53:01.164+0000] {logging_mixin.py:190} INFO - [2025-04-21T10:53:01.164+0000] {override.py:1912} INFO - Created Permission View: menu access on DAG Run:dataset_alias_example_alias_producer_with_no_taskflow
[2025-04-21T10:53:01.171+0000] {logging_mixin.py:190} INFO - [2025-04-21T10:53:01.170+0000] {override.py:1912} INFO - Created Permission View: can create on DAG Run:dataset_alias_example_alias_producer_with_no_taskflow
[2025-04-21T10:53:01.177+0000] {logging_mixin.py:190} INFO - [2025-04-21T10:53:01.177+0000] {override.py:1912} INFO - Created Permission View: can read on DAG Run:dataset_alias_example_alias_producer_with_no_taskflow
[2025-04-21T10:53:01.187+0000] {logging_mixin.py:190} INFO - [2025-04-21T10:53:01.187+0000] {override.py:1912} INFO - Created Permission View: can delete on DAG Run:dataset_alias_example_alias_producer_with_no_taskflow
[2025-04-21T10:53:01.200+0000] {logging_mixin.py:190} INFO - [2025-04-21T10:53:01.199+0000] {override.py:1912} INFO - Created Permission View: can edit on DAG:dataset_s3_bucket_producer_with_no_taskflow
[2025-04-21T10:53:01.208+0000] {logging_mixin.py:190} INFO - [2025-04-21T10:53:01.208+0000] {override.py:1912} INFO - Created Permission View: can read on DAG:dataset_s3_bucket_producer_with_no_taskflow
[2025-04-21T10:53:01.214+0000] {logging_mixin.py:190} INFO - [2025-04-21T10:53:01.214+0000] {override.py:1912} INFO - Created Permission View: can delete on DAG:dataset_s3_bucket_producer_with_no_taskflow
[2025-04-21T10:53:01.222+0000] {logging_mixin.py:190} INFO - [2025-04-21T10:53:01.221+0000] {override.py:1912} INFO - Created Permission View: menu access on DAG Run:dataset_s3_bucket_producer_with_no_taskflow
[2025-04-21T10:53:01.228+0000] {logging_mixin.py:190} INFO - [2025-04-21T10:53:01.228+0000] {override.py:1912} INFO - Created Permission View: can create on DAG Run:dataset_s3_bucket_producer_with_no_taskflow
[2025-04-21T10:53:01.234+0000] {logging_mixin.py:190} INFO - [2025-04-21T10:53:01.233+0000] {override.py:1912} INFO - Created Permission View: can read on DAG Run:dataset_s3_bucket_producer_with_no_taskflow
[2025-04-21T10:53:01.241+0000] {logging_mixin.py:190} INFO - [2025-04-21T10:53:01.240+0000] {override.py:1912} INFO - Created Permission View: can delete on DAG Run:dataset_s3_bucket_producer_with_no_taskflow
[2025-04-21T10:53:01.253+0000] {logging_mixin.py:190} INFO - [2025-04-21T10:53:01.253+0000] {override.py:1912} INFO - Created Permission View: can edit on DAG:dataset_alias_example_alias_consumer_with_no_taskflow
[2025-04-21T10:53:01.262+0000] {logging_mixin.py:190} INFO - [2025-04-21T10:53:01.261+0000] {override.py:1912} INFO - Created Permission View: can read on DAG:dataset_alias_example_alias_consumer_with_no_taskflow
[2025-04-21T10:53:01.269+0000] {logging_mixin.py:190} INFO - [2025-04-21T10:53:01.268+0000] {override.py:1912} INFO - Created Permission View: can delete on DAG:dataset_alias_example_alias_consumer_with_no_taskflow
[2025-04-21T10:53:01.278+0000] {logging_mixin.py:190} INFO - [2025-04-21T10:53:01.277+0000] {override.py:1912} INFO - Created Permission View: menu access on DAG Run:dataset_alias_example_alias_consumer_with_no_taskflow
[2025-04-21T10:53:01.286+0000] {logging_mixin.py:190} INFO - [2025-04-21T10:53:01.285+0000] {override.py:1912} INFO - Created Permission View: can create on DAG Run:dataset_alias_example_alias_consumer_with_no_taskflow
[2025-04-21T10:53:01.292+0000] {logging_mixin.py:190} INFO - [2025-04-21T10:53:01.292+0000] {override.py:1912} INFO - Created Permission View: can read on DAG Run:dataset_alias_example_alias_consumer_with_no_taskflow
[2025-04-21T10:53:01.298+0000] {logging_mixin.py:190} INFO - [2025-04-21T10:53:01.298+0000] {override.py:1912} INFO - Created Permission View: can delete on DAG Run:dataset_alias_example_alias_consumer_with_no_taskflow
[2025-04-21T10:53:01.299+0000] {logging_mixin.py:190} INFO - [2025-04-21T10:53:01.299+0000] {dag.py:3239} INFO - Sync 4 DAGs
[2025-04-21T10:53:01.313+0000] {logging_mixin.py:190} INFO - [2025-04-21T10:53:01.312+0000] {dag.py:3262} INFO - Creating ORM DAG for dataset_s3_bucket_consumer_with_no_taskflow
[2025-04-21T10:53:01.314+0000] {logging_mixin.py:190} INFO - [2025-04-21T10:53:01.314+0000] {dag.py:3262} INFO - Creating ORM DAG for dataset_alias_example_alias_producer_with_no_taskflow
[2025-04-21T10:53:01.315+0000] {logging_mixin.py:190} INFO - [2025-04-21T10:53:01.315+0000] {dag.py:3262} INFO - Creating ORM DAG for dataset_alias_example_alias_consumer_with_no_taskflow
[2025-04-21T10:53:01.316+0000] {logging_mixin.py:190} INFO - [2025-04-21T10:53:01.316+0000] {dag.py:3262} INFO - Creating ORM DAG for dataset_s3_bucket_producer_with_no_taskflow
[2025-04-21T10:53:01.325+0000] {logging_mixin.py:190} INFO - [2025-04-21T10:53:01.325+0000] {dag.py:4180} INFO - Setting next_dagrun for dataset_alias_example_alias_consumer_with_no_taskflow to None, run_after=None
[2025-04-21T10:53:01.326+0000] {logging_mixin.py:190} INFO - [2025-04-21T10:53:01.326+0000] {dag.py:4180} INFO - Setting next_dagrun for dataset_alias_example_alias_producer_with_no_taskflow to None, run_after=None
[2025-04-21T10:53:01.327+0000] {logging_mixin.py:190} INFO - [2025-04-21T10:53:01.327+0000] {dag.py:4180} INFO - Setting next_dagrun for dataset_s3_bucket_consumer_with_no_taskflow to None, run_after=None
[2025-04-21T10:53:01.328+0000] {logging_mixin.py:190} INFO - [2025-04-21T10:53:01.327+0000] {dag.py:4180} INFO - Setting next_dagrun for dataset_s3_bucket_producer_with_no_taskflow to None, run_after=None
[2025-04-21T10:53:01.354+0000] {processor.py:208} INFO - Processing /home/airflow/.local/lib/python3.12/site-packages/airflow/example_dags/example_dataset_alias_with_no_taskflow.py took 2.272 seconds
[2025-04-21T10:53:31.721+0000] {processor.py:186} INFO - Started process (PID=140) to work on /home/airflow/.local/lib/python3.12/site-packages/airflow/example_dags/example_dataset_alias_with_no_taskflow.py
[2025-04-21T10:53:31.722+0000] {processor.py:914} INFO - Processing file /home/airflow/.local/lib/python3.12/site-packages/airflow/example_dags/example_dataset_alias_with_no_taskflow.py for tasks to queue
[2025-04-21T10:53:31.723+0000] {logging_mixin.py:190} INFO - [2025-04-21T10:53:31.723+0000] {dagbag.py:588} INFO - Filling up the DagBag from /home/airflow/.local/lib/python3.12/site-packages/airflow/example_dags/example_dataset_alias_with_no_taskflow.py
[2025-04-21T10:53:32.308+0000] {processor.py:925} INFO - DAG(s) 'dataset_s3_bucket_producer_with_no_taskflow', 'dataset_alias_example_alias_producer_with_no_taskflow', 'dataset_s3_bucket_consumer_with_no_taskflow', 'dataset_alias_example_alias_consumer_with_no_taskflow' retrieved from /home/airflow/.local/lib/python3.12/site-packages/airflow/example_dags/example_dataset_alias_with_no_taskflow.py
[2025-04-21T10:53:32.330+0000] {logging_mixin.py:190} INFO - [2025-04-21T10:53:32.330+0000] {dag.py:3239} INFO - Sync 4 DAGs
[2025-04-21T10:53:32.354+0000] {logging_mixin.py:190} INFO - [2025-04-21T10:53:32.353+0000] {dag.py:4180} INFO - Setting next_dagrun for dataset_alias_example_alias_consumer_with_no_taskflow to None, run_after=None
[2025-04-21T10:53:32.357+0000] {logging_mixin.py:190} INFO - [2025-04-21T10:53:32.357+0000] {dag.py:4180} INFO - Setting next_dagrun for dataset_alias_example_alias_producer_with_no_taskflow to None, run_after=None
[2025-04-21T10:53:32.362+0000] {logging_mixin.py:190} INFO - [2025-04-21T10:53:32.362+0000] {dag.py:4180} INFO - Setting next_dagrun for dataset_s3_bucket_consumer_with_no_taskflow to None, run_after=None
[2025-04-21T10:53:32.364+0000] {logging_mixin.py:190} INFO - [2025-04-21T10:53:32.364+0000] {dag.py:4180} INFO - Setting next_dagrun for dataset_s3_bucket_producer_with_no_taskflow to None, run_after=None
[2025-04-21T10:53:32.389+0000] {processor.py:208} INFO - Processing /home/airflow/.local/lib/python3.12/site-packages/airflow/example_dags/example_dataset_alias_with_no_taskflow.py took 0.673 seconds
[2025-04-21T10:54:02.629+0000] {processor.py:186} INFO - Started process (PID=209) to work on /home/airflow/.local/lib/python3.12/site-packages/airflow/example_dags/example_dataset_alias_with_no_taskflow.py
[2025-04-21T10:54:02.630+0000] {processor.py:914} INFO - Processing file /home/airflow/.local/lib/python3.12/site-packages/airflow/example_dags/example_dataset_alias_with_no_taskflow.py for tasks to queue
[2025-04-21T10:54:02.632+0000] {logging_mixin.py:190} INFO - [2025-04-21T10:54:02.632+0000] {dagbag.py:588} INFO - Filling up the DagBag from /home/airflow/.local/lib/python3.12/site-packages/airflow/example_dags/example_dataset_alias_with_no_taskflow.py
[2025-04-21T10:54:03.088+0000] {processor.py:925} INFO - DAG(s) 'dataset_alias_example_alias_consumer_with_no_taskflow', 'dataset_s3_bucket_consumer_with_no_taskflow', 'dataset_s3_bucket_producer_with_no_taskflow', 'dataset_alias_example_alias_producer_with_no_taskflow' retrieved from /home/airflow/.local/lib/python3.12/site-packages/airflow/example_dags/example_dataset_alias_with_no_taskflow.py
[2025-04-21T10:54:03.104+0000] {logging_mixin.py:190} INFO - [2025-04-21T10:54:03.103+0000] {dag.py:3239} INFO - Sync 4 DAGs
[2025-04-21T10:54:03.122+0000] {logging_mixin.py:190} INFO - [2025-04-21T10:54:03.122+0000] {dag.py:4180} INFO - Setting next_dagrun for dataset_alias_example_alias_consumer_with_no_taskflow to None, run_after=None
[2025-04-21T10:54:03.124+0000] {logging_mixin.py:190} INFO - [2025-04-21T10:54:03.124+0000] {dag.py:4180} INFO - Setting next_dagrun for dataset_alias_example_alias_producer_with_no_taskflow to None, run_after=None
[2025-04-21T10:54:03.125+0000] {logging_mixin.py:190} INFO - [2025-04-21T10:54:03.125+0000] {dag.py:4180} INFO - Setting next_dagrun for dataset_s3_bucket_consumer_with_no_taskflow to None, run_after=None
[2025-04-21T10:54:03.126+0000] {logging_mixin.py:190} INFO - [2025-04-21T10:54:03.126+0000] {dag.py:4180} INFO - Setting next_dagrun for dataset_s3_bucket_producer_with_no_taskflow to None, run_after=None
[2025-04-21T10:54:03.142+0000] {processor.py:208} INFO - Processing /home/airflow/.local/lib/python3.12/site-packages/airflow/example_dags/example_dataset_alias_with_no_taskflow.py took 0.519 seconds
[2025-04-21T10:54:33.635+0000] {processor.py:186} INFO - Started process (PID=280) to work on /home/airflow/.local/lib/python3.12/site-packages/airflow/example_dags/example_dataset_alias_with_no_taskflow.py
[2025-04-21T10:54:33.636+0000] {processor.py:914} INFO - Processing file /home/airflow/.local/lib/python3.12/site-packages/airflow/example_dags/example_dataset_alias_with_no_taskflow.py for tasks to queue
[2025-04-21T10:54:33.638+0000] {logging_mixin.py:190} INFO - [2025-04-21T10:54:33.638+0000] {dagbag.py:588} INFO - Filling up the DagBag from /home/airflow/.local/lib/python3.12/site-packages/airflow/example_dags/example_dataset_alias_with_no_taskflow.py
[2025-04-21T10:54:34.068+0000] {processor.py:925} INFO - DAG(s) 'dataset_alias_example_alias_producer_with_no_taskflow', 'dataset_s3_bucket_consumer_with_no_taskflow', 'dataset_s3_bucket_producer_with_no_taskflow', 'dataset_alias_example_alias_consumer_with_no_taskflow' retrieved from /home/airflow/.local/lib/python3.12/site-packages/airflow/example_dags/example_dataset_alias_with_no_taskflow.py
[2025-04-21T10:54:34.081+0000] {logging_mixin.py:190} INFO - [2025-04-21T10:54:34.081+0000] {dag.py:3239} INFO - Sync 4 DAGs
[2025-04-21T10:54:34.097+0000] {logging_mixin.py:190} INFO - [2025-04-21T10:54:34.097+0000] {dag.py:4180} INFO - Setting next_dagrun for dataset_alias_example_alias_consumer_with_no_taskflow to None, run_after=None
[2025-04-21T10:54:34.100+0000] {logging_mixin.py:190} INFO - [2025-04-21T10:54:34.100+0000] {dag.py:4180} INFO - Setting next_dagrun for dataset_alias_example_alias_producer_with_no_taskflow to None, run_after=None
[2025-04-21T10:54:34.101+0000] {logging_mixin.py:190} INFO - [2025-04-21T10:54:34.101+0000] {dag.py:4180} INFO - Setting next_dagrun for dataset_s3_bucket_consumer_with_no_taskflow to None, run_after=None
[2025-04-21T10:54:34.102+0000] {logging_mixin.py:190} INFO - [2025-04-21T10:54:34.102+0000] {dag.py:4180} INFO - Setting next_dagrun for dataset_s3_bucket_producer_with_no_taskflow to None, run_after=None
[2025-04-21T10:54:34.117+0000] {processor.py:208} INFO - Processing /home/airflow/.local/lib/python3.12/site-packages/airflow/example_dags/example_dataset_alias_with_no_taskflow.py took 0.486 seconds
[2025-04-21T10:55:04.868+0000] {processor.py:186} INFO - Started process (PID=343) to work on /home/airflow/.local/lib/python3.12/site-packages/airflow/example_dags/example_dataset_alias_with_no_taskflow.py
[2025-04-21T10:55:04.869+0000] {processor.py:914} INFO - Processing file /home/airflow/.local/lib/python3.12/site-packages/airflow/example_dags/example_dataset_alias_with_no_taskflow.py for tasks to queue
[2025-04-21T10:55:04.871+0000] {logging_mixin.py:190} INFO - [2025-04-21T10:55:04.871+0000] {dagbag.py:588} INFO - Filling up the DagBag from /home/airflow/.local/lib/python3.12/site-packages/airflow/example_dags/example_dataset_alias_with_no_taskflow.py
[2025-04-21T10:55:05.349+0000] {processor.py:925} INFO - DAG(s) 'dataset_alias_example_alias_producer_with_no_taskflow', 'dataset_s3_bucket_consumer_with_no_taskflow', 'dataset_alias_example_alias_consumer_with_no_taskflow', 'dataset_s3_bucket_producer_with_no_taskflow' retrieved from /home/airflow/.local/lib/python3.12/site-packages/airflow/example_dags/example_dataset_alias_with_no_taskflow.py
[2025-04-21T10:55:05.365+0000] {logging_mixin.py:190} INFO - [2025-04-21T10:55:05.365+0000] {dag.py:3239} INFO - Sync 4 DAGs
[2025-04-21T10:55:05.381+0000] {logging_mixin.py:190} INFO - [2025-04-21T10:55:05.380+0000] {dag.py:4180} INFO - Setting next_dagrun for dataset_alias_example_alias_consumer_with_no_taskflow to None, run_after=None
[2025-04-21T10:55:05.382+0000] {logging_mixin.py:190} INFO - [2025-04-21T10:55:05.382+0000] {dag.py:4180} INFO - Setting next_dagrun for dataset_alias_example_alias_producer_with_no_taskflow to None, run_after=None
[2025-04-21T10:55:05.383+0000] {logging_mixin.py:190} INFO - [2025-04-21T10:55:05.383+0000] {dag.py:4180} INFO - Setting next_dagrun for dataset_s3_bucket_consumer_with_no_taskflow to None, run_after=None
[2025-04-21T10:55:05.384+0000] {logging_mixin.py:190} INFO - [2025-04-21T10:55:05.384+0000] {dag.py:4180} INFO - Setting next_dagrun for dataset_s3_bucket_producer_with_no_taskflow to None, run_after=None
[2025-04-21T10:55:05.399+0000] {processor.py:208} INFO - Processing /home/airflow/.local/lib/python3.12/site-packages/airflow/example_dags/example_dataset_alias_with_no_taskflow.py took 0.535 seconds
[2025-04-21T10:55:35.602+0000] {processor.py:186} INFO - Started process (PID=410) to work on /home/airflow/.local/lib/python3.12/site-packages/airflow/example_dags/example_dataset_alias_with_no_taskflow.py
[2025-04-21T10:55:35.603+0000] {processor.py:914} INFO - Processing file /home/airflow/.local/lib/python3.12/site-packages/airflow/example_dags/example_dataset_alias_with_no_taskflow.py for tasks to queue
[2025-04-21T10:55:35.605+0000] {logging_mixin.py:190} INFO - [2025-04-21T10:55:35.605+0000] {dagbag.py:588} INFO - Filling up the DagBag from /home/airflow/.local/lib/python3.12/site-packages/airflow/example_dags/example_dataset_alias_with_no_taskflow.py
[2025-04-21T10:55:36.060+0000] {processor.py:925} INFO - DAG(s) 'dataset_alias_example_alias_consumer_with_no_taskflow', 'dataset_s3_bucket_consumer_with_no_taskflow', 'dataset_alias_example_alias_producer_with_no_taskflow', 'dataset_s3_bucket_producer_with_no_taskflow' retrieved from /home/airflow/.local/lib/python3.12/site-packages/airflow/example_dags/example_dataset_alias_with_no_taskflow.py
[2025-04-21T10:55:36.078+0000] {logging_mixin.py:190} INFO - [2025-04-21T10:55:36.078+0000] {dag.py:3239} INFO - Sync 4 DAGs
[2025-04-21T10:55:36.096+0000] {logging_mixin.py:190} INFO - [2025-04-21T10:55:36.096+0000] {dag.py:4180} INFO - Setting next_dagrun for dataset_alias_example_alias_consumer_with_no_taskflow to None, run_after=None
[2025-04-21T10:55:36.098+0000] {logging_mixin.py:190} INFO - [2025-04-21T10:55:36.098+0000] {dag.py:4180} INFO - Setting next_dagrun for dataset_alias_example_alias_producer_with_no_taskflow to None, run_after=None
[2025-04-21T10:55:36.099+0000] {logging_mixin.py:190} INFO - [2025-04-21T10:55:36.099+0000] {dag.py:4180} INFO - Setting next_dagrun for dataset_s3_bucket_consumer_with_no_taskflow to None, run_after=None
[2025-04-21T10:55:36.100+0000] {logging_mixin.py:190} INFO - [2025-04-21T10:55:36.100+0000] {dag.py:4180} INFO - Setting next_dagrun for dataset_s3_bucket_producer_with_no_taskflow to None, run_after=None
[2025-04-21T10:55:36.118+0000] {processor.py:208} INFO - Processing /home/airflow/.local/lib/python3.12/site-packages/airflow/example_dags/example_dataset_alias_with_no_taskflow.py took 0.521 seconds
[2025-04-21T10:56:06.759+0000] {processor.py:186} INFO - Started process (PID=474) to work on /home/airflow/.local/lib/python3.12/site-packages/airflow/example_dags/example_dataset_alias_with_no_taskflow.py
[2025-04-21T10:56:06.760+0000] {processor.py:914} INFO - Processing file /home/airflow/.local/lib/python3.12/site-packages/airflow/example_dags/example_dataset_alias_with_no_taskflow.py for tasks to queue
[2025-04-21T10:56:06.762+0000] {logging_mixin.py:190} INFO - [2025-04-21T10:56:06.762+0000] {dagbag.py:588} INFO - Filling up the DagBag from /home/airflow/.local/lib/python3.12/site-packages/airflow/example_dags/example_dataset_alias_with_no_taskflow.py
[2025-04-21T10:56:07.224+0000] {processor.py:925} INFO - DAG(s) 'dataset_alias_example_alias_producer_with_no_taskflow', 'dataset_s3_bucket_producer_with_no_taskflow', 'dataset_alias_example_alias_consumer_with_no_taskflow', 'dataset_s3_bucket_consumer_with_no_taskflow' retrieved from /home/airflow/.local/lib/python3.12/site-packages/airflow/example_dags/example_dataset_alias_with_no_taskflow.py
[2025-04-21T10:56:07.238+0000] {logging_mixin.py:190} INFO - [2025-04-21T10:56:07.237+0000] {dag.py:3239} INFO - Sync 4 DAGs
[2025-04-21T10:56:07.255+0000] {logging_mixin.py:190} INFO - [2025-04-21T10:56:07.255+0000] {dag.py:4180} INFO - Setting next_dagrun for dataset_alias_example_alias_consumer_with_no_taskflow to None, run_after=None
[2025-04-21T10:56:07.257+0000] {logging_mixin.py:190} INFO - [2025-04-21T10:56:07.257+0000] {dag.py:4180} INFO - Setting next_dagrun for dataset_alias_example_alias_producer_with_no_taskflow to None, run_after=None
[2025-04-21T10:56:07.258+0000] {logging_mixin.py:190} INFO - [2025-04-21T10:56:07.258+0000] {dag.py:4180} INFO - Setting next_dagrun for dataset_s3_bucket_consumer_with_no_taskflow to None, run_after=None
[2025-04-21T10:56:07.259+0000] {logging_mixin.py:190} INFO - [2025-04-21T10:56:07.258+0000] {dag.py:4180} INFO - Setting next_dagrun for dataset_s3_bucket_producer_with_no_taskflow to None, run_after=None
[2025-04-21T10:56:07.273+0000] {processor.py:208} INFO - Processing /home/airflow/.local/lib/python3.12/site-packages/airflow/example_dags/example_dataset_alias_with_no_taskflow.py took 0.518 seconds
[2025-04-21T10:56:38.236+0000] {processor.py:186} INFO - Started process (PID=542) to work on /home/airflow/.local/lib/python3.12/site-packages/airflow/example_dags/example_dataset_alias_with_no_taskflow.py
[2025-04-21T10:56:38.237+0000] {processor.py:914} INFO - Processing file /home/airflow/.local/lib/python3.12/site-packages/airflow/example_dags/example_dataset_alias_with_no_taskflow.py for tasks to queue
[2025-04-21T10:56:38.239+0000] {logging_mixin.py:190} INFO - [2025-04-21T10:56:38.239+0000] {dagbag.py:588} INFO - Filling up the DagBag from /home/airflow/.local/lib/python3.12/site-packages/airflow/example_dags/example_dataset_alias_with_no_taskflow.py
[2025-04-21T10:56:38.693+0000] {processor.py:925} INFO - DAG(s) 'dataset_s3_bucket_consumer_with_no_taskflow', 'dataset_alias_example_alias_consumer_with_no_taskflow', 'dataset_alias_example_alias_producer_with_no_taskflow', 'dataset_s3_bucket_producer_with_no_taskflow' retrieved from /home/airflow/.local/lib/python3.12/site-packages/airflow/example_dags/example_dataset_alias_with_no_taskflow.py
[2025-04-21T10:56:38.708+0000] {logging_mixin.py:190} INFO - [2025-04-21T10:56:38.708+0000] {dag.py:3239} INFO - Sync 4 DAGs
[2025-04-21T10:56:38.726+0000] {logging_mixin.py:190} INFO - [2025-04-21T10:56:38.726+0000] {dag.py:4180} INFO - Setting next_dagrun for dataset_alias_example_alias_consumer_with_no_taskflow to None, run_after=None
[2025-04-21T10:56:38.728+0000] {logging_mixin.py:190} INFO - [2025-04-21T10:56:38.728+0000] {dag.py:4180} INFO - Setting next_dagrun for dataset_alias_example_alias_producer_with_no_taskflow to None, run_after=None
[2025-04-21T10:56:38.729+0000] {logging_mixin.py:190} INFO - [2025-04-21T10:56:38.729+0000] {dag.py:4180} INFO - Setting next_dagrun for dataset_s3_bucket_consumer_with_no_taskflow to None, run_after=None
[2025-04-21T10:56:38.730+0000] {logging_mixin.py:190} INFO - [2025-04-21T10:56:38.730+0000] {dag.py:4180} INFO - Setting next_dagrun for dataset_s3_bucket_producer_with_no_taskflow to None, run_after=None
[2025-04-21T10:56:38.746+0000] {processor.py:208} INFO - Processing /home/airflow/.local/lib/python3.12/site-packages/airflow/example_dags/example_dataset_alias_with_no_taskflow.py took 0.514 seconds
[2025-04-21T10:57:08.827+0000] {processor.py:186} INFO - Started process (PID=607) to work on /home/airflow/.local/lib/python3.12/site-packages/airflow/example_dags/example_dataset_alias_with_no_taskflow.py
[2025-04-21T10:57:08.828+0000] {processor.py:914} INFO - Processing file /home/airflow/.local/lib/python3.12/site-packages/airflow/example_dags/example_dataset_alias_with_no_taskflow.py for tasks to queue
[2025-04-21T10:57:08.830+0000] {logging_mixin.py:190} INFO - [2025-04-21T10:57:08.830+0000] {dagbag.py:588} INFO - Filling up the DagBag from /home/airflow/.local/lib/python3.12/site-packages/airflow/example_dags/example_dataset_alias_with_no_taskflow.py
[2025-04-21T10:57:09.288+0000] {processor.py:925} INFO - DAG(s) 'dataset_s3_bucket_consumer_with_no_taskflow', 'dataset_alias_example_alias_consumer_with_no_taskflow', 'dataset_alias_example_alias_producer_with_no_taskflow', 'dataset_s3_bucket_producer_with_no_taskflow' retrieved from /home/airflow/.local/lib/python3.12/site-packages/airflow/example_dags/example_dataset_alias_with_no_taskflow.py
[2025-04-21T10:57:09.303+0000] {logging_mixin.py:190} INFO - [2025-04-21T10:57:09.302+0000] {dag.py:3239} INFO - Sync 4 DAGs
[2025-04-21T10:57:09.321+0000] {logging_mixin.py:190} INFO - [2025-04-21T10:57:09.321+0000] {dag.py:4180} INFO - Setting next_dagrun for dataset_alias_example_alias_consumer_with_no_taskflow to None, run_after=None
[2025-04-21T10:57:09.323+0000] {logging_mixin.py:190} INFO - [2025-04-21T10:57:09.323+0000] {dag.py:4180} INFO - Setting next_dagrun for dataset_alias_example_alias_producer_with_no_taskflow to None, run_after=None
[2025-04-21T10:57:09.324+0000] {logging_mixin.py:190} INFO - [2025-04-21T10:57:09.324+0000] {dag.py:4180} INFO - Setting next_dagrun for dataset_s3_bucket_consumer_with_no_taskflow to None, run_after=None
[2025-04-21T10:57:09.325+0000] {logging_mixin.py:190} INFO - [2025-04-21T10:57:09.325+0000] {dag.py:4180} INFO - Setting next_dagrun for dataset_s3_bucket_producer_with_no_taskflow to None, run_after=None
[2025-04-21T10:57:09.341+0000] {processor.py:208} INFO - Processing /home/airflow/.local/lib/python3.12/site-packages/airflow/example_dags/example_dataset_alias_with_no_taskflow.py took 0.518 seconds
[2025-04-21T10:57:39.370+0000] {processor.py:186} INFO - Started process (PID=675) to work on /home/airflow/.local/lib/python3.12/site-packages/airflow/example_dags/example_dataset_alias_with_no_taskflow.py
[2025-04-21T10:57:39.370+0000] {processor.py:914} INFO - Processing file /home/airflow/.local/lib/python3.12/site-packages/airflow/example_dags/example_dataset_alias_with_no_taskflow.py for tasks to queue
[2025-04-21T10:57:39.373+0000] {logging_mixin.py:190} INFO - [2025-04-21T10:57:39.372+0000] {dagbag.py:588} INFO - Filling up the DagBag from /home/airflow/.local/lib/python3.12/site-packages/airflow/example_dags/example_dataset_alias_with_no_taskflow.py
[2025-04-21T10:57:39.822+0000] {processor.py:925} INFO - DAG(s) 'dataset_alias_example_alias_consumer_with_no_taskflow', 'dataset_s3_bucket_producer_with_no_taskflow', 'dataset_s3_bucket_consumer_with_no_taskflow', 'dataset_alias_example_alias_producer_with_no_taskflow' retrieved from /home/airflow/.local/lib/python3.12/site-packages/airflow/example_dags/example_dataset_alias_with_no_taskflow.py
[2025-04-21T10:57:39.836+0000] {logging_mixin.py:190} INFO - [2025-04-21T10:57:39.835+0000] {dag.py:3239} INFO - Sync 4 DAGs
[2025-04-21T10:57:39.851+0000] {logging_mixin.py:190} INFO - [2025-04-21T10:57:39.851+0000] {dag.py:4180} INFO - Setting next_dagrun for dataset_alias_example_alias_consumer_with_no_taskflow to None, run_after=None
[2025-04-21T10:57:39.853+0000] {logging_mixin.py:190} INFO - [2025-04-21T10:57:39.853+0000] {dag.py:4180} INFO - Setting next_dagrun for dataset_alias_example_alias_producer_with_no_taskflow to None, run_after=None
[2025-04-21T10:57:39.854+0000] {logging_mixin.py:190} INFO - [2025-04-21T10:57:39.854+0000] {dag.py:4180} INFO - Setting next_dagrun for dataset_s3_bucket_consumer_with_no_taskflow to None, run_after=None
[2025-04-21T10:57:39.855+0000] {logging_mixin.py:190} INFO - [2025-04-21T10:57:39.855+0000] {dag.py:4180} INFO - Setting next_dagrun for dataset_s3_bucket_producer_with_no_taskflow to None, run_after=None
[2025-04-21T10:57:39.872+0000] {processor.py:208} INFO - Processing /home/airflow/.local/lib/python3.12/site-packages/airflow/example_dags/example_dataset_alias_with_no_taskflow.py took 0.506 seconds
[2025-04-21T10:58:10.718+0000] {processor.py:186} INFO - Started process (PID=742) to work on /home/airflow/.local/lib/python3.12/site-packages/airflow/example_dags/example_dataset_alias_with_no_taskflow.py
[2025-04-21T10:58:10.718+0000] {processor.py:914} INFO - Processing file /home/airflow/.local/lib/python3.12/site-packages/airflow/example_dags/example_dataset_alias_with_no_taskflow.py for tasks to queue
[2025-04-21T10:58:10.721+0000] {logging_mixin.py:190} INFO - [2025-04-21T10:58:10.720+0000] {dagbag.py:588} INFO - Filling up the DagBag from /home/airflow/.local/lib/python3.12/site-packages/airflow/example_dags/example_dataset_alias_with_no_taskflow.py
[2025-04-21T10:58:11.154+0000] {processor.py:925} INFO - DAG(s) 'dataset_alias_example_alias_producer_with_no_taskflow', 'dataset_alias_example_alias_consumer_with_no_taskflow', 'dataset_s3_bucket_producer_with_no_taskflow', 'dataset_s3_bucket_consumer_with_no_taskflow' retrieved from /home/airflow/.local/lib/python3.12/site-packages/airflow/example_dags/example_dataset_alias_with_no_taskflow.py
[2025-04-21T10:58:11.167+0000] {logging_mixin.py:190} INFO - [2025-04-21T10:58:11.167+0000] {dag.py:3239} INFO - Sync 4 DAGs
[2025-04-21T10:58:11.184+0000] {logging_mixin.py:190} INFO - [2025-04-21T10:58:11.183+0000] {dag.py:4180} INFO - Setting next_dagrun for dataset_alias_example_alias_consumer_with_no_taskflow to None, run_after=None
[2025-04-21T10:58:11.186+0000] {logging_mixin.py:190} INFO - [2025-04-21T10:58:11.186+0000] {dag.py:4180} INFO - Setting next_dagrun for dataset_alias_example_alias_producer_with_no_taskflow to None, run_after=None
[2025-04-21T10:58:11.187+0000] {logging_mixin.py:190} INFO - [2025-04-21T10:58:11.187+0000] {dag.py:4180} INFO - Setting next_dagrun for dataset_s3_bucket_consumer_with_no_taskflow to None, run_after=None
[2025-04-21T10:58:11.188+0000] {logging_mixin.py:190} INFO - [2025-04-21T10:58:11.188+0000] {dag.py:4180} INFO - Setting next_dagrun for dataset_s3_bucket_producer_with_no_taskflow to None, run_after=None
[2025-04-21T10:58:11.204+0000] {processor.py:208} INFO - Processing /home/airflow/.local/lib/python3.12/site-packages/airflow/example_dags/example_dataset_alias_with_no_taskflow.py took 0.490 seconds
[2025-04-21T10:58:41.978+0000] {processor.py:186} INFO - Started process (PID=807) to work on /home/airflow/.local/lib/python3.12/site-packages/airflow/example_dags/example_dataset_alias_with_no_taskflow.py
[2025-04-21T10:58:41.979+0000] {processor.py:914} INFO - Processing file /home/airflow/.local/lib/python3.12/site-packages/airflow/example_dags/example_dataset_alias_with_no_taskflow.py for tasks to queue
[2025-04-21T10:58:41.981+0000] {logging_mixin.py:190} INFO - [2025-04-21T10:58:41.980+0000] {dagbag.py:588} INFO - Filling up the DagBag from /home/airflow/.local/lib/python3.12/site-packages/airflow/example_dags/example_dataset_alias_with_no_taskflow.py
[2025-04-21T10:58:42.418+0000] {processor.py:925} INFO - DAG(s) 'dataset_s3_bucket_consumer_with_no_taskflow', 'dataset_alias_example_alias_consumer_with_no_taskflow', 'dataset_alias_example_alias_producer_with_no_taskflow', 'dataset_s3_bucket_producer_with_no_taskflow' retrieved from /home/airflow/.local/lib/python3.12/site-packages/airflow/example_dags/example_dataset_alias_with_no_taskflow.py
[2025-04-21T10:58:42.432+0000] {logging_mixin.py:190} INFO - [2025-04-21T10:58:42.432+0000] {dag.py:3239} INFO - Sync 4 DAGs
[2025-04-21T10:58:42.448+0000] {logging_mixin.py:190} INFO - [2025-04-21T10:58:42.448+0000] {dag.py:4180} INFO - Setting next_dagrun for dataset_alias_example_alias_consumer_with_no_taskflow to None, run_after=None
[2025-04-21T10:58:42.450+0000] {logging_mixin.py:190} INFO - [2025-04-21T10:58:42.450+0000] {dag.py:4180} INFO - Setting next_dagrun for dataset_alias_example_alias_producer_with_no_taskflow to None, run_after=None
[2025-04-21T10:58:42.453+0000] {logging_mixin.py:190} INFO - [2025-04-21T10:58:42.453+0000] {dag.py:4180} INFO - Setting next_dagrun for dataset_s3_bucket_consumer_with_no_taskflow to None, run_after=None
[2025-04-21T10:58:42.454+0000] {logging_mixin.py:190} INFO - [2025-04-21T10:58:42.454+0000] {dag.py:4180} INFO - Setting next_dagrun for dataset_s3_bucket_producer_with_no_taskflow to None, run_after=None
[2025-04-21T10:58:42.469+0000] {processor.py:208} INFO - Processing /home/airflow/.local/lib/python3.12/site-packages/airflow/example_dags/example_dataset_alias_with_no_taskflow.py took 0.496 seconds
[2025-04-21T10:59:13.247+0000] {processor.py:186} INFO - Started process (PID=871) to work on /home/airflow/.local/lib/python3.12/site-packages/airflow/example_dags/example_dataset_alias_with_no_taskflow.py
[2025-04-21T10:59:13.248+0000] {processor.py:914} INFO - Processing file /home/airflow/.local/lib/python3.12/site-packages/airflow/example_dags/example_dataset_alias_with_no_taskflow.py for tasks to queue
[2025-04-21T10:59:13.250+0000] {logging_mixin.py:190} INFO - [2025-04-21T10:59:13.250+0000] {dagbag.py:588} INFO - Filling up the DagBag from /home/airflow/.local/lib/python3.12/site-packages/airflow/example_dags/example_dataset_alias_with_no_taskflow.py
[2025-04-21T10:59:13.668+0000] {processor.py:925} INFO - DAG(s) 'dataset_s3_bucket_producer_with_no_taskflow', 'dataset_alias_example_alias_consumer_with_no_taskflow', 'dataset_alias_example_alias_producer_with_no_taskflow', 'dataset_s3_bucket_consumer_with_no_taskflow' retrieved from /home/airflow/.local/lib/python3.12/site-packages/airflow/example_dags/example_dataset_alias_with_no_taskflow.py
[2025-04-21T10:59:13.682+0000] {logging_mixin.py:190} INFO - [2025-04-21T10:59:13.681+0000] {dag.py:3239} INFO - Sync 4 DAGs
[2025-04-21T10:59:13.697+0000] {logging_mixin.py:190} INFO - [2025-04-21T10:59:13.697+0000] {dag.py:4180} INFO - Setting next_dagrun for dataset_alias_example_alias_consumer_with_no_taskflow to None, run_after=None
[2025-04-21T10:59:13.699+0000] {logging_mixin.py:190} INFO - [2025-04-21T10:59:13.699+0000] {dag.py:4180} INFO - Setting next_dagrun for dataset_alias_example_alias_producer_with_no_taskflow to None, run_after=None
[2025-04-21T10:59:13.700+0000] {logging_mixin.py:190} INFO - [2025-04-21T10:59:13.700+0000] {dag.py:4180} INFO - Setting next_dagrun for dataset_s3_bucket_consumer_with_no_taskflow to None, run_after=None
[2025-04-21T10:59:13.701+0000] {logging_mixin.py:190} INFO - [2025-04-21T10:59:13.701+0000] {dag.py:4180} INFO - Setting next_dagrun for dataset_s3_bucket_producer_with_no_taskflow to None, run_after=None
[2025-04-21T10:59:13.717+0000] {processor.py:208} INFO - Processing /home/airflow/.local/lib/python3.12/site-packages/airflow/example_dags/example_dataset_alias_with_no_taskflow.py took 0.475 seconds
[2025-04-21T10:59:44.697+0000] {processor.py:186} INFO - Started process (PID=934) to work on /home/airflow/.local/lib/python3.12/site-packages/airflow/example_dags/example_dataset_alias_with_no_taskflow.py
[2025-04-21T10:59:44.698+0000] {processor.py:914} INFO - Processing file /home/airflow/.local/lib/python3.12/site-packages/airflow/example_dags/example_dataset_alias_with_no_taskflow.py for tasks to queue
[2025-04-21T10:59:44.701+0000] {logging_mixin.py:190} INFO - [2025-04-21T10:59:44.700+0000] {dagbag.py:588} INFO - Filling up the DagBag from /home/airflow/.local/lib/python3.12/site-packages/airflow/example_dags/example_dataset_alias_with_no_taskflow.py
[2025-04-21T10:59:45.119+0000] {processor.py:925} INFO - DAG(s) 'dataset_s3_bucket_consumer_with_no_taskflow', 'dataset_alias_example_alias_consumer_with_no_taskflow', 'dataset_alias_example_alias_producer_with_no_taskflow', 'dataset_s3_bucket_producer_with_no_taskflow' retrieved from /home/airflow/.local/lib/python3.12/site-packages/airflow/example_dags/example_dataset_alias_with_no_taskflow.py
[2025-04-21T10:59:45.133+0000] {logging_mixin.py:190} INFO - [2025-04-21T10:59:45.132+0000] {dag.py:3239} INFO - Sync 4 DAGs
[2025-04-21T10:59:45.150+0000] {logging_mixin.py:190} INFO - [2025-04-21T10:59:45.150+0000] {dag.py:4180} INFO - Setting next_dagrun for dataset_alias_example_alias_consumer_with_no_taskflow to None, run_after=None
[2025-04-21T10:59:45.153+0000] {logging_mixin.py:190} INFO - [2025-04-21T10:59:45.152+0000] {dag.py:4180} INFO - Setting next_dagrun for dataset_alias_example_alias_producer_with_no_taskflow to None, run_after=None
[2025-04-21T10:59:45.154+0000] {logging_mixin.py:190} INFO - [2025-04-21T10:59:45.153+0000] {dag.py:4180} INFO - Setting next_dagrun for dataset_s3_bucket_consumer_with_no_taskflow to None, run_after=None
[2025-04-21T10:59:45.154+0000] {logging_mixin.py:190} INFO - [2025-04-21T10:59:45.154+0000] {dag.py:4180} INFO - Setting next_dagrun for dataset_s3_bucket_producer_with_no_taskflow to None, run_after=None
[2025-04-21T10:59:45.169+0000] {processor.py:208} INFO - Processing /home/airflow/.local/lib/python3.12/site-packages/airflow/example_dags/example_dataset_alias_with_no_taskflow.py took 0.475 seconds
[2025-04-21T11:00:15.972+0000] {processor.py:186} INFO - Started process (PID=997) to work on /home/airflow/.local/lib/python3.12/site-packages/airflow/example_dags/example_dataset_alias_with_no_taskflow.py
[2025-04-21T11:00:15.973+0000] {processor.py:914} INFO - Processing file /home/airflow/.local/lib/python3.12/site-packages/airflow/example_dags/example_dataset_alias_with_no_taskflow.py for tasks to queue
[2025-04-21T11:00:15.975+0000] {logging_mixin.py:190} INFO - [2025-04-21T11:00:15.975+0000] {dagbag.py:588} INFO - Filling up the DagBag from /home/airflow/.local/lib/python3.12/site-packages/airflow/example_dags/example_dataset_alias_with_no_taskflow.py
[2025-04-21T11:00:16.392+0000] {processor.py:925} INFO - DAG(s) 'dataset_alias_example_alias_consumer_with_no_taskflow', 'dataset_s3_bucket_consumer_with_no_taskflow', 'dataset_alias_example_alias_producer_with_no_taskflow', 'dataset_s3_bucket_producer_with_no_taskflow' retrieved from /home/airflow/.local/lib/python3.12/site-packages/airflow/example_dags/example_dataset_alias_with_no_taskflow.py
[2025-04-21T11:00:16.405+0000] {logging_mixin.py:190} INFO - [2025-04-21T11:00:16.405+0000] {dag.py:3239} INFO - Sync 4 DAGs
[2025-04-21T11:00:16.420+0000] {logging_mixin.py:190} INFO - [2025-04-21T11:00:16.420+0000] {dag.py:4180} INFO - Setting next_dagrun for dataset_alias_example_alias_consumer_with_no_taskflow to None, run_after=None
[2025-04-21T11:00:16.422+0000] {logging_mixin.py:190} INFO - [2025-04-21T11:00:16.422+0000] {dag.py:4180} INFO - Setting next_dagrun for dataset_alias_example_alias_producer_with_no_taskflow to None, run_after=None
[2025-04-21T11:00:16.423+0000] {logging_mixin.py:190} INFO - [2025-04-21T11:00:16.423+0000] {dag.py:4180} INFO - Setting next_dagrun for dataset_s3_bucket_consumer_with_no_taskflow to None, run_after=None
[2025-04-21T11:00:16.424+0000] {logging_mixin.py:190} INFO - [2025-04-21T11:00:16.424+0000] {dag.py:4180} INFO - Setting next_dagrun for dataset_s3_bucket_producer_with_no_taskflow to None, run_after=None
[2025-04-21T11:00:16.440+0000] {processor.py:208} INFO - Processing /home/airflow/.local/lib/python3.12/site-packages/airflow/example_dags/example_dataset_alias_with_no_taskflow.py took 0.472 seconds
[2025-04-21T11:00:46.531+0000] {processor.py:186} INFO - Started process (PID=1060) to work on /home/airflow/.local/lib/python3.12/site-packages/airflow/example_dags/example_dataset_alias_with_no_taskflow.py
[2025-04-21T11:00:46.532+0000] {processor.py:914} INFO - Processing file /home/airflow/.local/lib/python3.12/site-packages/airflow/example_dags/example_dataset_alias_with_no_taskflow.py for tasks to queue
[2025-04-21T11:00:46.534+0000] {logging_mixin.py:190} INFO - [2025-04-21T11:00:46.534+0000] {dagbag.py:588} INFO - Filling up the DagBag from /home/airflow/.local/lib/python3.12/site-packages/airflow/example_dags/example_dataset_alias_with_no_taskflow.py
[2025-04-21T11:00:46.944+0000] {processor.py:925} INFO - DAG(s) 'dataset_alias_example_alias_consumer_with_no_taskflow', 'dataset_s3_bucket_producer_with_no_taskflow', 'dataset_s3_bucket_consumer_with_no_taskflow', 'dataset_alias_example_alias_producer_with_no_taskflow' retrieved from /home/airflow/.local/lib/python3.12/site-packages/airflow/example_dags/example_dataset_alias_with_no_taskflow.py
[2025-04-21T11:00:46.960+0000] {logging_mixin.py:190} INFO - [2025-04-21T11:00:46.960+0000] {dag.py:3239} INFO - Sync 4 DAGs
[2025-04-21T11:00:46.977+0000] {logging_mixin.py:190} INFO - [2025-04-21T11:00:46.977+0000] {dag.py:4180} INFO - Setting next_dagrun for dataset_alias_example_alias_consumer_with_no_taskflow to None, run_after=None
[2025-04-21T11:00:46.979+0000] {logging_mixin.py:190} INFO - [2025-04-21T11:00:46.979+0000] {dag.py:4180} INFO - Setting next_dagrun for dataset_alias_example_alias_producer_with_no_taskflow to None, run_after=None
[2025-04-21T11:00:46.980+0000] {logging_mixin.py:190} INFO - [2025-04-21T11:00:46.980+0000] {dag.py:4180} INFO - Setting next_dagrun for dataset_s3_bucket_consumer_with_no_taskflow to None, run_after=None
[2025-04-21T11:00:46.981+0000] {logging_mixin.py:190} INFO - [2025-04-21T11:00:46.981+0000] {dag.py:4180} INFO - Setting next_dagrun for dataset_s3_bucket_producer_with_no_taskflow to None, run_after=None
[2025-04-21T11:00:46.996+0000] {processor.py:208} INFO - Processing /home/airflow/.local/lib/python3.12/site-packages/airflow/example_dags/example_dataset_alias_with_no_taskflow.py took 0.468 seconds
[2025-04-21T11:01:17.146+0000] {processor.py:186} INFO - Started process (PID=1123) to work on /home/airflow/.local/lib/python3.12/site-packages/airflow/example_dags/example_dataset_alias_with_no_taskflow.py
[2025-04-21T11:01:17.146+0000] {processor.py:914} INFO - Processing file /home/airflow/.local/lib/python3.12/site-packages/airflow/example_dags/example_dataset_alias_with_no_taskflow.py for tasks to queue
[2025-04-21T11:01:17.149+0000] {logging_mixin.py:190} INFO - [2025-04-21T11:01:17.149+0000] {dagbag.py:588} INFO - Filling up the DagBag from /home/airflow/.local/lib/python3.12/site-packages/airflow/example_dags/example_dataset_alias_with_no_taskflow.py
[2025-04-21T11:01:17.569+0000] {processor.py:925} INFO - DAG(s) 'dataset_alias_example_alias_consumer_with_no_taskflow', 'dataset_s3_bucket_producer_with_no_taskflow', 'dataset_alias_example_alias_producer_with_no_taskflow', 'dataset_s3_bucket_consumer_with_no_taskflow' retrieved from /home/airflow/.local/lib/python3.12/site-packages/airflow/example_dags/example_dataset_alias_with_no_taskflow.py
[2025-04-21T11:01:17.586+0000] {logging_mixin.py:190} INFO - [2025-04-21T11:01:17.585+0000] {dag.py:3239} INFO - Sync 4 DAGs
[2025-04-21T11:01:17.602+0000] {logging_mixin.py:190} INFO - [2025-04-21T11:01:17.601+0000] {dag.py:4180} INFO - Setting next_dagrun for dataset_alias_example_alias_consumer_with_no_taskflow to None, run_after=None
[2025-04-21T11:01:17.603+0000] {logging_mixin.py:190} INFO - [2025-04-21T11:01:17.603+0000] {dag.py:4180} INFO - Setting next_dagrun for dataset_alias_example_alias_producer_with_no_taskflow to None, run_after=None
[2025-04-21T11:01:17.604+0000] {logging_mixin.py:190} INFO - [2025-04-21T11:01:17.604+0000] {dag.py:4180} INFO - Setting next_dagrun for dataset_s3_bucket_consumer_with_no_taskflow to None, run_after=None
[2025-04-21T11:01:17.605+0000] {logging_mixin.py:190} INFO - [2025-04-21T11:01:17.605+0000] {dag.py:4180} INFO - Setting next_dagrun for dataset_s3_bucket_producer_with_no_taskflow to None, run_after=None
[2025-04-21T11:01:17.620+0000] {processor.py:208} INFO - Processing /home/airflow/.local/lib/python3.12/site-packages/airflow/example_dags/example_dataset_alias_with_no_taskflow.py took 0.478 seconds
[2025-04-21T11:01:48.550+0000] {processor.py:186} INFO - Started process (PID=1186) to work on /home/airflow/.local/lib/python3.12/site-packages/airflow/example_dags/example_dataset_alias_with_no_taskflow.py
[2025-04-21T11:01:48.551+0000] {processor.py:914} INFO - Processing file /home/airflow/.local/lib/python3.12/site-packages/airflow/example_dags/example_dataset_alias_with_no_taskflow.py for tasks to queue
[2025-04-21T11:01:48.553+0000] {logging_mixin.py:190} INFO - [2025-04-21T11:01:48.553+0000] {dagbag.py:588} INFO - Filling up the DagBag from /home/airflow/.local/lib/python3.12/site-packages/airflow/example_dags/example_dataset_alias_with_no_taskflow.py
[2025-04-21T11:01:48.997+0000] {processor.py:925} INFO - DAG(s) 'dataset_alias_example_alias_producer_with_no_taskflow', 'dataset_s3_bucket_consumer_with_no_taskflow', 'dataset_alias_example_alias_consumer_with_no_taskflow', 'dataset_s3_bucket_producer_with_no_taskflow' retrieved from /home/airflow/.local/lib/python3.12/site-packages/airflow/example_dags/example_dataset_alias_with_no_taskflow.py
[2025-04-21T11:01:49.013+0000] {logging_mixin.py:190} INFO - [2025-04-21T11:01:49.013+0000] {dag.py:3239} INFO - Sync 4 DAGs
[2025-04-21T11:01:49.031+0000] {logging_mixin.py:190} INFO - [2025-04-21T11:01:49.031+0000] {dag.py:4180} INFO - Setting next_dagrun for dataset_alias_example_alias_consumer_with_no_taskflow to None, run_after=None
[2025-04-21T11:01:49.033+0000] {logging_mixin.py:190} INFO - [2025-04-21T11:01:49.033+0000] {dag.py:4180} INFO - Setting next_dagrun for dataset_alias_example_alias_producer_with_no_taskflow to None, run_after=None
[2025-04-21T11:01:49.034+0000] {logging_mixin.py:190} INFO - [2025-04-21T11:01:49.034+0000] {dag.py:4180} INFO - Setting next_dagrun for dataset_s3_bucket_consumer_with_no_taskflow to None, run_after=None
[2025-04-21T11:01:49.035+0000] {logging_mixin.py:190} INFO - [2025-04-21T11:01:49.035+0000] {dag.py:4180} INFO - Setting next_dagrun for dataset_s3_bucket_producer_with_no_taskflow to None, run_after=None
[2025-04-21T11:01:49.051+0000] {processor.py:208} INFO - Processing /home/airflow/.local/lib/python3.12/site-packages/airflow/example_dags/example_dataset_alias_with_no_taskflow.py took 0.505 seconds
[2025-04-21T11:02:19.855+0000] {processor.py:186} INFO - Started process (PID=1249) to work on /home/airflow/.local/lib/python3.12/site-packages/airflow/example_dags/example_dataset_alias_with_no_taskflow.py
[2025-04-21T11:02:19.855+0000] {processor.py:914} INFO - Processing file /home/airflow/.local/lib/python3.12/site-packages/airflow/example_dags/example_dataset_alias_with_no_taskflow.py for tasks to queue
[2025-04-21T11:02:19.858+0000] {logging_mixin.py:190} INFO - [2025-04-21T11:02:19.857+0000] {dagbag.py:588} INFO - Filling up the DagBag from /home/airflow/.local/lib/python3.12/site-packages/airflow/example_dags/example_dataset_alias_with_no_taskflow.py
[2025-04-21T11:02:20.306+0000] {processor.py:925} INFO - DAG(s) 'dataset_s3_bucket_consumer_with_no_taskflow', 'dataset_s3_bucket_producer_with_no_taskflow', 'dataset_alias_example_alias_producer_with_no_taskflow', 'dataset_alias_example_alias_consumer_with_no_taskflow' retrieved from /home/airflow/.local/lib/python3.12/site-packages/airflow/example_dags/example_dataset_alias_with_no_taskflow.py
[2025-04-21T11:02:20.324+0000] {logging_mixin.py:190} INFO - [2025-04-21T11:02:20.324+0000] {dag.py:3239} INFO - Sync 4 DAGs
[2025-04-21T11:02:20.344+0000] {logging_mixin.py:190} INFO - [2025-04-21T11:02:20.344+0000] {dag.py:4180} INFO - Setting next_dagrun for dataset_alias_example_alias_consumer_with_no_taskflow to None, run_after=None
[2025-04-21T11:02:20.347+0000] {logging_mixin.py:190} INFO - [2025-04-21T11:02:20.347+0000] {dag.py:4180} INFO - Setting next_dagrun for dataset_alias_example_alias_producer_with_no_taskflow to None, run_after=None
[2025-04-21T11:02:20.348+0000] {logging_mixin.py:190} INFO - [2025-04-21T11:02:20.348+0000] {dag.py:4180} INFO - Setting next_dagrun for dataset_s3_bucket_consumer_with_no_taskflow to None, run_after=None
[2025-04-21T11:02:20.349+0000] {logging_mixin.py:190} INFO - [2025-04-21T11:02:20.349+0000] {dag.py:4180} INFO - Setting next_dagrun for dataset_s3_bucket_producer_with_no_taskflow to None, run_after=None
[2025-04-21T11:02:20.370+0000] {processor.py:208} INFO - Processing /home/airflow/.local/lib/python3.12/site-packages/airflow/example_dags/example_dataset_alias_with_no_taskflow.py took 0.520 seconds
[2025-04-21T11:02:51.289+0000] {processor.py:186} INFO - Started process (PID=1312) to work on /home/airflow/.local/lib/python3.12/site-packages/airflow/example_dags/example_dataset_alias_with_no_taskflow.py
[2025-04-21T11:02:51.290+0000] {processor.py:914} INFO - Processing file /home/airflow/.local/lib/python3.12/site-packages/airflow/example_dags/example_dataset_alias_with_no_taskflow.py for tasks to queue
[2025-04-21T11:02:51.292+0000] {logging_mixin.py:190} INFO - [2025-04-21T11:02:51.292+0000] {dagbag.py:588} INFO - Filling up the DagBag from /home/airflow/.local/lib/python3.12/site-packages/airflow/example_dags/example_dataset_alias_with_no_taskflow.py
[2025-04-21T11:02:51.724+0000] {processor.py:925} INFO - DAG(s) 'dataset_s3_bucket_consumer_with_no_taskflow', 'dataset_alias_example_alias_producer_with_no_taskflow', 'dataset_alias_example_alias_consumer_with_no_taskflow', 'dataset_s3_bucket_producer_with_no_taskflow' retrieved from /home/airflow/.local/lib/python3.12/site-packages/airflow/example_dags/example_dataset_alias_with_no_taskflow.py
[2025-04-21T11:02:51.738+0000] {logging_mixin.py:190} INFO - [2025-04-21T11:02:51.737+0000] {dag.py:3239} INFO - Sync 4 DAGs
[2025-04-21T11:02:51.755+0000] {logging_mixin.py:190} INFO - [2025-04-21T11:02:51.755+0000] {dag.py:4180} INFO - Setting next_dagrun for dataset_alias_example_alias_consumer_with_no_taskflow to None, run_after=None
[2025-04-21T11:02:51.757+0000] {logging_mixin.py:190} INFO - [2025-04-21T11:02:51.757+0000] {dag.py:4180} INFO - Setting next_dagrun for dataset_alias_example_alias_producer_with_no_taskflow to None, run_after=None
[2025-04-21T11:02:51.758+0000] {logging_mixin.py:190} INFO - [2025-04-21T11:02:51.758+0000] {dag.py:4180} INFO - Setting next_dagrun for dataset_s3_bucket_consumer_with_no_taskflow to None, run_after=None
[2025-04-21T11:02:51.759+0000] {logging_mixin.py:190} INFO - [2025-04-21T11:02:51.759+0000] {dag.py:4180} INFO - Setting next_dagrun for dataset_s3_bucket_producer_with_no_taskflow to None, run_after=None
[2025-04-21T11:02:51.775+0000] {processor.py:208} INFO - Processing /home/airflow/.local/lib/python3.12/site-packages/airflow/example_dags/example_dataset_alias_with_no_taskflow.py took 0.490 seconds
[2025-04-21T11:03:22.689+0000] {processor.py:186} INFO - Started process (PID=1375) to work on /home/airflow/.local/lib/python3.12/site-packages/airflow/example_dags/example_dataset_alias_with_no_taskflow.py
[2025-04-21T11:03:22.690+0000] {processor.py:914} INFO - Processing file /home/airflow/.local/lib/python3.12/site-packages/airflow/example_dags/example_dataset_alias_with_no_taskflow.py for tasks to queue
[2025-04-21T11:03:22.692+0000] {logging_mixin.py:190} INFO - [2025-04-21T11:03:22.692+0000] {dagbag.py:588} INFO - Filling up the DagBag from /home/airflow/.local/lib/python3.12/site-packages/airflow/example_dags/example_dataset_alias_with_no_taskflow.py
[2025-04-21T11:03:23.128+0000] {processor.py:925} INFO - DAG(s) 'dataset_alias_example_alias_consumer_with_no_taskflow', 'dataset_s3_bucket_producer_with_no_taskflow', 'dataset_alias_example_alias_producer_with_no_taskflow', 'dataset_s3_bucket_consumer_with_no_taskflow' retrieved from /home/airflow/.local/lib/python3.12/site-packages/airflow/example_dags/example_dataset_alias_with_no_taskflow.py
[2025-04-21T11:03:23.143+0000] {logging_mixin.py:190} INFO - [2025-04-21T11:03:23.142+0000] {dag.py:3239} INFO - Sync 4 DAGs
[2025-04-21T11:03:23.162+0000] {logging_mixin.py:190} INFO - [2025-04-21T11:03:23.162+0000] {dag.py:4180} INFO - Setting next_dagrun for dataset_alias_example_alias_consumer_with_no_taskflow to None, run_after=None
[2025-04-21T11:03:23.164+0000] {logging_mixin.py:190} INFO - [2025-04-21T11:03:23.164+0000] {dag.py:4180} INFO - Setting next_dagrun for dataset_alias_example_alias_producer_with_no_taskflow to None, run_after=None
[2025-04-21T11:03:23.166+0000] {logging_mixin.py:190} INFO - [2025-04-21T11:03:23.166+0000] {dag.py:4180} INFO - Setting next_dagrun for dataset_s3_bucket_consumer_with_no_taskflow to None, run_after=None
[2025-04-21T11:03:23.167+0000] {logging_mixin.py:190} INFO - [2025-04-21T11:03:23.167+0000] {dag.py:4180} INFO - Setting next_dagrun for dataset_s3_bucket_producer_with_no_taskflow to None, run_after=None
[2025-04-21T11:03:23.185+0000] {processor.py:208} INFO - Processing /home/airflow/.local/lib/python3.12/site-packages/airflow/example_dags/example_dataset_alias_with_no_taskflow.py took 0.503 seconds
[2025-04-21T11:03:53.714+0000] {processor.py:186} INFO - Started process (PID=1438) to work on /home/airflow/.local/lib/python3.12/site-packages/airflow/example_dags/example_dataset_alias_with_no_taskflow.py
[2025-04-21T11:03:53.715+0000] {processor.py:914} INFO - Processing file /home/airflow/.local/lib/python3.12/site-packages/airflow/example_dags/example_dataset_alias_with_no_taskflow.py for tasks to queue
[2025-04-21T11:03:53.717+0000] {logging_mixin.py:190} INFO - [2025-04-21T11:03:53.717+0000] {dagbag.py:588} INFO - Filling up the DagBag from /home/airflow/.local/lib/python3.12/site-packages/airflow/example_dags/example_dataset_alias_with_no_taskflow.py
[2025-04-21T11:03:54.158+0000] {processor.py:925} INFO - DAG(s) 'dataset_alias_example_alias_consumer_with_no_taskflow', 'dataset_alias_example_alias_producer_with_no_taskflow', 'dataset_s3_bucket_consumer_with_no_taskflow', 'dataset_s3_bucket_producer_with_no_taskflow' retrieved from /home/airflow/.local/lib/python3.12/site-packages/airflow/example_dags/example_dataset_alias_with_no_taskflow.py
[2025-04-21T11:03:54.172+0000] {logging_mixin.py:190} INFO - [2025-04-21T11:03:54.171+0000] {dag.py:3239} INFO - Sync 4 DAGs
[2025-04-21T11:03:54.191+0000] {logging_mixin.py:190} INFO - [2025-04-21T11:03:54.191+0000] {dag.py:4180} INFO - Setting next_dagrun for dataset_alias_example_alias_consumer_with_no_taskflow to None, run_after=None
[2025-04-21T11:03:54.193+0000] {logging_mixin.py:190} INFO - [2025-04-21T11:03:54.192+0000] {dag.py:4180} INFO - Setting next_dagrun for dataset_alias_example_alias_producer_with_no_taskflow to None, run_after=None
[2025-04-21T11:03:54.194+0000] {logging_mixin.py:190} INFO - [2025-04-21T11:03:54.194+0000] {dag.py:4180} INFO - Setting next_dagrun for dataset_s3_bucket_consumer_with_no_taskflow to None, run_after=None
[2025-04-21T11:03:54.195+0000] {logging_mixin.py:190} INFO - [2025-04-21T11:03:54.195+0000] {dag.py:4180} INFO - Setting next_dagrun for dataset_s3_bucket_producer_with_no_taskflow to None, run_after=None
[2025-04-21T11:03:54.211+0000] {processor.py:208} INFO - Processing /home/airflow/.local/lib/python3.12/site-packages/airflow/example_dags/example_dataset_alias_with_no_taskflow.py took 0.500 seconds
[2025-04-21T11:04:24.300+0000] {processor.py:186} INFO - Started process (PID=1501) to work on /home/airflow/.local/lib/python3.12/site-packages/airflow/example_dags/example_dataset_alias_with_no_taskflow.py
[2025-04-21T11:04:24.300+0000] {processor.py:914} INFO - Processing file /home/airflow/.local/lib/python3.12/site-packages/airflow/example_dags/example_dataset_alias_with_no_taskflow.py for tasks to queue
[2025-04-21T11:04:24.303+0000] {logging_mixin.py:190} INFO - [2025-04-21T11:04:24.303+0000] {dagbag.py:588} INFO - Filling up the DagBag from /home/airflow/.local/lib/python3.12/site-packages/airflow/example_dags/example_dataset_alias_with_no_taskflow.py
[2025-04-21T11:04:24.754+0000] {processor.py:925} INFO - DAG(s) 'dataset_s3_bucket_producer_with_no_taskflow', 'dataset_s3_bucket_consumer_with_no_taskflow', 'dataset_alias_example_alias_consumer_with_no_taskflow', 'dataset_alias_example_alias_producer_with_no_taskflow' retrieved from /home/airflow/.local/lib/python3.12/site-packages/airflow/example_dags/example_dataset_alias_with_no_taskflow.py
[2025-04-21T11:04:24.770+0000] {logging_mixin.py:190} INFO - [2025-04-21T11:04:24.769+0000] {dag.py:3239} INFO - Sync 4 DAGs
[2025-04-21T11:04:24.788+0000] {logging_mixin.py:190} INFO - [2025-04-21T11:04:24.788+0000] {dag.py:4180} INFO - Setting next_dagrun for dataset_alias_example_alias_consumer_with_no_taskflow to None, run_after=None
[2025-04-21T11:04:24.790+0000] {logging_mixin.py:190} INFO - [2025-04-21T11:04:24.790+0000] {dag.py:4180} INFO - Setting next_dagrun for dataset_alias_example_alias_producer_with_no_taskflow to None, run_after=None
[2025-04-21T11:04:24.792+0000] {logging_mixin.py:190} INFO - [2025-04-21T11:04:24.792+0000] {dag.py:4180} INFO - Setting next_dagrun for dataset_s3_bucket_consumer_with_no_taskflow to None, run_after=None
[2025-04-21T11:04:24.793+0000] {logging_mixin.py:190} INFO - [2025-04-21T11:04:24.793+0000] {dag.py:4180} INFO - Setting next_dagrun for dataset_s3_bucket_producer_with_no_taskflow to None, run_after=None
[2025-04-21T11:04:24.812+0000] {processor.py:208} INFO - Processing /home/airflow/.local/lib/python3.12/site-packages/airflow/example_dags/example_dataset_alias_with_no_taskflow.py took 0.517 seconds
[2025-04-21T11:04:55.080+0000] {processor.py:186} INFO - Started process (PID=1564) to work on /home/airflow/.local/lib/python3.12/site-packages/airflow/example_dags/example_dataset_alias_with_no_taskflow.py
[2025-04-21T11:04:55.081+0000] {processor.py:914} INFO - Processing file /home/airflow/.local/lib/python3.12/site-packages/airflow/example_dags/example_dataset_alias_with_no_taskflow.py for tasks to queue
[2025-04-21T11:04:55.083+0000] {logging_mixin.py:190} INFO - [2025-04-21T11:04:55.083+0000] {dagbag.py:588} INFO - Filling up the DagBag from /home/airflow/.local/lib/python3.12/site-packages/airflow/example_dags/example_dataset_alias_with_no_taskflow.py
[2025-04-21T11:04:55.544+0000] {processor.py:925} INFO - DAG(s) 'dataset_alias_example_alias_producer_with_no_taskflow', 'dataset_alias_example_alias_consumer_with_no_taskflow', 'dataset_s3_bucket_producer_with_no_taskflow', 'dataset_s3_bucket_consumer_with_no_taskflow' retrieved from /home/airflow/.local/lib/python3.12/site-packages/airflow/example_dags/example_dataset_alias_with_no_taskflow.py
[2025-04-21T11:04:55.560+0000] {logging_mixin.py:190} INFO - [2025-04-21T11:04:55.559+0000] {dag.py:3239} INFO - Sync 4 DAGs
[2025-04-21T11:04:55.579+0000] {logging_mixin.py:190} INFO - [2025-04-21T11:04:55.578+0000] {dag.py:4180} INFO - Setting next_dagrun for dataset_alias_example_alias_consumer_with_no_taskflow to None, run_after=None
[2025-04-21T11:04:55.581+0000] {logging_mixin.py:190} INFO - [2025-04-21T11:04:55.581+0000] {dag.py:4180} INFO - Setting next_dagrun for dataset_alias_example_alias_producer_with_no_taskflow to None, run_after=None
[2025-04-21T11:04:55.583+0000] {logging_mixin.py:190} INFO - [2025-04-21T11:04:55.583+0000] {dag.py:4180} INFO - Setting next_dagrun for dataset_s3_bucket_consumer_with_no_taskflow to None, run_after=None
[2025-04-21T11:04:55.585+0000] {logging_mixin.py:190} INFO - [2025-04-21T11:04:55.585+0000] {dag.py:4180} INFO - Setting next_dagrun for dataset_s3_bucket_producer_with_no_taskflow to None, run_after=None
[2025-04-21T11:04:55.603+0000] {processor.py:208} INFO - Processing /home/airflow/.local/lib/python3.12/site-packages/airflow/example_dags/example_dataset_alias_with_no_taskflow.py took 0.527 seconds
[2025-04-21T11:05:26.606+0000] {processor.py:186} INFO - Started process (PID=1627) to work on /home/airflow/.local/lib/python3.12/site-packages/airflow/example_dags/example_dataset_alias_with_no_taskflow.py
[2025-04-21T11:05:26.607+0000] {processor.py:914} INFO - Processing file /home/airflow/.local/lib/python3.12/site-packages/airflow/example_dags/example_dataset_alias_with_no_taskflow.py for tasks to queue
[2025-04-21T11:05:26.609+0000] {logging_mixin.py:190} INFO - [2025-04-21T11:05:26.609+0000] {dagbag.py:588} INFO - Filling up the DagBag from /home/airflow/.local/lib/python3.12/site-packages/airflow/example_dags/example_dataset_alias_with_no_taskflow.py
[2025-04-21T11:05:27.038+0000] {processor.py:925} INFO - DAG(s) 'dataset_alias_example_alias_consumer_with_no_taskflow', 'dataset_s3_bucket_producer_with_no_taskflow', 'dataset_s3_bucket_consumer_with_no_taskflow', 'dataset_alias_example_alias_producer_with_no_taskflow' retrieved from /home/airflow/.local/lib/python3.12/site-packages/airflow/example_dags/example_dataset_alias_with_no_taskflow.py
[2025-04-21T11:05:27.052+0000] {logging_mixin.py:190} INFO - [2025-04-21T11:05:27.051+0000] {dag.py:3239} INFO - Sync 4 DAGs
[2025-04-21T11:05:27.069+0000] {logging_mixin.py:190} INFO - [2025-04-21T11:05:27.069+0000] {dag.py:4180} INFO - Setting next_dagrun for dataset_alias_example_alias_consumer_with_no_taskflow to None, run_after=None
[2025-04-21T11:05:27.071+0000] {logging_mixin.py:190} INFO - [2025-04-21T11:05:27.071+0000] {dag.py:4180} INFO - Setting next_dagrun for dataset_alias_example_alias_producer_with_no_taskflow to None, run_after=None
[2025-04-21T11:05:27.072+0000] {logging_mixin.py:190} INFO - [2025-04-21T11:05:27.072+0000] {dag.py:4180} INFO - Setting next_dagrun for dataset_s3_bucket_consumer_with_no_taskflow to None, run_after=None
[2025-04-21T11:05:27.073+0000] {logging_mixin.py:190} INFO - [2025-04-21T11:05:27.073+0000] {dag.py:4180} INFO - Setting next_dagrun for dataset_s3_bucket_producer_with_no_taskflow to None, run_after=None
[2025-04-21T11:05:27.092+0000] {processor.py:208} INFO - Processing /home/airflow/.local/lib/python3.12/site-packages/airflow/example_dags/example_dataset_alias_with_no_taskflow.py took 0.490 seconds
[2025-04-21T11:05:57.254+0000] {processor.py:186} INFO - Started process (PID=1690) to work on /home/airflow/.local/lib/python3.12/site-packages/airflow/example_dags/example_dataset_alias_with_no_taskflow.py
[2025-04-21T11:05:57.255+0000] {processor.py:914} INFO - Processing file /home/airflow/.local/lib/python3.12/site-packages/airflow/example_dags/example_dataset_alias_with_no_taskflow.py for tasks to queue
[2025-04-21T11:05:57.257+0000] {logging_mixin.py:190} INFO - [2025-04-21T11:05:57.256+0000] {dagbag.py:588} INFO - Filling up the DagBag from /home/airflow/.local/lib/python3.12/site-packages/airflow/example_dags/example_dataset_alias_with_no_taskflow.py
[2025-04-21T11:05:57.687+0000] {processor.py:925} INFO - DAG(s) 'dataset_alias_example_alias_producer_with_no_taskflow', 'dataset_s3_bucket_consumer_with_no_taskflow', 'dataset_s3_bucket_producer_with_no_taskflow', 'dataset_alias_example_alias_consumer_with_no_taskflow' retrieved from /home/airflow/.local/lib/python3.12/site-packages/airflow/example_dags/example_dataset_alias_with_no_taskflow.py
[2025-04-21T11:05:57.709+0000] {logging_mixin.py:190} INFO - [2025-04-21T11:05:57.709+0000] {dag.py:3239} INFO - Sync 4 DAGs
[2025-04-21T11:05:57.729+0000] {logging_mixin.py:190} INFO - [2025-04-21T11:05:57.729+0000] {dag.py:4180} INFO - Setting next_dagrun for dataset_alias_example_alias_consumer_with_no_taskflow to None, run_after=None
[2025-04-21T11:05:57.732+0000] {logging_mixin.py:190} INFO - [2025-04-21T11:05:57.732+0000] {dag.py:4180} INFO - Setting next_dagrun for dataset_alias_example_alias_producer_with_no_taskflow to None, run_after=None
[2025-04-21T11:05:57.734+0000] {logging_mixin.py:190} INFO - [2025-04-21T11:05:57.734+0000] {dag.py:4180} INFO - Setting next_dagrun for dataset_s3_bucket_consumer_with_no_taskflow to None, run_after=None
[2025-04-21T11:05:57.736+0000] {logging_mixin.py:190} INFO - [2025-04-21T11:05:57.736+0000] {dag.py:4180} INFO - Setting next_dagrun for dataset_s3_bucket_producer_with_no_taskflow to None, run_after=None
[2025-04-21T11:05:57.757+0000] {processor.py:208} INFO - Processing /home/airflow/.local/lib/python3.12/site-packages/airflow/example_dags/example_dataset_alias_with_no_taskflow.py took 0.507 seconds
[2025-04-21T11:06:27.829+0000] {processor.py:186} INFO - Started process (PID=1753) to work on /home/airflow/.local/lib/python3.12/site-packages/airflow/example_dags/example_dataset_alias_with_no_taskflow.py
[2025-04-21T11:06:27.830+0000] {processor.py:914} INFO - Processing file /home/airflow/.local/lib/python3.12/site-packages/airflow/example_dags/example_dataset_alias_with_no_taskflow.py for tasks to queue
[2025-04-21T11:06:27.832+0000] {logging_mixin.py:190} INFO - [2025-04-21T11:06:27.832+0000] {dagbag.py:588} INFO - Filling up the DagBag from /home/airflow/.local/lib/python3.12/site-packages/airflow/example_dags/example_dataset_alias_with_no_taskflow.py
[2025-04-21T11:06:28.274+0000] {processor.py:925} INFO - DAG(s) 'dataset_alias_example_alias_producer_with_no_taskflow', 'dataset_s3_bucket_producer_with_no_taskflow', 'dataset_s3_bucket_consumer_with_no_taskflow', 'dataset_alias_example_alias_consumer_with_no_taskflow' retrieved from /home/airflow/.local/lib/python3.12/site-packages/airflow/example_dags/example_dataset_alias_with_no_taskflow.py
[2025-04-21T11:06:28.289+0000] {logging_mixin.py:190} INFO - [2025-04-21T11:06:28.288+0000] {dag.py:3239} INFO - Sync 4 DAGs
[2025-04-21T11:06:28.305+0000] {logging_mixin.py:190} INFO - [2025-04-21T11:06:28.305+0000] {dag.py:4180} INFO - Setting next_dagrun for dataset_alias_example_alias_consumer_with_no_taskflow to None, run_after=None
[2025-04-21T11:06:28.307+0000] {logging_mixin.py:190} INFO - [2025-04-21T11:06:28.307+0000] {dag.py:4180} INFO - Setting next_dagrun for dataset_alias_example_alias_producer_with_no_taskflow to None, run_after=None
[2025-04-21T11:06:28.308+0000] {logging_mixin.py:190} INFO - [2025-04-21T11:06:28.308+0000] {dag.py:4180} INFO - Setting next_dagrun for dataset_s3_bucket_consumer_with_no_taskflow to None, run_after=None
[2025-04-21T11:06:28.309+0000] {logging_mixin.py:190} INFO - [2025-04-21T11:06:28.309+0000] {dag.py:4180} INFO - Setting next_dagrun for dataset_s3_bucket_producer_with_no_taskflow to None, run_after=None
[2025-04-21T11:06:28.327+0000] {processor.py:208} INFO - Processing /home/airflow/.local/lib/python3.12/site-packages/airflow/example_dags/example_dataset_alias_with_no_taskflow.py took 0.502 seconds
[2025-04-21T11:06:59.276+0000] {processor.py:186} INFO - Started process (PID=1816) to work on /home/airflow/.local/lib/python3.12/site-packages/airflow/example_dags/example_dataset_alias_with_no_taskflow.py
[2025-04-21T11:06:59.277+0000] {processor.py:914} INFO - Processing file /home/airflow/.local/lib/python3.12/site-packages/airflow/example_dags/example_dataset_alias_with_no_taskflow.py for tasks to queue
[2025-04-21T11:06:59.279+0000] {logging_mixin.py:190} INFO - [2025-04-21T11:06:59.279+0000] {dagbag.py:588} INFO - Filling up the DagBag from /home/airflow/.local/lib/python3.12/site-packages/airflow/example_dags/example_dataset_alias_with_no_taskflow.py
[2025-04-21T11:06:59.707+0000] {processor.py:925} INFO - DAG(s) 'dataset_s3_bucket_producer_with_no_taskflow', 'dataset_alias_example_alias_consumer_with_no_taskflow', 'dataset_alias_example_alias_producer_with_no_taskflow', 'dataset_s3_bucket_consumer_with_no_taskflow' retrieved from /home/airflow/.local/lib/python3.12/site-packages/airflow/example_dags/example_dataset_alias_with_no_taskflow.py
[2025-04-21T11:06:59.723+0000] {logging_mixin.py:190} INFO - [2025-04-21T11:06:59.722+0000] {dag.py:3239} INFO - Sync 4 DAGs
[2025-04-21T11:06:59.739+0000] {logging_mixin.py:190} INFO - [2025-04-21T11:06:59.739+0000] {dag.py:4180} INFO - Setting next_dagrun for dataset_alias_example_alias_consumer_with_no_taskflow to None, run_after=None
[2025-04-21T11:06:59.741+0000] {logging_mixin.py:190} INFO - [2025-04-21T11:06:59.741+0000] {dag.py:4180} INFO - Setting next_dagrun for dataset_alias_example_alias_producer_with_no_taskflow to None, run_after=None
[2025-04-21T11:06:59.742+0000] {logging_mixin.py:190} INFO - [2025-04-21T11:06:59.742+0000] {dag.py:4180} INFO - Setting next_dagrun for dataset_s3_bucket_consumer_with_no_taskflow to None, run_after=None
[2025-04-21T11:06:59.743+0000] {logging_mixin.py:190} INFO - [2025-04-21T11:06:59.743+0000] {dag.py:4180} INFO - Setting next_dagrun for dataset_s3_bucket_producer_with_no_taskflow to None, run_after=None
[2025-04-21T11:06:59.761+0000] {processor.py:208} INFO - Processing /home/airflow/.local/lib/python3.12/site-packages/airflow/example_dags/example_dataset_alias_with_no_taskflow.py took 0.489 seconds
[2025-04-21T11:07:30.490+0000] {processor.py:186} INFO - Started process (PID=1879) to work on /home/airflow/.local/lib/python3.12/site-packages/airflow/example_dags/example_dataset_alias_with_no_taskflow.py
[2025-04-21T11:07:30.491+0000] {processor.py:914} INFO - Processing file /home/airflow/.local/lib/python3.12/site-packages/airflow/example_dags/example_dataset_alias_with_no_taskflow.py for tasks to queue
[2025-04-21T11:07:30.493+0000] {logging_mixin.py:190} INFO - [2025-04-21T11:07:30.492+0000] {dagbag.py:588} INFO - Filling up the DagBag from /home/airflow/.local/lib/python3.12/site-packages/airflow/example_dags/example_dataset_alias_with_no_taskflow.py
[2025-04-21T11:07:30.966+0000] {processor.py:925} INFO - DAG(s) 'dataset_s3_bucket_producer_with_no_taskflow', 'dataset_alias_example_alias_consumer_with_no_taskflow', 'dataset_s3_bucket_consumer_with_no_taskflow', 'dataset_alias_example_alias_producer_with_no_taskflow' retrieved from /home/airflow/.local/lib/python3.12/site-packages/airflow/example_dags/example_dataset_alias_with_no_taskflow.py
[2025-04-21T11:07:30.982+0000] {logging_mixin.py:190} INFO - [2025-04-21T11:07:30.981+0000] {dag.py:3239} INFO - Sync 4 DAGs
[2025-04-21T11:07:31.000+0000] {logging_mixin.py:190} INFO - [2025-04-21T11:07:31.000+0000] {dag.py:4180} INFO - Setting next_dagrun for dataset_alias_example_alias_consumer_with_no_taskflow to None, run_after=None
[2025-04-21T11:07:31.002+0000] {logging_mixin.py:190} INFO - [2025-04-21T11:07:31.002+0000] {dag.py:4180} INFO - Setting next_dagrun for dataset_alias_example_alias_producer_with_no_taskflow to None, run_after=None
[2025-04-21T11:07:31.004+0000] {logging_mixin.py:190} INFO - [2025-04-21T11:07:31.003+0000] {dag.py:4180} INFO - Setting next_dagrun for dataset_s3_bucket_consumer_with_no_taskflow to None, run_after=None
[2025-04-21T11:07:31.004+0000] {logging_mixin.py:190} INFO - [2025-04-21T11:07:31.004+0000] {dag.py:4180} INFO - Setting next_dagrun for dataset_s3_bucket_producer_with_no_taskflow to None, run_after=None
[2025-04-21T11:07:31.021+0000] {processor.py:208} INFO - Processing /home/airflow/.local/lib/python3.12/site-packages/airflow/example_dags/example_dataset_alias_with_no_taskflow.py took 0.536 seconds
[2025-04-21T11:08:01.644+0000] {processor.py:186} INFO - Started process (PID=1942) to work on /home/airflow/.local/lib/python3.12/site-packages/airflow/example_dags/example_dataset_alias_with_no_taskflow.py
[2025-04-21T11:08:01.645+0000] {processor.py:914} INFO - Processing file /home/airflow/.local/lib/python3.12/site-packages/airflow/example_dags/example_dataset_alias_with_no_taskflow.py for tasks to queue
[2025-04-21T11:08:01.647+0000] {logging_mixin.py:190} INFO - [2025-04-21T11:08:01.647+0000] {dagbag.py:588} INFO - Filling up the DagBag from /home/airflow/.local/lib/python3.12/site-packages/airflow/example_dags/example_dataset_alias_with_no_taskflow.py
[2025-04-21T11:08:02.138+0000] {processor.py:925} INFO - DAG(s) 'dataset_s3_bucket_producer_with_no_taskflow', 'dataset_alias_example_alias_consumer_with_no_taskflow', 'dataset_s3_bucket_consumer_with_no_taskflow', 'dataset_alias_example_alias_producer_with_no_taskflow' retrieved from /home/airflow/.local/lib/python3.12/site-packages/airflow/example_dags/example_dataset_alias_with_no_taskflow.py
[2025-04-21T11:08:02.164+0000] {logging_mixin.py:190} INFO - [2025-04-21T11:08:02.163+0000] {dag.py:3239} INFO - Sync 4 DAGs
[2025-04-21T11:08:02.184+0000] {logging_mixin.py:190} INFO - [2025-04-21T11:08:02.184+0000] {dag.py:4180} INFO - Setting next_dagrun for dataset_alias_example_alias_consumer_with_no_taskflow to None, run_after=None
[2025-04-21T11:08:02.188+0000] {logging_mixin.py:190} INFO - [2025-04-21T11:08:02.187+0000] {dag.py:4180} INFO - Setting next_dagrun for dataset_alias_example_alias_producer_with_no_taskflow to None, run_after=None
[2025-04-21T11:08:02.189+0000] {logging_mixin.py:190} INFO - [2025-04-21T11:08:02.189+0000] {dag.py:4180} INFO - Setting next_dagrun for dataset_s3_bucket_consumer_with_no_taskflow to None, run_after=None
[2025-04-21T11:08:02.191+0000] {logging_mixin.py:190} INFO - [2025-04-21T11:08:02.190+0000] {dag.py:4180} INFO - Setting next_dagrun for dataset_s3_bucket_producer_with_no_taskflow to None, run_after=None
[2025-04-21T11:08:02.218+0000] {processor.py:208} INFO - Processing /home/airflow/.local/lib/python3.12/site-packages/airflow/example_dags/example_dataset_alias_with_no_taskflow.py took 0.578 seconds
[2025-04-21T11:08:32.490+0000] {processor.py:186} INFO - Started process (PID=2005) to work on /home/airflow/.local/lib/python3.12/site-packages/airflow/example_dags/example_dataset_alias_with_no_taskflow.py
[2025-04-21T11:08:32.492+0000] {processor.py:914} INFO - Processing file /home/airflow/.local/lib/python3.12/site-packages/airflow/example_dags/example_dataset_alias_with_no_taskflow.py for tasks to queue
[2025-04-21T11:08:32.493+0000] {logging_mixin.py:190} INFO - [2025-04-21T11:08:32.493+0000] {dagbag.py:588} INFO - Filling up the DagBag from /home/airflow/.local/lib/python3.12/site-packages/airflow/example_dags/example_dataset_alias_with_no_taskflow.py
[2025-04-21T11:08:32.927+0000] {processor.py:925} INFO - DAG(s) 'dataset_s3_bucket_producer_with_no_taskflow', 'dataset_s3_bucket_consumer_with_no_taskflow', 'dataset_alias_example_alias_consumer_with_no_taskflow', 'dataset_alias_example_alias_producer_with_no_taskflow' retrieved from /home/airflow/.local/lib/python3.12/site-packages/airflow/example_dags/example_dataset_alias_with_no_taskflow.py
[2025-04-21T11:08:32.942+0000] {logging_mixin.py:190} INFO - [2025-04-21T11:08:32.942+0000] {dag.py:3239} INFO - Sync 4 DAGs
[2025-04-21T11:08:32.960+0000] {logging_mixin.py:190} INFO - [2025-04-21T11:08:32.960+0000] {dag.py:4180} INFO - Setting next_dagrun for dataset_alias_example_alias_consumer_with_no_taskflow to None, run_after=None
[2025-04-21T11:08:32.962+0000] {logging_mixin.py:190} INFO - [2025-04-21T11:08:32.962+0000] {dag.py:4180} INFO - Setting next_dagrun for dataset_alias_example_alias_producer_with_no_taskflow to None, run_after=None
[2025-04-21T11:08:32.963+0000] {logging_mixin.py:190} INFO - [2025-04-21T11:08:32.963+0000] {dag.py:4180} INFO - Setting next_dagrun for dataset_s3_bucket_consumer_with_no_taskflow to None, run_after=None
[2025-04-21T11:08:32.964+0000] {logging_mixin.py:190} INFO - [2025-04-21T11:08:32.964+0000] {dag.py:4180} INFO - Setting next_dagrun for dataset_s3_bucket_producer_with_no_taskflow to None, run_after=None
[2025-04-21T11:08:32.983+0000] {processor.py:208} INFO - Processing /home/airflow/.local/lib/python3.12/site-packages/airflow/example_dags/example_dataset_alias_with_no_taskflow.py took 0.497 seconds
[2025-04-21T11:09:03.059+0000] {processor.py:186} INFO - Started process (PID=2068) to work on /home/airflow/.local/lib/python3.12/site-packages/airflow/example_dags/example_dataset_alias_with_no_taskflow.py
[2025-04-21T11:09:03.060+0000] {processor.py:914} INFO - Processing file /home/airflow/.local/lib/python3.12/site-packages/airflow/example_dags/example_dataset_alias_with_no_taskflow.py for tasks to queue
[2025-04-21T11:09:03.063+0000] {logging_mixin.py:190} INFO - [2025-04-21T11:09:03.062+0000] {dagbag.py:588} INFO - Filling up the DagBag from /home/airflow/.local/lib/python3.12/site-packages/airflow/example_dags/example_dataset_alias_with_no_taskflow.py
[2025-04-21T11:09:03.514+0000] {processor.py:925} INFO - DAG(s) 'dataset_alias_example_alias_producer_with_no_taskflow', 'dataset_s3_bucket_producer_with_no_taskflow', 'dataset_alias_example_alias_consumer_with_no_taskflow', 'dataset_s3_bucket_consumer_with_no_taskflow' retrieved from /home/airflow/.local/lib/python3.12/site-packages/airflow/example_dags/example_dataset_alias_with_no_taskflow.py
[2025-04-21T11:09:03.533+0000] {logging_mixin.py:190} INFO - [2025-04-21T11:09:03.532+0000] {dag.py:3239} INFO - Sync 4 DAGs
[2025-04-21T11:09:03.550+0000] {logging_mixin.py:190} INFO - [2025-04-21T11:09:03.550+0000] {dag.py:4180} INFO - Setting next_dagrun for dataset_alias_example_alias_consumer_with_no_taskflow to None, run_after=None
[2025-04-21T11:09:03.552+0000] {logging_mixin.py:190} INFO - [2025-04-21T11:09:03.552+0000] {dag.py:4180} INFO - Setting next_dagrun for dataset_alias_example_alias_producer_with_no_taskflow to None, run_after=None
[2025-04-21T11:09:03.553+0000] {logging_mixin.py:190} INFO - [2025-04-21T11:09:03.553+0000] {dag.py:4180} INFO - Setting next_dagrun for dataset_s3_bucket_consumer_with_no_taskflow to None, run_after=None
[2025-04-21T11:09:03.554+0000] {logging_mixin.py:190} INFO - [2025-04-21T11:09:03.554+0000] {dag.py:4180} INFO - Setting next_dagrun for dataset_s3_bucket_producer_with_no_taskflow to None, run_after=None
[2025-04-21T11:09:03.573+0000] {processor.py:208} INFO - Processing /home/airflow/.local/lib/python3.12/site-packages/airflow/example_dags/example_dataset_alias_with_no_taskflow.py took 0.518 seconds
[2025-04-21T11:09:33.969+0000] {processor.py:186} INFO - Started process (PID=2131) to work on /home/airflow/.local/lib/python3.12/site-packages/airflow/example_dags/example_dataset_alias_with_no_taskflow.py
[2025-04-21T11:09:33.970+0000] {processor.py:914} INFO - Processing file /home/airflow/.local/lib/python3.12/site-packages/airflow/example_dags/example_dataset_alias_with_no_taskflow.py for tasks to queue
[2025-04-21T11:09:33.972+0000] {logging_mixin.py:190} INFO - [2025-04-21T11:09:33.972+0000] {dagbag.py:588} INFO - Filling up the DagBag from /home/airflow/.local/lib/python3.12/site-packages/airflow/example_dags/example_dataset_alias_with_no_taskflow.py
[2025-04-21T11:09:34.432+0000] {processor.py:925} INFO - DAG(s) 'dataset_s3_bucket_consumer_with_no_taskflow', 'dataset_alias_example_alias_consumer_with_no_taskflow', 'dataset_s3_bucket_producer_with_no_taskflow', 'dataset_alias_example_alias_producer_with_no_taskflow' retrieved from /home/airflow/.local/lib/python3.12/site-packages/airflow/example_dags/example_dataset_alias_with_no_taskflow.py
[2025-04-21T11:09:34.450+0000] {logging_mixin.py:190} INFO - [2025-04-21T11:09:34.450+0000] {dag.py:3239} INFO - Sync 4 DAGs
[2025-04-21T11:09:34.468+0000] {logging_mixin.py:190} INFO - [2025-04-21T11:09:34.468+0000] {dag.py:4180} INFO - Setting next_dagrun for dataset_alias_example_alias_consumer_with_no_taskflow to None, run_after=None
[2025-04-21T11:09:34.471+0000] {logging_mixin.py:190} INFO - [2025-04-21T11:09:34.471+0000] {dag.py:4180} INFO - Setting next_dagrun for dataset_alias_example_alias_producer_with_no_taskflow to None, run_after=None
[2025-04-21T11:09:34.472+0000] {logging_mixin.py:190} INFO - [2025-04-21T11:09:34.472+0000] {dag.py:4180} INFO - Setting next_dagrun for dataset_s3_bucket_consumer_with_no_taskflow to None, run_after=None
[2025-04-21T11:09:34.473+0000] {logging_mixin.py:190} INFO - [2025-04-21T11:09:34.473+0000] {dag.py:4180} INFO - Setting next_dagrun for dataset_s3_bucket_producer_with_no_taskflow to None, run_after=None
[2025-04-21T11:09:34.493+0000] {processor.py:208} INFO - Processing /home/airflow/.local/lib/python3.12/site-packages/airflow/example_dags/example_dataset_alias_with_no_taskflow.py took 0.528 seconds
[2025-04-21T11:10:04.823+0000] {processor.py:186} INFO - Started process (PID=2200) to work on /home/airflow/.local/lib/python3.12/site-packages/airflow/example_dags/example_dataset_alias_with_no_taskflow.py
[2025-04-21T11:10:04.824+0000] {processor.py:914} INFO - Processing file /home/airflow/.local/lib/python3.12/site-packages/airflow/example_dags/example_dataset_alias_with_no_taskflow.py for tasks to queue
[2025-04-21T11:10:04.826+0000] {logging_mixin.py:190} INFO - [2025-04-21T11:10:04.826+0000] {dagbag.py:588} INFO - Filling up the DagBag from /home/airflow/.local/lib/python3.12/site-packages/airflow/example_dags/example_dataset_alias_with_no_taskflow.py
[2025-04-21T11:10:05.261+0000] {processor.py:925} INFO - DAG(s) 'dataset_alias_example_alias_producer_with_no_taskflow', 'dataset_s3_bucket_producer_with_no_taskflow', 'dataset_s3_bucket_consumer_with_no_taskflow', 'dataset_alias_example_alias_consumer_with_no_taskflow' retrieved from /home/airflow/.local/lib/python3.12/site-packages/airflow/example_dags/example_dataset_alias_with_no_taskflow.py
[2025-04-21T11:10:05.280+0000] {logging_mixin.py:190} INFO - [2025-04-21T11:10:05.279+0000] {dag.py:3239} INFO - Sync 4 DAGs
[2025-04-21T11:10:05.301+0000] {logging_mixin.py:190} INFO - [2025-04-21T11:10:05.301+0000] {dag.py:4180} INFO - Setting next_dagrun for dataset_alias_example_alias_consumer_with_no_taskflow to None, run_after=None
[2025-04-21T11:10:05.303+0000] {logging_mixin.py:190} INFO - [2025-04-21T11:10:05.303+0000] {dag.py:4180} INFO - Setting next_dagrun for dataset_alias_example_alias_producer_with_no_taskflow to None, run_after=None
[2025-04-21T11:10:05.304+0000] {logging_mixin.py:190} INFO - [2025-04-21T11:10:05.304+0000] {dag.py:4180} INFO - Setting next_dagrun for dataset_s3_bucket_consumer_with_no_taskflow to None, run_after=None
[2025-04-21T11:10:05.305+0000] {logging_mixin.py:190} INFO - [2025-04-21T11:10:05.305+0000] {dag.py:4180} INFO - Setting next_dagrun for dataset_s3_bucket_producer_with_no_taskflow to None, run_after=None
[2025-04-21T11:10:05.324+0000] {processor.py:208} INFO - Processing /home/airflow/.local/lib/python3.12/site-packages/airflow/example_dags/example_dataset_alias_with_no_taskflow.py took 0.505 seconds
[2025-04-21T11:10:36.217+0000] {processor.py:186} INFO - Started process (PID=2263) to work on /home/airflow/.local/lib/python3.12/site-packages/airflow/example_dags/example_dataset_alias_with_no_taskflow.py
[2025-04-21T11:10:36.218+0000] {processor.py:914} INFO - Processing file /home/airflow/.local/lib/python3.12/site-packages/airflow/example_dags/example_dataset_alias_with_no_taskflow.py for tasks to queue
[2025-04-21T11:10:36.220+0000] {logging_mixin.py:190} INFO - [2025-04-21T11:10:36.220+0000] {dagbag.py:588} INFO - Filling up the DagBag from /home/airflow/.local/lib/python3.12/site-packages/airflow/example_dags/example_dataset_alias_with_no_taskflow.py
[2025-04-21T11:10:36.676+0000] {processor.py:925} INFO - DAG(s) 'dataset_s3_bucket_producer_with_no_taskflow', 'dataset_alias_example_alias_producer_with_no_taskflow', 'dataset_alias_example_alias_consumer_with_no_taskflow', 'dataset_s3_bucket_consumer_with_no_taskflow' retrieved from /home/airflow/.local/lib/python3.12/site-packages/airflow/example_dags/example_dataset_alias_with_no_taskflow.py
[2025-04-21T11:10:36.699+0000] {logging_mixin.py:190} INFO - [2025-04-21T11:10:36.699+0000] {dag.py:3239} INFO - Sync 4 DAGs
[2025-04-21T11:10:36.721+0000] {logging_mixin.py:190} INFO - [2025-04-21T11:10:36.720+0000] {dag.py:4180} INFO - Setting next_dagrun for dataset_alias_example_alias_consumer_with_no_taskflow to None, run_after=None
[2025-04-21T11:10:36.723+0000] {logging_mixin.py:190} INFO - [2025-04-21T11:10:36.723+0000] {dag.py:4180} INFO - Setting next_dagrun for dataset_alias_example_alias_producer_with_no_taskflow to None, run_after=None
[2025-04-21T11:10:36.725+0000] {logging_mixin.py:190} INFO - [2025-04-21T11:10:36.725+0000] {dag.py:4180} INFO - Setting next_dagrun for dataset_s3_bucket_consumer_with_no_taskflow to None, run_after=None
[2025-04-21T11:10:36.727+0000] {logging_mixin.py:190} INFO - [2025-04-21T11:10:36.727+0000] {dag.py:4180} INFO - Setting next_dagrun for dataset_s3_bucket_producer_with_no_taskflow to None, run_after=None
[2025-04-21T11:10:36.747+0000] {processor.py:208} INFO - Processing /home/airflow/.local/lib/python3.12/site-packages/airflow/example_dags/example_dataset_alias_with_no_taskflow.py took 0.534 seconds
[2025-04-21T11:11:06.909+0000] {processor.py:186} INFO - Started process (PID=2326) to work on /home/airflow/.local/lib/python3.12/site-packages/airflow/example_dags/example_dataset_alias_with_no_taskflow.py
[2025-04-21T11:11:06.910+0000] {processor.py:914} INFO - Processing file /home/airflow/.local/lib/python3.12/site-packages/airflow/example_dags/example_dataset_alias_with_no_taskflow.py for tasks to queue
[2025-04-21T11:11:06.912+0000] {logging_mixin.py:190} INFO - [2025-04-21T11:11:06.911+0000] {dagbag.py:588} INFO - Filling up the DagBag from /home/airflow/.local/lib/python3.12/site-packages/airflow/example_dags/example_dataset_alias_with_no_taskflow.py
[2025-04-21T11:11:07.376+0000] {processor.py:925} INFO - DAG(s) 'dataset_alias_example_alias_consumer_with_no_taskflow', 'dataset_s3_bucket_producer_with_no_taskflow', 'dataset_s3_bucket_consumer_with_no_taskflow', 'dataset_alias_example_alias_producer_with_no_taskflow' retrieved from /home/airflow/.local/lib/python3.12/site-packages/airflow/example_dags/example_dataset_alias_with_no_taskflow.py
[2025-04-21T11:11:07.396+0000] {logging_mixin.py:190} INFO - [2025-04-21T11:11:07.396+0000] {dag.py:3239} INFO - Sync 4 DAGs
[2025-04-21T11:11:07.418+0000] {logging_mixin.py:190} INFO - [2025-04-21T11:11:07.417+0000] {dag.py:4180} INFO - Setting next_dagrun for dataset_alias_example_alias_consumer_with_no_taskflow to None, run_after=None
[2025-04-21T11:11:07.421+0000] {logging_mixin.py:190} INFO - [2025-04-21T11:11:07.421+0000] {dag.py:4180} INFO - Setting next_dagrun for dataset_alias_example_alias_producer_with_no_taskflow to None, run_after=None
[2025-04-21T11:11:07.423+0000] {logging_mixin.py:190} INFO - [2025-04-21T11:11:07.422+0000] {dag.py:4180} INFO - Setting next_dagrun for dataset_s3_bucket_consumer_with_no_taskflow to None, run_after=None
[2025-04-21T11:11:07.423+0000] {logging_mixin.py:190} INFO - [2025-04-21T11:11:07.423+0000] {dag.py:4180} INFO - Setting next_dagrun for dataset_s3_bucket_producer_with_no_taskflow to None, run_after=None
[2025-04-21T11:11:07.445+0000] {processor.py:208} INFO - Processing /home/airflow/.local/lib/python3.12/site-packages/airflow/example_dags/example_dataset_alias_with_no_taskflow.py took 0.539 seconds
[2025-04-21T11:11:37.585+0000] {processor.py:186} INFO - Started process (PID=2389) to work on /home/airflow/.local/lib/python3.12/site-packages/airflow/example_dags/example_dataset_alias_with_no_taskflow.py
[2025-04-21T11:11:37.586+0000] {processor.py:914} INFO - Processing file /home/airflow/.local/lib/python3.12/site-packages/airflow/example_dags/example_dataset_alias_with_no_taskflow.py for tasks to queue
[2025-04-21T11:11:37.588+0000] {logging_mixin.py:190} INFO - [2025-04-21T11:11:37.587+0000] {dagbag.py:588} INFO - Filling up the DagBag from /home/airflow/.local/lib/python3.12/site-packages/airflow/example_dags/example_dataset_alias_with_no_taskflow.py
[2025-04-21T11:11:38.085+0000] {processor.py:925} INFO - DAG(s) 'dataset_s3_bucket_producer_with_no_taskflow', 'dataset_alias_example_alias_producer_with_no_taskflow', 'dataset_alias_example_alias_consumer_with_no_taskflow', 'dataset_s3_bucket_consumer_with_no_taskflow' retrieved from /home/airflow/.local/lib/python3.12/site-packages/airflow/example_dags/example_dataset_alias_with_no_taskflow.py
[2025-04-21T11:11:38.104+0000] {logging_mixin.py:190} INFO - [2025-04-21T11:11:38.103+0000] {dag.py:3239} INFO - Sync 4 DAGs
[2025-04-21T11:11:38.122+0000] {logging_mixin.py:190} INFO - [2025-04-21T11:11:38.122+0000] {dag.py:4180} INFO - Setting next_dagrun for dataset_alias_example_alias_consumer_with_no_taskflow to None, run_after=None
[2025-04-21T11:11:38.125+0000] {logging_mixin.py:190} INFO - [2025-04-21T11:11:38.125+0000] {dag.py:4180} INFO - Setting next_dagrun for dataset_alias_example_alias_producer_with_no_taskflow to None, run_after=None
[2025-04-21T11:11:38.126+0000] {logging_mixin.py:190} INFO - [2025-04-21T11:11:38.126+0000] {dag.py:4180} INFO - Setting next_dagrun for dataset_s3_bucket_consumer_with_no_taskflow to None, run_after=None
[2025-04-21T11:11:38.127+0000] {logging_mixin.py:190} INFO - [2025-04-21T11:11:38.127+0000] {dag.py:4180} INFO - Setting next_dagrun for dataset_s3_bucket_producer_with_no_taskflow to None, run_after=None
[2025-04-21T11:11:38.146+0000] {processor.py:208} INFO - Processing /home/airflow/.local/lib/python3.12/site-packages/airflow/example_dags/example_dataset_alias_with_no_taskflow.py took 0.564 seconds
[2025-04-21T11:12:08.219+0000] {processor.py:186} INFO - Started process (PID=2452) to work on /home/airflow/.local/lib/python3.12/site-packages/airflow/example_dags/example_dataset_alias_with_no_taskflow.py
[2025-04-21T11:12:08.220+0000] {processor.py:914} INFO - Processing file /home/airflow/.local/lib/python3.12/site-packages/airflow/example_dags/example_dataset_alias_with_no_taskflow.py for tasks to queue
[2025-04-21T11:12:08.222+0000] {logging_mixin.py:190} INFO - [2025-04-21T11:12:08.222+0000] {dagbag.py:588} INFO - Filling up the DagBag from /home/airflow/.local/lib/python3.12/site-packages/airflow/example_dags/example_dataset_alias_with_no_taskflow.py
[2025-04-21T11:12:08.662+0000] {processor.py:925} INFO - DAG(s) 'dataset_alias_example_alias_consumer_with_no_taskflow', 'dataset_s3_bucket_producer_with_no_taskflow', 'dataset_s3_bucket_consumer_with_no_taskflow', 'dataset_alias_example_alias_producer_with_no_taskflow' retrieved from /home/airflow/.local/lib/python3.12/site-packages/airflow/example_dags/example_dataset_alias_with_no_taskflow.py
[2025-04-21T11:12:08.681+0000] {logging_mixin.py:190} INFO - [2025-04-21T11:12:08.680+0000] {dag.py:3239} INFO - Sync 4 DAGs
[2025-04-21T11:12:08.698+0000] {logging_mixin.py:190} INFO - [2025-04-21T11:12:08.698+0000] {dag.py:4180} INFO - Setting next_dagrun for dataset_alias_example_alias_consumer_with_no_taskflow to None, run_after=None
[2025-04-21T11:12:08.702+0000] {logging_mixin.py:190} INFO - [2025-04-21T11:12:08.701+0000] {dag.py:4180} INFO - Setting next_dagrun for dataset_alias_example_alias_producer_with_no_taskflow to None, run_after=None
[2025-04-21T11:12:08.703+0000] {logging_mixin.py:190} INFO - [2025-04-21T11:12:08.703+0000] {dag.py:4180} INFO - Setting next_dagrun for dataset_s3_bucket_consumer_with_no_taskflow to None, run_after=None
[2025-04-21T11:12:08.704+0000] {logging_mixin.py:190} INFO - [2025-04-21T11:12:08.704+0000] {dag.py:4180} INFO - Setting next_dagrun for dataset_s3_bucket_producer_with_no_taskflow to None, run_after=None
[2025-04-21T11:12:08.724+0000] {processor.py:208} INFO - Processing /home/airflow/.local/lib/python3.12/site-packages/airflow/example_dags/example_dataset_alias_with_no_taskflow.py took 0.509 seconds
[2025-04-21T11:12:39.148+0000] {processor.py:186} INFO - Started process (PID=2515) to work on /home/airflow/.local/lib/python3.12/site-packages/airflow/example_dags/example_dataset_alias_with_no_taskflow.py
[2025-04-21T11:12:39.149+0000] {processor.py:914} INFO - Processing file /home/airflow/.local/lib/python3.12/site-packages/airflow/example_dags/example_dataset_alias_with_no_taskflow.py for tasks to queue
[2025-04-21T11:12:39.155+0000] {logging_mixin.py:190} INFO - [2025-04-21T11:12:39.154+0000] {dagbag.py:588} INFO - Filling up the DagBag from /home/airflow/.local/lib/python3.12/site-packages/airflow/example_dags/example_dataset_alias_with_no_taskflow.py
[2025-04-21T11:12:39.585+0000] {processor.py:925} INFO - DAG(s) 'dataset_alias_example_alias_consumer_with_no_taskflow', 'dataset_s3_bucket_consumer_with_no_taskflow', 'dataset_s3_bucket_producer_with_no_taskflow', 'dataset_alias_example_alias_producer_with_no_taskflow' retrieved from /home/airflow/.local/lib/python3.12/site-packages/airflow/example_dags/example_dataset_alias_with_no_taskflow.py
[2025-04-21T11:12:39.602+0000] {logging_mixin.py:190} INFO - [2025-04-21T11:12:39.601+0000] {dag.py:3239} INFO - Sync 4 DAGs
[2025-04-21T11:12:39.622+0000] {logging_mixin.py:190} INFO - [2025-04-21T11:12:39.621+0000] {dag.py:4180} INFO - Setting next_dagrun for dataset_alias_example_alias_consumer_with_no_taskflow to None, run_after=None
[2025-04-21T11:12:39.624+0000] {logging_mixin.py:190} INFO - [2025-04-21T11:12:39.624+0000] {dag.py:4180} INFO - Setting next_dagrun for dataset_alias_example_alias_producer_with_no_taskflow to None, run_after=None
[2025-04-21T11:12:39.627+0000] {logging_mixin.py:190} INFO - [2025-04-21T11:12:39.626+0000] {dag.py:4180} INFO - Setting next_dagrun for dataset_s3_bucket_consumer_with_no_taskflow to None, run_after=None
[2025-04-21T11:12:39.628+0000] {logging_mixin.py:190} INFO - [2025-04-21T11:12:39.628+0000] {dag.py:4180} INFO - Setting next_dagrun for dataset_s3_bucket_producer_with_no_taskflow to None, run_after=None
[2025-04-21T11:12:39.645+0000] {processor.py:208} INFO - Processing /home/airflow/.local/lib/python3.12/site-packages/airflow/example_dags/example_dataset_alias_with_no_taskflow.py took 0.501 seconds
[2025-04-21T11:13:10.351+0000] {processor.py:186} INFO - Started process (PID=2578) to work on /home/airflow/.local/lib/python3.12/site-packages/airflow/example_dags/example_dataset_alias_with_no_taskflow.py
[2025-04-21T11:13:10.352+0000] {processor.py:914} INFO - Processing file /home/airflow/.local/lib/python3.12/site-packages/airflow/example_dags/example_dataset_alias_with_no_taskflow.py for tasks to queue
[2025-04-21T11:13:10.354+0000] {logging_mixin.py:190} INFO - [2025-04-21T11:13:10.354+0000] {dagbag.py:588} INFO - Filling up the DagBag from /home/airflow/.local/lib/python3.12/site-packages/airflow/example_dags/example_dataset_alias_with_no_taskflow.py
[2025-04-21T11:13:10.809+0000] {processor.py:925} INFO - DAG(s) 'dataset_s3_bucket_consumer_with_no_taskflow', 'dataset_alias_example_alias_producer_with_no_taskflow', 'dataset_alias_example_alias_consumer_with_no_taskflow', 'dataset_s3_bucket_producer_with_no_taskflow' retrieved from /home/airflow/.local/lib/python3.12/site-packages/airflow/example_dags/example_dataset_alias_with_no_taskflow.py
[2025-04-21T11:13:10.826+0000] {logging_mixin.py:190} INFO - [2025-04-21T11:13:10.825+0000] {dag.py:3239} INFO - Sync 4 DAGs
[2025-04-21T11:13:10.843+0000] {logging_mixin.py:190} INFO - [2025-04-21T11:13:10.842+0000] {dag.py:4180} INFO - Setting next_dagrun for dataset_alias_example_alias_consumer_with_no_taskflow to None, run_after=None
[2025-04-21T11:13:10.846+0000] {logging_mixin.py:190} INFO - [2025-04-21T11:13:10.846+0000] {dag.py:4180} INFO - Setting next_dagrun for dataset_alias_example_alias_producer_with_no_taskflow to None, run_after=None
[2025-04-21T11:13:10.849+0000] {logging_mixin.py:190} INFO - [2025-04-21T11:13:10.848+0000] {dag.py:4180} INFO - Setting next_dagrun for dataset_s3_bucket_consumer_with_no_taskflow to None, run_after=None
[2025-04-21T11:13:10.853+0000] {logging_mixin.py:190} INFO - [2025-04-21T11:13:10.853+0000] {dag.py:4180} INFO - Setting next_dagrun for dataset_s3_bucket_producer_with_no_taskflow to None, run_after=None
[2025-04-21T11:13:10.870+0000] {processor.py:208} INFO - Processing /home/airflow/.local/lib/python3.12/site-packages/airflow/example_dags/example_dataset_alias_with_no_taskflow.py took 0.523 seconds
[2025-04-21T11:13:41.571+0000] {processor.py:186} INFO - Started process (PID=2641) to work on /home/airflow/.local/lib/python3.12/site-packages/airflow/example_dags/example_dataset_alias_with_no_taskflow.py
[2025-04-21T11:13:41.572+0000] {processor.py:914} INFO - Processing file /home/airflow/.local/lib/python3.12/site-packages/airflow/example_dags/example_dataset_alias_with_no_taskflow.py for tasks to queue
[2025-04-21T11:13:41.574+0000] {logging_mixin.py:190} INFO - [2025-04-21T11:13:41.573+0000] {dagbag.py:588} INFO - Filling up the DagBag from /home/airflow/.local/lib/python3.12/site-packages/airflow/example_dags/example_dataset_alias_with_no_taskflow.py
[2025-04-21T11:13:42.002+0000] {processor.py:925} INFO - DAG(s) 'dataset_s3_bucket_producer_with_no_taskflow', 'dataset_s3_bucket_consumer_with_no_taskflow', 'dataset_alias_example_alias_consumer_with_no_taskflow', 'dataset_alias_example_alias_producer_with_no_taskflow' retrieved from /home/airflow/.local/lib/python3.12/site-packages/airflow/example_dags/example_dataset_alias_with_no_taskflow.py
[2025-04-21T11:13:42.017+0000] {logging_mixin.py:190} INFO - [2025-04-21T11:13:42.017+0000] {dag.py:3239} INFO - Sync 4 DAGs
[2025-04-21T11:13:42.032+0000] {logging_mixin.py:190} INFO - [2025-04-21T11:13:42.032+0000] {dag.py:4180} INFO - Setting next_dagrun for dataset_alias_example_alias_consumer_with_no_taskflow to None, run_after=None
[2025-04-21T11:13:42.035+0000] {logging_mixin.py:190} INFO - [2025-04-21T11:13:42.034+0000] {dag.py:4180} INFO - Setting next_dagrun for dataset_alias_example_alias_producer_with_no_taskflow to None, run_after=None
[2025-04-21T11:13:42.036+0000] {logging_mixin.py:190} INFO - [2025-04-21T11:13:42.035+0000] {dag.py:4180} INFO - Setting next_dagrun for dataset_s3_bucket_consumer_with_no_taskflow to None, run_after=None
[2025-04-21T11:13:42.037+0000] {logging_mixin.py:190} INFO - [2025-04-21T11:13:42.037+0000] {dag.py:4180} INFO - Setting next_dagrun for dataset_s3_bucket_producer_with_no_taskflow to None, run_after=None
[2025-04-21T11:13:42.056+0000] {processor.py:208} INFO - Processing /home/airflow/.local/lib/python3.12/site-packages/airflow/example_dags/example_dataset_alias_with_no_taskflow.py took 0.488 seconds
[2025-04-21T11:14:12.875+0000] {processor.py:186} INFO - Started process (PID=2704) to work on /home/airflow/.local/lib/python3.12/site-packages/airflow/example_dags/example_dataset_alias_with_no_taskflow.py
[2025-04-21T11:14:12.875+0000] {processor.py:914} INFO - Processing file /home/airflow/.local/lib/python3.12/site-packages/airflow/example_dags/example_dataset_alias_with_no_taskflow.py for tasks to queue
[2025-04-21T11:14:12.877+0000] {logging_mixin.py:190} INFO - [2025-04-21T11:14:12.877+0000] {dagbag.py:588} INFO - Filling up the DagBag from /home/airflow/.local/lib/python3.12/site-packages/airflow/example_dags/example_dataset_alias_with_no_taskflow.py
[2025-04-21T11:14:13.332+0000] {processor.py:925} INFO - DAG(s) 'dataset_alias_example_alias_producer_with_no_taskflow', 'dataset_s3_bucket_consumer_with_no_taskflow', 'dataset_s3_bucket_producer_with_no_taskflow', 'dataset_alias_example_alias_consumer_with_no_taskflow' retrieved from /home/airflow/.local/lib/python3.12/site-packages/airflow/example_dags/example_dataset_alias_with_no_taskflow.py
[2025-04-21T11:14:13.347+0000] {logging_mixin.py:190} INFO - [2025-04-21T11:14:13.347+0000] {dag.py:3239} INFO - Sync 4 DAGs
[2025-04-21T11:14:13.366+0000] {logging_mixin.py:190} INFO - [2025-04-21T11:14:13.366+0000] {dag.py:4180} INFO - Setting next_dagrun for dataset_alias_example_alias_consumer_with_no_taskflow to None, run_after=None
[2025-04-21T11:14:13.368+0000] {logging_mixin.py:190} INFO - [2025-04-21T11:14:13.368+0000] {dag.py:4180} INFO - Setting next_dagrun for dataset_alias_example_alias_producer_with_no_taskflow to None, run_after=None
[2025-04-21T11:14:13.369+0000] {logging_mixin.py:190} INFO - [2025-04-21T11:14:13.369+0000] {dag.py:4180} INFO - Setting next_dagrun for dataset_s3_bucket_consumer_with_no_taskflow to None, run_after=None
[2025-04-21T11:14:13.372+0000] {logging_mixin.py:190} INFO - [2025-04-21T11:14:13.372+0000] {dag.py:4180} INFO - Setting next_dagrun for dataset_s3_bucket_producer_with_no_taskflow to None, run_after=None
[2025-04-21T11:14:13.394+0000] {processor.py:208} INFO - Processing /home/airflow/.local/lib/python3.12/site-packages/airflow/example_dags/example_dataset_alias_with_no_taskflow.py took 0.523 seconds
[2025-04-21T11:14:43.999+0000] {processor.py:186} INFO - Started process (PID=2767) to work on /home/airflow/.local/lib/python3.12/site-packages/airflow/example_dags/example_dataset_alias_with_no_taskflow.py
[2025-04-21T11:14:44.000+0000] {processor.py:914} INFO - Processing file /home/airflow/.local/lib/python3.12/site-packages/airflow/example_dags/example_dataset_alias_with_no_taskflow.py for tasks to queue
[2025-04-21T11:14:44.004+0000] {logging_mixin.py:190} INFO - [2025-04-21T11:14:44.003+0000] {dagbag.py:588} INFO - Filling up the DagBag from /home/airflow/.local/lib/python3.12/site-packages/airflow/example_dags/example_dataset_alias_with_no_taskflow.py
[2025-04-21T11:14:44.454+0000] {processor.py:925} INFO - DAG(s) 'dataset_s3_bucket_consumer_with_no_taskflow', 'dataset_alias_example_alias_producer_with_no_taskflow', 'dataset_s3_bucket_producer_with_no_taskflow', 'dataset_alias_example_alias_consumer_with_no_taskflow' retrieved from /home/airflow/.local/lib/python3.12/site-packages/airflow/example_dags/example_dataset_alias_with_no_taskflow.py
[2025-04-21T11:14:44.476+0000] {logging_mixin.py:190} INFO - [2025-04-21T11:14:44.474+0000] {dag.py:3239} INFO - Sync 4 DAGs
[2025-04-21T11:14:44.494+0000] {logging_mixin.py:190} INFO - [2025-04-21T11:14:44.493+0000] {dag.py:4180} INFO - Setting next_dagrun for dataset_alias_example_alias_consumer_with_no_taskflow to None, run_after=None
[2025-04-21T11:14:44.496+0000] {logging_mixin.py:190} INFO - [2025-04-21T11:14:44.496+0000] {dag.py:4180} INFO - Setting next_dagrun for dataset_alias_example_alias_producer_with_no_taskflow to None, run_after=None
[2025-04-21T11:14:44.497+0000] {logging_mixin.py:190} INFO - [2025-04-21T11:14:44.497+0000] {dag.py:4180} INFO - Setting next_dagrun for dataset_s3_bucket_consumer_with_no_taskflow to None, run_after=None
[2025-04-21T11:14:44.498+0000] {logging_mixin.py:190} INFO - [2025-04-21T11:14:44.498+0000] {dag.py:4180} INFO - Setting next_dagrun for dataset_s3_bucket_producer_with_no_taskflow to None, run_after=None
[2025-04-21T11:14:44.517+0000] {processor.py:208} INFO - Processing /home/airflow/.local/lib/python3.12/site-packages/airflow/example_dags/example_dataset_alias_with_no_taskflow.py took 0.523 seconds
[2025-04-21T11:15:15.375+0000] {processor.py:186} INFO - Started process (PID=2830) to work on /home/airflow/.local/lib/python3.12/site-packages/airflow/example_dags/example_dataset_alias_with_no_taskflow.py
[2025-04-21T11:15:15.376+0000] {processor.py:914} INFO - Processing file /home/airflow/.local/lib/python3.12/site-packages/airflow/example_dags/example_dataset_alias_with_no_taskflow.py for tasks to queue
[2025-04-21T11:15:15.378+0000] {logging_mixin.py:190} INFO - [2025-04-21T11:15:15.377+0000] {dagbag.py:588} INFO - Filling up the DagBag from /home/airflow/.local/lib/python3.12/site-packages/airflow/example_dags/example_dataset_alias_with_no_taskflow.py
[2025-04-21T11:15:15.809+0000] {processor.py:925} INFO - DAG(s) 'dataset_s3_bucket_consumer_with_no_taskflow', 'dataset_s3_bucket_producer_with_no_taskflow', 'dataset_alias_example_alias_producer_with_no_taskflow', 'dataset_alias_example_alias_consumer_with_no_taskflow' retrieved from /home/airflow/.local/lib/python3.12/site-packages/airflow/example_dags/example_dataset_alias_with_no_taskflow.py
[2025-04-21T11:15:15.828+0000] {logging_mixin.py:190} INFO - [2025-04-21T11:15:15.827+0000] {dag.py:3239} INFO - Sync 4 DAGs
[2025-04-21T11:15:15.845+0000] {logging_mixin.py:190} INFO - [2025-04-21T11:15:15.845+0000] {dag.py:4180} INFO - Setting next_dagrun for dataset_alias_example_alias_consumer_with_no_taskflow to None, run_after=None
[2025-04-21T11:15:15.847+0000] {logging_mixin.py:190} INFO - [2025-04-21T11:15:15.847+0000] {dag.py:4180} INFO - Setting next_dagrun for dataset_alias_example_alias_producer_with_no_taskflow to None, run_after=None
[2025-04-21T11:15:15.848+0000] {logging_mixin.py:190} INFO - [2025-04-21T11:15:15.848+0000] {dag.py:4180} INFO - Setting next_dagrun for dataset_s3_bucket_consumer_with_no_taskflow to None, run_after=None
[2025-04-21T11:15:15.849+0000] {logging_mixin.py:190} INFO - [2025-04-21T11:15:15.849+0000] {dag.py:4180} INFO - Setting next_dagrun for dataset_s3_bucket_producer_with_no_taskflow to None, run_after=None
[2025-04-21T11:15:15.869+0000] {processor.py:208} INFO - Processing /home/airflow/.local/lib/python3.12/site-packages/airflow/example_dags/example_dataset_alias_with_no_taskflow.py took 0.498 seconds
[2025-04-21T11:15:46.874+0000] {processor.py:186} INFO - Started process (PID=2893) to work on /home/airflow/.local/lib/python3.12/site-packages/airflow/example_dags/example_dataset_alias_with_no_taskflow.py
[2025-04-21T11:15:46.874+0000] {processor.py:914} INFO - Processing file /home/airflow/.local/lib/python3.12/site-packages/airflow/example_dags/example_dataset_alias_with_no_taskflow.py for tasks to queue
[2025-04-21T11:15:46.877+0000] {logging_mixin.py:190} INFO - [2025-04-21T11:15:46.876+0000] {dagbag.py:588} INFO - Filling up the DagBag from /home/airflow/.local/lib/python3.12/site-packages/airflow/example_dags/example_dataset_alias_with_no_taskflow.py
[2025-04-21T11:15:47.307+0000] {processor.py:925} INFO - DAG(s) 'dataset_alias_example_alias_producer_with_no_taskflow', 'dataset_s3_bucket_consumer_with_no_taskflow', 'dataset_s3_bucket_producer_with_no_taskflow', 'dataset_alias_example_alias_consumer_with_no_taskflow' retrieved from /home/airflow/.local/lib/python3.12/site-packages/airflow/example_dags/example_dataset_alias_with_no_taskflow.py
[2025-04-21T11:15:47.325+0000] {logging_mixin.py:190} INFO - [2025-04-21T11:15:47.324+0000] {dag.py:3239} INFO - Sync 4 DAGs
[2025-04-21T11:15:47.342+0000] {logging_mixin.py:190} INFO - [2025-04-21T11:15:47.342+0000] {dag.py:4180} INFO - Setting next_dagrun for dataset_alias_example_alias_consumer_with_no_taskflow to None, run_after=None
[2025-04-21T11:15:47.344+0000] {logging_mixin.py:190} INFO - [2025-04-21T11:15:47.344+0000] {dag.py:4180} INFO - Setting next_dagrun for dataset_alias_example_alias_producer_with_no_taskflow to None, run_after=None
[2025-04-21T11:15:47.345+0000] {logging_mixin.py:190} INFO - [2025-04-21T11:15:47.345+0000] {dag.py:4180} INFO - Setting next_dagrun for dataset_s3_bucket_consumer_with_no_taskflow to None, run_after=None
[2025-04-21T11:15:47.347+0000] {logging_mixin.py:190} INFO - [2025-04-21T11:15:47.346+0000] {dag.py:4180} INFO - Setting next_dagrun for dataset_s3_bucket_producer_with_no_taskflow to None, run_after=None
[2025-04-21T11:15:47.364+0000] {processor.py:208} INFO - Processing /home/airflow/.local/lib/python3.12/site-packages/airflow/example_dags/example_dataset_alias_with_no_taskflow.py took 0.494 seconds
[2025-04-21T11:16:17.463+0000] {processor.py:186} INFO - Started process (PID=2956) to work on /home/airflow/.local/lib/python3.12/site-packages/airflow/example_dags/example_dataset_alias_with_no_taskflow.py
[2025-04-21T11:16:17.464+0000] {processor.py:914} INFO - Processing file /home/airflow/.local/lib/python3.12/site-packages/airflow/example_dags/example_dataset_alias_with_no_taskflow.py for tasks to queue
[2025-04-21T11:16:17.466+0000] {logging_mixin.py:190} INFO - [2025-04-21T11:16:17.466+0000] {dagbag.py:588} INFO - Filling up the DagBag from /home/airflow/.local/lib/python3.12/site-packages/airflow/example_dags/example_dataset_alias_with_no_taskflow.py
[2025-04-21T11:16:17.925+0000] {processor.py:925} INFO - DAG(s) 'dataset_s3_bucket_consumer_with_no_taskflow', 'dataset_alias_example_alias_consumer_with_no_taskflow', 'dataset_alias_example_alias_producer_with_no_taskflow', 'dataset_s3_bucket_producer_with_no_taskflow' retrieved from /home/airflow/.local/lib/python3.12/site-packages/airflow/example_dags/example_dataset_alias_with_no_taskflow.py
[2025-04-21T11:16:17.939+0000] {logging_mixin.py:190} INFO - [2025-04-21T11:16:17.939+0000] {dag.py:3239} INFO - Sync 4 DAGs
[2025-04-21T11:16:17.959+0000] {logging_mixin.py:190} INFO - [2025-04-21T11:16:17.959+0000] {dag.py:4180} INFO - Setting next_dagrun for dataset_alias_example_alias_consumer_with_no_taskflow to None, run_after=None
[2025-04-21T11:16:17.961+0000] {logging_mixin.py:190} INFO - [2025-04-21T11:16:17.961+0000] {dag.py:4180} INFO - Setting next_dagrun for dataset_alias_example_alias_producer_with_no_taskflow to None, run_after=None
[2025-04-21T11:16:17.963+0000] {logging_mixin.py:190} INFO - [2025-04-21T11:16:17.963+0000] {dag.py:4180} INFO - Setting next_dagrun for dataset_s3_bucket_consumer_with_no_taskflow to None, run_after=None
[2025-04-21T11:16:17.964+0000] {logging_mixin.py:190} INFO - [2025-04-21T11:16:17.964+0000] {dag.py:4180} INFO - Setting next_dagrun for dataset_s3_bucket_producer_with_no_taskflow to None, run_after=None
[2025-04-21T11:16:17.981+0000] {processor.py:208} INFO - Processing /home/airflow/.local/lib/python3.12/site-packages/airflow/example_dags/example_dataset_alias_with_no_taskflow.py took 0.522 seconds
[2025-04-21T11:16:48.763+0000] {processor.py:186} INFO - Started process (PID=3019) to work on /home/airflow/.local/lib/python3.12/site-packages/airflow/example_dags/example_dataset_alias_with_no_taskflow.py
[2025-04-21T11:16:48.763+0000] {processor.py:914} INFO - Processing file /home/airflow/.local/lib/python3.12/site-packages/airflow/example_dags/example_dataset_alias_with_no_taskflow.py for tasks to queue
[2025-04-21T11:16:48.765+0000] {logging_mixin.py:190} INFO - [2025-04-21T11:16:48.765+0000] {dagbag.py:588} INFO - Filling up the DagBag from /home/airflow/.local/lib/python3.12/site-packages/airflow/example_dags/example_dataset_alias_with_no_taskflow.py
[2025-04-21T11:16:49.222+0000] {processor.py:925} INFO - DAG(s) 'dataset_s3_bucket_consumer_with_no_taskflow', 'dataset_alias_example_alias_consumer_with_no_taskflow', 'dataset_alias_example_alias_producer_with_no_taskflow', 'dataset_s3_bucket_producer_with_no_taskflow' retrieved from /home/airflow/.local/lib/python3.12/site-packages/airflow/example_dags/example_dataset_alias_with_no_taskflow.py
[2025-04-21T11:16:49.240+0000] {logging_mixin.py:190} INFO - [2025-04-21T11:16:49.239+0000] {dag.py:3239} INFO - Sync 4 DAGs
[2025-04-21T11:16:49.259+0000] {logging_mixin.py:190} INFO - [2025-04-21T11:16:49.259+0000] {dag.py:4180} INFO - Setting next_dagrun for dataset_alias_example_alias_consumer_with_no_taskflow to None, run_after=None
[2025-04-21T11:16:49.262+0000] {logging_mixin.py:190} INFO - [2025-04-21T11:16:49.261+0000] {dag.py:4180} INFO - Setting next_dagrun for dataset_alias_example_alias_producer_with_no_taskflow to None, run_after=None
[2025-04-21T11:16:49.263+0000] {logging_mixin.py:190} INFO - [2025-04-21T11:16:49.263+0000] {dag.py:4180} INFO - Setting next_dagrun for dataset_s3_bucket_consumer_with_no_taskflow to None, run_after=None
[2025-04-21T11:16:49.264+0000] {logging_mixin.py:190} INFO - [2025-04-21T11:16:49.264+0000] {dag.py:4180} INFO - Setting next_dagrun for dataset_s3_bucket_producer_with_no_taskflow to None, run_after=None
[2025-04-21T11:16:49.282+0000] {processor.py:208} INFO - Processing /home/airflow/.local/lib/python3.12/site-packages/airflow/example_dags/example_dataset_alias_with_no_taskflow.py took 0.524 seconds
[2025-04-21T11:17:19.697+0000] {processor.py:186} INFO - Started process (PID=3082) to work on /home/airflow/.local/lib/python3.12/site-packages/airflow/example_dags/example_dataset_alias_with_no_taskflow.py
[2025-04-21T11:17:19.698+0000] {processor.py:914} INFO - Processing file /home/airflow/.local/lib/python3.12/site-packages/airflow/example_dags/example_dataset_alias_with_no_taskflow.py for tasks to queue
[2025-04-21T11:17:19.701+0000] {logging_mixin.py:190} INFO - [2025-04-21T11:17:19.700+0000] {dagbag.py:588} INFO - Filling up the DagBag from /home/airflow/.local/lib/python3.12/site-packages/airflow/example_dags/example_dataset_alias_with_no_taskflow.py
[2025-04-21T11:17:20.157+0000] {processor.py:925} INFO - DAG(s) 'dataset_alias_example_alias_producer_with_no_taskflow', 'dataset_s3_bucket_producer_with_no_taskflow', 'dataset_alias_example_alias_consumer_with_no_taskflow', 'dataset_s3_bucket_consumer_with_no_taskflow' retrieved from /home/airflow/.local/lib/python3.12/site-packages/airflow/example_dags/example_dataset_alias_with_no_taskflow.py
[2025-04-21T11:17:20.176+0000] {logging_mixin.py:190} INFO - [2025-04-21T11:17:20.175+0000] {dag.py:3239} INFO - Sync 4 DAGs
[2025-04-21T11:17:20.195+0000] {logging_mixin.py:190} INFO - [2025-04-21T11:17:20.194+0000] {dag.py:4180} INFO - Setting next_dagrun for dataset_alias_example_alias_consumer_with_no_taskflow to None, run_after=None
[2025-04-21T11:17:20.197+0000] {logging_mixin.py:190} INFO - [2025-04-21T11:17:20.197+0000] {dag.py:4180} INFO - Setting next_dagrun for dataset_alias_example_alias_producer_with_no_taskflow to None, run_after=None
[2025-04-21T11:17:20.198+0000] {logging_mixin.py:190} INFO - [2025-04-21T11:17:20.198+0000] {dag.py:4180} INFO - Setting next_dagrun for dataset_s3_bucket_consumer_with_no_taskflow to None, run_after=None
[2025-04-21T11:17:20.199+0000] {logging_mixin.py:190} INFO - [2025-04-21T11:17:20.199+0000] {dag.py:4180} INFO - Setting next_dagrun for dataset_s3_bucket_producer_with_no_taskflow to None, run_after=None
[2025-04-21T11:17:20.217+0000] {processor.py:208} INFO - Processing /home/airflow/.local/lib/python3.12/site-packages/airflow/example_dags/example_dataset_alias_with_no_taskflow.py took 0.524 seconds
[2025-04-21T11:17:50.326+0000] {processor.py:186} INFO - Started process (PID=3145) to work on /home/airflow/.local/lib/python3.12/site-packages/airflow/example_dags/example_dataset_alias_with_no_taskflow.py
[2025-04-21T11:17:50.326+0000] {processor.py:914} INFO - Processing file /home/airflow/.local/lib/python3.12/site-packages/airflow/example_dags/example_dataset_alias_with_no_taskflow.py for tasks to queue
[2025-04-21T11:17:50.328+0000] {logging_mixin.py:190} INFO - [2025-04-21T11:17:50.328+0000] {dagbag.py:588} INFO - Filling up the DagBag from /home/airflow/.local/lib/python3.12/site-packages/airflow/example_dags/example_dataset_alias_with_no_taskflow.py
[2025-04-21T11:17:50.772+0000] {processor.py:925} INFO - DAG(s) 'dataset_alias_example_alias_consumer_with_no_taskflow', 'dataset_s3_bucket_consumer_with_no_taskflow', 'dataset_alias_example_alias_producer_with_no_taskflow', 'dataset_s3_bucket_producer_with_no_taskflow' retrieved from /home/airflow/.local/lib/python3.12/site-packages/airflow/example_dags/example_dataset_alias_with_no_taskflow.py
[2025-04-21T11:17:50.792+0000] {logging_mixin.py:190} INFO - [2025-04-21T11:17:50.792+0000] {dag.py:3239} INFO - Sync 4 DAGs
[2025-04-21T11:17:50.811+0000] {logging_mixin.py:190} INFO - [2025-04-21T11:17:50.811+0000] {dag.py:4180} INFO - Setting next_dagrun for dataset_alias_example_alias_consumer_with_no_taskflow to None, run_after=None
[2025-04-21T11:17:50.813+0000] {logging_mixin.py:190} INFO - [2025-04-21T11:17:50.813+0000] {dag.py:4180} INFO - Setting next_dagrun for dataset_alias_example_alias_producer_with_no_taskflow to None, run_after=None
[2025-04-21T11:17:50.815+0000] {logging_mixin.py:190} INFO - [2025-04-21T11:17:50.815+0000] {dag.py:4180} INFO - Setting next_dagrun for dataset_s3_bucket_consumer_with_no_taskflow to None, run_after=None
[2025-04-21T11:17:50.817+0000] {logging_mixin.py:190} INFO - [2025-04-21T11:17:50.817+0000] {dag.py:4180} INFO - Setting next_dagrun for dataset_s3_bucket_producer_with_no_taskflow to None, run_after=None
[2025-04-21T11:17:50.836+0000] {processor.py:208} INFO - Processing /home/airflow/.local/lib/python3.12/site-packages/airflow/example_dags/example_dataset_alias_with_no_taskflow.py took 0.514 seconds
[2025-04-21T11:18:21.002+0000] {processor.py:186} INFO - Started process (PID=3208) to work on /home/airflow/.local/lib/python3.12/site-packages/airflow/example_dags/example_dataset_alias_with_no_taskflow.py
[2025-04-21T11:18:21.003+0000] {processor.py:914} INFO - Processing file /home/airflow/.local/lib/python3.12/site-packages/airflow/example_dags/example_dataset_alias_with_no_taskflow.py for tasks to queue
[2025-04-21T11:18:21.005+0000] {logging_mixin.py:190} INFO - [2025-04-21T11:18:21.005+0000] {dagbag.py:588} INFO - Filling up the DagBag from /home/airflow/.local/lib/python3.12/site-packages/airflow/example_dags/example_dataset_alias_with_no_taskflow.py
[2025-04-21T11:18:21.429+0000] {processor.py:925} INFO - DAG(s) 'dataset_alias_example_alias_consumer_with_no_taskflow', 'dataset_s3_bucket_consumer_with_no_taskflow', 'dataset_s3_bucket_producer_with_no_taskflow', 'dataset_alias_example_alias_producer_with_no_taskflow' retrieved from /home/airflow/.local/lib/python3.12/site-packages/airflow/example_dags/example_dataset_alias_with_no_taskflow.py
[2025-04-21T11:18:21.446+0000] {logging_mixin.py:190} INFO - [2025-04-21T11:18:21.446+0000] {dag.py:3239} INFO - Sync 4 DAGs
[2025-04-21T11:18:21.465+0000] {logging_mixin.py:190} INFO - [2025-04-21T11:18:21.465+0000] {dag.py:4180} INFO - Setting next_dagrun for dataset_alias_example_alias_consumer_with_no_taskflow to None, run_after=None
[2025-04-21T11:18:21.468+0000] {logging_mixin.py:190} INFO - [2025-04-21T11:18:21.467+0000] {dag.py:4180} INFO - Setting next_dagrun for dataset_alias_example_alias_producer_with_no_taskflow to None, run_after=None
[2025-04-21T11:18:21.469+0000] {logging_mixin.py:190} INFO - [2025-04-21T11:18:21.469+0000] {dag.py:4180} INFO - Setting next_dagrun for dataset_s3_bucket_consumer_with_no_taskflow to None, run_after=None
[2025-04-21T11:18:21.469+0000] {logging_mixin.py:190} INFO - [2025-04-21T11:18:21.469+0000] {dag.py:4180} INFO - Setting next_dagrun for dataset_s3_bucket_producer_with_no_taskflow to None, run_after=None
[2025-04-21T11:18:21.486+0000] {processor.py:208} INFO - Processing /home/airflow/.local/lib/python3.12/site-packages/airflow/example_dags/example_dataset_alias_with_no_taskflow.py took 0.487 seconds
[2025-04-21T11:18:51.540+0000] {processor.py:186} INFO - Started process (PID=3271) to work on /home/airflow/.local/lib/python3.12/site-packages/airflow/example_dags/example_dataset_alias_with_no_taskflow.py
[2025-04-21T11:18:51.541+0000] {processor.py:914} INFO - Processing file /home/airflow/.local/lib/python3.12/site-packages/airflow/example_dags/example_dataset_alias_with_no_taskflow.py for tasks to queue
[2025-04-21T11:18:51.542+0000] {logging_mixin.py:190} INFO - [2025-04-21T11:18:51.542+0000] {dagbag.py:588} INFO - Filling up the DagBag from /home/airflow/.local/lib/python3.12/site-packages/airflow/example_dags/example_dataset_alias_with_no_taskflow.py
[2025-04-21T11:18:51.947+0000] {processor.py:925} INFO - DAG(s) 'dataset_alias_example_alias_consumer_with_no_taskflow', 'dataset_s3_bucket_producer_with_no_taskflow', 'dataset_s3_bucket_consumer_with_no_taskflow', 'dataset_alias_example_alias_producer_with_no_taskflow' retrieved from /home/airflow/.local/lib/python3.12/site-packages/airflow/example_dags/example_dataset_alias_with_no_taskflow.py
[2025-04-21T11:18:51.963+0000] {logging_mixin.py:190} INFO - [2025-04-21T11:18:51.962+0000] {dag.py:3239} INFO - Sync 4 DAGs
[2025-04-21T11:18:51.980+0000] {logging_mixin.py:190} INFO - [2025-04-21T11:18:51.980+0000] {dag.py:4180} INFO - Setting next_dagrun for dataset_alias_example_alias_consumer_with_no_taskflow to None, run_after=None
[2025-04-21T11:18:51.983+0000] {logging_mixin.py:190} INFO - [2025-04-21T11:18:51.983+0000] {dag.py:4180} INFO - Setting next_dagrun for dataset_alias_example_alias_producer_with_no_taskflow to None, run_after=None
[2025-04-21T11:18:51.985+0000] {logging_mixin.py:190} INFO - [2025-04-21T11:18:51.985+0000] {dag.py:4180} INFO - Setting next_dagrun for dataset_s3_bucket_consumer_with_no_taskflow to None, run_after=None
[2025-04-21T11:18:51.986+0000] {logging_mixin.py:190} INFO - [2025-04-21T11:18:51.986+0000] {dag.py:4180} INFO - Setting next_dagrun for dataset_s3_bucket_producer_with_no_taskflow to None, run_after=None
[2025-04-21T11:18:52.008+0000] {processor.py:208} INFO - Processing /home/airflow/.local/lib/python3.12/site-packages/airflow/example_dags/example_dataset_alias_with_no_taskflow.py took 0.472 seconds
[2025-04-21T11:19:22.062+0000] {processor.py:186} INFO - Started process (PID=3334) to work on /home/airflow/.local/lib/python3.12/site-packages/airflow/example_dags/example_dataset_alias_with_no_taskflow.py
[2025-04-21T11:19:22.063+0000] {processor.py:914} INFO - Processing file /home/airflow/.local/lib/python3.12/site-packages/airflow/example_dags/example_dataset_alias_with_no_taskflow.py for tasks to queue
[2025-04-21T11:19:22.064+0000] {logging_mixin.py:190} INFO - [2025-04-21T11:19:22.064+0000] {dagbag.py:588} INFO - Filling up the DagBag from /home/airflow/.local/lib/python3.12/site-packages/airflow/example_dags/example_dataset_alias_with_no_taskflow.py
[2025-04-21T11:19:22.467+0000] {processor.py:925} INFO - DAG(s) 'dataset_alias_example_alias_producer_with_no_taskflow', 'dataset_s3_bucket_consumer_with_no_taskflow', 'dataset_alias_example_alias_consumer_with_no_taskflow', 'dataset_s3_bucket_producer_with_no_taskflow' retrieved from /home/airflow/.local/lib/python3.12/site-packages/airflow/example_dags/example_dataset_alias_with_no_taskflow.py
[2025-04-21T11:19:22.481+0000] {logging_mixin.py:190} INFO - [2025-04-21T11:19:22.481+0000] {dag.py:3239} INFO - Sync 4 DAGs
[2025-04-21T11:19:22.498+0000] {logging_mixin.py:190} INFO - [2025-04-21T11:19:22.498+0000] {dag.py:4180} INFO - Setting next_dagrun for dataset_alias_example_alias_consumer_with_no_taskflow to None, run_after=None
[2025-04-21T11:19:22.500+0000] {logging_mixin.py:190} INFO - [2025-04-21T11:19:22.500+0000] {dag.py:4180} INFO - Setting next_dagrun for dataset_alias_example_alias_producer_with_no_taskflow to None, run_after=None
[2025-04-21T11:19:22.502+0000] {logging_mixin.py:190} INFO - [2025-04-21T11:19:22.502+0000] {dag.py:4180} INFO - Setting next_dagrun for dataset_s3_bucket_consumer_with_no_taskflow to None, run_after=None
[2025-04-21T11:19:22.503+0000] {logging_mixin.py:190} INFO - [2025-04-21T11:19:22.503+0000] {dag.py:4180} INFO - Setting next_dagrun for dataset_s3_bucket_producer_with_no_taskflow to None, run_after=None
[2025-04-21T11:19:22.519+0000] {processor.py:208} INFO - Processing /home/airflow/.local/lib/python3.12/site-packages/airflow/example_dags/example_dataset_alias_with_no_taskflow.py took 0.462 seconds
[2025-04-21T11:19:52.681+0000] {processor.py:186} INFO - Started process (PID=3397) to work on /home/airflow/.local/lib/python3.12/site-packages/airflow/example_dags/example_dataset_alias_with_no_taskflow.py
[2025-04-21T11:19:52.683+0000] {processor.py:914} INFO - Processing file /home/airflow/.local/lib/python3.12/site-packages/airflow/example_dags/example_dataset_alias_with_no_taskflow.py for tasks to queue
[2025-04-21T11:19:52.685+0000] {logging_mixin.py:190} INFO - [2025-04-21T11:19:52.685+0000] {dagbag.py:588} INFO - Filling up the DagBag from /home/airflow/.local/lib/python3.12/site-packages/airflow/example_dags/example_dataset_alias_with_no_taskflow.py
[2025-04-21T11:19:53.082+0000] {processor.py:925} INFO - DAG(s) 'dataset_alias_example_alias_producer_with_no_taskflow', 'dataset_alias_example_alias_consumer_with_no_taskflow', 'dataset_s3_bucket_producer_with_no_taskflow', 'dataset_s3_bucket_consumer_with_no_taskflow' retrieved from /home/airflow/.local/lib/python3.12/site-packages/airflow/example_dags/example_dataset_alias_with_no_taskflow.py
[2025-04-21T11:19:53.098+0000] {logging_mixin.py:190} INFO - [2025-04-21T11:19:53.097+0000] {dag.py:3239} INFO - Sync 4 DAGs
[2025-04-21T11:19:53.113+0000] {logging_mixin.py:190} INFO - [2025-04-21T11:19:53.113+0000] {dag.py:4180} INFO - Setting next_dagrun for dataset_alias_example_alias_consumer_with_no_taskflow to None, run_after=None
[2025-04-21T11:19:53.115+0000] {logging_mixin.py:190} INFO - [2025-04-21T11:19:53.115+0000] {dag.py:4180} INFO - Setting next_dagrun for dataset_alias_example_alias_producer_with_no_taskflow to None, run_after=None
[2025-04-21T11:19:53.118+0000] {logging_mixin.py:190} INFO - [2025-04-21T11:19:53.118+0000] {dag.py:4180} INFO - Setting next_dagrun for dataset_s3_bucket_consumer_with_no_taskflow to None, run_after=None
[2025-04-21T11:19:53.119+0000] {logging_mixin.py:190} INFO - [2025-04-21T11:19:53.118+0000] {dag.py:4180} INFO - Setting next_dagrun for dataset_s3_bucket_producer_with_no_taskflow to None, run_after=None
[2025-04-21T11:19:53.135+0000] {processor.py:208} INFO - Processing /home/airflow/.local/lib/python3.12/site-packages/airflow/example_dags/example_dataset_alias_with_no_taskflow.py took 0.458 seconds
[2025-04-21T11:20:23.809+0000] {processor.py:186} INFO - Started process (PID=3460) to work on /home/airflow/.local/lib/python3.12/site-packages/airflow/example_dags/example_dataset_alias_with_no_taskflow.py
[2025-04-21T11:20:23.810+0000] {processor.py:914} INFO - Processing file /home/airflow/.local/lib/python3.12/site-packages/airflow/example_dags/example_dataset_alias_with_no_taskflow.py for tasks to queue
[2025-04-21T11:20:23.812+0000] {logging_mixin.py:190} INFO - [2025-04-21T11:20:23.812+0000] {dagbag.py:588} INFO - Filling up the DagBag from /home/airflow/.local/lib/python3.12/site-packages/airflow/example_dags/example_dataset_alias_with_no_taskflow.py
[2025-04-21T11:20:24.235+0000] {processor.py:925} INFO - DAG(s) 'dataset_s3_bucket_consumer_with_no_taskflow', 'dataset_s3_bucket_producer_with_no_taskflow', 'dataset_alias_example_alias_consumer_with_no_taskflow', 'dataset_alias_example_alias_producer_with_no_taskflow' retrieved from /home/airflow/.local/lib/python3.12/site-packages/airflow/example_dags/example_dataset_alias_with_no_taskflow.py
[2025-04-21T11:20:24.250+0000] {logging_mixin.py:190} INFO - [2025-04-21T11:20:24.249+0000] {dag.py:3239} INFO - Sync 4 DAGs
[2025-04-21T11:20:24.267+0000] {logging_mixin.py:190} INFO - [2025-04-21T11:20:24.267+0000] {dag.py:4180} INFO - Setting next_dagrun for dataset_alias_example_alias_consumer_with_no_taskflow to None, run_after=None
[2025-04-21T11:20:24.269+0000] {logging_mixin.py:190} INFO - [2025-04-21T11:20:24.268+0000] {dag.py:4180} INFO - Setting next_dagrun for dataset_alias_example_alias_producer_with_no_taskflow to None, run_after=None
[2025-04-21T11:20:24.270+0000] {logging_mixin.py:190} INFO - [2025-04-21T11:20:24.269+0000] {dag.py:4180} INFO - Setting next_dagrun for dataset_s3_bucket_consumer_with_no_taskflow to None, run_after=None
[2025-04-21T11:20:24.270+0000] {logging_mixin.py:190} INFO - [2025-04-21T11:20:24.270+0000] {dag.py:4180} INFO - Setting next_dagrun for dataset_s3_bucket_producer_with_no_taskflow to None, run_after=None
[2025-04-21T11:20:24.290+0000] {processor.py:208} INFO - Processing /home/airflow/.local/lib/python3.12/site-packages/airflow/example_dags/example_dataset_alias_with_no_taskflow.py took 0.486 seconds
[2025-04-21T11:20:54.980+0000] {processor.py:186} INFO - Started process (PID=3523) to work on /home/airflow/.local/lib/python3.12/site-packages/airflow/example_dags/example_dataset_alias_with_no_taskflow.py
[2025-04-21T11:20:54.981+0000] {processor.py:914} INFO - Processing file /home/airflow/.local/lib/python3.12/site-packages/airflow/example_dags/example_dataset_alias_with_no_taskflow.py for tasks to queue
[2025-04-21T11:20:54.983+0000] {logging_mixin.py:190} INFO - [2025-04-21T11:20:54.983+0000] {dagbag.py:588} INFO - Filling up the DagBag from /home/airflow/.local/lib/python3.12/site-packages/airflow/example_dags/example_dataset_alias_with_no_taskflow.py
[2025-04-21T11:20:55.446+0000] {processor.py:925} INFO - DAG(s) 'dataset_alias_example_alias_producer_with_no_taskflow', 'dataset_s3_bucket_consumer_with_no_taskflow', 'dataset_s3_bucket_producer_with_no_taskflow', 'dataset_alias_example_alias_consumer_with_no_taskflow' retrieved from /home/airflow/.local/lib/python3.12/site-packages/airflow/example_dags/example_dataset_alias_with_no_taskflow.py
[2025-04-21T11:20:55.461+0000] {logging_mixin.py:190} INFO - [2025-04-21T11:20:55.461+0000] {dag.py:3239} INFO - Sync 4 DAGs
[2025-04-21T11:20:55.480+0000] {logging_mixin.py:190} INFO - [2025-04-21T11:20:55.480+0000] {dag.py:4180} INFO - Setting next_dagrun for dataset_alias_example_alias_consumer_with_no_taskflow to None, run_after=None
[2025-04-21T11:20:55.483+0000] {logging_mixin.py:190} INFO - [2025-04-21T11:20:55.483+0000] {dag.py:4180} INFO - Setting next_dagrun for dataset_alias_example_alias_producer_with_no_taskflow to None, run_after=None
[2025-04-21T11:20:55.486+0000] {logging_mixin.py:190} INFO - [2025-04-21T11:20:55.486+0000] {dag.py:4180} INFO - Setting next_dagrun for dataset_s3_bucket_consumer_with_no_taskflow to None, run_after=None
[2025-04-21T11:20:55.487+0000] {logging_mixin.py:190} INFO - [2025-04-21T11:20:55.487+0000] {dag.py:4180} INFO - Setting next_dagrun for dataset_s3_bucket_producer_with_no_taskflow to None, run_after=None
[2025-04-21T11:20:55.509+0000] {processor.py:208} INFO - Processing /home/airflow/.local/lib/python3.12/site-packages/airflow/example_dags/example_dataset_alias_with_no_taskflow.py took 0.533 seconds
[2025-04-21T11:21:25.571+0000] {processor.py:186} INFO - Started process (PID=3586) to work on /home/airflow/.local/lib/python3.12/site-packages/airflow/example_dags/example_dataset_alias_with_no_taskflow.py
[2025-04-21T11:21:25.572+0000] {processor.py:914} INFO - Processing file /home/airflow/.local/lib/python3.12/site-packages/airflow/example_dags/example_dataset_alias_with_no_taskflow.py for tasks to queue
[2025-04-21T11:21:25.574+0000] {logging_mixin.py:190} INFO - [2025-04-21T11:21:25.574+0000] {dagbag.py:588} INFO - Filling up the DagBag from /home/airflow/.local/lib/python3.12/site-packages/airflow/example_dags/example_dataset_alias_with_no_taskflow.py
[2025-04-21T11:21:26.068+0000] {processor.py:925} INFO - DAG(s) 'dataset_alias_example_alias_producer_with_no_taskflow', 'dataset_s3_bucket_producer_with_no_taskflow', 'dataset_alias_example_alias_consumer_with_no_taskflow', 'dataset_s3_bucket_consumer_with_no_taskflow' retrieved from /home/airflow/.local/lib/python3.12/site-packages/airflow/example_dags/example_dataset_alias_with_no_taskflow.py
[2025-04-21T11:21:26.089+0000] {logging_mixin.py:190} INFO - [2025-04-21T11:21:26.088+0000] {dag.py:3239} INFO - Sync 4 DAGs
[2025-04-21T11:21:26.109+0000] {logging_mixin.py:190} INFO - [2025-04-21T11:21:26.109+0000] {dag.py:4180} INFO - Setting next_dagrun for dataset_alias_example_alias_consumer_with_no_taskflow to None, run_after=None
[2025-04-21T11:21:26.112+0000] {logging_mixin.py:190} INFO - [2025-04-21T11:21:26.112+0000] {dag.py:4180} INFO - Setting next_dagrun for dataset_alias_example_alias_producer_with_no_taskflow to None, run_after=None
[2025-04-21T11:21:26.114+0000] {logging_mixin.py:190} INFO - [2025-04-21T11:21:26.113+0000] {dag.py:4180} INFO - Setting next_dagrun for dataset_s3_bucket_consumer_with_no_taskflow to None, run_after=None
[2025-04-21T11:21:26.115+0000] {logging_mixin.py:190} INFO - [2025-04-21T11:21:26.115+0000] {dag.py:4180} INFO - Setting next_dagrun for dataset_s3_bucket_producer_with_no_taskflow to None, run_after=None
[2025-04-21T11:21:26.136+0000] {processor.py:208} INFO - Processing /home/airflow/.local/lib/python3.12/site-packages/airflow/example_dags/example_dataset_alias_with_no_taskflow.py took 0.569 seconds
[2025-04-21T11:21:56.194+0000] {processor.py:186} INFO - Started process (PID=3649) to work on /home/airflow/.local/lib/python3.12/site-packages/airflow/example_dags/example_dataset_alias_with_no_taskflow.py
[2025-04-21T11:21:56.195+0000] {processor.py:914} INFO - Processing file /home/airflow/.local/lib/python3.12/site-packages/airflow/example_dags/example_dataset_alias_with_no_taskflow.py for tasks to queue
[2025-04-21T11:21:56.196+0000] {logging_mixin.py:190} INFO - [2025-04-21T11:21:56.196+0000] {dagbag.py:588} INFO - Filling up the DagBag from /home/airflow/.local/lib/python3.12/site-packages/airflow/example_dags/example_dataset_alias_with_no_taskflow.py
[2025-04-21T11:21:56.610+0000] {processor.py:925} INFO - DAG(s) 'dataset_s3_bucket_consumer_with_no_taskflow', 'dataset_s3_bucket_producer_with_no_taskflow', 'dataset_alias_example_alias_producer_with_no_taskflow', 'dataset_alias_example_alias_consumer_with_no_taskflow' retrieved from /home/airflow/.local/lib/python3.12/site-packages/airflow/example_dags/example_dataset_alias_with_no_taskflow.py
[2025-04-21T11:21:56.624+0000] {logging_mixin.py:190} INFO - [2025-04-21T11:21:56.623+0000] {dag.py:3239} INFO - Sync 4 DAGs
[2025-04-21T11:21:56.639+0000] {logging_mixin.py:190} INFO - [2025-04-21T11:21:56.639+0000] {dag.py:4180} INFO - Setting next_dagrun for dataset_alias_example_alias_consumer_with_no_taskflow to None, run_after=None
[2025-04-21T11:21:56.641+0000] {logging_mixin.py:190} INFO - [2025-04-21T11:21:56.641+0000] {dag.py:4180} INFO - Setting next_dagrun for dataset_alias_example_alias_producer_with_no_taskflow to None, run_after=None
[2025-04-21T11:21:56.642+0000] {logging_mixin.py:190} INFO - [2025-04-21T11:21:56.642+0000] {dag.py:4180} INFO - Setting next_dagrun for dataset_s3_bucket_consumer_with_no_taskflow to None, run_after=None
[2025-04-21T11:21:56.643+0000] {logging_mixin.py:190} INFO - [2025-04-21T11:21:56.643+0000] {dag.py:4180} INFO - Setting next_dagrun for dataset_s3_bucket_producer_with_no_taskflow to None, run_after=None
[2025-04-21T11:21:56.659+0000] {processor.py:208} INFO - Processing /home/airflow/.local/lib/python3.12/site-packages/airflow/example_dags/example_dataset_alias_with_no_taskflow.py took 0.469 seconds
[2025-04-21T11:22:27.398+0000] {processor.py:186} INFO - Started process (PID=3713) to work on /home/airflow/.local/lib/python3.12/site-packages/airflow/example_dags/example_dataset_alias_with_no_taskflow.py
[2025-04-21T11:22:27.399+0000] {processor.py:914} INFO - Processing file /home/airflow/.local/lib/python3.12/site-packages/airflow/example_dags/example_dataset_alias_with_no_taskflow.py for tasks to queue
[2025-04-21T11:22:27.401+0000] {logging_mixin.py:190} INFO - [2025-04-21T11:22:27.400+0000] {dagbag.py:588} INFO - Filling up the DagBag from /home/airflow/.local/lib/python3.12/site-packages/airflow/example_dags/example_dataset_alias_with_no_taskflow.py
[2025-04-21T11:22:27.856+0000] {processor.py:925} INFO - DAG(s) 'dataset_s3_bucket_consumer_with_no_taskflow', 'dataset_s3_bucket_producer_with_no_taskflow', 'dataset_alias_example_alias_consumer_with_no_taskflow', 'dataset_alias_example_alias_producer_with_no_taskflow' retrieved from /home/airflow/.local/lib/python3.12/site-packages/airflow/example_dags/example_dataset_alias_with_no_taskflow.py
[2025-04-21T11:22:27.882+0000] {logging_mixin.py:190} INFO - [2025-04-21T11:22:27.881+0000] {dag.py:3239} INFO - Sync 4 DAGs
[2025-04-21T11:22:27.900+0000] {logging_mixin.py:190} INFO - [2025-04-21T11:22:27.899+0000] {dag.py:4180} INFO - Setting next_dagrun for dataset_alias_example_alias_consumer_with_no_taskflow to None, run_after=None
[2025-04-21T11:22:27.902+0000] {logging_mixin.py:190} INFO - [2025-04-21T11:22:27.902+0000] {dag.py:4180} INFO - Setting next_dagrun for dataset_alias_example_alias_producer_with_no_taskflow to None, run_after=None
[2025-04-21T11:22:27.903+0000] {logging_mixin.py:190} INFO - [2025-04-21T11:22:27.903+0000] {dag.py:4180} INFO - Setting next_dagrun for dataset_s3_bucket_consumer_with_no_taskflow to None, run_after=None
[2025-04-21T11:22:27.904+0000] {logging_mixin.py:190} INFO - [2025-04-21T11:22:27.904+0000] {dag.py:4180} INFO - Setting next_dagrun for dataset_s3_bucket_producer_with_no_taskflow to None, run_after=None
[2025-04-21T11:22:27.921+0000] {processor.py:208} INFO - Processing /home/airflow/.local/lib/python3.12/site-packages/airflow/example_dags/example_dataset_alias_with_no_taskflow.py took 0.527 seconds
[2025-04-21T11:22:58.668+0000] {processor.py:186} INFO - Started process (PID=3777) to work on /home/airflow/.local/lib/python3.12/site-packages/airflow/example_dags/example_dataset_alias_with_no_taskflow.py
[2025-04-21T11:22:58.669+0000] {processor.py:914} INFO - Processing file /home/airflow/.local/lib/python3.12/site-packages/airflow/example_dags/example_dataset_alias_with_no_taskflow.py for tasks to queue
[2025-04-21T11:22:58.671+0000] {logging_mixin.py:190} INFO - [2025-04-21T11:22:58.671+0000] {dagbag.py:588} INFO - Filling up the DagBag from /home/airflow/.local/lib/python3.12/site-packages/airflow/example_dags/example_dataset_alias_with_no_taskflow.py
[2025-04-21T11:22:59.106+0000] {processor.py:925} INFO - DAG(s) 'dataset_s3_bucket_producer_with_no_taskflow', 'dataset_s3_bucket_consumer_with_no_taskflow', 'dataset_alias_example_alias_producer_with_no_taskflow', 'dataset_alias_example_alias_consumer_with_no_taskflow' retrieved from /home/airflow/.local/lib/python3.12/site-packages/airflow/example_dags/example_dataset_alias_with_no_taskflow.py
[2025-04-21T11:22:59.125+0000] {logging_mixin.py:190} INFO - [2025-04-21T11:22:59.124+0000] {dag.py:3239} INFO - Sync 4 DAGs
[2025-04-21T11:22:59.144+0000] {logging_mixin.py:190} INFO - [2025-04-21T11:22:59.144+0000] {dag.py:4180} INFO - Setting next_dagrun for dataset_alias_example_alias_consumer_with_no_taskflow to None, run_after=None
[2025-04-21T11:22:59.147+0000] {logging_mixin.py:190} INFO - [2025-04-21T11:22:59.147+0000] {dag.py:4180} INFO - Setting next_dagrun for dataset_alias_example_alias_producer_with_no_taskflow to None, run_after=None
[2025-04-21T11:22:59.148+0000] {logging_mixin.py:190} INFO - [2025-04-21T11:22:59.148+0000] {dag.py:4180} INFO - Setting next_dagrun for dataset_s3_bucket_consumer_with_no_taskflow to None, run_after=None
[2025-04-21T11:22:59.149+0000] {logging_mixin.py:190} INFO - [2025-04-21T11:22:59.149+0000] {dag.py:4180} INFO - Setting next_dagrun for dataset_s3_bucket_producer_with_no_taskflow to None, run_after=None
[2025-04-21T11:22:59.166+0000] {processor.py:208} INFO - Processing /home/airflow/.local/lib/python3.12/site-packages/airflow/example_dags/example_dataset_alias_with_no_taskflow.py took 0.502 seconds
[2025-04-21T11:23:29.248+0000] {processor.py:186} INFO - Started process (PID=3840) to work on /home/airflow/.local/lib/python3.12/site-packages/airflow/example_dags/example_dataset_alias_with_no_taskflow.py
[2025-04-21T11:23:29.248+0000] {processor.py:914} INFO - Processing file /home/airflow/.local/lib/python3.12/site-packages/airflow/example_dags/example_dataset_alias_with_no_taskflow.py for tasks to queue
[2025-04-21T11:23:29.250+0000] {logging_mixin.py:190} INFO - [2025-04-21T11:23:29.250+0000] {dagbag.py:588} INFO - Filling up the DagBag from /home/airflow/.local/lib/python3.12/site-packages/airflow/example_dags/example_dataset_alias_with_no_taskflow.py
[2025-04-21T11:23:29.683+0000] {processor.py:925} INFO - DAG(s) 'dataset_s3_bucket_consumer_with_no_taskflow', 'dataset_s3_bucket_producer_with_no_taskflow', 'dataset_alias_example_alias_producer_with_no_taskflow', 'dataset_alias_example_alias_consumer_with_no_taskflow' retrieved from /home/airflow/.local/lib/python3.12/site-packages/airflow/example_dags/example_dataset_alias_with_no_taskflow.py
[2025-04-21T11:23:29.701+0000] {logging_mixin.py:190} INFO - [2025-04-21T11:23:29.700+0000] {dag.py:3239} INFO - Sync 4 DAGs
[2025-04-21T11:23:29.718+0000] {logging_mixin.py:190} INFO - [2025-04-21T11:23:29.718+0000] {dag.py:4180} INFO - Setting next_dagrun for dataset_alias_example_alias_consumer_with_no_taskflow to None, run_after=None
[2025-04-21T11:23:29.720+0000] {logging_mixin.py:190} INFO - [2025-04-21T11:23:29.720+0000] {dag.py:4180} INFO - Setting next_dagrun for dataset_alias_example_alias_producer_with_no_taskflow to None, run_after=None
[2025-04-21T11:23:29.721+0000] {logging_mixin.py:190} INFO - [2025-04-21T11:23:29.721+0000] {dag.py:4180} INFO - Setting next_dagrun for dataset_s3_bucket_consumer_with_no_taskflow to None, run_after=None
[2025-04-21T11:23:29.722+0000] {logging_mixin.py:190} INFO - [2025-04-21T11:23:29.722+0000] {dag.py:4180} INFO - Setting next_dagrun for dataset_s3_bucket_producer_with_no_taskflow to None, run_after=None
[2025-04-21T11:23:29.737+0000] {processor.py:208} INFO - Processing /home/airflow/.local/lib/python3.12/site-packages/airflow/example_dags/example_dataset_alias_with_no_taskflow.py took 0.494 seconds
[2025-04-21T11:24:00.446+0000] {processor.py:186} INFO - Started process (PID=3902) to work on /home/airflow/.local/lib/python3.12/site-packages/airflow/example_dags/example_dataset_alias_with_no_taskflow.py
[2025-04-21T11:24:00.447+0000] {processor.py:914} INFO - Processing file /home/airflow/.local/lib/python3.12/site-packages/airflow/example_dags/example_dataset_alias_with_no_taskflow.py for tasks to queue
[2025-04-21T11:24:00.449+0000] {logging_mixin.py:190} INFO - [2025-04-21T11:24:00.449+0000] {dagbag.py:588} INFO - Filling up the DagBag from /home/airflow/.local/lib/python3.12/site-packages/airflow/example_dags/example_dataset_alias_with_no_taskflow.py
[2025-04-21T11:24:00.783+0000] {processor.py:925} INFO - DAG(s) 'dataset_alias_example_alias_producer_with_no_taskflow', 'dataset_alias_example_alias_consumer_with_no_taskflow', 'dataset_s3_bucket_consumer_with_no_taskflow', 'dataset_s3_bucket_producer_with_no_taskflow' retrieved from /home/airflow/.local/lib/python3.12/site-packages/airflow/example_dags/example_dataset_alias_with_no_taskflow.py
[2025-04-21T11:24:00.802+0000] {logging_mixin.py:190} INFO - [2025-04-21T11:24:00.802+0000] {dag.py:3239} INFO - Sync 4 DAGs
[2025-04-21T11:24:00.824+0000] {logging_mixin.py:190} INFO - [2025-04-21T11:24:00.824+0000] {dag.py:4180} INFO - Setting next_dagrun for dataset_alias_example_alias_consumer_with_no_taskflow to None, run_after=None
[2025-04-21T11:24:00.826+0000] {logging_mixin.py:190} INFO - [2025-04-21T11:24:00.826+0000] {dag.py:4180} INFO - Setting next_dagrun for dataset_alias_example_alias_producer_with_no_taskflow to None, run_after=None
[2025-04-21T11:24:00.827+0000] {logging_mixin.py:190} INFO - [2025-04-21T11:24:00.827+0000] {dag.py:4180} INFO - Setting next_dagrun for dataset_s3_bucket_consumer_with_no_taskflow to None, run_after=None
[2025-04-21T11:24:00.830+0000] {logging_mixin.py:190} INFO - [2025-04-21T11:24:00.830+0000] {dag.py:4180} INFO - Setting next_dagrun for dataset_s3_bucket_producer_with_no_taskflow to None, run_after=None
[2025-04-21T11:24:00.854+0000] {processor.py:208} INFO - Processing /home/airflow/.local/lib/python3.12/site-packages/airflow/example_dags/example_dataset_alias_with_no_taskflow.py took 0.412 seconds
[2025-04-21T11:24:31.374+0000] {processor.py:186} INFO - Started process (PID=3965) to work on /home/airflow/.local/lib/python3.12/site-packages/airflow/example_dags/example_dataset_alias_with_no_taskflow.py
[2025-04-21T11:24:31.374+0000] {processor.py:914} INFO - Processing file /home/airflow/.local/lib/python3.12/site-packages/airflow/example_dags/example_dataset_alias_with_no_taskflow.py for tasks to queue
[2025-04-21T11:24:31.376+0000] {logging_mixin.py:190} INFO - [2025-04-21T11:24:31.376+0000] {dagbag.py:588} INFO - Filling up the DagBag from /home/airflow/.local/lib/python3.12/site-packages/airflow/example_dags/example_dataset_alias_with_no_taskflow.py
[2025-04-21T11:24:31.690+0000] {processor.py:925} INFO - DAG(s) 'dataset_s3_bucket_producer_with_no_taskflow', 'dataset_s3_bucket_consumer_with_no_taskflow', 'dataset_alias_example_alias_producer_with_no_taskflow', 'dataset_alias_example_alias_consumer_with_no_taskflow' retrieved from /home/airflow/.local/lib/python3.12/site-packages/airflow/example_dags/example_dataset_alias_with_no_taskflow.py
[2025-04-21T11:24:31.709+0000] {logging_mixin.py:190} INFO - [2025-04-21T11:24:31.708+0000] {dag.py:3239} INFO - Sync 4 DAGs
[2025-04-21T11:24:31.732+0000] {logging_mixin.py:190} INFO - [2025-04-21T11:24:31.732+0000] {dag.py:4180} INFO - Setting next_dagrun for dataset_alias_example_alias_consumer_with_no_taskflow to None, run_after=None
[2025-04-21T11:24:31.735+0000] {logging_mixin.py:190} INFO - [2025-04-21T11:24:31.735+0000] {dag.py:4180} INFO - Setting next_dagrun for dataset_alias_example_alias_producer_with_no_taskflow to None, run_after=None
[2025-04-21T11:24:31.737+0000] {logging_mixin.py:190} INFO - [2025-04-21T11:24:31.737+0000] {dag.py:4180} INFO - Setting next_dagrun for dataset_s3_bucket_consumer_with_no_taskflow to None, run_after=None
[2025-04-21T11:24:31.738+0000] {logging_mixin.py:190} INFO - [2025-04-21T11:24:31.738+0000] {dag.py:4180} INFO - Setting next_dagrun for dataset_s3_bucket_producer_with_no_taskflow to None, run_after=None
[2025-04-21T11:24:31.758+0000] {processor.py:208} INFO - Processing /home/airflow/.local/lib/python3.12/site-packages/airflow/example_dags/example_dataset_alias_with_no_taskflow.py took 0.388 seconds
[2025-04-21T11:25:01.915+0000] {processor.py:186} INFO - Started process (PID=4028) to work on /home/airflow/.local/lib/python3.12/site-packages/airflow/example_dags/example_dataset_alias_with_no_taskflow.py
[2025-04-21T11:25:01.916+0000] {processor.py:914} INFO - Processing file /home/airflow/.local/lib/python3.12/site-packages/airflow/example_dags/example_dataset_alias_with_no_taskflow.py for tasks to queue
[2025-04-21T11:25:01.918+0000] {logging_mixin.py:190} INFO - [2025-04-21T11:25:01.917+0000] {dagbag.py:588} INFO - Filling up the DagBag from /home/airflow/.local/lib/python3.12/site-packages/airflow/example_dags/example_dataset_alias_with_no_taskflow.py
[2025-04-21T11:25:02.233+0000] {processor.py:925} INFO - DAG(s) 'dataset_alias_example_alias_producer_with_no_taskflow', 'dataset_alias_example_alias_consumer_with_no_taskflow', 'dataset_s3_bucket_producer_with_no_taskflow', 'dataset_s3_bucket_consumer_with_no_taskflow' retrieved from /home/airflow/.local/lib/python3.12/site-packages/airflow/example_dags/example_dataset_alias_with_no_taskflow.py
[2025-04-21T11:25:02.250+0000] {logging_mixin.py:190} INFO - [2025-04-21T11:25:02.250+0000] {dag.py:3239} INFO - Sync 4 DAGs
[2025-04-21T11:25:02.271+0000] {logging_mixin.py:190} INFO - [2025-04-21T11:25:02.270+0000] {dag.py:4180} INFO - Setting next_dagrun for dataset_alias_example_alias_consumer_with_no_taskflow to None, run_after=None
[2025-04-21T11:25:02.274+0000] {logging_mixin.py:190} INFO - [2025-04-21T11:25:02.273+0000] {dag.py:4180} INFO - Setting next_dagrun for dataset_alias_example_alias_producer_with_no_taskflow to None, run_after=None
[2025-04-21T11:25:02.275+0000] {logging_mixin.py:190} INFO - [2025-04-21T11:25:02.275+0000] {dag.py:4180} INFO - Setting next_dagrun for dataset_s3_bucket_consumer_with_no_taskflow to None, run_after=None
[2025-04-21T11:25:02.276+0000] {logging_mixin.py:190} INFO - [2025-04-21T11:25:02.276+0000] {dag.py:4180} INFO - Setting next_dagrun for dataset_s3_bucket_producer_with_no_taskflow to None, run_after=None
[2025-04-21T11:25:02.294+0000] {processor.py:208} INFO - Processing /home/airflow/.local/lib/python3.12/site-packages/airflow/example_dags/example_dataset_alias_with_no_taskflow.py took 0.384 seconds
[2025-04-21T11:25:32.368+0000] {processor.py:186} INFO - Started process (PID=4094) to work on /home/airflow/.local/lib/python3.12/site-packages/airflow/example_dags/example_dataset_alias_with_no_taskflow.py
[2025-04-21T11:25:32.368+0000] {processor.py:914} INFO - Processing file /home/airflow/.local/lib/python3.12/site-packages/airflow/example_dags/example_dataset_alias_with_no_taskflow.py for tasks to queue
[2025-04-21T11:25:32.371+0000] {logging_mixin.py:190} INFO - [2025-04-21T11:25:32.370+0000] {dagbag.py:588} INFO - Filling up the DagBag from /home/airflow/.local/lib/python3.12/site-packages/airflow/example_dags/example_dataset_alias_with_no_taskflow.py
[2025-04-21T11:25:32.667+0000] {processor.py:925} INFO - DAG(s) 'dataset_alias_example_alias_producer_with_no_taskflow', 'dataset_s3_bucket_producer_with_no_taskflow', 'dataset_s3_bucket_consumer_with_no_taskflow', 'dataset_alias_example_alias_consumer_with_no_taskflow' retrieved from /home/airflow/.local/lib/python3.12/site-packages/airflow/example_dags/example_dataset_alias_with_no_taskflow.py
[2025-04-21T11:25:32.684+0000] {logging_mixin.py:190} INFO - [2025-04-21T11:25:32.684+0000] {dag.py:3239} INFO - Sync 4 DAGs
[2025-04-21T11:25:32.703+0000] {logging_mixin.py:190} INFO - [2025-04-21T11:25:32.703+0000] {dag.py:4180} INFO - Setting next_dagrun for dataset_alias_example_alias_consumer_with_no_taskflow to None, run_after=None
[2025-04-21T11:25:32.705+0000] {logging_mixin.py:190} INFO - [2025-04-21T11:25:32.705+0000] {dag.py:4180} INFO - Setting next_dagrun for dataset_alias_example_alias_producer_with_no_taskflow to None, run_after=None
[2025-04-21T11:25:32.706+0000] {logging_mixin.py:190} INFO - [2025-04-21T11:25:32.706+0000] {dag.py:4180} INFO - Setting next_dagrun for dataset_s3_bucket_consumer_with_no_taskflow to None, run_after=None
[2025-04-21T11:25:32.707+0000] {logging_mixin.py:190} INFO - [2025-04-21T11:25:32.707+0000] {dag.py:4180} INFO - Setting next_dagrun for dataset_s3_bucket_producer_with_no_taskflow to None, run_after=None
[2025-04-21T11:25:32.723+0000] {processor.py:208} INFO - Processing /home/airflow/.local/lib/python3.12/site-packages/airflow/example_dags/example_dataset_alias_with_no_taskflow.py took 0.360 seconds
[2025-04-21T11:26:03.007+0000] {processor.py:186} INFO - Started process (PID=4154) to work on /home/airflow/.local/lib/python3.12/site-packages/airflow/example_dags/example_dataset_alias_with_no_taskflow.py
[2025-04-21T11:26:03.008+0000] {processor.py:914} INFO - Processing file /home/airflow/.local/lib/python3.12/site-packages/airflow/example_dags/example_dataset_alias_with_no_taskflow.py for tasks to queue
[2025-04-21T11:26:03.010+0000] {logging_mixin.py:190} INFO - [2025-04-21T11:26:03.010+0000] {dagbag.py:588} INFO - Filling up the DagBag from /home/airflow/.local/lib/python3.12/site-packages/airflow/example_dags/example_dataset_alias_with_no_taskflow.py
[2025-04-21T11:26:03.312+0000] {processor.py:925} INFO - DAG(s) 'dataset_s3_bucket_consumer_with_no_taskflow', 'dataset_s3_bucket_producer_with_no_taskflow', 'dataset_alias_example_alias_consumer_with_no_taskflow', 'dataset_alias_example_alias_producer_with_no_taskflow' retrieved from /home/airflow/.local/lib/python3.12/site-packages/airflow/example_dags/example_dataset_alias_with_no_taskflow.py
[2025-04-21T11:26:03.327+0000] {logging_mixin.py:190} INFO - [2025-04-21T11:26:03.326+0000] {dag.py:3239} INFO - Sync 4 DAGs
[2025-04-21T11:26:03.345+0000] {logging_mixin.py:190} INFO - [2025-04-21T11:26:03.345+0000] {dag.py:4180} INFO - Setting next_dagrun for dataset_alias_example_alias_consumer_with_no_taskflow to None, run_after=None
[2025-04-21T11:26:03.347+0000] {logging_mixin.py:190} INFO - [2025-04-21T11:26:03.347+0000] {dag.py:4180} INFO - Setting next_dagrun for dataset_alias_example_alias_producer_with_no_taskflow to None, run_after=None
[2025-04-21T11:26:03.350+0000] {logging_mixin.py:190} INFO - [2025-04-21T11:26:03.349+0000] {dag.py:4180} INFO - Setting next_dagrun for dataset_s3_bucket_consumer_with_no_taskflow to None, run_after=None
[2025-04-21T11:26:03.351+0000] {logging_mixin.py:190} INFO - [2025-04-21T11:26:03.350+0000] {dag.py:4180} INFO - Setting next_dagrun for dataset_s3_bucket_producer_with_no_taskflow to None, run_after=None
[2025-04-21T11:26:03.367+0000] {processor.py:208} INFO - Processing /home/airflow/.local/lib/python3.12/site-packages/airflow/example_dags/example_dataset_alias_with_no_taskflow.py took 0.363 seconds
[2025-04-21T11:26:33.729+0000] {processor.py:186} INFO - Started process (PID=4217) to work on /home/airflow/.local/lib/python3.12/site-packages/airflow/example_dags/example_dataset_alias_with_no_taskflow.py
[2025-04-21T11:26:33.730+0000] {processor.py:914} INFO - Processing file /home/airflow/.local/lib/python3.12/site-packages/airflow/example_dags/example_dataset_alias_with_no_taskflow.py for tasks to queue
[2025-04-21T11:26:33.732+0000] {logging_mixin.py:190} INFO - [2025-04-21T11:26:33.731+0000] {dagbag.py:588} INFO - Filling up the DagBag from /home/airflow/.local/lib/python3.12/site-packages/airflow/example_dags/example_dataset_alias_with_no_taskflow.py
[2025-04-21T11:26:34.025+0000] {processor.py:925} INFO - DAG(s) 'dataset_alias_example_alias_consumer_with_no_taskflow', 'dataset_s3_bucket_producer_with_no_taskflow', 'dataset_alias_example_alias_producer_with_no_taskflow', 'dataset_s3_bucket_consumer_with_no_taskflow' retrieved from /home/airflow/.local/lib/python3.12/site-packages/airflow/example_dags/example_dataset_alias_with_no_taskflow.py
[2025-04-21T11:26:34.040+0000] {logging_mixin.py:190} INFO - [2025-04-21T11:26:34.040+0000] {dag.py:3239} INFO - Sync 4 DAGs
[2025-04-21T11:26:34.059+0000] {logging_mixin.py:190} INFO - [2025-04-21T11:26:34.058+0000] {dag.py:4180} INFO - Setting next_dagrun for dataset_alias_example_alias_consumer_with_no_taskflow to None, run_after=None
[2025-04-21T11:26:34.061+0000] {logging_mixin.py:190} INFO - [2025-04-21T11:26:34.061+0000] {dag.py:4180} INFO - Setting next_dagrun for dataset_alias_example_alias_producer_with_no_taskflow to None, run_after=None
[2025-04-21T11:26:34.062+0000] {logging_mixin.py:190} INFO - [2025-04-21T11:26:34.062+0000] {dag.py:4180} INFO - Setting next_dagrun for dataset_s3_bucket_consumer_with_no_taskflow to None, run_after=None
[2025-04-21T11:26:34.063+0000] {logging_mixin.py:190} INFO - [2025-04-21T11:26:34.063+0000] {dag.py:4180} INFO - Setting next_dagrun for dataset_s3_bucket_producer_with_no_taskflow to None, run_after=None
[2025-04-21T11:26:34.082+0000] {processor.py:208} INFO - Processing /home/airflow/.local/lib/python3.12/site-packages/airflow/example_dags/example_dataset_alias_with_no_taskflow.py took 0.357 seconds
[2025-04-21T11:27:04.549+0000] {processor.py:186} INFO - Started process (PID=4280) to work on /home/airflow/.local/lib/python3.12/site-packages/airflow/example_dags/example_dataset_alias_with_no_taskflow.py
[2025-04-21T11:27:04.550+0000] {processor.py:914} INFO - Processing file /home/airflow/.local/lib/python3.12/site-packages/airflow/example_dags/example_dataset_alias_with_no_taskflow.py for tasks to queue
[2025-04-21T11:27:04.552+0000] {logging_mixin.py:190} INFO - [2025-04-21T11:27:04.551+0000] {dagbag.py:588} INFO - Filling up the DagBag from /home/airflow/.local/lib/python3.12/site-packages/airflow/example_dags/example_dataset_alias_with_no_taskflow.py
[2025-04-21T11:27:04.842+0000] {processor.py:925} INFO - DAG(s) 'dataset_s3_bucket_producer_with_no_taskflow', 'dataset_alias_example_alias_consumer_with_no_taskflow', 'dataset_alias_example_alias_producer_with_no_taskflow', 'dataset_s3_bucket_consumer_with_no_taskflow' retrieved from /home/airflow/.local/lib/python3.12/site-packages/airflow/example_dags/example_dataset_alias_with_no_taskflow.py
[2025-04-21T11:27:04.858+0000] {logging_mixin.py:190} INFO - [2025-04-21T11:27:04.857+0000] {dag.py:3239} INFO - Sync 4 DAGs
[2025-04-21T11:27:04.874+0000] {logging_mixin.py:190} INFO - [2025-04-21T11:27:04.874+0000] {dag.py:4180} INFO - Setting next_dagrun for dataset_alias_example_alias_consumer_with_no_taskflow to None, run_after=None
[2025-04-21T11:27:04.876+0000] {logging_mixin.py:190} INFO - [2025-04-21T11:27:04.875+0000] {dag.py:4180} INFO - Setting next_dagrun for dataset_alias_example_alias_producer_with_no_taskflow to None, run_after=None
[2025-04-21T11:27:04.877+0000] {logging_mixin.py:190} INFO - [2025-04-21T11:27:04.877+0000] {dag.py:4180} INFO - Setting next_dagrun for dataset_s3_bucket_consumer_with_no_taskflow to None, run_after=None
[2025-04-21T11:27:04.878+0000] {logging_mixin.py:190} INFO - [2025-04-21T11:27:04.878+0000] {dag.py:4180} INFO - Setting next_dagrun for dataset_s3_bucket_producer_with_no_taskflow to None, run_after=None
[2025-04-21T11:27:04.898+0000] {processor.py:208} INFO - Processing /home/airflow/.local/lib/python3.12/site-packages/airflow/example_dags/example_dataset_alias_with_no_taskflow.py took 0.353 seconds
[2025-04-21T11:27:35.830+0000] {processor.py:186} INFO - Started process (PID=4346) to work on /home/airflow/.local/lib/python3.12/site-packages/airflow/example_dags/example_dataset_alias_with_no_taskflow.py
[2025-04-21T11:27:35.830+0000] {processor.py:914} INFO - Processing file /home/airflow/.local/lib/python3.12/site-packages/airflow/example_dags/example_dataset_alias_with_no_taskflow.py for tasks to queue
[2025-04-21T11:27:35.832+0000] {logging_mixin.py:190} INFO - [2025-04-21T11:27:35.832+0000] {dagbag.py:588} INFO - Filling up the DagBag from /home/airflow/.local/lib/python3.12/site-packages/airflow/example_dags/example_dataset_alias_with_no_taskflow.py
[2025-04-21T11:27:36.130+0000] {processor.py:925} INFO - DAG(s) 'dataset_alias_example_alias_consumer_with_no_taskflow', 'dataset_s3_bucket_producer_with_no_taskflow', 'dataset_s3_bucket_consumer_with_no_taskflow', 'dataset_alias_example_alias_producer_with_no_taskflow' retrieved from /home/airflow/.local/lib/python3.12/site-packages/airflow/example_dags/example_dataset_alias_with_no_taskflow.py
[2025-04-21T11:27:36.147+0000] {logging_mixin.py:190} INFO - [2025-04-21T11:27:36.146+0000] {dag.py:3239} INFO - Sync 4 DAGs
[2025-04-21T11:27:36.165+0000] {logging_mixin.py:190} INFO - [2025-04-21T11:27:36.164+0000] {dag.py:4180} INFO - Setting next_dagrun for dataset_alias_example_alias_consumer_with_no_taskflow to None, run_after=None
[2025-04-21T11:27:36.167+0000] {logging_mixin.py:190} INFO - [2025-04-21T11:27:36.167+0000] {dag.py:4180} INFO - Setting next_dagrun for dataset_alias_example_alias_producer_with_no_taskflow to None, run_after=None
[2025-04-21T11:27:36.168+0000] {logging_mixin.py:190} INFO - [2025-04-21T11:27:36.168+0000] {dag.py:4180} INFO - Setting next_dagrun for dataset_s3_bucket_consumer_with_no_taskflow to None, run_after=None
[2025-04-21T11:27:36.169+0000] {logging_mixin.py:190} INFO - [2025-04-21T11:27:36.169+0000] {dag.py:4180} INFO - Setting next_dagrun for dataset_s3_bucket_producer_with_no_taskflow to None, run_after=None
[2025-04-21T11:27:36.186+0000] {processor.py:208} INFO - Processing /home/airflow/.local/lib/python3.12/site-packages/airflow/example_dags/example_dataset_alias_with_no_taskflow.py took 0.361 seconds
[2025-04-21T11:28:06.259+0000] {processor.py:186} INFO - Started process (PID=4409) to work on /home/airflow/.local/lib/python3.12/site-packages/airflow/example_dags/example_dataset_alias_with_no_taskflow.py
[2025-04-21T11:28:06.259+0000] {processor.py:914} INFO - Processing file /home/airflow/.local/lib/python3.12/site-packages/airflow/example_dags/example_dataset_alias_with_no_taskflow.py for tasks to queue
[2025-04-21T11:28:06.261+0000] {logging_mixin.py:190} INFO - [2025-04-21T11:28:06.261+0000] {dagbag.py:588} INFO - Filling up the DagBag from /home/airflow/.local/lib/python3.12/site-packages/airflow/example_dags/example_dataset_alias_with_no_taskflow.py
[2025-04-21T11:28:06.588+0000] {processor.py:925} INFO - DAG(s) 'dataset_s3_bucket_consumer_with_no_taskflow', 'dataset_s3_bucket_producer_with_no_taskflow', 'dataset_alias_example_alias_producer_with_no_taskflow', 'dataset_alias_example_alias_consumer_with_no_taskflow' retrieved from /home/airflow/.local/lib/python3.12/site-packages/airflow/example_dags/example_dataset_alias_with_no_taskflow.py
[2025-04-21T11:28:06.606+0000] {logging_mixin.py:190} INFO - [2025-04-21T11:28:06.605+0000] {dag.py:3239} INFO - Sync 4 DAGs
[2025-04-21T11:28:06.626+0000] {logging_mixin.py:190} INFO - [2025-04-21T11:28:06.626+0000] {dag.py:4180} INFO - Setting next_dagrun for dataset_alias_example_alias_consumer_with_no_taskflow to None, run_after=None
[2025-04-21T11:28:06.633+0000] {logging_mixin.py:190} INFO - [2025-04-21T11:28:06.633+0000] {dag.py:4180} INFO - Setting next_dagrun for dataset_alias_example_alias_producer_with_no_taskflow to None, run_after=None
[2025-04-21T11:28:06.636+0000] {logging_mixin.py:190} INFO - [2025-04-21T11:28:06.636+0000] {dag.py:4180} INFO - Setting next_dagrun for dataset_s3_bucket_consumer_with_no_taskflow to None, run_after=None
[2025-04-21T11:28:06.637+0000] {logging_mixin.py:190} INFO - [2025-04-21T11:28:06.637+0000] {dag.py:4180} INFO - Setting next_dagrun for dataset_s3_bucket_producer_with_no_taskflow to None, run_after=None
[2025-04-21T11:28:06.657+0000] {processor.py:208} INFO - Processing /home/airflow/.local/lib/python3.12/site-packages/airflow/example_dags/example_dataset_alias_with_no_taskflow.py took 0.402 seconds
[2025-04-21T11:28:36.973+0000] {processor.py:186} INFO - Started process (PID=4478) to work on /home/airflow/.local/lib/python3.12/site-packages/airflow/example_dags/example_dataset_alias_with_no_taskflow.py
[2025-04-21T11:28:36.974+0000] {processor.py:914} INFO - Processing file /home/airflow/.local/lib/python3.12/site-packages/airflow/example_dags/example_dataset_alias_with_no_taskflow.py for tasks to queue
[2025-04-21T11:28:36.976+0000] {logging_mixin.py:190} INFO - [2025-04-21T11:28:36.976+0000] {dagbag.py:588} INFO - Filling up the DagBag from /home/airflow/.local/lib/python3.12/site-packages/airflow/example_dags/example_dataset_alias_with_no_taskflow.py
[2025-04-21T11:28:37.302+0000] {processor.py:925} INFO - DAG(s) 'dataset_alias_example_alias_producer_with_no_taskflow', 'dataset_s3_bucket_consumer_with_no_taskflow', 'dataset_alias_example_alias_consumer_with_no_taskflow', 'dataset_s3_bucket_producer_with_no_taskflow' retrieved from /home/airflow/.local/lib/python3.12/site-packages/airflow/example_dags/example_dataset_alias_with_no_taskflow.py
[2025-04-21T11:28:37.320+0000] {logging_mixin.py:190} INFO - [2025-04-21T11:28:37.319+0000] {dag.py:3239} INFO - Sync 4 DAGs
[2025-04-21T11:28:37.339+0000] {logging_mixin.py:190} INFO - [2025-04-21T11:28:37.339+0000] {dag.py:4180} INFO - Setting next_dagrun for dataset_alias_example_alias_consumer_with_no_taskflow to None, run_after=None
[2025-04-21T11:28:37.343+0000] {logging_mixin.py:190} INFO - [2025-04-21T11:28:37.343+0000] {dag.py:4180} INFO - Setting next_dagrun for dataset_alias_example_alias_producer_with_no_taskflow to None, run_after=None
[2025-04-21T11:28:37.345+0000] {logging_mixin.py:190} INFO - [2025-04-21T11:28:37.345+0000] {dag.py:4180} INFO - Setting next_dagrun for dataset_s3_bucket_consumer_with_no_taskflow to None, run_after=None
[2025-04-21T11:28:37.346+0000] {logging_mixin.py:190} INFO - [2025-04-21T11:28:37.346+0000] {dag.py:4180} INFO - Setting next_dagrun for dataset_s3_bucket_producer_with_no_taskflow to None, run_after=None
[2025-04-21T11:28:37.364+0000] {processor.py:208} INFO - Processing /home/airflow/.local/lib/python3.12/site-packages/airflow/example_dags/example_dataset_alias_with_no_taskflow.py took 0.395 seconds
[2025-04-21T11:29:07.428+0000] {processor.py:186} INFO - Started process (PID=4540) to work on /home/airflow/.local/lib/python3.12/site-packages/airflow/example_dags/example_dataset_alias_with_no_taskflow.py
[2025-04-21T11:29:07.429+0000] {processor.py:914} INFO - Processing file /home/airflow/.local/lib/python3.12/site-packages/airflow/example_dags/example_dataset_alias_with_no_taskflow.py for tasks to queue
[2025-04-21T11:29:07.431+0000] {logging_mixin.py:190} INFO - [2025-04-21T11:29:07.431+0000] {dagbag.py:588} INFO - Filling up the DagBag from /home/airflow/.local/lib/python3.12/site-packages/airflow/example_dags/example_dataset_alias_with_no_taskflow.py
[2025-04-21T11:29:07.738+0000] {processor.py:925} INFO - DAG(s) 'dataset_s3_bucket_consumer_with_no_taskflow', 'dataset_alias_example_alias_consumer_with_no_taskflow', 'dataset_alias_example_alias_producer_with_no_taskflow', 'dataset_s3_bucket_producer_with_no_taskflow' retrieved from /home/airflow/.local/lib/python3.12/site-packages/airflow/example_dags/example_dataset_alias_with_no_taskflow.py
[2025-04-21T11:29:07.756+0000] {logging_mixin.py:190} INFO - [2025-04-21T11:29:07.756+0000] {dag.py:3239} INFO - Sync 4 DAGs
[2025-04-21T11:29:07.777+0000] {logging_mixin.py:190} INFO - [2025-04-21T11:29:07.777+0000] {dag.py:4180} INFO - Setting next_dagrun for dataset_alias_example_alias_consumer_with_no_taskflow to None, run_after=None
[2025-04-21T11:29:07.779+0000] {logging_mixin.py:190} INFO - [2025-04-21T11:29:07.779+0000] {dag.py:4180} INFO - Setting next_dagrun for dataset_alias_example_alias_producer_with_no_taskflow to None, run_after=None
[2025-04-21T11:29:07.780+0000] {logging_mixin.py:190} INFO - [2025-04-21T11:29:07.780+0000] {dag.py:4180} INFO - Setting next_dagrun for dataset_s3_bucket_consumer_with_no_taskflow to None, run_after=None
[2025-04-21T11:29:07.782+0000] {logging_mixin.py:190} INFO - [2025-04-21T11:29:07.782+0000] {dag.py:4180} INFO - Setting next_dagrun for dataset_s3_bucket_producer_with_no_taskflow to None, run_after=None
[2025-04-21T11:29:07.804+0000] {processor.py:208} INFO - Processing /home/airflow/.local/lib/python3.12/site-packages/airflow/example_dags/example_dataset_alias_with_no_taskflow.py took 0.380 seconds
[2025-04-21T11:29:37.866+0000] {processor.py:186} INFO - Started process (PID=4604) to work on /home/airflow/.local/lib/python3.12/site-packages/airflow/example_dags/example_dataset_alias_with_no_taskflow.py
[2025-04-21T11:29:37.867+0000] {processor.py:914} INFO - Processing file /home/airflow/.local/lib/python3.12/site-packages/airflow/example_dags/example_dataset_alias_with_no_taskflow.py for tasks to queue
[2025-04-21T11:29:37.869+0000] {logging_mixin.py:190} INFO - [2025-04-21T11:29:37.868+0000] {dagbag.py:588} INFO - Filling up the DagBag from /home/airflow/.local/lib/python3.12/site-packages/airflow/example_dags/example_dataset_alias_with_no_taskflow.py
[2025-04-21T11:29:38.187+0000] {processor.py:925} INFO - DAG(s) 'dataset_alias_example_alias_producer_with_no_taskflow', 'dataset_alias_example_alias_consumer_with_no_taskflow', 'dataset_s3_bucket_consumer_with_no_taskflow', 'dataset_s3_bucket_producer_with_no_taskflow' retrieved from /home/airflow/.local/lib/python3.12/site-packages/airflow/example_dags/example_dataset_alias_with_no_taskflow.py
[2025-04-21T11:29:38.208+0000] {logging_mixin.py:190} INFO - [2025-04-21T11:29:38.207+0000] {dag.py:3239} INFO - Sync 4 DAGs
[2025-04-21T11:29:38.227+0000] {logging_mixin.py:190} INFO - [2025-04-21T11:29:38.227+0000] {dag.py:4180} INFO - Setting next_dagrun for dataset_alias_example_alias_consumer_with_no_taskflow to None, run_after=None
[2025-04-21T11:29:38.229+0000] {logging_mixin.py:190} INFO - [2025-04-21T11:29:38.229+0000] {dag.py:4180} INFO - Setting next_dagrun for dataset_alias_example_alias_producer_with_no_taskflow to None, run_after=None
[2025-04-21T11:29:38.230+0000] {logging_mixin.py:190} INFO - [2025-04-21T11:29:38.230+0000] {dag.py:4180} INFO - Setting next_dagrun for dataset_s3_bucket_consumer_with_no_taskflow to None, run_after=None
[2025-04-21T11:29:38.231+0000] {logging_mixin.py:190} INFO - [2025-04-21T11:29:38.231+0000] {dag.py:4180} INFO - Setting next_dagrun for dataset_s3_bucket_producer_with_no_taskflow to None, run_after=None
[2025-04-21T11:29:38.254+0000] {processor.py:208} INFO - Processing /home/airflow/.local/lib/python3.12/site-packages/airflow/example_dags/example_dataset_alias_with_no_taskflow.py took 0.392 seconds
[2025-04-21T11:30:08.451+0000] {processor.py:186} INFO - Started process (PID=4671) to work on /home/airflow/.local/lib/python3.12/site-packages/airflow/example_dags/example_dataset_alias_with_no_taskflow.py
[2025-04-21T11:30:08.452+0000] {processor.py:914} INFO - Processing file /home/airflow/.local/lib/python3.12/site-packages/airflow/example_dags/example_dataset_alias_with_no_taskflow.py for tasks to queue
[2025-04-21T11:30:08.454+0000] {logging_mixin.py:190} INFO - [2025-04-21T11:30:08.453+0000] {dagbag.py:588} INFO - Filling up the DagBag from /home/airflow/.local/lib/python3.12/site-packages/airflow/example_dags/example_dataset_alias_with_no_taskflow.py
[2025-04-21T11:30:08.767+0000] {processor.py:925} INFO - DAG(s) 'dataset_s3_bucket_producer_with_no_taskflow', 'dataset_alias_example_alias_producer_with_no_taskflow', 'dataset_alias_example_alias_consumer_with_no_taskflow', 'dataset_s3_bucket_consumer_with_no_taskflow' retrieved from /home/airflow/.local/lib/python3.12/site-packages/airflow/example_dags/example_dataset_alias_with_no_taskflow.py
[2025-04-21T11:30:08.784+0000] {logging_mixin.py:190} INFO - [2025-04-21T11:30:08.783+0000] {dag.py:3239} INFO - Sync 4 DAGs
[2025-04-21T11:30:08.806+0000] {logging_mixin.py:190} INFO - [2025-04-21T11:30:08.805+0000] {dag.py:4180} INFO - Setting next_dagrun for dataset_alias_example_alias_consumer_with_no_taskflow to None, run_after=None
[2025-04-21T11:30:08.808+0000] {logging_mixin.py:190} INFO - [2025-04-21T11:30:08.808+0000] {dag.py:4180} INFO - Setting next_dagrun for dataset_alias_example_alias_producer_with_no_taskflow to None, run_after=None
[2025-04-21T11:30:08.809+0000] {logging_mixin.py:190} INFO - [2025-04-21T11:30:08.809+0000] {dag.py:4180} INFO - Setting next_dagrun for dataset_s3_bucket_consumer_with_no_taskflow to None, run_after=None
[2025-04-21T11:30:08.810+0000] {logging_mixin.py:190} INFO - [2025-04-21T11:30:08.810+0000] {dag.py:4180} INFO - Setting next_dagrun for dataset_s3_bucket_producer_with_no_taskflow to None, run_after=None
[2025-04-21T11:30:08.829+0000] {processor.py:208} INFO - Processing /home/airflow/.local/lib/python3.12/site-packages/airflow/example_dags/example_dataset_alias_with_no_taskflow.py took 0.385 seconds
[2025-04-21T11:30:38.992+0000] {processor.py:186} INFO - Started process (PID=4734) to work on /home/airflow/.local/lib/python3.12/site-packages/airflow/example_dags/example_dataset_alias_with_no_taskflow.py
[2025-04-21T11:30:38.993+0000] {processor.py:914} INFO - Processing file /home/airflow/.local/lib/python3.12/site-packages/airflow/example_dags/example_dataset_alias_with_no_taskflow.py for tasks to queue
[2025-04-21T11:30:38.995+0000] {logging_mixin.py:190} INFO - [2025-04-21T11:30:38.995+0000] {dagbag.py:588} INFO - Filling up the DagBag from /home/airflow/.local/lib/python3.12/site-packages/airflow/example_dags/example_dataset_alias_with_no_taskflow.py
[2025-04-21T11:30:39.295+0000] {processor.py:925} INFO - DAG(s) 'dataset_s3_bucket_consumer_with_no_taskflow', 'dataset_s3_bucket_producer_with_no_taskflow', 'dataset_alias_example_alias_consumer_with_no_taskflow', 'dataset_alias_example_alias_producer_with_no_taskflow' retrieved from /home/airflow/.local/lib/python3.12/site-packages/airflow/example_dags/example_dataset_alias_with_no_taskflow.py
[2025-04-21T11:30:39.311+0000] {logging_mixin.py:190} INFO - [2025-04-21T11:30:39.311+0000] {dag.py:3239} INFO - Sync 4 DAGs
[2025-04-21T11:30:39.332+0000] {logging_mixin.py:190} INFO - [2025-04-21T11:30:39.332+0000] {dag.py:4180} INFO - Setting next_dagrun for dataset_alias_example_alias_consumer_with_no_taskflow to None, run_after=None
[2025-04-21T11:30:39.334+0000] {logging_mixin.py:190} INFO - [2025-04-21T11:30:39.334+0000] {dag.py:4180} INFO - Setting next_dagrun for dataset_alias_example_alias_producer_with_no_taskflow to None, run_after=None
[2025-04-21T11:30:39.337+0000] {logging_mixin.py:190} INFO - [2025-04-21T11:30:39.337+0000] {dag.py:4180} INFO - Setting next_dagrun for dataset_s3_bucket_consumer_with_no_taskflow to None, run_after=None
[2025-04-21T11:30:39.338+0000] {logging_mixin.py:190} INFO - [2025-04-21T11:30:39.338+0000] {dag.py:4180} INFO - Setting next_dagrun for dataset_s3_bucket_producer_with_no_taskflow to None, run_after=None
[2025-04-21T11:30:39.356+0000] {processor.py:208} INFO - Processing /home/airflow/.local/lib/python3.12/site-packages/airflow/example_dags/example_dataset_alias_with_no_taskflow.py took 0.368 seconds
[2025-04-21T11:31:09.635+0000] {processor.py:186} INFO - Started process (PID=4800) to work on /home/airflow/.local/lib/python3.12/site-packages/airflow/example_dags/example_dataset_alias_with_no_taskflow.py
[2025-04-21T11:31:09.636+0000] {processor.py:914} INFO - Processing file /home/airflow/.local/lib/python3.12/site-packages/airflow/example_dags/example_dataset_alias_with_no_taskflow.py for tasks to queue
[2025-04-21T11:31:09.638+0000] {logging_mixin.py:190} INFO - [2025-04-21T11:31:09.638+0000] {dagbag.py:588} INFO - Filling up the DagBag from /home/airflow/.local/lib/python3.12/site-packages/airflow/example_dags/example_dataset_alias_with_no_taskflow.py
[2025-04-21T11:31:09.955+0000] {processor.py:925} INFO - DAG(s) 'dataset_alias_example_alias_consumer_with_no_taskflow', 'dataset_s3_bucket_producer_with_no_taskflow', 'dataset_alias_example_alias_producer_with_no_taskflow', 'dataset_s3_bucket_consumer_with_no_taskflow' retrieved from /home/airflow/.local/lib/python3.12/site-packages/airflow/example_dags/example_dataset_alias_with_no_taskflow.py
[2025-04-21T11:31:09.969+0000] {logging_mixin.py:190} INFO - [2025-04-21T11:31:09.969+0000] {dag.py:3239} INFO - Sync 4 DAGs
[2025-04-21T11:31:09.987+0000] {logging_mixin.py:190} INFO - [2025-04-21T11:31:09.987+0000] {dag.py:4180} INFO - Setting next_dagrun for dataset_alias_example_alias_consumer_with_no_taskflow to None, run_after=None
[2025-04-21T11:31:09.989+0000] {logging_mixin.py:190} INFO - [2025-04-21T11:31:09.989+0000] {dag.py:4180} INFO - Setting next_dagrun for dataset_alias_example_alias_producer_with_no_taskflow to None, run_after=None
[2025-04-21T11:31:09.990+0000] {logging_mixin.py:190} INFO - [2025-04-21T11:31:09.990+0000] {dag.py:4180} INFO - Setting next_dagrun for dataset_s3_bucket_consumer_with_no_taskflow to None, run_after=None
[2025-04-21T11:31:09.991+0000] {logging_mixin.py:190} INFO - [2025-04-21T11:31:09.990+0000] {dag.py:4180} INFO - Setting next_dagrun for dataset_s3_bucket_producer_with_no_taskflow to None, run_after=None
[2025-04-21T11:31:10.007+0000] {processor.py:208} INFO - Processing /home/airflow/.local/lib/python3.12/site-packages/airflow/example_dags/example_dataset_alias_with_no_taskflow.py took 0.376 seconds
[2025-04-21T11:31:40.190+0000] {processor.py:186} INFO - Started process (PID=4863) to work on /home/airflow/.local/lib/python3.12/site-packages/airflow/example_dags/example_dataset_alias_with_no_taskflow.py
[2025-04-21T11:31:40.191+0000] {processor.py:914} INFO - Processing file /home/airflow/.local/lib/python3.12/site-packages/airflow/example_dags/example_dataset_alias_with_no_taskflow.py for tasks to queue
[2025-04-21T11:31:40.193+0000] {logging_mixin.py:190} INFO - [2025-04-21T11:31:40.193+0000] {dagbag.py:588} INFO - Filling up the DagBag from /home/airflow/.local/lib/python3.12/site-packages/airflow/example_dags/example_dataset_alias_with_no_taskflow.py
[2025-04-21T11:31:40.523+0000] {processor.py:925} INFO - DAG(s) 'dataset_s3_bucket_consumer_with_no_taskflow', 'dataset_s3_bucket_producer_with_no_taskflow', 'dataset_alias_example_alias_consumer_with_no_taskflow', 'dataset_alias_example_alias_producer_with_no_taskflow' retrieved from /home/airflow/.local/lib/python3.12/site-packages/airflow/example_dags/example_dataset_alias_with_no_taskflow.py
[2025-04-21T11:31:40.540+0000] {logging_mixin.py:190} INFO - [2025-04-21T11:31:40.540+0000] {dag.py:3239} INFO - Sync 4 DAGs
[2025-04-21T11:31:40.560+0000] {logging_mixin.py:190} INFO - [2025-04-21T11:31:40.560+0000] {dag.py:4180} INFO - Setting next_dagrun for dataset_alias_example_alias_consumer_with_no_taskflow to None, run_after=None
[2025-04-21T11:31:40.562+0000] {logging_mixin.py:190} INFO - [2025-04-21T11:31:40.562+0000] {dag.py:4180} INFO - Setting next_dagrun for dataset_alias_example_alias_producer_with_no_taskflow to None, run_after=None
[2025-04-21T11:31:40.563+0000] {logging_mixin.py:190} INFO - [2025-04-21T11:31:40.563+0000] {dag.py:4180} INFO - Setting next_dagrun for dataset_s3_bucket_consumer_with_no_taskflow to None, run_after=None
[2025-04-21T11:31:40.564+0000] {logging_mixin.py:190} INFO - [2025-04-21T11:31:40.564+0000] {dag.py:4180} INFO - Setting next_dagrun for dataset_s3_bucket_producer_with_no_taskflow to None, run_after=None
[2025-04-21T11:31:40.584+0000] {processor.py:208} INFO - Processing /home/airflow/.local/lib/python3.12/site-packages/airflow/example_dags/example_dataset_alias_with_no_taskflow.py took 0.398 seconds
[2025-04-21T11:32:10.705+0000] {processor.py:186} INFO - Started process (PID=4926) to work on /home/airflow/.local/lib/python3.12/site-packages/airflow/example_dags/example_dataset_alias_with_no_taskflow.py
[2025-04-21T11:32:10.706+0000] {processor.py:914} INFO - Processing file /home/airflow/.local/lib/python3.12/site-packages/airflow/example_dags/example_dataset_alias_with_no_taskflow.py for tasks to queue
[2025-04-21T11:32:10.708+0000] {logging_mixin.py:190} INFO - [2025-04-21T11:32:10.708+0000] {dagbag.py:588} INFO - Filling up the DagBag from /home/airflow/.local/lib/python3.12/site-packages/airflow/example_dags/example_dataset_alias_with_no_taskflow.py
[2025-04-21T11:32:11.058+0000] {processor.py:925} INFO - DAG(s) 'dataset_alias_example_alias_producer_with_no_taskflow', 'dataset_s3_bucket_producer_with_no_taskflow', 'dataset_alias_example_alias_consumer_with_no_taskflow', 'dataset_s3_bucket_consumer_with_no_taskflow' retrieved from /home/airflow/.local/lib/python3.12/site-packages/airflow/example_dags/example_dataset_alias_with_no_taskflow.py
[2025-04-21T11:32:11.083+0000] {logging_mixin.py:190} INFO - [2025-04-21T11:32:11.082+0000] {dag.py:3239} INFO - Sync 4 DAGs
[2025-04-21T11:32:11.106+0000] {logging_mixin.py:190} INFO - [2025-04-21T11:32:11.106+0000] {dag.py:4180} INFO - Setting next_dagrun for dataset_alias_example_alias_consumer_with_no_taskflow to None, run_after=None
[2025-04-21T11:32:11.109+0000] {logging_mixin.py:190} INFO - [2025-04-21T11:32:11.109+0000] {dag.py:4180} INFO - Setting next_dagrun for dataset_alias_example_alias_producer_with_no_taskflow to None, run_after=None
[2025-04-21T11:32:11.111+0000] {logging_mixin.py:190} INFO - [2025-04-21T11:32:11.110+0000] {dag.py:4180} INFO - Setting next_dagrun for dataset_s3_bucket_consumer_with_no_taskflow to None, run_after=None
[2025-04-21T11:32:11.112+0000] {logging_mixin.py:190} INFO - [2025-04-21T11:32:11.112+0000] {dag.py:4180} INFO - Setting next_dagrun for dataset_s3_bucket_producer_with_no_taskflow to None, run_after=None
[2025-04-21T11:32:11.135+0000] {processor.py:208} INFO - Processing /home/airflow/.local/lib/python3.12/site-packages/airflow/example_dags/example_dataset_alias_with_no_taskflow.py took 0.435 seconds
[2025-04-21T11:32:41.864+0000] {processor.py:186} INFO - Started process (PID=4989) to work on /home/airflow/.local/lib/python3.12/site-packages/airflow/example_dags/example_dataset_alias_with_no_taskflow.py
[2025-04-21T11:32:41.865+0000] {processor.py:914} INFO - Processing file /home/airflow/.local/lib/python3.12/site-packages/airflow/example_dags/example_dataset_alias_with_no_taskflow.py for tasks to queue
[2025-04-21T11:32:41.867+0000] {logging_mixin.py:190} INFO - [2025-04-21T11:32:41.867+0000] {dagbag.py:588} INFO - Filling up the DagBag from /home/airflow/.local/lib/python3.12/site-packages/airflow/example_dags/example_dataset_alias_with_no_taskflow.py
[2025-04-21T11:32:42.176+0000] {processor.py:925} INFO - DAG(s) 'dataset_s3_bucket_producer_with_no_taskflow', 'dataset_alias_example_alias_producer_with_no_taskflow', 'dataset_s3_bucket_consumer_with_no_taskflow', 'dataset_alias_example_alias_consumer_with_no_taskflow' retrieved from /home/airflow/.local/lib/python3.12/site-packages/airflow/example_dags/example_dataset_alias_with_no_taskflow.py
[2025-04-21T11:32:42.194+0000] {logging_mixin.py:190} INFO - [2025-04-21T11:32:42.194+0000] {dag.py:3239} INFO - Sync 4 DAGs
[2025-04-21T11:32:42.215+0000] {logging_mixin.py:190} INFO - [2025-04-21T11:32:42.215+0000] {dag.py:4180} INFO - Setting next_dagrun for dataset_alias_example_alias_consumer_with_no_taskflow to None, run_after=None
[2025-04-21T11:32:42.218+0000] {logging_mixin.py:190} INFO - [2025-04-21T11:32:42.217+0000] {dag.py:4180} INFO - Setting next_dagrun for dataset_alias_example_alias_producer_with_no_taskflow to None, run_after=None
[2025-04-21T11:32:42.219+0000] {logging_mixin.py:190} INFO - [2025-04-21T11:32:42.219+0000] {dag.py:4180} INFO - Setting next_dagrun for dataset_s3_bucket_consumer_with_no_taskflow to None, run_after=None
[2025-04-21T11:32:42.220+0000] {logging_mixin.py:190} INFO - [2025-04-21T11:32:42.220+0000] {dag.py:4180} INFO - Setting next_dagrun for dataset_s3_bucket_producer_with_no_taskflow to None, run_after=None
[2025-04-21T11:32:42.238+0000] {processor.py:208} INFO - Processing /home/airflow/.local/lib/python3.12/site-packages/airflow/example_dags/example_dataset_alias_with_no_taskflow.py took 0.378 seconds
[2025-04-21T11:33:12.543+0000] {processor.py:186} INFO - Started process (PID=5053) to work on /home/airflow/.local/lib/python3.12/site-packages/airflow/example_dags/example_dataset_alias_with_no_taskflow.py
[2025-04-21T11:33:12.544+0000] {processor.py:914} INFO - Processing file /home/airflow/.local/lib/python3.12/site-packages/airflow/example_dags/example_dataset_alias_with_no_taskflow.py for tasks to queue
[2025-04-21T11:33:12.546+0000] {logging_mixin.py:190} INFO - [2025-04-21T11:33:12.545+0000] {dagbag.py:588} INFO - Filling up the DagBag from /home/airflow/.local/lib/python3.12/site-packages/airflow/example_dags/example_dataset_alias_with_no_taskflow.py
[2025-04-21T11:33:12.853+0000] {processor.py:925} INFO - DAG(s) 'dataset_alias_example_alias_consumer_with_no_taskflow', 'dataset_alias_example_alias_producer_with_no_taskflow', 'dataset_s3_bucket_producer_with_no_taskflow', 'dataset_s3_bucket_consumer_with_no_taskflow' retrieved from /home/airflow/.local/lib/python3.12/site-packages/airflow/example_dags/example_dataset_alias_with_no_taskflow.py
[2025-04-21T11:33:12.870+0000] {logging_mixin.py:190} INFO - [2025-04-21T11:33:12.869+0000] {dag.py:3239} INFO - Sync 4 DAGs
[2025-04-21T11:33:12.890+0000] {logging_mixin.py:190} INFO - [2025-04-21T11:33:12.890+0000] {dag.py:4180} INFO - Setting next_dagrun for dataset_alias_example_alias_consumer_with_no_taskflow to None, run_after=None
[2025-04-21T11:33:12.893+0000] {logging_mixin.py:190} INFO - [2025-04-21T11:33:12.893+0000] {dag.py:4180} INFO - Setting next_dagrun for dataset_alias_example_alias_producer_with_no_taskflow to None, run_after=None
[2025-04-21T11:33:12.894+0000] {logging_mixin.py:190} INFO - [2025-04-21T11:33:12.894+0000] {dag.py:4180} INFO - Setting next_dagrun for dataset_s3_bucket_consumer_with_no_taskflow to None, run_after=None
[2025-04-21T11:33:12.894+0000] {logging_mixin.py:190} INFO - [2025-04-21T11:33:12.894+0000] {dag.py:4180} INFO - Setting next_dagrun for dataset_s3_bucket_producer_with_no_taskflow to None, run_after=None
[2025-04-21T11:33:12.911+0000] {processor.py:208} INFO - Processing /home/airflow/.local/lib/python3.12/site-packages/airflow/example_dags/example_dataset_alias_with_no_taskflow.py took 0.375 seconds
[2025-04-21T11:33:43.905+0000] {processor.py:186} INFO - Started process (PID=5120) to work on /home/airflow/.local/lib/python3.12/site-packages/airflow/example_dags/example_dataset_alias_with_no_taskflow.py
[2025-04-21T11:33:43.906+0000] {processor.py:914} INFO - Processing file /home/airflow/.local/lib/python3.12/site-packages/airflow/example_dags/example_dataset_alias_with_no_taskflow.py for tasks to queue
[2025-04-21T11:33:43.908+0000] {logging_mixin.py:190} INFO - [2025-04-21T11:33:43.907+0000] {dagbag.py:588} INFO - Filling up the DagBag from /home/airflow/.local/lib/python3.12/site-packages/airflow/example_dags/example_dataset_alias_with_no_taskflow.py
[2025-04-21T11:33:44.194+0000] {processor.py:925} INFO - DAG(s) 'dataset_alias_example_alias_producer_with_no_taskflow', 'dataset_s3_bucket_producer_with_no_taskflow', 'dataset_s3_bucket_consumer_with_no_taskflow', 'dataset_alias_example_alias_consumer_with_no_taskflow' retrieved from /home/airflow/.local/lib/python3.12/site-packages/airflow/example_dags/example_dataset_alias_with_no_taskflow.py
[2025-04-21T11:33:44.208+0000] {logging_mixin.py:190} INFO - [2025-04-21T11:33:44.208+0000] {dag.py:3239} INFO - Sync 4 DAGs
[2025-04-21T11:33:44.226+0000] {logging_mixin.py:190} INFO - [2025-04-21T11:33:44.226+0000] {dag.py:4180} INFO - Setting next_dagrun for dataset_alias_example_alias_consumer_with_no_taskflow to None, run_after=None
[2025-04-21T11:33:44.228+0000] {logging_mixin.py:190} INFO - [2025-04-21T11:33:44.228+0000] {dag.py:4180} INFO - Setting next_dagrun for dataset_alias_example_alias_producer_with_no_taskflow to None, run_after=None
[2025-04-21T11:33:44.376+0000] {logging_mixin.py:190} INFO - [2025-04-21T11:33:44.376+0000] {dag.py:4180} INFO - Setting next_dagrun for dataset_s3_bucket_consumer_with_no_taskflow to None, run_after=None
[2025-04-21T11:33:44.378+0000] {logging_mixin.py:190} INFO - [2025-04-21T11:33:44.378+0000] {dag.py:4180} INFO - Setting next_dagrun for dataset_s3_bucket_producer_with_no_taskflow to None, run_after=None
[2025-04-21T11:33:44.395+0000] {processor.py:208} INFO - Processing /home/airflow/.local/lib/python3.12/site-packages/airflow/example_dags/example_dataset_alias_with_no_taskflow.py took 0.493 seconds
[2025-04-21T11:34:15.407+0000] {processor.py:186} INFO - Started process (PID=5185) to work on /home/airflow/.local/lib/python3.12/site-packages/airflow/example_dags/example_dataset_alias_with_no_taskflow.py
[2025-04-21T11:34:15.407+0000] {processor.py:914} INFO - Processing file /home/airflow/.local/lib/python3.12/site-packages/airflow/example_dags/example_dataset_alias_with_no_taskflow.py for tasks to queue
[2025-04-21T11:34:15.410+0000] {logging_mixin.py:190} INFO - [2025-04-21T11:34:15.409+0000] {dagbag.py:588} INFO - Filling up the DagBag from /home/airflow/.local/lib/python3.12/site-packages/airflow/example_dags/example_dataset_alias_with_no_taskflow.py
[2025-04-21T11:34:15.687+0000] {processor.py:925} INFO - DAG(s) 'dataset_s3_bucket_consumer_with_no_taskflow', 'dataset_alias_example_alias_producer_with_no_taskflow', 'dataset_s3_bucket_producer_with_no_taskflow', 'dataset_alias_example_alias_consumer_with_no_taskflow' retrieved from /home/airflow/.local/lib/python3.12/site-packages/airflow/example_dags/example_dataset_alias_with_no_taskflow.py
[2025-04-21T11:34:15.701+0000] {logging_mixin.py:190} INFO - [2025-04-21T11:34:15.700+0000] {dag.py:3239} INFO - Sync 4 DAGs
[2025-04-21T11:34:15.720+0000] {logging_mixin.py:190} INFO - [2025-04-21T11:34:15.720+0000] {dag.py:4180} INFO - Setting next_dagrun for dataset_alias_example_alias_consumer_with_no_taskflow to None, run_after=None
[2025-04-21T11:34:15.722+0000] {logging_mixin.py:190} INFO - [2025-04-21T11:34:15.722+0000] {dag.py:4180} INFO - Setting next_dagrun for dataset_alias_example_alias_producer_with_no_taskflow to None, run_after=None
[2025-04-21T11:34:15.872+0000] {logging_mixin.py:190} INFO - [2025-04-21T11:34:15.872+0000] {dag.py:4180} INFO - Setting next_dagrun for dataset_s3_bucket_consumer_with_no_taskflow to None, run_after=None
[2025-04-21T11:34:15.875+0000] {logging_mixin.py:190} INFO - [2025-04-21T11:34:15.874+0000] {dag.py:4180} INFO - Setting next_dagrun for dataset_s3_bucket_producer_with_no_taskflow to None, run_after=None
[2025-04-21T11:34:15.891+0000] {processor.py:208} INFO - Processing /home/airflow/.local/lib/python3.12/site-packages/airflow/example_dags/example_dataset_alias_with_no_taskflow.py took 0.489 seconds
[2025-04-21T11:34:46.679+0000] {processor.py:186} INFO - Started process (PID=5249) to work on /home/airflow/.local/lib/python3.12/site-packages/airflow/example_dags/example_dataset_alias_with_no_taskflow.py
[2025-04-21T11:34:46.679+0000] {processor.py:914} INFO - Processing file /home/airflow/.local/lib/python3.12/site-packages/airflow/example_dags/example_dataset_alias_with_no_taskflow.py for tasks to queue
[2025-04-21T11:34:46.681+0000] {logging_mixin.py:190} INFO - [2025-04-21T11:34:46.681+0000] {dagbag.py:588} INFO - Filling up the DagBag from /home/airflow/.local/lib/python3.12/site-packages/airflow/example_dags/example_dataset_alias_with_no_taskflow.py
[2025-04-21T11:34:46.982+0000] {processor.py:925} INFO - DAG(s) 'dataset_alias_example_alias_consumer_with_no_taskflow', 'dataset_alias_example_alias_producer_with_no_taskflow', 'dataset_s3_bucket_consumer_with_no_taskflow', 'dataset_s3_bucket_producer_with_no_taskflow' retrieved from /home/airflow/.local/lib/python3.12/site-packages/airflow/example_dags/example_dataset_alias_with_no_taskflow.py
[2025-04-21T11:34:46.997+0000] {logging_mixin.py:190} INFO - [2025-04-21T11:34:46.997+0000] {dag.py:3239} INFO - Sync 4 DAGs
[2025-04-21T11:34:47.016+0000] {logging_mixin.py:190} INFO - [2025-04-21T11:34:47.015+0000] {dag.py:4180} INFO - Setting next_dagrun for dataset_alias_example_alias_consumer_with_no_taskflow to None, run_after=None
[2025-04-21T11:34:47.018+0000] {logging_mixin.py:190} INFO - [2025-04-21T11:34:47.017+0000] {dag.py:4180} INFO - Setting next_dagrun for dataset_alias_example_alias_producer_with_no_taskflow to None, run_after=None
[2025-04-21T11:34:47.020+0000] {logging_mixin.py:190} INFO - [2025-04-21T11:34:47.019+0000] {dag.py:4180} INFO - Setting next_dagrun for dataset_s3_bucket_consumer_with_no_taskflow to None, run_after=None
[2025-04-21T11:34:47.021+0000] {logging_mixin.py:190} INFO - [2025-04-21T11:34:47.020+0000] {dag.py:4180} INFO - Setting next_dagrun for dataset_s3_bucket_producer_with_no_taskflow to None, run_after=None
[2025-04-21T11:34:47.041+0000] {processor.py:208} INFO - Processing /home/airflow/.local/lib/python3.12/site-packages/airflow/example_dags/example_dataset_alias_with_no_taskflow.py took 0.366 seconds
[2025-04-21T11:35:17.075+0000] {processor.py:186} INFO - Started process (PID=5313) to work on /home/airflow/.local/lib/python3.12/site-packages/airflow/example_dags/example_dataset_alias_with_no_taskflow.py
[2025-04-21T11:35:17.076+0000] {processor.py:914} INFO - Processing file /home/airflow/.local/lib/python3.12/site-packages/airflow/example_dags/example_dataset_alias_with_no_taskflow.py for tasks to queue
[2025-04-21T11:35:17.078+0000] {logging_mixin.py:190} INFO - [2025-04-21T11:35:17.078+0000] {dagbag.py:588} INFO - Filling up the DagBag from /home/airflow/.local/lib/python3.12/site-packages/airflow/example_dags/example_dataset_alias_with_no_taskflow.py
[2025-04-21T11:35:17.406+0000] {processor.py:925} INFO - DAG(s) 'dataset_alias_example_alias_producer_with_no_taskflow', 'dataset_s3_bucket_producer_with_no_taskflow', 'dataset_s3_bucket_consumer_with_no_taskflow', 'dataset_alias_example_alias_consumer_with_no_taskflow' retrieved from /home/airflow/.local/lib/python3.12/site-packages/airflow/example_dags/example_dataset_alias_with_no_taskflow.py
[2025-04-21T11:35:17.426+0000] {logging_mixin.py:190} INFO - [2025-04-21T11:35:17.426+0000] {dag.py:3239} INFO - Sync 4 DAGs
[2025-04-21T11:35:17.450+0000] {logging_mixin.py:190} INFO - [2025-04-21T11:35:17.450+0000] {dag.py:4180} INFO - Setting next_dagrun for dataset_alias_example_alias_consumer_with_no_taskflow to None, run_after=None
[2025-04-21T11:35:17.453+0000] {logging_mixin.py:190} INFO - [2025-04-21T11:35:17.452+0000] {dag.py:4180} INFO - Setting next_dagrun for dataset_alias_example_alias_producer_with_no_taskflow to None, run_after=None
[2025-04-21T11:35:17.458+0000] {logging_mixin.py:190} INFO - [2025-04-21T11:35:17.457+0000] {dag.py:4180} INFO - Setting next_dagrun for dataset_s3_bucket_consumer_with_no_taskflow to None, run_after=None
[2025-04-21T11:35:17.460+0000] {logging_mixin.py:190} INFO - [2025-04-21T11:35:17.459+0000] {dag.py:4180} INFO - Setting next_dagrun for dataset_s3_bucket_producer_with_no_taskflow to None, run_after=None
[2025-04-21T11:35:17.484+0000] {processor.py:208} INFO - Processing /home/airflow/.local/lib/python3.12/site-packages/airflow/example_dags/example_dataset_alias_with_no_taskflow.py took 0.413 seconds
[2025-04-21T11:35:48.294+0000] {processor.py:186} INFO - Started process (PID=5379) to work on /home/airflow/.local/lib/python3.12/site-packages/airflow/example_dags/example_dataset_alias_with_no_taskflow.py
[2025-04-21T11:35:48.295+0000] {processor.py:914} INFO - Processing file /home/airflow/.local/lib/python3.12/site-packages/airflow/example_dags/example_dataset_alias_with_no_taskflow.py for tasks to queue
[2025-04-21T11:35:48.297+0000] {logging_mixin.py:190} INFO - [2025-04-21T11:35:48.297+0000] {dagbag.py:588} INFO - Filling up the DagBag from /home/airflow/.local/lib/python3.12/site-packages/airflow/example_dags/example_dataset_alias_with_no_taskflow.py
[2025-04-21T11:35:48.608+0000] {processor.py:925} INFO - DAG(s) 'dataset_alias_example_alias_consumer_with_no_taskflow', 'dataset_s3_bucket_producer_with_no_taskflow', 'dataset_s3_bucket_consumer_with_no_taskflow', 'dataset_alias_example_alias_producer_with_no_taskflow' retrieved from /home/airflow/.local/lib/python3.12/site-packages/airflow/example_dags/example_dataset_alias_with_no_taskflow.py
[2025-04-21T11:35:48.801+0000] {logging_mixin.py:190} INFO - [2025-04-21T11:35:48.800+0000] {dag.py:3239} INFO - Sync 4 DAGs
[2025-04-21T11:35:48.819+0000] {logging_mixin.py:190} INFO - [2025-04-21T11:35:48.819+0000] {dag.py:4180} INFO - Setting next_dagrun for dataset_alias_example_alias_consumer_with_no_taskflow to None, run_after=None
[2025-04-21T11:35:48.822+0000] {logging_mixin.py:190} INFO - [2025-04-21T11:35:48.822+0000] {dag.py:4180} INFO - Setting next_dagrun for dataset_alias_example_alias_producer_with_no_taskflow to None, run_after=None
[2025-04-21T11:35:48.823+0000] {logging_mixin.py:190} INFO - [2025-04-21T11:35:48.823+0000] {dag.py:4180} INFO - Setting next_dagrun for dataset_s3_bucket_consumer_with_no_taskflow to None, run_after=None
[2025-04-21T11:35:48.824+0000] {logging_mixin.py:190} INFO - [2025-04-21T11:35:48.824+0000] {dag.py:4180} INFO - Setting next_dagrun for dataset_s3_bucket_producer_with_no_taskflow to None, run_after=None
[2025-04-21T11:35:48.842+0000] {processor.py:208} INFO - Processing /home/airflow/.local/lib/python3.12/site-packages/airflow/example_dags/example_dataset_alias_with_no_taskflow.py took 0.552 seconds
[2025-04-21T11:36:19.120+0000] {processor.py:186} INFO - Started process (PID=5443) to work on /home/airflow/.local/lib/python3.12/site-packages/airflow/example_dags/example_dataset_alias_with_no_taskflow.py
[2025-04-21T11:36:19.121+0000] {processor.py:914} INFO - Processing file /home/airflow/.local/lib/python3.12/site-packages/airflow/example_dags/example_dataset_alias_with_no_taskflow.py for tasks to queue
[2025-04-21T11:36:19.123+0000] {logging_mixin.py:190} INFO - [2025-04-21T11:36:19.123+0000] {dagbag.py:588} INFO - Filling up the DagBag from /home/airflow/.local/lib/python3.12/site-packages/airflow/example_dags/example_dataset_alias_with_no_taskflow.py
[2025-04-21T11:36:19.450+0000] {processor.py:925} INFO - DAG(s) 'dataset_s3_bucket_consumer_with_no_taskflow', 'dataset_alias_example_alias_producer_with_no_taskflow', 'dataset_alias_example_alias_consumer_with_no_taskflow', 'dataset_s3_bucket_producer_with_no_taskflow' retrieved from /home/airflow/.local/lib/python3.12/site-packages/airflow/example_dags/example_dataset_alias_with_no_taskflow.py
[2025-04-21T11:36:19.471+0000] {logging_mixin.py:190} INFO - [2025-04-21T11:36:19.470+0000] {dag.py:3239} INFO - Sync 4 DAGs
[2025-04-21T11:36:19.661+0000] {logging_mixin.py:190} INFO - [2025-04-21T11:36:19.661+0000] {dag.py:4180} INFO - Setting next_dagrun for dataset_alias_example_alias_consumer_with_no_taskflow to None, run_after=None
[2025-04-21T11:36:19.664+0000] {logging_mixin.py:190} INFO - [2025-04-21T11:36:19.663+0000] {dag.py:4180} INFO - Setting next_dagrun for dataset_alias_example_alias_producer_with_no_taskflow to None, run_after=None
[2025-04-21T11:36:19.665+0000] {logging_mixin.py:190} INFO - [2025-04-21T11:36:19.665+0000] {dag.py:4180} INFO - Setting next_dagrun for dataset_s3_bucket_consumer_with_no_taskflow to None, run_after=None
[2025-04-21T11:36:19.666+0000] {logging_mixin.py:190} INFO - [2025-04-21T11:36:19.666+0000] {dag.py:4180} INFO - Setting next_dagrun for dataset_s3_bucket_producer_with_no_taskflow to None, run_after=None
[2025-04-21T11:36:19.683+0000] {processor.py:208} INFO - Processing /home/airflow/.local/lib/python3.12/site-packages/airflow/example_dags/example_dataset_alias_with_no_taskflow.py took 0.567 seconds
[2025-04-21T11:36:49.844+0000] {processor.py:186} INFO - Started process (PID=5507) to work on /home/airflow/.local/lib/python3.12/site-packages/airflow/example_dags/example_dataset_alias_with_no_taskflow.py
[2025-04-21T11:36:49.845+0000] {processor.py:914} INFO - Processing file /home/airflow/.local/lib/python3.12/site-packages/airflow/example_dags/example_dataset_alias_with_no_taskflow.py for tasks to queue
[2025-04-21T11:36:49.846+0000] {logging_mixin.py:190} INFO - [2025-04-21T11:36:49.846+0000] {dagbag.py:588} INFO - Filling up the DagBag from /home/airflow/.local/lib/python3.12/site-packages/airflow/example_dags/example_dataset_alias_with_no_taskflow.py
[2025-04-21T11:36:50.156+0000] {processor.py:925} INFO - DAG(s) 'dataset_s3_bucket_producer_with_no_taskflow', 'dataset_s3_bucket_consumer_with_no_taskflow', 'dataset_alias_example_alias_consumer_with_no_taskflow', 'dataset_alias_example_alias_producer_with_no_taskflow' retrieved from /home/airflow/.local/lib/python3.12/site-packages/airflow/example_dags/example_dataset_alias_with_no_taskflow.py
[2025-04-21T11:36:50.174+0000] {logging_mixin.py:190} INFO - [2025-04-21T11:36:50.173+0000] {dag.py:3239} INFO - Sync 4 DAGs
[2025-04-21T11:36:50.359+0000] {logging_mixin.py:190} INFO - [2025-04-21T11:36:50.359+0000] {dag.py:4180} INFO - Setting next_dagrun for dataset_alias_example_alias_consumer_with_no_taskflow to None, run_after=None
[2025-04-21T11:36:50.361+0000] {logging_mixin.py:190} INFO - [2025-04-21T11:36:50.361+0000] {dag.py:4180} INFO - Setting next_dagrun for dataset_alias_example_alias_producer_with_no_taskflow to None, run_after=None
[2025-04-21T11:36:50.362+0000] {logging_mixin.py:190} INFO - [2025-04-21T11:36:50.362+0000] {dag.py:4180} INFO - Setting next_dagrun for dataset_s3_bucket_consumer_with_no_taskflow to None, run_after=None
[2025-04-21T11:36:50.363+0000] {logging_mixin.py:190} INFO - [2025-04-21T11:36:50.363+0000] {dag.py:4180} INFO - Setting next_dagrun for dataset_s3_bucket_producer_with_no_taskflow to None, run_after=None
[2025-04-21T11:36:50.380+0000] {processor.py:208} INFO - Processing /home/airflow/.local/lib/python3.12/site-packages/airflow/example_dags/example_dataset_alias_with_no_taskflow.py took 0.541 seconds
[2025-04-21T11:37:20.433+0000] {processor.py:186} INFO - Started process (PID=5571) to work on /home/airflow/.local/lib/python3.12/site-packages/airflow/example_dags/example_dataset_alias_with_no_taskflow.py
[2025-04-21T11:37:20.434+0000] {processor.py:914} INFO - Processing file /home/airflow/.local/lib/python3.12/site-packages/airflow/example_dags/example_dataset_alias_with_no_taskflow.py for tasks to queue
[2025-04-21T11:37:20.436+0000] {logging_mixin.py:190} INFO - [2025-04-21T11:37:20.436+0000] {dagbag.py:588} INFO - Filling up the DagBag from /home/airflow/.local/lib/python3.12/site-packages/airflow/example_dags/example_dataset_alias_with_no_taskflow.py
[2025-04-21T11:37:20.742+0000] {processor.py:925} INFO - DAG(s) 'dataset_alias_example_alias_producer_with_no_taskflow', 'dataset_s3_bucket_consumer_with_no_taskflow', 'dataset_s3_bucket_producer_with_no_taskflow', 'dataset_alias_example_alias_consumer_with_no_taskflow' retrieved from /home/airflow/.local/lib/python3.12/site-packages/airflow/example_dags/example_dataset_alias_with_no_taskflow.py
[2025-04-21T11:37:20.758+0000] {logging_mixin.py:190} INFO - [2025-04-21T11:37:20.758+0000] {dag.py:3239} INFO - Sync 4 DAGs
[2025-04-21T11:37:20.939+0000] {logging_mixin.py:190} INFO - [2025-04-21T11:37:20.939+0000] {dag.py:4180} INFO - Setting next_dagrun for dataset_alias_example_alias_consumer_with_no_taskflow to None, run_after=None
[2025-04-21T11:37:20.941+0000] {logging_mixin.py:190} INFO - [2025-04-21T11:37:20.941+0000] {dag.py:4180} INFO - Setting next_dagrun for dataset_alias_example_alias_producer_with_no_taskflow to None, run_after=None
[2025-04-21T11:37:20.943+0000] {logging_mixin.py:190} INFO - [2025-04-21T11:37:20.942+0000] {dag.py:4180} INFO - Setting next_dagrun for dataset_s3_bucket_consumer_with_no_taskflow to None, run_after=None
[2025-04-21T11:37:20.944+0000] {logging_mixin.py:190} INFO - [2025-04-21T11:37:20.944+0000] {dag.py:4180} INFO - Setting next_dagrun for dataset_s3_bucket_producer_with_no_taskflow to None, run_after=None
[2025-04-21T11:37:20.960+0000] {processor.py:208} INFO - Processing /home/airflow/.local/lib/python3.12/site-packages/airflow/example_dags/example_dataset_alias_with_no_taskflow.py took 0.531 seconds
[2025-04-21T11:37:51.135+0000] {processor.py:186} INFO - Started process (PID=5640) to work on /home/airflow/.local/lib/python3.12/site-packages/airflow/example_dags/example_dataset_alias_with_no_taskflow.py
[2025-04-21T11:37:51.135+0000] {processor.py:914} INFO - Processing file /home/airflow/.local/lib/python3.12/site-packages/airflow/example_dags/example_dataset_alias_with_no_taskflow.py for tasks to queue
[2025-04-21T11:37:51.137+0000] {logging_mixin.py:190} INFO - [2025-04-21T11:37:51.137+0000] {dagbag.py:588} INFO - Filling up the DagBag from /home/airflow/.local/lib/python3.12/site-packages/airflow/example_dags/example_dataset_alias_with_no_taskflow.py
[2025-04-21T11:37:51.457+0000] {processor.py:925} INFO - DAG(s) 'dataset_s3_bucket_producer_with_no_taskflow', 'dataset_alias_example_alias_consumer_with_no_taskflow', 'dataset_s3_bucket_consumer_with_no_taskflow', 'dataset_alias_example_alias_producer_with_no_taskflow' retrieved from /home/airflow/.local/lib/python3.12/site-packages/airflow/example_dags/example_dataset_alias_with_no_taskflow.py
[2025-04-21T11:37:51.478+0000] {logging_mixin.py:190} INFO - [2025-04-21T11:37:51.477+0000] {dag.py:3239} INFO - Sync 4 DAGs
[2025-04-21T11:37:51.667+0000] {logging_mixin.py:190} INFO - [2025-04-21T11:37:51.667+0000] {dag.py:4180} INFO - Setting next_dagrun for dataset_alias_example_alias_consumer_with_no_taskflow to None, run_after=None
[2025-04-21T11:37:51.669+0000] {logging_mixin.py:190} INFO - [2025-04-21T11:37:51.669+0000] {dag.py:4180} INFO - Setting next_dagrun for dataset_alias_example_alias_producer_with_no_taskflow to None, run_after=None
[2025-04-21T11:37:51.670+0000] {logging_mixin.py:190} INFO - [2025-04-21T11:37:51.670+0000] {dag.py:4180} INFO - Setting next_dagrun for dataset_s3_bucket_consumer_with_no_taskflow to None, run_after=None
[2025-04-21T11:37:51.671+0000] {logging_mixin.py:190} INFO - [2025-04-21T11:37:51.671+0000] {dag.py:4180} INFO - Setting next_dagrun for dataset_s3_bucket_producer_with_no_taskflow to None, run_after=None
[2025-04-21T11:37:51.688+0000] {processor.py:208} INFO - Processing /home/airflow/.local/lib/python3.12/site-packages/airflow/example_dags/example_dataset_alias_with_no_taskflow.py took 0.558 seconds
[2025-04-21T11:38:21.752+0000] {processor.py:186} INFO - Started process (PID=5710) to work on /home/airflow/.local/lib/python3.12/site-packages/airflow/example_dags/example_dataset_alias_with_no_taskflow.py
[2025-04-21T11:38:21.753+0000] {processor.py:914} INFO - Processing file /home/airflow/.local/lib/python3.12/site-packages/airflow/example_dags/example_dataset_alias_with_no_taskflow.py for tasks to queue
[2025-04-21T11:38:21.755+0000] {logging_mixin.py:190} INFO - [2025-04-21T11:38:21.755+0000] {dagbag.py:588} INFO - Filling up the DagBag from /home/airflow/.local/lib/python3.12/site-packages/airflow/example_dags/example_dataset_alias_with_no_taskflow.py
[2025-04-21T11:38:22.036+0000] {processor.py:925} INFO - DAG(s) 'dataset_alias_example_alias_consumer_with_no_taskflow', 'dataset_s3_bucket_consumer_with_no_taskflow', 'dataset_alias_example_alias_producer_with_no_taskflow', 'dataset_s3_bucket_producer_with_no_taskflow' retrieved from /home/airflow/.local/lib/python3.12/site-packages/airflow/example_dags/example_dataset_alias_with_no_taskflow.py
[2025-04-21T11:38:22.052+0000] {logging_mixin.py:190} INFO - [2025-04-21T11:38:22.052+0000] {dag.py:3239} INFO - Sync 4 DAGs
[2025-04-21T11:38:22.220+0000] {logging_mixin.py:190} INFO - [2025-04-21T11:38:22.220+0000] {dag.py:4180} INFO - Setting next_dagrun for dataset_alias_example_alias_consumer_with_no_taskflow to None, run_after=None
[2025-04-21T11:38:22.222+0000] {logging_mixin.py:190} INFO - [2025-04-21T11:38:22.222+0000] {dag.py:4180} INFO - Setting next_dagrun for dataset_alias_example_alias_producer_with_no_taskflow to None, run_after=None
[2025-04-21T11:38:22.223+0000] {logging_mixin.py:190} INFO - [2025-04-21T11:38:22.223+0000] {dag.py:4180} INFO - Setting next_dagrun for dataset_s3_bucket_consumer_with_no_taskflow to None, run_after=None
[2025-04-21T11:38:22.224+0000] {logging_mixin.py:190} INFO - [2025-04-21T11:38:22.224+0000] {dag.py:4180} INFO - Setting next_dagrun for dataset_s3_bucket_producer_with_no_taskflow to None, run_after=None
[2025-04-21T11:38:22.238+0000] {processor.py:208} INFO - Processing /home/airflow/.local/lib/python3.12/site-packages/airflow/example_dags/example_dataset_alias_with_no_taskflow.py took 0.490 seconds
[2025-04-21T11:38:52.937+0000] {processor.py:186} INFO - Started process (PID=5774) to work on /home/airflow/.local/lib/python3.12/site-packages/airflow/example_dags/example_dataset_alias_with_no_taskflow.py
[2025-04-21T11:38:52.938+0000] {processor.py:914} INFO - Processing file /home/airflow/.local/lib/python3.12/site-packages/airflow/example_dags/example_dataset_alias_with_no_taskflow.py for tasks to queue
[2025-04-21T11:38:52.940+0000] {logging_mixin.py:190} INFO - [2025-04-21T11:38:52.940+0000] {dagbag.py:588} INFO - Filling up the DagBag from /home/airflow/.local/lib/python3.12/site-packages/airflow/example_dags/example_dataset_alias_with_no_taskflow.py
[2025-04-21T11:38:53.221+0000] {processor.py:925} INFO - DAG(s) 'dataset_s3_bucket_consumer_with_no_taskflow', 'dataset_alias_example_alias_consumer_with_no_taskflow', 'dataset_s3_bucket_producer_with_no_taskflow', 'dataset_alias_example_alias_producer_with_no_taskflow' retrieved from /home/airflow/.local/lib/python3.12/site-packages/airflow/example_dags/example_dataset_alias_with_no_taskflow.py
[2025-04-21T11:38:53.236+0000] {logging_mixin.py:190} INFO - [2025-04-21T11:38:53.235+0000] {dag.py:3239} INFO - Sync 4 DAGs
[2025-04-21T11:38:53.406+0000] {logging_mixin.py:190} INFO - [2025-04-21T11:38:53.406+0000] {dag.py:4180} INFO - Setting next_dagrun for dataset_alias_example_alias_consumer_with_no_taskflow to None, run_after=None
[2025-04-21T11:38:53.408+0000] {logging_mixin.py:190} INFO - [2025-04-21T11:38:53.408+0000] {dag.py:4180} INFO - Setting next_dagrun for dataset_alias_example_alias_producer_with_no_taskflow to None, run_after=None
[2025-04-21T11:38:53.409+0000] {logging_mixin.py:190} INFO - [2025-04-21T11:38:53.409+0000] {dag.py:4180} INFO - Setting next_dagrun for dataset_s3_bucket_consumer_with_no_taskflow to None, run_after=None
[2025-04-21T11:38:53.410+0000] {logging_mixin.py:190} INFO - [2025-04-21T11:38:53.410+0000] {dag.py:4180} INFO - Setting next_dagrun for dataset_s3_bucket_producer_with_no_taskflow to None, run_after=None
[2025-04-21T11:38:53.427+0000] {processor.py:208} INFO - Processing /home/airflow/.local/lib/python3.12/site-packages/airflow/example_dags/example_dataset_alias_with_no_taskflow.py took 0.494 seconds
[2025-04-21T11:39:24.135+0000] {processor.py:186} INFO - Started process (PID=5839) to work on /home/airflow/.local/lib/python3.12/site-packages/airflow/example_dags/example_dataset_alias_with_no_taskflow.py
[2025-04-21T11:39:24.136+0000] {processor.py:914} INFO - Processing file /home/airflow/.local/lib/python3.12/site-packages/airflow/example_dags/example_dataset_alias_with_no_taskflow.py for tasks to queue
[2025-04-21T11:39:24.138+0000] {logging_mixin.py:190} INFO - [2025-04-21T11:39:24.138+0000] {dagbag.py:588} INFO - Filling up the DagBag from /home/airflow/.local/lib/python3.12/site-packages/airflow/example_dags/example_dataset_alias_with_no_taskflow.py
[2025-04-21T11:39:24.607+0000] {processor.py:925} INFO - DAG(s) 'dataset_alias_example_alias_producer_with_no_taskflow', 'dataset_s3_bucket_producer_with_no_taskflow', 'dataset_alias_example_alias_consumer_with_no_taskflow', 'dataset_s3_bucket_consumer_with_no_taskflow' retrieved from /home/airflow/.local/lib/python3.12/site-packages/airflow/example_dags/example_dataset_alias_with_no_taskflow.py
[2025-04-21T11:39:24.625+0000] {logging_mixin.py:190} INFO - [2025-04-21T11:39:24.625+0000] {dag.py:3239} INFO - Sync 4 DAGs
[2025-04-21T11:39:24.644+0000] {logging_mixin.py:190} INFO - [2025-04-21T11:39:24.643+0000] {dag.py:4180} INFO - Setting next_dagrun for dataset_alias_example_alias_consumer_with_no_taskflow to None, run_after=None
[2025-04-21T11:39:24.646+0000] {logging_mixin.py:190} INFO - [2025-04-21T11:39:24.646+0000] {dag.py:4180} INFO - Setting next_dagrun for dataset_alias_example_alias_producer_with_no_taskflow to None, run_after=None
[2025-04-21T11:39:24.649+0000] {logging_mixin.py:190} INFO - [2025-04-21T11:39:24.648+0000] {dag.py:4180} INFO - Setting next_dagrun for dataset_s3_bucket_consumer_with_no_taskflow to None, run_after=None
[2025-04-21T11:39:24.650+0000] {logging_mixin.py:190} INFO - [2025-04-21T11:39:24.649+0000] {dag.py:4180} INFO - Setting next_dagrun for dataset_s3_bucket_producer_with_no_taskflow to None, run_after=None
[2025-04-21T11:39:24.666+0000] {processor.py:208} INFO - Processing /home/airflow/.local/lib/python3.12/site-packages/airflow/example_dags/example_dataset_alias_with_no_taskflow.py took 0.534 seconds
[2025-04-21T11:39:54.860+0000] {processor.py:186} INFO - Started process (PID=5903) to work on /home/airflow/.local/lib/python3.12/site-packages/airflow/example_dags/example_dataset_alias_with_no_taskflow.py
[2025-04-21T11:39:54.860+0000] {processor.py:914} INFO - Processing file /home/airflow/.local/lib/python3.12/site-packages/airflow/example_dags/example_dataset_alias_with_no_taskflow.py for tasks to queue
[2025-04-21T11:39:54.862+0000] {logging_mixin.py:190} INFO - [2025-04-21T11:39:54.862+0000] {dagbag.py:588} INFO - Filling up the DagBag from /home/airflow/.local/lib/python3.12/site-packages/airflow/example_dags/example_dataset_alias_with_no_taskflow.py
[2025-04-21T11:39:55.338+0000] {processor.py:925} INFO - DAG(s) 'dataset_alias_example_alias_consumer_with_no_taskflow', 'dataset_s3_bucket_consumer_with_no_taskflow', 'dataset_s3_bucket_producer_with_no_taskflow', 'dataset_alias_example_alias_producer_with_no_taskflow' retrieved from /home/airflow/.local/lib/python3.12/site-packages/airflow/example_dags/example_dataset_alias_with_no_taskflow.py
[2025-04-21T11:39:55.353+0000] {logging_mixin.py:190} INFO - [2025-04-21T11:39:55.352+0000] {dag.py:3239} INFO - Sync 4 DAGs
[2025-04-21T11:39:55.369+0000] {logging_mixin.py:190} INFO - [2025-04-21T11:39:55.368+0000] {dag.py:4180} INFO - Setting next_dagrun for dataset_alias_example_alias_consumer_with_no_taskflow to None, run_after=None
[2025-04-21T11:39:55.371+0000] {logging_mixin.py:190} INFO - [2025-04-21T11:39:55.371+0000] {dag.py:4180} INFO - Setting next_dagrun for dataset_alias_example_alias_producer_with_no_taskflow to None, run_after=None
[2025-04-21T11:39:55.372+0000] {logging_mixin.py:190} INFO - [2025-04-21T11:39:55.372+0000] {dag.py:4180} INFO - Setting next_dagrun for dataset_s3_bucket_consumer_with_no_taskflow to None, run_after=None
[2025-04-21T11:39:55.372+0000] {logging_mixin.py:190} INFO - [2025-04-21T11:39:55.372+0000] {dag.py:4180} INFO - Setting next_dagrun for dataset_s3_bucket_producer_with_no_taskflow to None, run_after=None
[2025-04-21T11:39:55.389+0000] {processor.py:208} INFO - Processing /home/airflow/.local/lib/python3.12/site-packages/airflow/example_dags/example_dataset_alias_with_no_taskflow.py took 0.534 seconds
[2025-04-21T11:40:25.844+0000] {processor.py:186} INFO - Started process (PID=5967) to work on /home/airflow/.local/lib/python3.12/site-packages/airflow/example_dags/example_dataset_alias_with_no_taskflow.py
[2025-04-21T11:40:25.845+0000] {processor.py:914} INFO - Processing file /home/airflow/.local/lib/python3.12/site-packages/airflow/example_dags/example_dataset_alias_with_no_taskflow.py for tasks to queue
[2025-04-21T11:40:25.847+0000] {logging_mixin.py:190} INFO - [2025-04-21T11:40:25.847+0000] {dagbag.py:588} INFO - Filling up the DagBag from /home/airflow/.local/lib/python3.12/site-packages/airflow/example_dags/example_dataset_alias_with_no_taskflow.py
[2025-04-21T11:40:26.350+0000] {processor.py:925} INFO - DAG(s) 'dataset_alias_example_alias_consumer_with_no_taskflow', 'dataset_s3_bucket_consumer_with_no_taskflow', 'dataset_alias_example_alias_producer_with_no_taskflow', 'dataset_s3_bucket_producer_with_no_taskflow' retrieved from /home/airflow/.local/lib/python3.12/site-packages/airflow/example_dags/example_dataset_alias_with_no_taskflow.py
[2025-04-21T11:40:26.367+0000] {logging_mixin.py:190} INFO - [2025-04-21T11:40:26.366+0000] {dag.py:3239} INFO - Sync 4 DAGs
[2025-04-21T11:40:26.384+0000] {logging_mixin.py:190} INFO - [2025-04-21T11:40:26.384+0000] {dag.py:4180} INFO - Setting next_dagrun for dataset_alias_example_alias_consumer_with_no_taskflow to None, run_after=None
[2025-04-21T11:40:26.386+0000] {logging_mixin.py:190} INFO - [2025-04-21T11:40:26.386+0000] {dag.py:4180} INFO - Setting next_dagrun for dataset_alias_example_alias_producer_with_no_taskflow to None, run_after=None
[2025-04-21T11:40:26.388+0000] {logging_mixin.py:190} INFO - [2025-04-21T11:40:26.387+0000] {dag.py:4180} INFO - Setting next_dagrun for dataset_s3_bucket_consumer_with_no_taskflow to None, run_after=None
[2025-04-21T11:40:26.389+0000] {logging_mixin.py:190} INFO - [2025-04-21T11:40:26.388+0000] {dag.py:4180} INFO - Setting next_dagrun for dataset_s3_bucket_producer_with_no_taskflow to None, run_after=None
[2025-04-21T11:40:26.409+0000] {processor.py:208} INFO - Processing /home/airflow/.local/lib/python3.12/site-packages/airflow/example_dags/example_dataset_alias_with_no_taskflow.py took 0.569 seconds
[2025-04-21T11:40:57.356+0000] {processor.py:186} INFO - Started process (PID=6036) to work on /home/airflow/.local/lib/python3.12/site-packages/airflow/example_dags/example_dataset_alias_with_no_taskflow.py
[2025-04-21T11:40:57.357+0000] {processor.py:914} INFO - Processing file /home/airflow/.local/lib/python3.12/site-packages/airflow/example_dags/example_dataset_alias_with_no_taskflow.py for tasks to queue
[2025-04-21T11:40:57.359+0000] {logging_mixin.py:190} INFO - [2025-04-21T11:40:57.359+0000] {dagbag.py:588} INFO - Filling up the DagBag from /home/airflow/.local/lib/python3.12/site-packages/airflow/example_dags/example_dataset_alias_with_no_taskflow.py
[2025-04-21T11:40:57.869+0000] {processor.py:925} INFO - DAG(s) 'dataset_alias_example_alias_producer_with_no_taskflow', 'dataset_s3_bucket_producer_with_no_taskflow', 'dataset_s3_bucket_consumer_with_no_taskflow', 'dataset_alias_example_alias_consumer_with_no_taskflow' retrieved from /home/airflow/.local/lib/python3.12/site-packages/airflow/example_dags/example_dataset_alias_with_no_taskflow.py
[2025-04-21T11:40:57.888+0000] {logging_mixin.py:190} INFO - [2025-04-21T11:40:57.887+0000] {dag.py:3239} INFO - Sync 4 DAGs
[2025-04-21T11:40:57.909+0000] {logging_mixin.py:190} INFO - [2025-04-21T11:40:57.909+0000] {dag.py:4180} INFO - Setting next_dagrun for dataset_alias_example_alias_consumer_with_no_taskflow to None, run_after=None
[2025-04-21T11:40:57.912+0000] {logging_mixin.py:190} INFO - [2025-04-21T11:40:57.912+0000] {dag.py:4180} INFO - Setting next_dagrun for dataset_alias_example_alias_producer_with_no_taskflow to None, run_after=None
[2025-04-21T11:40:57.914+0000] {logging_mixin.py:190} INFO - [2025-04-21T11:40:57.913+0000] {dag.py:4180} INFO - Setting next_dagrun for dataset_s3_bucket_consumer_with_no_taskflow to None, run_after=None
[2025-04-21T11:40:57.915+0000] {logging_mixin.py:190} INFO - [2025-04-21T11:40:57.915+0000] {dag.py:4180} INFO - Setting next_dagrun for dataset_s3_bucket_producer_with_no_taskflow to None, run_after=None
[2025-04-21T11:40:57.935+0000] {processor.py:208} INFO - Processing /home/airflow/.local/lib/python3.12/site-packages/airflow/example_dags/example_dataset_alias_with_no_taskflow.py took 0.583 seconds
[2025-04-21T11:41:28.483+0000] {processor.py:186} INFO - Started process (PID=6100) to work on /home/airflow/.local/lib/python3.12/site-packages/airflow/example_dags/example_dataset_alias_with_no_taskflow.py
[2025-04-21T11:41:28.484+0000] {processor.py:914} INFO - Processing file /home/airflow/.local/lib/python3.12/site-packages/airflow/example_dags/example_dataset_alias_with_no_taskflow.py for tasks to queue
[2025-04-21T11:41:28.486+0000] {logging_mixin.py:190} INFO - [2025-04-21T11:41:28.486+0000] {dagbag.py:588} INFO - Filling up the DagBag from /home/airflow/.local/lib/python3.12/site-packages/airflow/example_dags/example_dataset_alias_with_no_taskflow.py
[2025-04-21T11:41:29.026+0000] {processor.py:925} INFO - DAG(s) 'dataset_s3_bucket_producer_with_no_taskflow', 'dataset_alias_example_alias_consumer_with_no_taskflow', 'dataset_s3_bucket_consumer_with_no_taskflow', 'dataset_alias_example_alias_producer_with_no_taskflow' retrieved from /home/airflow/.local/lib/python3.12/site-packages/airflow/example_dags/example_dataset_alias_with_no_taskflow.py
[2025-04-21T11:41:29.049+0000] {logging_mixin.py:190} INFO - [2025-04-21T11:41:29.048+0000] {dag.py:3239} INFO - Sync 4 DAGs
[2025-04-21T11:41:29.069+0000] {logging_mixin.py:190} INFO - [2025-04-21T11:41:29.068+0000] {dag.py:4180} INFO - Setting next_dagrun for dataset_alias_example_alias_consumer_with_no_taskflow to None, run_after=None
[2025-04-21T11:41:29.071+0000] {logging_mixin.py:190} INFO - [2025-04-21T11:41:29.071+0000] {dag.py:4180} INFO - Setting next_dagrun for dataset_alias_example_alias_producer_with_no_taskflow to None, run_after=None
[2025-04-21T11:41:29.072+0000] {logging_mixin.py:190} INFO - [2025-04-21T11:41:29.072+0000] {dag.py:4180} INFO - Setting next_dagrun for dataset_s3_bucket_consumer_with_no_taskflow to None, run_after=None
[2025-04-21T11:41:29.074+0000] {logging_mixin.py:190} INFO - [2025-04-21T11:41:29.074+0000] {dag.py:4180} INFO - Setting next_dagrun for dataset_s3_bucket_producer_with_no_taskflow to None, run_after=None
[2025-04-21T11:41:29.092+0000] {processor.py:208} INFO - Processing /home/airflow/.local/lib/python3.12/site-packages/airflow/example_dags/example_dataset_alias_with_no_taskflow.py took 0.614 seconds
[2025-04-21T11:41:59.177+0000] {processor.py:186} INFO - Started process (PID=6169) to work on /home/airflow/.local/lib/python3.12/site-packages/airflow/example_dags/example_dataset_alias_with_no_taskflow.py
[2025-04-21T11:41:59.178+0000] {processor.py:914} INFO - Processing file /home/airflow/.local/lib/python3.12/site-packages/airflow/example_dags/example_dataset_alias_with_no_taskflow.py for tasks to queue
[2025-04-21T11:41:59.180+0000] {logging_mixin.py:190} INFO - [2025-04-21T11:41:59.180+0000] {dagbag.py:588} INFO - Filling up the DagBag from /home/airflow/.local/lib/python3.12/site-packages/airflow/example_dags/example_dataset_alias_with_no_taskflow.py
[2025-04-21T11:41:59.640+0000] {processor.py:925} INFO - DAG(s) 'dataset_alias_example_alias_consumer_with_no_taskflow', 'dataset_alias_example_alias_producer_with_no_taskflow', 'dataset_s3_bucket_producer_with_no_taskflow', 'dataset_s3_bucket_consumer_with_no_taskflow' retrieved from /home/airflow/.local/lib/python3.12/site-packages/airflow/example_dags/example_dataset_alias_with_no_taskflow.py
[2025-04-21T11:41:59.654+0000] {logging_mixin.py:190} INFO - [2025-04-21T11:41:59.654+0000] {dag.py:3239} INFO - Sync 4 DAGs
[2025-04-21T11:41:59.672+0000] {logging_mixin.py:190} INFO - [2025-04-21T11:41:59.671+0000] {dag.py:4180} INFO - Setting next_dagrun for dataset_alias_example_alias_consumer_with_no_taskflow to None, run_after=None
[2025-04-21T11:41:59.674+0000] {logging_mixin.py:190} INFO - [2025-04-21T11:41:59.674+0000] {dag.py:4180} INFO - Setting next_dagrun for dataset_alias_example_alias_producer_with_no_taskflow to None, run_after=None
[2025-04-21T11:41:59.675+0000] {logging_mixin.py:190} INFO - [2025-04-21T11:41:59.675+0000] {dag.py:4180} INFO - Setting next_dagrun for dataset_s3_bucket_consumer_with_no_taskflow to None, run_after=None
[2025-04-21T11:41:59.676+0000] {logging_mixin.py:190} INFO - [2025-04-21T11:41:59.676+0000] {dag.py:4180} INFO - Setting next_dagrun for dataset_s3_bucket_producer_with_no_taskflow to None, run_after=None
[2025-04-21T11:41:59.694+0000] {processor.py:208} INFO - Processing /home/airflow/.local/lib/python3.12/site-packages/airflow/example_dags/example_dataset_alias_with_no_taskflow.py took 0.521 seconds
[2025-04-21T11:42:29.789+0000] {processor.py:186} INFO - Started process (PID=6234) to work on /home/airflow/.local/lib/python3.12/site-packages/airflow/example_dags/example_dataset_alias_with_no_taskflow.py
[2025-04-21T11:42:29.790+0000] {processor.py:914} INFO - Processing file /home/airflow/.local/lib/python3.12/site-packages/airflow/example_dags/example_dataset_alias_with_no_taskflow.py for tasks to queue
[2025-04-21T11:42:29.792+0000] {logging_mixin.py:190} INFO - [2025-04-21T11:42:29.792+0000] {dagbag.py:588} INFO - Filling up the DagBag from /home/airflow/.local/lib/python3.12/site-packages/airflow/example_dags/example_dataset_alias_with_no_taskflow.py
[2025-04-21T11:42:30.230+0000] {processor.py:925} INFO - DAG(s) 'dataset_s3_bucket_producer_with_no_taskflow', 'dataset_s3_bucket_consumer_with_no_taskflow', 'dataset_alias_example_alias_consumer_with_no_taskflow', 'dataset_alias_example_alias_producer_with_no_taskflow' retrieved from /home/airflow/.local/lib/python3.12/site-packages/airflow/example_dags/example_dataset_alias_with_no_taskflow.py
[2025-04-21T11:42:30.245+0000] {logging_mixin.py:190} INFO - [2025-04-21T11:42:30.244+0000] {dag.py:3239} INFO - Sync 4 DAGs
[2025-04-21T11:42:30.263+0000] {logging_mixin.py:190} INFO - [2025-04-21T11:42:30.262+0000] {dag.py:4180} INFO - Setting next_dagrun for dataset_alias_example_alias_consumer_with_no_taskflow to None, run_after=None
[2025-04-21T11:42:30.265+0000] {logging_mixin.py:190} INFO - [2025-04-21T11:42:30.265+0000] {dag.py:4180} INFO - Setting next_dagrun for dataset_alias_example_alias_producer_with_no_taskflow to None, run_after=None
[2025-04-21T11:42:30.266+0000] {logging_mixin.py:190} INFO - [2025-04-21T11:42:30.266+0000] {dag.py:4180} INFO - Setting next_dagrun for dataset_s3_bucket_consumer_with_no_taskflow to None, run_after=None
[2025-04-21T11:42:30.267+0000] {logging_mixin.py:190} INFO - [2025-04-21T11:42:30.267+0000] {dag.py:4180} INFO - Setting next_dagrun for dataset_s3_bucket_producer_with_no_taskflow to None, run_after=None
[2025-04-21T11:42:30.284+0000] {processor.py:208} INFO - Processing /home/airflow/.local/lib/python3.12/site-packages/airflow/example_dags/example_dataset_alias_with_no_taskflow.py took 0.499 seconds
[2025-04-21T11:43:00.925+0000] {processor.py:186} INFO - Started process (PID=6298) to work on /home/airflow/.local/lib/python3.12/site-packages/airflow/example_dags/example_dataset_alias_with_no_taskflow.py
[2025-04-21T11:43:00.928+0000] {processor.py:914} INFO - Processing file /home/airflow/.local/lib/python3.12/site-packages/airflow/example_dags/example_dataset_alias_with_no_taskflow.py for tasks to queue
[2025-04-21T11:43:00.932+0000] {logging_mixin.py:190} INFO - [2025-04-21T11:43:00.932+0000] {dagbag.py:588} INFO - Filling up the DagBag from /home/airflow/.local/lib/python3.12/site-packages/airflow/example_dags/example_dataset_alias_with_no_taskflow.py
[2025-04-21T11:43:01.823+0000] {processor.py:925} INFO - DAG(s) 'dataset_s3_bucket_consumer_with_no_taskflow', 'dataset_alias_example_alias_consumer_with_no_taskflow', 'dataset_s3_bucket_producer_with_no_taskflow', 'dataset_alias_example_alias_producer_with_no_taskflow' retrieved from /home/airflow/.local/lib/python3.12/site-packages/airflow/example_dags/example_dataset_alias_with_no_taskflow.py
[2025-04-21T11:43:01.868+0000] {logging_mixin.py:190} INFO - [2025-04-21T11:43:01.867+0000] {dag.py:3239} INFO - Sync 4 DAGs
[2025-04-21T11:43:01.917+0000] {logging_mixin.py:190} INFO - [2025-04-21T11:43:01.916+0000] {dag.py:4180} INFO - Setting next_dagrun for dataset_alias_example_alias_consumer_with_no_taskflow to None, run_after=None
[2025-04-21T11:43:01.923+0000] {logging_mixin.py:190} INFO - [2025-04-21T11:43:01.923+0000] {dag.py:4180} INFO - Setting next_dagrun for dataset_alias_example_alias_producer_with_no_taskflow to None, run_after=None
[2025-04-21T11:43:01.929+0000] {logging_mixin.py:190} INFO - [2025-04-21T11:43:01.928+0000] {dag.py:4180} INFO - Setting next_dagrun for dataset_s3_bucket_consumer_with_no_taskflow to None, run_after=None
[2025-04-21T11:43:01.932+0000] {logging_mixin.py:190} INFO - [2025-04-21T11:43:01.931+0000] {dag.py:4180} INFO - Setting next_dagrun for dataset_s3_bucket_producer_with_no_taskflow to None, run_after=None
[2025-04-21T11:43:01.975+0000] {processor.py:208} INFO - Processing /home/airflow/.local/lib/python3.12/site-packages/airflow/example_dags/example_dataset_alias_with_no_taskflow.py took 1.061 seconds
[2025-04-21T11:43:32.905+0000] {processor.py:186} INFO - Started process (PID=6362) to work on /home/airflow/.local/lib/python3.12/site-packages/airflow/example_dags/example_dataset_alias_with_no_taskflow.py
[2025-04-21T11:43:32.907+0000] {processor.py:914} INFO - Processing file /home/airflow/.local/lib/python3.12/site-packages/airflow/example_dags/example_dataset_alias_with_no_taskflow.py for tasks to queue
[2025-04-21T11:43:32.910+0000] {logging_mixin.py:190} INFO - [2025-04-21T11:43:32.910+0000] {dagbag.py:588} INFO - Filling up the DagBag from /home/airflow/.local/lib/python3.12/site-packages/airflow/example_dags/example_dataset_alias_with_no_taskflow.py
[2025-04-21T11:43:34.007+0000] {processor.py:925} INFO - DAG(s) 'dataset_alias_example_alias_producer_with_no_taskflow', 'dataset_s3_bucket_consumer_with_no_taskflow', 'dataset_s3_bucket_producer_with_no_taskflow', 'dataset_alias_example_alias_consumer_with_no_taskflow' retrieved from /home/airflow/.local/lib/python3.12/site-packages/airflow/example_dags/example_dataset_alias_with_no_taskflow.py
[2025-04-21T11:43:34.044+0000] {logging_mixin.py:190} INFO - [2025-04-21T11:43:34.043+0000] {dag.py:3239} INFO - Sync 4 DAGs
[2025-04-21T11:43:34.081+0000] {logging_mixin.py:190} INFO - [2025-04-21T11:43:34.081+0000] {dag.py:4180} INFO - Setting next_dagrun for dataset_alias_example_alias_consumer_with_no_taskflow to None, run_after=None
[2025-04-21T11:43:34.087+0000] {logging_mixin.py:190} INFO - [2025-04-21T11:43:34.086+0000] {dag.py:4180} INFO - Setting next_dagrun for dataset_alias_example_alias_producer_with_no_taskflow to None, run_after=None
[2025-04-21T11:43:34.090+0000] {logging_mixin.py:190} INFO - [2025-04-21T11:43:34.089+0000] {dag.py:4180} INFO - Setting next_dagrun for dataset_s3_bucket_consumer_with_no_taskflow to None, run_after=None
[2025-04-21T11:43:34.092+0000] {logging_mixin.py:190} INFO - [2025-04-21T11:43:34.092+0000] {dag.py:4180} INFO - Setting next_dagrun for dataset_s3_bucket_producer_with_no_taskflow to None, run_after=None
[2025-04-21T11:43:34.129+0000] {processor.py:208} INFO - Processing /home/airflow/.local/lib/python3.12/site-packages/airflow/example_dags/example_dataset_alias_with_no_taskflow.py took 1.237 seconds
[2025-04-21T11:44:04.516+0000] {processor.py:186} INFO - Started process (PID=6426) to work on /home/airflow/.local/lib/python3.12/site-packages/airflow/example_dags/example_dataset_alias_with_no_taskflow.py
[2025-04-21T11:44:04.518+0000] {processor.py:914} INFO - Processing file /home/airflow/.local/lib/python3.12/site-packages/airflow/example_dags/example_dataset_alias_with_no_taskflow.py for tasks to queue
[2025-04-21T11:44:04.524+0000] {logging_mixin.py:190} INFO - [2025-04-21T11:44:04.523+0000] {dagbag.py:588} INFO - Filling up the DagBag from /home/airflow/.local/lib/python3.12/site-packages/airflow/example_dags/example_dataset_alias_with_no_taskflow.py
[2025-04-21T11:44:05.755+0000] {processor.py:925} INFO - DAG(s) 'dataset_alias_example_alias_producer_with_no_taskflow', 'dataset_s3_bucket_consumer_with_no_taskflow', 'dataset_s3_bucket_producer_with_no_taskflow', 'dataset_alias_example_alias_consumer_with_no_taskflow' retrieved from /home/airflow/.local/lib/python3.12/site-packages/airflow/example_dags/example_dataset_alias_with_no_taskflow.py
[2025-04-21T11:44:05.797+0000] {logging_mixin.py:190} INFO - [2025-04-21T11:44:05.796+0000] {dag.py:3239} INFO - Sync 4 DAGs
[2025-04-21T11:44:05.850+0000] {logging_mixin.py:190} INFO - [2025-04-21T11:44:05.850+0000] {dag.py:4180} INFO - Setting next_dagrun for dataset_alias_example_alias_consumer_with_no_taskflow to None, run_after=None
[2025-04-21T11:44:05.857+0000] {logging_mixin.py:190} INFO - [2025-04-21T11:44:05.856+0000] {dag.py:4180} INFO - Setting next_dagrun for dataset_alias_example_alias_producer_with_no_taskflow to None, run_after=None
[2025-04-21T11:44:05.861+0000] {logging_mixin.py:190} INFO - [2025-04-21T11:44:05.860+0000] {dag.py:4180} INFO - Setting next_dagrun for dataset_s3_bucket_consumer_with_no_taskflow to None, run_after=None
[2025-04-21T11:44:05.865+0000] {logging_mixin.py:190} INFO - [2025-04-21T11:44:05.864+0000] {dag.py:4180} INFO - Setting next_dagrun for dataset_s3_bucket_producer_with_no_taskflow to None, run_after=None
[2025-04-21T11:44:05.895+0000] {processor.py:208} INFO - Processing /home/airflow/.local/lib/python3.12/site-packages/airflow/example_dags/example_dataset_alias_with_no_taskflow.py took 1.392 seconds
[2025-04-21T11:44:36.166+0000] {processor.py:186} INFO - Started process (PID=6490) to work on /home/airflow/.local/lib/python3.12/site-packages/airflow/example_dags/example_dataset_alias_with_no_taskflow.py
[2025-04-21T11:44:36.168+0000] {processor.py:914} INFO - Processing file /home/airflow/.local/lib/python3.12/site-packages/airflow/example_dags/example_dataset_alias_with_no_taskflow.py for tasks to queue
[2025-04-21T11:44:36.175+0000] {logging_mixin.py:190} INFO - [2025-04-21T11:44:36.174+0000] {dagbag.py:588} INFO - Filling up the DagBag from /home/airflow/.local/lib/python3.12/site-packages/airflow/example_dags/example_dataset_alias_with_no_taskflow.py
[2025-04-21T11:44:37.413+0000] {processor.py:925} INFO - DAG(s) 'dataset_s3_bucket_producer_with_no_taskflow', 'dataset_alias_example_alias_consumer_with_no_taskflow', 'dataset_s3_bucket_consumer_with_no_taskflow', 'dataset_alias_example_alias_producer_with_no_taskflow' retrieved from /home/airflow/.local/lib/python3.12/site-packages/airflow/example_dags/example_dataset_alias_with_no_taskflow.py
[2025-04-21T11:44:37.454+0000] {logging_mixin.py:190} INFO - [2025-04-21T11:44:37.452+0000] {dag.py:3239} INFO - Sync 4 DAGs
[2025-04-21T11:44:37.498+0000] {logging_mixin.py:190} INFO - [2025-04-21T11:44:37.498+0000] {dag.py:4180} INFO - Setting next_dagrun for dataset_alias_example_alias_consumer_with_no_taskflow to None, run_after=None
[2025-04-21T11:44:37.503+0000] {logging_mixin.py:190} INFO - [2025-04-21T11:44:37.503+0000] {dag.py:4180} INFO - Setting next_dagrun for dataset_alias_example_alias_producer_with_no_taskflow to None, run_after=None
[2025-04-21T11:44:37.506+0000] {logging_mixin.py:190} INFO - [2025-04-21T11:44:37.506+0000] {dag.py:4180} INFO - Setting next_dagrun for dataset_s3_bucket_consumer_with_no_taskflow to None, run_after=None
[2025-04-21T11:44:37.509+0000] {logging_mixin.py:190} INFO - [2025-04-21T11:44:37.508+0000] {dag.py:4180} INFO - Setting next_dagrun for dataset_s3_bucket_producer_with_no_taskflow to None, run_after=None
[2025-04-21T11:44:37.541+0000] {processor.py:208} INFO - Processing /home/airflow/.local/lib/python3.12/site-packages/airflow/example_dags/example_dataset_alias_with_no_taskflow.py took 1.382 seconds
[2025-04-21T11:45:07.887+0000] {processor.py:186} INFO - Started process (PID=6554) to work on /home/airflow/.local/lib/python3.12/site-packages/airflow/example_dags/example_dataset_alias_with_no_taskflow.py
[2025-04-21T11:45:07.890+0000] {processor.py:914} INFO - Processing file /home/airflow/.local/lib/python3.12/site-packages/airflow/example_dags/example_dataset_alias_with_no_taskflow.py for tasks to queue
[2025-04-21T11:45:07.893+0000] {logging_mixin.py:190} INFO - [2025-04-21T11:45:07.893+0000] {dagbag.py:588} INFO - Filling up the DagBag from /home/airflow/.local/lib/python3.12/site-packages/airflow/example_dags/example_dataset_alias_with_no_taskflow.py
[2025-04-21T11:45:09.134+0000] {processor.py:925} INFO - DAG(s) 'dataset_s3_bucket_producer_with_no_taskflow', 'dataset_s3_bucket_consumer_with_no_taskflow', 'dataset_alias_example_alias_producer_with_no_taskflow', 'dataset_alias_example_alias_consumer_with_no_taskflow' retrieved from /home/airflow/.local/lib/python3.12/site-packages/airflow/example_dags/example_dataset_alias_with_no_taskflow.py
[2025-04-21T11:45:09.186+0000] {logging_mixin.py:190} INFO - [2025-04-21T11:45:09.185+0000] {dag.py:3239} INFO - Sync 4 DAGs
[2025-04-21T11:45:09.236+0000] {logging_mixin.py:190} INFO - [2025-04-21T11:45:09.236+0000] {dag.py:4180} INFO - Setting next_dagrun for dataset_alias_example_alias_consumer_with_no_taskflow to None, run_after=None
[2025-04-21T11:45:09.244+0000] {logging_mixin.py:190} INFO - [2025-04-21T11:45:09.243+0000] {dag.py:4180} INFO - Setting next_dagrun for dataset_alias_example_alias_producer_with_no_taskflow to None, run_after=None
[2025-04-21T11:45:09.247+0000] {logging_mixin.py:190} INFO - [2025-04-21T11:45:09.247+0000] {dag.py:4180} INFO - Setting next_dagrun for dataset_s3_bucket_consumer_with_no_taskflow to None, run_after=None
[2025-04-21T11:45:09.250+0000] {logging_mixin.py:190} INFO - [2025-04-21T11:45:09.250+0000] {dag.py:4180} INFO - Setting next_dagrun for dataset_s3_bucket_producer_with_no_taskflow to None, run_after=None
[2025-04-21T11:45:09.295+0000] {processor.py:208} INFO - Processing /home/airflow/.local/lib/python3.12/site-packages/airflow/example_dags/example_dataset_alias_with_no_taskflow.py took 1.417 seconds
[2025-04-21T11:45:40.248+0000] {processor.py:186} INFO - Started process (PID=6624) to work on /home/airflow/.local/lib/python3.12/site-packages/airflow/example_dags/example_dataset_alias_with_no_taskflow.py
[2025-04-21T11:45:40.250+0000] {processor.py:914} INFO - Processing file /home/airflow/.local/lib/python3.12/site-packages/airflow/example_dags/example_dataset_alias_with_no_taskflow.py for tasks to queue
[2025-04-21T11:45:40.256+0000] {logging_mixin.py:190} INFO - [2025-04-21T11:45:40.255+0000] {dagbag.py:588} INFO - Filling up the DagBag from /home/airflow/.local/lib/python3.12/site-packages/airflow/example_dags/example_dataset_alias_with_no_taskflow.py
[2025-04-21T11:45:41.299+0000] {processor.py:925} INFO - DAG(s) 'dataset_s3_bucket_consumer_with_no_taskflow', 'dataset_s3_bucket_producer_with_no_taskflow', 'dataset_alias_example_alias_consumer_with_no_taskflow', 'dataset_alias_example_alias_producer_with_no_taskflow' retrieved from /home/airflow/.local/lib/python3.12/site-packages/airflow/example_dags/example_dataset_alias_with_no_taskflow.py
[2025-04-21T11:45:41.333+0000] {logging_mixin.py:190} INFO - [2025-04-21T11:45:41.332+0000] {dag.py:3239} INFO - Sync 4 DAGs
[2025-04-21T11:45:41.368+0000] {logging_mixin.py:190} INFO - [2025-04-21T11:45:41.367+0000] {dag.py:4180} INFO - Setting next_dagrun for dataset_alias_example_alias_consumer_with_no_taskflow to None, run_after=None
[2025-04-21T11:45:41.373+0000] {logging_mixin.py:190} INFO - [2025-04-21T11:45:41.373+0000] {dag.py:4180} INFO - Setting next_dagrun for dataset_alias_example_alias_producer_with_no_taskflow to None, run_after=None
[2025-04-21T11:45:41.375+0000] {logging_mixin.py:190} INFO - [2025-04-21T11:45:41.375+0000] {dag.py:4180} INFO - Setting next_dagrun for dataset_s3_bucket_consumer_with_no_taskflow to None, run_after=None
[2025-04-21T11:45:41.378+0000] {logging_mixin.py:190} INFO - [2025-04-21T11:45:41.378+0000] {dag.py:4180} INFO - Setting next_dagrun for dataset_s3_bucket_producer_with_no_taskflow to None, run_after=None
[2025-04-21T11:45:41.410+0000] {processor.py:208} INFO - Processing /home/airflow/.local/lib/python3.12/site-packages/airflow/example_dags/example_dataset_alias_with_no_taskflow.py took 1.174 seconds
[2025-04-21T11:46:11.671+0000] {processor.py:186} INFO - Started process (PID=6688) to work on /home/airflow/.local/lib/python3.12/site-packages/airflow/example_dags/example_dataset_alias_with_no_taskflow.py
[2025-04-21T11:46:11.673+0000] {processor.py:914} INFO - Processing file /home/airflow/.local/lib/python3.12/site-packages/airflow/example_dags/example_dataset_alias_with_no_taskflow.py for tasks to queue
[2025-04-21T11:46:11.679+0000] {logging_mixin.py:190} INFO - [2025-04-21T11:46:11.678+0000] {dagbag.py:588} INFO - Filling up the DagBag from /home/airflow/.local/lib/python3.12/site-packages/airflow/example_dags/example_dataset_alias_with_no_taskflow.py
[2025-04-21T11:46:12.933+0000] {processor.py:925} INFO - DAG(s) 'dataset_s3_bucket_consumer_with_no_taskflow', 'dataset_alias_example_alias_consumer_with_no_taskflow', 'dataset_alias_example_alias_producer_with_no_taskflow', 'dataset_s3_bucket_producer_with_no_taskflow' retrieved from /home/airflow/.local/lib/python3.12/site-packages/airflow/example_dags/example_dataset_alias_with_no_taskflow.py
[2025-04-21T11:46:12.977+0000] {logging_mixin.py:190} INFO - [2025-04-21T11:46:12.976+0000] {dag.py:3239} INFO - Sync 4 DAGs
[2025-04-21T11:46:13.028+0000] {logging_mixin.py:190} INFO - [2025-04-21T11:46:13.028+0000] {dag.py:4180} INFO - Setting next_dagrun for dataset_alias_example_alias_consumer_with_no_taskflow to None, run_after=None
[2025-04-21T11:46:13.035+0000] {logging_mixin.py:190} INFO - [2025-04-21T11:46:13.034+0000] {dag.py:4180} INFO - Setting next_dagrun for dataset_alias_example_alias_producer_with_no_taskflow to None, run_after=None
[2025-04-21T11:46:13.042+0000] {logging_mixin.py:190} INFO - [2025-04-21T11:46:13.041+0000] {dag.py:4180} INFO - Setting next_dagrun for dataset_s3_bucket_consumer_with_no_taskflow to None, run_after=None
[2025-04-21T11:46:13.045+0000] {logging_mixin.py:190} INFO - [2025-04-21T11:46:13.045+0000] {dag.py:4180} INFO - Setting next_dagrun for dataset_s3_bucket_producer_with_no_taskflow to None, run_after=None
[2025-04-21T11:46:13.091+0000] {processor.py:208} INFO - Processing /home/airflow/.local/lib/python3.12/site-packages/airflow/example_dags/example_dataset_alias_with_no_taskflow.py took 1.433 seconds
[2025-04-21T11:46:43.312+0000] {processor.py:186} INFO - Started process (PID=6752) to work on /home/airflow/.local/lib/python3.12/site-packages/airflow/example_dags/example_dataset_alias_with_no_taskflow.py
[2025-04-21T11:46:43.315+0000] {processor.py:914} INFO - Processing file /home/airflow/.local/lib/python3.12/site-packages/airflow/example_dags/example_dataset_alias_with_no_taskflow.py for tasks to queue
[2025-04-21T11:46:43.318+0000] {logging_mixin.py:190} INFO - [2025-04-21T11:46:43.318+0000] {dagbag.py:588} INFO - Filling up the DagBag from /home/airflow/.local/lib/python3.12/site-packages/airflow/example_dags/example_dataset_alias_with_no_taskflow.py
[2025-04-21T11:46:44.442+0000] {processor.py:925} INFO - DAG(s) 'dataset_alias_example_alias_producer_with_no_taskflow', 'dataset_s3_bucket_consumer_with_no_taskflow', 'dataset_alias_example_alias_consumer_with_no_taskflow', 'dataset_s3_bucket_producer_with_no_taskflow' retrieved from /home/airflow/.local/lib/python3.12/site-packages/airflow/example_dags/example_dataset_alias_with_no_taskflow.py
[2025-04-21T11:46:44.488+0000] {logging_mixin.py:190} INFO - [2025-04-21T11:46:44.487+0000] {dag.py:3239} INFO - Sync 4 DAGs
[2025-04-21T11:46:44.521+0000] {logging_mixin.py:190} INFO - [2025-04-21T11:46:44.520+0000] {dag.py:4180} INFO - Setting next_dagrun for dataset_alias_example_alias_consumer_with_no_taskflow to None, run_after=None
[2025-04-21T11:46:44.525+0000] {logging_mixin.py:190} INFO - [2025-04-21T11:46:44.525+0000] {dag.py:4180} INFO - Setting next_dagrun for dataset_alias_example_alias_producer_with_no_taskflow to None, run_after=None
[2025-04-21T11:46:44.528+0000] {logging_mixin.py:190} INFO - [2025-04-21T11:46:44.527+0000] {dag.py:4180} INFO - Setting next_dagrun for dataset_s3_bucket_consumer_with_no_taskflow to None, run_after=None
[2025-04-21T11:46:44.530+0000] {logging_mixin.py:190} INFO - [2025-04-21T11:46:44.529+0000] {dag.py:4180} INFO - Setting next_dagrun for dataset_s3_bucket_producer_with_no_taskflow to None, run_after=None
[2025-04-21T11:46:44.560+0000] {processor.py:208} INFO - Processing /home/airflow/.local/lib/python3.12/site-packages/airflow/example_dags/example_dataset_alias_with_no_taskflow.py took 1.261 seconds
[2025-04-21T11:47:15.121+0000] {processor.py:186} INFO - Started process (PID=6817) to work on /home/airflow/.local/lib/python3.12/site-packages/airflow/example_dags/example_dataset_alias_with_no_taskflow.py
[2025-04-21T11:47:15.123+0000] {processor.py:914} INFO - Processing file /home/airflow/.local/lib/python3.12/site-packages/airflow/example_dags/example_dataset_alias_with_no_taskflow.py for tasks to queue
[2025-04-21T11:47:15.128+0000] {logging_mixin.py:190} INFO - [2025-04-21T11:47:15.127+0000] {dagbag.py:588} INFO - Filling up the DagBag from /home/airflow/.local/lib/python3.12/site-packages/airflow/example_dags/example_dataset_alias_with_no_taskflow.py
[2025-04-21T11:47:16.168+0000] {processor.py:925} INFO - DAG(s) 'dataset_alias_example_alias_producer_with_no_taskflow', 'dataset_s3_bucket_producer_with_no_taskflow', 'dataset_s3_bucket_consumer_with_no_taskflow', 'dataset_alias_example_alias_consumer_with_no_taskflow' retrieved from /home/airflow/.local/lib/python3.12/site-packages/airflow/example_dags/example_dataset_alias_with_no_taskflow.py
[2025-04-21T11:47:16.217+0000] {logging_mixin.py:190} INFO - [2025-04-21T11:47:16.215+0000] {dag.py:3239} INFO - Sync 4 DAGs
[2025-04-21T11:47:16.266+0000] {logging_mixin.py:190} INFO - [2025-04-21T11:47:16.265+0000] {dag.py:4180} INFO - Setting next_dagrun for dataset_alias_example_alias_consumer_with_no_taskflow to None, run_after=None
[2025-04-21T11:47:16.270+0000] {logging_mixin.py:190} INFO - [2025-04-21T11:47:16.270+0000] {dag.py:4180} INFO - Setting next_dagrun for dataset_alias_example_alias_producer_with_no_taskflow to None, run_after=None
[2025-04-21T11:47:16.272+0000] {logging_mixin.py:190} INFO - [2025-04-21T11:47:16.272+0000] {dag.py:4180} INFO - Setting next_dagrun for dataset_s3_bucket_consumer_with_no_taskflow to None, run_after=None
[2025-04-21T11:47:16.274+0000] {logging_mixin.py:190} INFO - [2025-04-21T11:47:16.274+0000] {dag.py:4180} INFO - Setting next_dagrun for dataset_s3_bucket_producer_with_no_taskflow to None, run_after=None
[2025-04-21T11:47:16.307+0000] {processor.py:208} INFO - Processing /home/airflow/.local/lib/python3.12/site-packages/airflow/example_dags/example_dataset_alias_with_no_taskflow.py took 1.197 seconds
[2025-04-21T11:47:46.519+0000] {processor.py:186} INFO - Started process (PID=6881) to work on /home/airflow/.local/lib/python3.12/site-packages/airflow/example_dags/example_dataset_alias_with_no_taskflow.py
[2025-04-21T11:47:46.521+0000] {processor.py:914} INFO - Processing file /home/airflow/.local/lib/python3.12/site-packages/airflow/example_dags/example_dataset_alias_with_no_taskflow.py for tasks to queue
[2025-04-21T11:47:46.528+0000] {logging_mixin.py:190} INFO - [2025-04-21T11:47:46.527+0000] {dagbag.py:588} INFO - Filling up the DagBag from /home/airflow/.local/lib/python3.12/site-packages/airflow/example_dags/example_dataset_alias_with_no_taskflow.py
[2025-04-21T11:47:47.818+0000] {processor.py:925} INFO - DAG(s) 'dataset_alias_example_alias_producer_with_no_taskflow', 'dataset_alias_example_alias_consumer_with_no_taskflow', 'dataset_s3_bucket_producer_with_no_taskflow', 'dataset_s3_bucket_consumer_with_no_taskflow' retrieved from /home/airflow/.local/lib/python3.12/site-packages/airflow/example_dags/example_dataset_alias_with_no_taskflow.py
[2025-04-21T11:47:47.865+0000] {logging_mixin.py:190} INFO - [2025-04-21T11:47:47.863+0000] {dag.py:3239} INFO - Sync 4 DAGs
[2025-04-21T11:47:47.913+0000] {logging_mixin.py:190} INFO - [2025-04-21T11:47:47.912+0000] {dag.py:4180} INFO - Setting next_dagrun for dataset_alias_example_alias_consumer_with_no_taskflow to None, run_after=None
[2025-04-21T11:47:47.919+0000] {logging_mixin.py:190} INFO - [2025-04-21T11:47:47.918+0000] {dag.py:4180} INFO - Setting next_dagrun for dataset_alias_example_alias_producer_with_no_taskflow to None, run_after=None
[2025-04-21T11:47:47.923+0000] {logging_mixin.py:190} INFO - [2025-04-21T11:47:47.922+0000] {dag.py:4180} INFO - Setting next_dagrun for dataset_s3_bucket_consumer_with_no_taskflow to None, run_after=None
[2025-04-21T11:47:47.926+0000] {logging_mixin.py:190} INFO - [2025-04-21T11:47:47.926+0000] {dag.py:4180} INFO - Setting next_dagrun for dataset_s3_bucket_producer_with_no_taskflow to None, run_after=None
[2025-04-21T11:47:47.970+0000] {processor.py:208} INFO - Processing /home/airflow/.local/lib/python3.12/site-packages/airflow/example_dags/example_dataset_alias_with_no_taskflow.py took 1.460 seconds
[2025-04-21T11:48:18.239+0000] {processor.py:186} INFO - Started process (PID=6945) to work on /home/airflow/.local/lib/python3.12/site-packages/airflow/example_dags/example_dataset_alias_with_no_taskflow.py
[2025-04-21T11:48:18.241+0000] {processor.py:914} INFO - Processing file /home/airflow/.local/lib/python3.12/site-packages/airflow/example_dags/example_dataset_alias_with_no_taskflow.py for tasks to queue
[2025-04-21T11:48:18.247+0000] {logging_mixin.py:190} INFO - [2025-04-21T11:48:18.246+0000] {dagbag.py:588} INFO - Filling up the DagBag from /home/airflow/.local/lib/python3.12/site-packages/airflow/example_dags/example_dataset_alias_with_no_taskflow.py
[2025-04-21T11:48:19.357+0000] {processor.py:925} INFO - DAG(s) 'dataset_alias_example_alias_consumer_with_no_taskflow', 'dataset_s3_bucket_producer_with_no_taskflow', 'dataset_alias_example_alias_producer_with_no_taskflow', 'dataset_s3_bucket_consumer_with_no_taskflow' retrieved from /home/airflow/.local/lib/python3.12/site-packages/airflow/example_dags/example_dataset_alias_with_no_taskflow.py
[2025-04-21T11:48:19.404+0000] {logging_mixin.py:190} INFO - [2025-04-21T11:48:19.403+0000] {dag.py:3239} INFO - Sync 4 DAGs
[2025-04-21T11:48:19.454+0000] {logging_mixin.py:190} INFO - [2025-04-21T11:48:19.454+0000] {dag.py:4180} INFO - Setting next_dagrun for dataset_alias_example_alias_consumer_with_no_taskflow to None, run_after=None
[2025-04-21T11:48:19.460+0000] {logging_mixin.py:190} INFO - [2025-04-21T11:48:19.460+0000] {dag.py:4180} INFO - Setting next_dagrun for dataset_alias_example_alias_producer_with_no_taskflow to None, run_after=None
[2025-04-21T11:48:19.464+0000] {logging_mixin.py:190} INFO - [2025-04-21T11:48:19.463+0000] {dag.py:4180} INFO - Setting next_dagrun for dataset_s3_bucket_consumer_with_no_taskflow to None, run_after=None
[2025-04-21T11:48:19.467+0000] {logging_mixin.py:190} INFO - [2025-04-21T11:48:19.467+0000] {dag.py:4180} INFO - Setting next_dagrun for dataset_s3_bucket_producer_with_no_taskflow to None, run_after=None
[2025-04-21T11:48:19.501+0000] {processor.py:208} INFO - Processing /home/airflow/.local/lib/python3.12/site-packages/airflow/example_dags/example_dataset_alias_with_no_taskflow.py took 1.272 seconds
[2025-04-21T11:48:49.931+0000] {processor.py:186} INFO - Started process (PID=7009) to work on /home/airflow/.local/lib/python3.12/site-packages/airflow/example_dags/example_dataset_alias_with_no_taskflow.py
[2025-04-21T11:48:49.933+0000] {processor.py:914} INFO - Processing file /home/airflow/.local/lib/python3.12/site-packages/airflow/example_dags/example_dataset_alias_with_no_taskflow.py for tasks to queue
[2025-04-21T11:48:49.938+0000] {logging_mixin.py:190} INFO - [2025-04-21T11:48:49.938+0000] {dagbag.py:588} INFO - Filling up the DagBag from /home/airflow/.local/lib/python3.12/site-packages/airflow/example_dags/example_dataset_alias_with_no_taskflow.py
[2025-04-21T11:48:51.061+0000] {processor.py:925} INFO - DAG(s) 'dataset_alias_example_alias_producer_with_no_taskflow', 'dataset_alias_example_alias_consumer_with_no_taskflow', 'dataset_s3_bucket_consumer_with_no_taskflow', 'dataset_s3_bucket_producer_with_no_taskflow' retrieved from /home/airflow/.local/lib/python3.12/site-packages/airflow/example_dags/example_dataset_alias_with_no_taskflow.py
[2025-04-21T11:48:51.105+0000] {logging_mixin.py:190} INFO - [2025-04-21T11:48:51.104+0000] {dag.py:3239} INFO - Sync 4 DAGs
[2025-04-21T11:48:51.153+0000] {logging_mixin.py:190} INFO - [2025-04-21T11:48:51.152+0000] {dag.py:4180} INFO - Setting next_dagrun for dataset_alias_example_alias_consumer_with_no_taskflow to None, run_after=None
[2025-04-21T11:48:51.159+0000] {logging_mixin.py:190} INFO - [2025-04-21T11:48:51.159+0000] {dag.py:4180} INFO - Setting next_dagrun for dataset_alias_example_alias_producer_with_no_taskflow to None, run_after=None
[2025-04-21T11:48:51.162+0000] {logging_mixin.py:190} INFO - [2025-04-21T11:48:51.162+0000] {dag.py:4180} INFO - Setting next_dagrun for dataset_s3_bucket_consumer_with_no_taskflow to None, run_after=None
[2025-04-21T11:48:51.166+0000] {logging_mixin.py:190} INFO - [2025-04-21T11:48:51.165+0000] {dag.py:4180} INFO - Setting next_dagrun for dataset_s3_bucket_producer_with_no_taskflow to None, run_after=None
[2025-04-21T11:48:51.211+0000] {processor.py:208} INFO - Processing /home/airflow/.local/lib/python3.12/site-packages/airflow/example_dags/example_dataset_alias_with_no_taskflow.py took 1.291 seconds
[2025-04-21T11:49:21.369+0000] {processor.py:186} INFO - Started process (PID=7073) to work on /home/airflow/.local/lib/python3.12/site-packages/airflow/example_dags/example_dataset_alias_with_no_taskflow.py
[2025-04-21T11:49:21.371+0000] {processor.py:914} INFO - Processing file /home/airflow/.local/lib/python3.12/site-packages/airflow/example_dags/example_dataset_alias_with_no_taskflow.py for tasks to queue
[2025-04-21T11:49:21.377+0000] {logging_mixin.py:190} INFO - [2025-04-21T11:49:21.376+0000] {dagbag.py:588} INFO - Filling up the DagBag from /home/airflow/.local/lib/python3.12/site-packages/airflow/example_dags/example_dataset_alias_with_no_taskflow.py
[2025-04-21T11:49:22.566+0000] {processor.py:925} INFO - DAG(s) 'dataset_s3_bucket_producer_with_no_taskflow', 'dataset_alias_example_alias_consumer_with_no_taskflow', 'dataset_alias_example_alias_producer_with_no_taskflow', 'dataset_s3_bucket_consumer_with_no_taskflow' retrieved from /home/airflow/.local/lib/python3.12/site-packages/airflow/example_dags/example_dataset_alias_with_no_taskflow.py
[2025-04-21T11:49:22.617+0000] {logging_mixin.py:190} INFO - [2025-04-21T11:49:22.616+0000] {dag.py:3239} INFO - Sync 4 DAGs
[2025-04-21T11:49:22.669+0000] {logging_mixin.py:190} INFO - [2025-04-21T11:49:22.668+0000] {dag.py:4180} INFO - Setting next_dagrun for dataset_alias_example_alias_consumer_with_no_taskflow to None, run_after=None
[2025-04-21T11:49:22.673+0000] {logging_mixin.py:190} INFO - [2025-04-21T11:49:22.673+0000] {dag.py:4180} INFO - Setting next_dagrun for dataset_alias_example_alias_producer_with_no_taskflow to None, run_after=None
[2025-04-21T11:49:22.678+0000] {logging_mixin.py:190} INFO - [2025-04-21T11:49:22.677+0000] {dag.py:4180} INFO - Setting next_dagrun for dataset_s3_bucket_consumer_with_no_taskflow to None, run_after=None
[2025-04-21T11:49:22.680+0000] {logging_mixin.py:190} INFO - [2025-04-21T11:49:22.680+0000] {dag.py:4180} INFO - Setting next_dagrun for dataset_s3_bucket_producer_with_no_taskflow to None, run_after=None
[2025-04-21T11:49:22.713+0000] {processor.py:208} INFO - Processing /home/airflow/.local/lib/python3.12/site-packages/airflow/example_dags/example_dataset_alias_with_no_taskflow.py took 1.355 seconds
[2025-04-21T11:49:53.418+0000] {processor.py:186} INFO - Started process (PID=7137) to work on /home/airflow/.local/lib/python3.12/site-packages/airflow/example_dags/example_dataset_alias_with_no_taskflow.py
[2025-04-21T11:49:53.420+0000] {processor.py:914} INFO - Processing file /home/airflow/.local/lib/python3.12/site-packages/airflow/example_dags/example_dataset_alias_with_no_taskflow.py for tasks to queue
[2025-04-21T11:49:53.427+0000] {logging_mixin.py:190} INFO - [2025-04-21T11:49:53.427+0000] {dagbag.py:588} INFO - Filling up the DagBag from /home/airflow/.local/lib/python3.12/site-packages/airflow/example_dags/example_dataset_alias_with_no_taskflow.py
[2025-04-21T11:49:54.733+0000] {processor.py:925} INFO - DAG(s) 'dataset_alias_example_alias_consumer_with_no_taskflow', 'dataset_s3_bucket_consumer_with_no_taskflow', 'dataset_s3_bucket_producer_with_no_taskflow', 'dataset_alias_example_alias_producer_with_no_taskflow' retrieved from /home/airflow/.local/lib/python3.12/site-packages/airflow/example_dags/example_dataset_alias_with_no_taskflow.py
[2025-04-21T11:49:54.780+0000] {logging_mixin.py:190} INFO - [2025-04-21T11:49:54.779+0000] {dag.py:3239} INFO - Sync 4 DAGs
[2025-04-21T11:49:54.830+0000] {logging_mixin.py:190} INFO - [2025-04-21T11:49:54.829+0000] {dag.py:4180} INFO - Setting next_dagrun for dataset_alias_example_alias_consumer_with_no_taskflow to None, run_after=None
[2025-04-21T11:49:54.837+0000] {logging_mixin.py:190} INFO - [2025-04-21T11:49:54.837+0000] {dag.py:4180} INFO - Setting next_dagrun for dataset_alias_example_alias_producer_with_no_taskflow to None, run_after=None
[2025-04-21T11:49:54.842+0000] {logging_mixin.py:190} INFO - [2025-04-21T11:49:54.841+0000] {dag.py:4180} INFO - Setting next_dagrun for dataset_s3_bucket_consumer_with_no_taskflow to None, run_after=None
[2025-04-21T11:49:54.846+0000] {logging_mixin.py:190} INFO - [2025-04-21T11:49:54.845+0000] {dag.py:4180} INFO - Setting next_dagrun for dataset_s3_bucket_producer_with_no_taskflow to None, run_after=None
[2025-04-21T11:49:54.893+0000] {processor.py:208} INFO - Processing /home/airflow/.local/lib/python3.12/site-packages/airflow/example_dags/example_dataset_alias_with_no_taskflow.py took 1.487 seconds
[2025-04-21T11:50:25.732+0000] {processor.py:186} INFO - Started process (PID=7201) to work on /home/airflow/.local/lib/python3.12/site-packages/airflow/example_dags/example_dataset_alias_with_no_taskflow.py
[2025-04-21T11:50:25.733+0000] {processor.py:914} INFO - Processing file /home/airflow/.local/lib/python3.12/site-packages/airflow/example_dags/example_dataset_alias_with_no_taskflow.py for tasks to queue
[2025-04-21T11:50:25.737+0000] {logging_mixin.py:190} INFO - [2025-04-21T11:50:25.736+0000] {dagbag.py:588} INFO - Filling up the DagBag from /home/airflow/.local/lib/python3.12/site-packages/airflow/example_dags/example_dataset_alias_with_no_taskflow.py
[2025-04-21T11:50:26.692+0000] {processor.py:925} INFO - DAG(s) 'dataset_alias_example_alias_producer_with_no_taskflow', 'dataset_s3_bucket_producer_with_no_taskflow', 'dataset_s3_bucket_consumer_with_no_taskflow', 'dataset_alias_example_alias_consumer_with_no_taskflow' retrieved from /home/airflow/.local/lib/python3.12/site-packages/airflow/example_dags/example_dataset_alias_with_no_taskflow.py
[2025-04-21T11:50:26.730+0000] {logging_mixin.py:190} INFO - [2025-04-21T11:50:26.729+0000] {dag.py:3239} INFO - Sync 4 DAGs
[2025-04-21T11:50:26.764+0000] {logging_mixin.py:190} INFO - [2025-04-21T11:50:26.763+0000] {dag.py:4180} INFO - Setting next_dagrun for dataset_alias_example_alias_consumer_with_no_taskflow to None, run_after=None
[2025-04-21T11:50:26.768+0000] {logging_mixin.py:190} INFO - [2025-04-21T11:50:26.768+0000] {dag.py:4180} INFO - Setting next_dagrun for dataset_alias_example_alias_producer_with_no_taskflow to None, run_after=None
[2025-04-21T11:50:26.771+0000] {logging_mixin.py:190} INFO - [2025-04-21T11:50:26.771+0000] {dag.py:4180} INFO - Setting next_dagrun for dataset_s3_bucket_consumer_with_no_taskflow to None, run_after=None
[2025-04-21T11:50:26.773+0000] {logging_mixin.py:190} INFO - [2025-04-21T11:50:26.773+0000] {dag.py:4180} INFO - Setting next_dagrun for dataset_s3_bucket_producer_with_no_taskflow to None, run_after=None
[2025-04-21T11:50:26.808+0000] {processor.py:208} INFO - Processing /home/airflow/.local/lib/python3.12/site-packages/airflow/example_dags/example_dataset_alias_with_no_taskflow.py took 1.084 seconds
[2025-04-21T11:50:57.395+0000] {processor.py:186} INFO - Started process (PID=7267) to work on /home/airflow/.local/lib/python3.12/site-packages/airflow/example_dags/example_dataset_alias_with_no_taskflow.py
[2025-04-21T11:50:57.396+0000] {processor.py:914} INFO - Processing file /home/airflow/.local/lib/python3.12/site-packages/airflow/example_dags/example_dataset_alias_with_no_taskflow.py for tasks to queue
[2025-04-21T11:50:57.400+0000] {logging_mixin.py:190} INFO - [2025-04-21T11:50:57.400+0000] {dagbag.py:588} INFO - Filling up the DagBag from /home/airflow/.local/lib/python3.12/site-packages/airflow/example_dags/example_dataset_alias_with_no_taskflow.py
[2025-04-21T11:50:58.318+0000] {processor.py:925} INFO - DAG(s) 'dataset_alias_example_alias_producer_with_no_taskflow', 'dataset_s3_bucket_consumer_with_no_taskflow', 'dataset_alias_example_alias_consumer_with_no_taskflow', 'dataset_s3_bucket_producer_with_no_taskflow' retrieved from /home/airflow/.local/lib/python3.12/site-packages/airflow/example_dags/example_dataset_alias_with_no_taskflow.py
[2025-04-21T11:50:58.355+0000] {logging_mixin.py:190} INFO - [2025-04-21T11:50:58.355+0000] {dag.py:3239} INFO - Sync 4 DAGs
[2025-04-21T11:50:58.389+0000] {logging_mixin.py:190} INFO - [2025-04-21T11:50:58.388+0000] {dag.py:4180} INFO - Setting next_dagrun for dataset_alias_example_alias_consumer_with_no_taskflow to None, run_after=None
[2025-04-21T11:50:58.393+0000] {logging_mixin.py:190} INFO - [2025-04-21T11:50:58.393+0000] {dag.py:4180} INFO - Setting next_dagrun for dataset_alias_example_alias_producer_with_no_taskflow to None, run_after=None
[2025-04-21T11:50:58.395+0000] {logging_mixin.py:190} INFO - [2025-04-21T11:50:58.395+0000] {dag.py:4180} INFO - Setting next_dagrun for dataset_s3_bucket_consumer_with_no_taskflow to None, run_after=None
[2025-04-21T11:50:58.397+0000] {logging_mixin.py:190} INFO - [2025-04-21T11:50:58.397+0000] {dag.py:4180} INFO - Setting next_dagrun for dataset_s3_bucket_producer_with_no_taskflow to None, run_after=None
[2025-04-21T11:50:58.430+0000] {processor.py:208} INFO - Processing /home/airflow/.local/lib/python3.12/site-packages/airflow/example_dags/example_dataset_alias_with_no_taskflow.py took 1.047 seconds
[2025-04-21T11:51:29.148+0000] {processor.py:186} INFO - Started process (PID=7335) to work on /home/airflow/.local/lib/python3.12/site-packages/airflow/example_dags/example_dataset_alias_with_no_taskflow.py
[2025-04-21T11:51:29.150+0000] {processor.py:914} INFO - Processing file /home/airflow/.local/lib/python3.12/site-packages/airflow/example_dags/example_dataset_alias_with_no_taskflow.py for tasks to queue
[2025-04-21T11:51:29.155+0000] {logging_mixin.py:190} INFO - [2025-04-21T11:51:29.154+0000] {dagbag.py:588} INFO - Filling up the DagBag from /home/airflow/.local/lib/python3.12/site-packages/airflow/example_dags/example_dataset_alias_with_no_taskflow.py
[2025-04-21T11:51:30.172+0000] {processor.py:925} INFO - DAG(s) 'dataset_s3_bucket_producer_with_no_taskflow', 'dataset_alias_example_alias_producer_with_no_taskflow', 'dataset_s3_bucket_consumer_with_no_taskflow', 'dataset_alias_example_alias_consumer_with_no_taskflow' retrieved from /home/airflow/.local/lib/python3.12/site-packages/airflow/example_dags/example_dataset_alias_with_no_taskflow.py
[2025-04-21T11:51:30.212+0000] {logging_mixin.py:190} INFO - [2025-04-21T11:51:30.211+0000] {dag.py:3239} INFO - Sync 4 DAGs
[2025-04-21T11:51:30.253+0000] {logging_mixin.py:190} INFO - [2025-04-21T11:51:30.252+0000] {dag.py:4180} INFO - Setting next_dagrun for dataset_alias_example_alias_consumer_with_no_taskflow to None, run_after=None
[2025-04-21T11:51:30.259+0000] {logging_mixin.py:190} INFO - [2025-04-21T11:51:30.259+0000] {dag.py:4180} INFO - Setting next_dagrun for dataset_alias_example_alias_producer_with_no_taskflow to None, run_after=None
[2025-04-21T11:51:30.263+0000] {logging_mixin.py:190} INFO - [2025-04-21T11:51:30.263+0000] {dag.py:4180} INFO - Setting next_dagrun for dataset_s3_bucket_consumer_with_no_taskflow to None, run_after=None
[2025-04-21T11:51:30.266+0000] {logging_mixin.py:190} INFO - [2025-04-21T11:51:30.266+0000] {dag.py:4180} INFO - Setting next_dagrun for dataset_s3_bucket_producer_with_no_taskflow to None, run_after=None
[2025-04-21T11:51:30.305+0000] {processor.py:208} INFO - Processing /home/airflow/.local/lib/python3.12/site-packages/airflow/example_dags/example_dataset_alias_with_no_taskflow.py took 1.169 seconds
[2025-04-21T11:52:00.394+0000] {processor.py:186} INFO - Started process (PID=7399) to work on /home/airflow/.local/lib/python3.12/site-packages/airflow/example_dags/example_dataset_alias_with_no_taskflow.py
[2025-04-21T11:52:00.396+0000] {processor.py:914} INFO - Processing file /home/airflow/.local/lib/python3.12/site-packages/airflow/example_dags/example_dataset_alias_with_no_taskflow.py for tasks to queue
[2025-04-21T11:52:00.402+0000] {logging_mixin.py:190} INFO - [2025-04-21T11:52:00.401+0000] {dagbag.py:588} INFO - Filling up the DagBag from /home/airflow/.local/lib/python3.12/site-packages/airflow/example_dags/example_dataset_alias_with_no_taskflow.py
[2025-04-21T11:52:01.676+0000] {processor.py:925} INFO - DAG(s) 'dataset_alias_example_alias_consumer_with_no_taskflow', 'dataset_alias_example_alias_producer_with_no_taskflow', 'dataset_s3_bucket_consumer_with_no_taskflow', 'dataset_s3_bucket_producer_with_no_taskflow' retrieved from /home/airflow/.local/lib/python3.12/site-packages/airflow/example_dags/example_dataset_alias_with_no_taskflow.py
[2025-04-21T11:52:01.724+0000] {logging_mixin.py:190} INFO - [2025-04-21T11:52:01.723+0000] {dag.py:3239} INFO - Sync 4 DAGs
[2025-04-21T11:52:01.766+0000] {logging_mixin.py:190} INFO - [2025-04-21T11:52:01.765+0000] {dag.py:4180} INFO - Setting next_dagrun for dataset_alias_example_alias_consumer_with_no_taskflow to None, run_after=None
[2025-04-21T11:52:01.770+0000] {logging_mixin.py:190} INFO - [2025-04-21T11:52:01.770+0000] {dag.py:4180} INFO - Setting next_dagrun for dataset_alias_example_alias_producer_with_no_taskflow to None, run_after=None
[2025-04-21T11:52:01.773+0000] {logging_mixin.py:190} INFO - [2025-04-21T11:52:01.773+0000] {dag.py:4180} INFO - Setting next_dagrun for dataset_s3_bucket_consumer_with_no_taskflow to None, run_after=None
[2025-04-21T11:52:01.775+0000] {logging_mixin.py:190} INFO - [2025-04-21T11:52:01.775+0000] {dag.py:4180} INFO - Setting next_dagrun for dataset_s3_bucket_producer_with_no_taskflow to None, run_after=None
[2025-04-21T11:52:01.813+0000] {processor.py:208} INFO - Processing /home/airflow/.local/lib/python3.12/site-packages/airflow/example_dags/example_dataset_alias_with_no_taskflow.py took 1.432 seconds
[2025-04-21T11:52:32.588+0000] {processor.py:186} INFO - Started process (PID=7463) to work on /home/airflow/.local/lib/python3.12/site-packages/airflow/example_dags/example_dataset_alias_with_no_taskflow.py
[2025-04-21T11:52:32.590+0000] {processor.py:914} INFO - Processing file /home/airflow/.local/lib/python3.12/site-packages/airflow/example_dags/example_dataset_alias_with_no_taskflow.py for tasks to queue
[2025-04-21T11:52:32.596+0000] {logging_mixin.py:190} INFO - [2025-04-21T11:52:32.595+0000] {dagbag.py:588} INFO - Filling up the DagBag from /home/airflow/.local/lib/python3.12/site-packages/airflow/example_dags/example_dataset_alias_with_no_taskflow.py
[2025-04-21T11:52:33.690+0000] {processor.py:925} INFO - DAG(s) 'dataset_s3_bucket_consumer_with_no_taskflow', 'dataset_alias_example_alias_producer_with_no_taskflow', 'dataset_alias_example_alias_consumer_with_no_taskflow', 'dataset_s3_bucket_producer_with_no_taskflow' retrieved from /home/airflow/.local/lib/python3.12/site-packages/airflow/example_dags/example_dataset_alias_with_no_taskflow.py
[2025-04-21T11:52:33.735+0000] {logging_mixin.py:190} INFO - [2025-04-21T11:52:33.734+0000] {dag.py:3239} INFO - Sync 4 DAGs
[2025-04-21T11:52:33.788+0000] {logging_mixin.py:190} INFO - [2025-04-21T11:52:33.787+0000] {dag.py:4180} INFO - Setting next_dagrun for dataset_alias_example_alias_consumer_with_no_taskflow to None, run_after=None
[2025-04-21T11:52:33.793+0000] {logging_mixin.py:190} INFO - [2025-04-21T11:52:33.793+0000] {dag.py:4180} INFO - Setting next_dagrun for dataset_alias_example_alias_producer_with_no_taskflow to None, run_after=None
[2025-04-21T11:52:33.795+0000] {logging_mixin.py:190} INFO - [2025-04-21T11:52:33.795+0000] {dag.py:4180} INFO - Setting next_dagrun for dataset_s3_bucket_consumer_with_no_taskflow to None, run_after=None
[2025-04-21T11:52:33.798+0000] {logging_mixin.py:190} INFO - [2025-04-21T11:52:33.798+0000] {dag.py:4180} INFO - Setting next_dagrun for dataset_s3_bucket_producer_with_no_taskflow to None, run_after=None
[2025-04-21T11:52:33.831+0000] {processor.py:208} INFO - Processing /home/airflow/.local/lib/python3.12/site-packages/airflow/example_dags/example_dataset_alias_with_no_taskflow.py took 1.255 seconds
[2025-04-21T11:53:04.542+0000] {processor.py:186} INFO - Started process (PID=7531) to work on /home/airflow/.local/lib/python3.12/site-packages/airflow/example_dags/example_dataset_alias_with_no_taskflow.py
[2025-04-21T11:53:04.544+0000] {processor.py:914} INFO - Processing file /home/airflow/.local/lib/python3.12/site-packages/airflow/example_dags/example_dataset_alias_with_no_taskflow.py for tasks to queue
[2025-04-21T11:53:04.550+0000] {logging_mixin.py:190} INFO - [2025-04-21T11:53:04.549+0000] {dagbag.py:588} INFO - Filling up the DagBag from /home/airflow/.local/lib/python3.12/site-packages/airflow/example_dags/example_dataset_alias_with_no_taskflow.py
[2025-04-21T11:53:05.757+0000] {processor.py:925} INFO - DAG(s) 'dataset_s3_bucket_consumer_with_no_taskflow', 'dataset_alias_example_alias_consumer_with_no_taskflow', 'dataset_s3_bucket_producer_with_no_taskflow', 'dataset_alias_example_alias_producer_with_no_taskflow' retrieved from /home/airflow/.local/lib/python3.12/site-packages/airflow/example_dags/example_dataset_alias_with_no_taskflow.py
[2025-04-21T11:53:05.804+0000] {logging_mixin.py:190} INFO - [2025-04-21T11:53:05.802+0000] {dag.py:3239} INFO - Sync 4 DAGs
[2025-04-21T11:53:05.856+0000] {logging_mixin.py:190} INFO - [2025-04-21T11:53:05.855+0000] {dag.py:4180} INFO - Setting next_dagrun for dataset_alias_example_alias_consumer_with_no_taskflow to None, run_after=None
[2025-04-21T11:53:05.862+0000] {logging_mixin.py:190} INFO - [2025-04-21T11:53:05.862+0000] {dag.py:4180} INFO - Setting next_dagrun for dataset_alias_example_alias_producer_with_no_taskflow to None, run_after=None
[2025-04-21T11:53:05.866+0000] {logging_mixin.py:190} INFO - [2025-04-21T11:53:05.865+0000] {dag.py:4180} INFO - Setting next_dagrun for dataset_s3_bucket_consumer_with_no_taskflow to None, run_after=None
[2025-04-21T11:53:05.869+0000] {logging_mixin.py:190} INFO - [2025-04-21T11:53:05.868+0000] {dag.py:4180} INFO - Setting next_dagrun for dataset_s3_bucket_producer_with_no_taskflow to None, run_after=None
[2025-04-21T11:53:05.915+0000] {processor.py:208} INFO - Processing /home/airflow/.local/lib/python3.12/site-packages/airflow/example_dags/example_dataset_alias_with_no_taskflow.py took 1.385 seconds
[2025-04-21T11:53:36.030+0000] {processor.py:186} INFO - Started process (PID=7597) to work on /home/airflow/.local/lib/python3.12/site-packages/airflow/example_dags/example_dataset_alias_with_no_taskflow.py
[2025-04-21T11:53:36.032+0000] {processor.py:914} INFO - Processing file /home/airflow/.local/lib/python3.12/site-packages/airflow/example_dags/example_dataset_alias_with_no_taskflow.py for tasks to queue
[2025-04-21T11:53:36.036+0000] {logging_mixin.py:190} INFO - [2025-04-21T11:53:36.036+0000] {dagbag.py:588} INFO - Filling up the DagBag from /home/airflow/.local/lib/python3.12/site-packages/airflow/example_dags/example_dataset_alias_with_no_taskflow.py
[2025-04-21T11:53:36.971+0000] {processor.py:925} INFO - DAG(s) 'dataset_s3_bucket_consumer_with_no_taskflow', 'dataset_alias_example_alias_producer_with_no_taskflow', 'dataset_alias_example_alias_consumer_with_no_taskflow', 'dataset_s3_bucket_producer_with_no_taskflow' retrieved from /home/airflow/.local/lib/python3.12/site-packages/airflow/example_dags/example_dataset_alias_with_no_taskflow.py
[2025-04-21T11:53:37.008+0000] {logging_mixin.py:190} INFO - [2025-04-21T11:53:37.007+0000] {dag.py:3239} INFO - Sync 4 DAGs
[2025-04-21T11:53:37.052+0000] {logging_mixin.py:190} INFO - [2025-04-21T11:53:37.052+0000] {dag.py:4180} INFO - Setting next_dagrun for dataset_alias_example_alias_consumer_with_no_taskflow to None, run_after=None
[2025-04-21T11:53:37.058+0000] {logging_mixin.py:190} INFO - [2025-04-21T11:53:37.058+0000] {dag.py:4180} INFO - Setting next_dagrun for dataset_alias_example_alias_producer_with_no_taskflow to None, run_after=None
[2025-04-21T11:53:37.062+0000] {logging_mixin.py:190} INFO - [2025-04-21T11:53:37.061+0000] {dag.py:4180} INFO - Setting next_dagrun for dataset_s3_bucket_consumer_with_no_taskflow to None, run_after=None
[2025-04-21T11:53:37.064+0000] {logging_mixin.py:190} INFO - [2025-04-21T11:53:37.064+0000] {dag.py:4180} INFO - Setting next_dagrun for dataset_s3_bucket_producer_with_no_taskflow to None, run_after=None
[2025-04-21T11:53:37.102+0000] {processor.py:208} INFO - Processing /home/airflow/.local/lib/python3.12/site-packages/airflow/example_dags/example_dataset_alias_with_no_taskflow.py took 1.084 seconds
[2025-04-21T11:54:07.167+0000] {processor.py:186} INFO - Started process (PID=7668) to work on /home/airflow/.local/lib/python3.12/site-packages/airflow/example_dags/example_dataset_alias_with_no_taskflow.py
[2025-04-21T11:54:07.169+0000] {processor.py:914} INFO - Processing file /home/airflow/.local/lib/python3.12/site-packages/airflow/example_dags/example_dataset_alias_with_no_taskflow.py for tasks to queue
[2025-04-21T11:54:07.174+0000] {logging_mixin.py:190} INFO - [2025-04-21T11:54:07.173+0000] {dagbag.py:588} INFO - Filling up the DagBag from /home/airflow/.local/lib/python3.12/site-packages/airflow/example_dags/example_dataset_alias_with_no_taskflow.py
[2025-04-21T11:54:08.078+0000] {processor.py:925} INFO - DAG(s) 'dataset_s3_bucket_producer_with_no_taskflow', 'dataset_s3_bucket_consumer_with_no_taskflow', 'dataset_alias_example_alias_consumer_with_no_taskflow', 'dataset_alias_example_alias_producer_with_no_taskflow' retrieved from /home/airflow/.local/lib/python3.12/site-packages/airflow/example_dags/example_dataset_alias_with_no_taskflow.py
[2025-04-21T11:54:08.105+0000] {logging_mixin.py:190} INFO - [2025-04-21T11:54:08.105+0000] {dag.py:3239} INFO - Sync 4 DAGs
[2025-04-21T11:54:08.139+0000] {logging_mixin.py:190} INFO - [2025-04-21T11:54:08.139+0000] {dag.py:4180} INFO - Setting next_dagrun for dataset_alias_example_alias_consumer_with_no_taskflow to None, run_after=None
[2025-04-21T11:54:08.143+0000] {logging_mixin.py:190} INFO - [2025-04-21T11:54:08.143+0000] {dag.py:4180} INFO - Setting next_dagrun for dataset_alias_example_alias_producer_with_no_taskflow to None, run_after=None
[2025-04-21T11:54:08.146+0000] {logging_mixin.py:190} INFO - [2025-04-21T11:54:08.145+0000] {dag.py:4180} INFO - Setting next_dagrun for dataset_s3_bucket_consumer_with_no_taskflow to None, run_after=None
[2025-04-21T11:54:08.148+0000] {logging_mixin.py:190} INFO - [2025-04-21T11:54:08.147+0000] {dag.py:4180} INFO - Setting next_dagrun for dataset_s3_bucket_producer_with_no_taskflow to None, run_after=None
[2025-04-21T11:54:08.179+0000] {processor.py:208} INFO - Processing /home/airflow/.local/lib/python3.12/site-packages/airflow/example_dags/example_dataset_alias_with_no_taskflow.py took 1.023 seconds
[2025-04-21T11:54:38.679+0000] {processor.py:186} INFO - Started process (PID=7733) to work on /home/airflow/.local/lib/python3.12/site-packages/airflow/example_dags/example_dataset_alias_with_no_taskflow.py
[2025-04-21T11:54:38.681+0000] {processor.py:914} INFO - Processing file /home/airflow/.local/lib/python3.12/site-packages/airflow/example_dags/example_dataset_alias_with_no_taskflow.py for tasks to queue
[2025-04-21T11:54:38.687+0000] {logging_mixin.py:190} INFO - [2025-04-21T11:54:38.686+0000] {dagbag.py:588} INFO - Filling up the DagBag from /home/airflow/.local/lib/python3.12/site-packages/airflow/example_dags/example_dataset_alias_with_no_taskflow.py
[2025-04-21T11:54:39.858+0000] {processor.py:925} INFO - DAG(s) 'dataset_s3_bucket_consumer_with_no_taskflow', 'dataset_alias_example_alias_producer_with_no_taskflow', 'dataset_alias_example_alias_consumer_with_no_taskflow', 'dataset_s3_bucket_producer_with_no_taskflow' retrieved from /home/airflow/.local/lib/python3.12/site-packages/airflow/example_dags/example_dataset_alias_with_no_taskflow.py
[2025-04-21T11:54:39.905+0000] {logging_mixin.py:190} INFO - [2025-04-21T11:54:39.904+0000] {dag.py:3239} INFO - Sync 4 DAGs
[2025-04-21T11:54:39.957+0000] {logging_mixin.py:190} INFO - [2025-04-21T11:54:39.957+0000] {dag.py:4180} INFO - Setting next_dagrun for dataset_alias_example_alias_consumer_with_no_taskflow to None, run_after=None
[2025-04-21T11:54:39.962+0000] {logging_mixin.py:190} INFO - [2025-04-21T11:54:39.962+0000] {dag.py:4180} INFO - Setting next_dagrun for dataset_alias_example_alias_producer_with_no_taskflow to None, run_after=None
[2025-04-21T11:54:39.965+0000] {logging_mixin.py:190} INFO - [2025-04-21T11:54:39.964+0000] {dag.py:4180} INFO - Setting next_dagrun for dataset_s3_bucket_consumer_with_no_taskflow to None, run_after=None
[2025-04-21T11:54:39.967+0000] {logging_mixin.py:190} INFO - [2025-04-21T11:54:39.967+0000] {dag.py:4180} INFO - Setting next_dagrun for dataset_s3_bucket_producer_with_no_taskflow to None, run_after=None
[2025-04-21T11:54:40.007+0000] {processor.py:208} INFO - Processing /home/airflow/.local/lib/python3.12/site-packages/airflow/example_dags/example_dataset_alias_with_no_taskflow.py took 1.341 seconds
[2025-04-21T11:55:10.223+0000] {processor.py:186} INFO - Started process (PID=7805) to work on /home/airflow/.local/lib/python3.12/site-packages/airflow/example_dags/example_dataset_alias_with_no_taskflow.py
[2025-04-21T11:55:10.226+0000] {processor.py:914} INFO - Processing file /home/airflow/.local/lib/python3.12/site-packages/airflow/example_dags/example_dataset_alias_with_no_taskflow.py for tasks to queue
[2025-04-21T11:55:10.231+0000] {logging_mixin.py:190} INFO - [2025-04-21T11:55:10.230+0000] {dagbag.py:588} INFO - Filling up the DagBag from /home/airflow/.local/lib/python3.12/site-packages/airflow/example_dags/example_dataset_alias_with_no_taskflow.py
[2025-04-21T11:55:11.482+0000] {processor.py:925} INFO - DAG(s) 'dataset_s3_bucket_consumer_with_no_taskflow', 'dataset_alias_example_alias_consumer_with_no_taskflow', 'dataset_alias_example_alias_producer_with_no_taskflow', 'dataset_s3_bucket_producer_with_no_taskflow' retrieved from /home/airflow/.local/lib/python3.12/site-packages/airflow/example_dags/example_dataset_alias_with_no_taskflow.py
[2025-04-21T11:55:11.528+0000] {logging_mixin.py:190} INFO - [2025-04-21T11:55:11.527+0000] {dag.py:3239} INFO - Sync 4 DAGs
[2025-04-21T11:55:11.582+0000] {logging_mixin.py:190} INFO - [2025-04-21T11:55:11.581+0000] {dag.py:4180} INFO - Setting next_dagrun for dataset_alias_example_alias_consumer_with_no_taskflow to None, run_after=None
[2025-04-21T11:55:11.589+0000] {logging_mixin.py:190} INFO - [2025-04-21T11:55:11.588+0000] {dag.py:4180} INFO - Setting next_dagrun for dataset_alias_example_alias_producer_with_no_taskflow to None, run_after=None
[2025-04-21T11:55:11.593+0000] {logging_mixin.py:190} INFO - [2025-04-21T11:55:11.592+0000] {dag.py:4180} INFO - Setting next_dagrun for dataset_s3_bucket_consumer_with_no_taskflow to None, run_after=None
[2025-04-21T11:55:11.596+0000] {logging_mixin.py:190} INFO - [2025-04-21T11:55:11.595+0000] {dag.py:4180} INFO - Setting next_dagrun for dataset_s3_bucket_producer_with_no_taskflow to None, run_after=None
[2025-04-21T11:55:11.637+0000] {processor.py:208} INFO - Processing /home/airflow/.local/lib/python3.12/site-packages/airflow/example_dags/example_dataset_alias_with_no_taskflow.py took 1.425 seconds
[2025-04-21T11:55:41.757+0000] {processor.py:186} INFO - Started process (PID=7870) to work on /home/airflow/.local/lib/python3.12/site-packages/airflow/example_dags/example_dataset_alias_with_no_taskflow.py
[2025-04-21T11:55:41.759+0000] {processor.py:914} INFO - Processing file /home/airflow/.local/lib/python3.12/site-packages/airflow/example_dags/example_dataset_alias_with_no_taskflow.py for tasks to queue
[2025-04-21T11:55:41.766+0000] {logging_mixin.py:190} INFO - [2025-04-21T11:55:41.766+0000] {dagbag.py:588} INFO - Filling up the DagBag from /home/airflow/.local/lib/python3.12/site-packages/airflow/example_dags/example_dataset_alias_with_no_taskflow.py
[2025-04-21T11:55:42.988+0000] {processor.py:925} INFO - DAG(s) 'dataset_s3_bucket_consumer_with_no_taskflow', 'dataset_alias_example_alias_consumer_with_no_taskflow', 'dataset_alias_example_alias_producer_with_no_taskflow', 'dataset_s3_bucket_producer_with_no_taskflow' retrieved from /home/airflow/.local/lib/python3.12/site-packages/airflow/example_dags/example_dataset_alias_with_no_taskflow.py
[2025-04-21T11:55:43.038+0000] {logging_mixin.py:190} INFO - [2025-04-21T11:55:43.036+0000] {dag.py:3239} INFO - Sync 4 DAGs
[2025-04-21T11:55:43.091+0000] {logging_mixin.py:190} INFO - [2025-04-21T11:55:43.090+0000] {dag.py:4180} INFO - Setting next_dagrun for dataset_alias_example_alias_consumer_with_no_taskflow to None, run_after=None
[2025-04-21T11:55:43.097+0000] {logging_mixin.py:190} INFO - [2025-04-21T11:55:43.096+0000] {dag.py:4180} INFO - Setting next_dagrun for dataset_alias_example_alias_producer_with_no_taskflow to None, run_after=None
[2025-04-21T11:55:43.100+0000] {logging_mixin.py:190} INFO - [2025-04-21T11:55:43.100+0000] {dag.py:4180} INFO - Setting next_dagrun for dataset_s3_bucket_consumer_with_no_taskflow to None, run_after=None
[2025-04-21T11:55:43.103+0000] {logging_mixin.py:190} INFO - [2025-04-21T11:55:43.103+0000] {dag.py:4180} INFO - Setting next_dagrun for dataset_s3_bucket_producer_with_no_taskflow to None, run_after=None
[2025-04-21T11:55:43.148+0000] {processor.py:208} INFO - Processing /home/airflow/.local/lib/python3.12/site-packages/airflow/example_dags/example_dataset_alias_with_no_taskflow.py took 1.403 seconds
[2025-04-21T11:56:13.528+0000] {processor.py:186} INFO - Started process (PID=7935) to work on /home/airflow/.local/lib/python3.12/site-packages/airflow/example_dags/example_dataset_alias_with_no_taskflow.py
[2025-04-21T11:56:13.531+0000] {processor.py:914} INFO - Processing file /home/airflow/.local/lib/python3.12/site-packages/airflow/example_dags/example_dataset_alias_with_no_taskflow.py for tasks to queue
[2025-04-21T11:56:13.536+0000] {logging_mixin.py:190} INFO - [2025-04-21T11:56:13.535+0000] {dagbag.py:588} INFO - Filling up the DagBag from /home/airflow/.local/lib/python3.12/site-packages/airflow/example_dags/example_dataset_alias_with_no_taskflow.py
[2025-04-21T11:56:14.853+0000] {processor.py:925} INFO - DAG(s) 'dataset_s3_bucket_producer_with_no_taskflow', 'dataset_alias_example_alias_producer_with_no_taskflow', 'dataset_alias_example_alias_consumer_with_no_taskflow', 'dataset_s3_bucket_consumer_with_no_taskflow' retrieved from /home/airflow/.local/lib/python3.12/site-packages/airflow/example_dags/example_dataset_alias_with_no_taskflow.py
[2025-04-21T11:56:14.901+0000] {logging_mixin.py:190} INFO - [2025-04-21T11:56:14.900+0000] {dag.py:3239} INFO - Sync 4 DAGs
[2025-04-21T11:56:14.947+0000] {logging_mixin.py:190} INFO - [2025-04-21T11:56:14.946+0000] {dag.py:4180} INFO - Setting next_dagrun for dataset_alias_example_alias_consumer_with_no_taskflow to None, run_after=None
[2025-04-21T11:56:14.953+0000] {logging_mixin.py:190} INFO - [2025-04-21T11:56:14.953+0000] {dag.py:4180} INFO - Setting next_dagrun for dataset_alias_example_alias_producer_with_no_taskflow to None, run_after=None
[2025-04-21T11:56:14.960+0000] {logging_mixin.py:190} INFO - [2025-04-21T11:56:14.960+0000] {dag.py:4180} INFO - Setting next_dagrun for dataset_s3_bucket_consumer_with_no_taskflow to None, run_after=None
[2025-04-21T11:56:14.963+0000] {logging_mixin.py:190} INFO - [2025-04-21T11:56:14.963+0000] {dag.py:4180} INFO - Setting next_dagrun for dataset_s3_bucket_producer_with_no_taskflow to None, run_after=None
[2025-04-21T11:56:15.006+0000] {processor.py:208} INFO - Processing /home/airflow/.local/lib/python3.12/site-packages/airflow/example_dags/example_dataset_alias_with_no_taskflow.py took 1.490 seconds
[2025-04-21T11:56:45.744+0000] {processor.py:186} INFO - Started process (PID=8005) to work on /home/airflow/.local/lib/python3.12/site-packages/airflow/example_dags/example_dataset_alias_with_no_taskflow.py
[2025-04-21T11:56:45.749+0000] {processor.py:914} INFO - Processing file /home/airflow/.local/lib/python3.12/site-packages/airflow/example_dags/example_dataset_alias_with_no_taskflow.py for tasks to queue
[2025-04-21T11:56:45.755+0000] {logging_mixin.py:190} INFO - [2025-04-21T11:56:45.755+0000] {dagbag.py:588} INFO - Filling up the DagBag from /home/airflow/.local/lib/python3.12/site-packages/airflow/example_dags/example_dataset_alias_with_no_taskflow.py
[2025-04-21T11:56:47.016+0000] {processor.py:925} INFO - DAG(s) 'dataset_s3_bucket_consumer_with_no_taskflow', 'dataset_alias_example_alias_producer_with_no_taskflow', 'dataset_alias_example_alias_consumer_with_no_taskflow', 'dataset_s3_bucket_producer_with_no_taskflow' retrieved from /home/airflow/.local/lib/python3.12/site-packages/airflow/example_dags/example_dataset_alias_with_no_taskflow.py
[2025-04-21T11:56:47.063+0000] {logging_mixin.py:190} INFO - [2025-04-21T11:56:47.062+0000] {dag.py:3239} INFO - Sync 4 DAGs
[2025-04-21T11:56:47.111+0000] {logging_mixin.py:190} INFO - [2025-04-21T11:56:47.110+0000] {dag.py:4180} INFO - Setting next_dagrun for dataset_alias_example_alias_consumer_with_no_taskflow to None, run_after=None
[2025-04-21T11:56:47.118+0000] {logging_mixin.py:190} INFO - [2025-04-21T11:56:47.117+0000] {dag.py:4180} INFO - Setting next_dagrun for dataset_alias_example_alias_producer_with_no_taskflow to None, run_after=None
[2025-04-21T11:56:47.122+0000] {logging_mixin.py:190} INFO - [2025-04-21T11:56:47.122+0000] {dag.py:4180} INFO - Setting next_dagrun for dataset_s3_bucket_consumer_with_no_taskflow to None, run_after=None
[2025-04-21T11:56:47.125+0000] {logging_mixin.py:190} INFO - [2025-04-21T11:56:47.125+0000] {dag.py:4180} INFO - Setting next_dagrun for dataset_s3_bucket_producer_with_no_taskflow to None, run_after=None
[2025-04-21T11:56:47.170+0000] {processor.py:208} INFO - Processing /home/airflow/.local/lib/python3.12/site-packages/airflow/example_dags/example_dataset_alias_with_no_taskflow.py took 1.437 seconds
[2025-04-21T11:57:17.401+0000] {processor.py:186} INFO - Started process (PID=8070) to work on /home/airflow/.local/lib/python3.12/site-packages/airflow/example_dags/example_dataset_alias_with_no_taskflow.py
[2025-04-21T11:57:17.403+0000] {processor.py:914} INFO - Processing file /home/airflow/.local/lib/python3.12/site-packages/airflow/example_dags/example_dataset_alias_with_no_taskflow.py for tasks to queue
[2025-04-21T11:57:17.409+0000] {logging_mixin.py:190} INFO - [2025-04-21T11:57:17.408+0000] {dagbag.py:588} INFO - Filling up the DagBag from /home/airflow/.local/lib/python3.12/site-packages/airflow/example_dags/example_dataset_alias_with_no_taskflow.py
[2025-04-21T11:57:18.487+0000] {processor.py:925} INFO - DAG(s) 'dataset_alias_example_alias_producer_with_no_taskflow', 'dataset_s3_bucket_consumer_with_no_taskflow', 'dataset_alias_example_alias_consumer_with_no_taskflow', 'dataset_s3_bucket_producer_with_no_taskflow' retrieved from /home/airflow/.local/lib/python3.12/site-packages/airflow/example_dags/example_dataset_alias_with_no_taskflow.py
[2025-04-21T11:57:18.533+0000] {logging_mixin.py:190} INFO - [2025-04-21T11:57:18.531+0000] {dag.py:3239} INFO - Sync 4 DAGs
[2025-04-21T11:57:18.585+0000] {logging_mixin.py:190} INFO - [2025-04-21T11:57:18.584+0000] {dag.py:4180} INFO - Setting next_dagrun for dataset_alias_example_alias_consumer_with_no_taskflow to None, run_after=None
[2025-04-21T11:57:18.592+0000] {logging_mixin.py:190} INFO - [2025-04-21T11:57:18.592+0000] {dag.py:4180} INFO - Setting next_dagrun for dataset_alias_example_alias_producer_with_no_taskflow to None, run_after=None
[2025-04-21T11:57:18.596+0000] {logging_mixin.py:190} INFO - [2025-04-21T11:57:18.596+0000] {dag.py:4180} INFO - Setting next_dagrun for dataset_s3_bucket_consumer_with_no_taskflow to None, run_after=None
[2025-04-21T11:57:18.600+0000] {logging_mixin.py:190} INFO - [2025-04-21T11:57:18.599+0000] {dag.py:4180} INFO - Setting next_dagrun for dataset_s3_bucket_producer_with_no_taskflow to None, run_after=None
[2025-04-21T11:57:18.634+0000] {processor.py:208} INFO - Processing /home/airflow/.local/lib/python3.12/site-packages/airflow/example_dags/example_dataset_alias_with_no_taskflow.py took 1.246 seconds
[2025-04-21T11:57:48.706+0000] {processor.py:186} INFO - Started process (PID=8138) to work on /home/airflow/.local/lib/python3.12/site-packages/airflow/example_dags/example_dataset_alias_with_no_taskflow.py
[2025-04-21T11:57:48.708+0000] {processor.py:914} INFO - Processing file /home/airflow/.local/lib/python3.12/site-packages/airflow/example_dags/example_dataset_alias_with_no_taskflow.py for tasks to queue
[2025-04-21T11:57:48.714+0000] {logging_mixin.py:190} INFO - [2025-04-21T11:57:48.713+0000] {dagbag.py:588} INFO - Filling up the DagBag from /home/airflow/.local/lib/python3.12/site-packages/airflow/example_dags/example_dataset_alias_with_no_taskflow.py
[2025-04-21T11:57:49.800+0000] {processor.py:925} INFO - DAG(s) 'dataset_s3_bucket_consumer_with_no_taskflow', 'dataset_s3_bucket_producer_with_no_taskflow', 'dataset_alias_example_alias_producer_with_no_taskflow', 'dataset_alias_example_alias_consumer_with_no_taskflow' retrieved from /home/airflow/.local/lib/python3.12/site-packages/airflow/example_dags/example_dataset_alias_with_no_taskflow.py
[2025-04-21T11:57:49.850+0000] {logging_mixin.py:190} INFO - [2025-04-21T11:57:49.849+0000] {dag.py:3239} INFO - Sync 4 DAGs
[2025-04-21T11:57:49.893+0000] {logging_mixin.py:190} INFO - [2025-04-21T11:57:49.893+0000] {dag.py:4180} INFO - Setting next_dagrun for dataset_alias_example_alias_consumer_with_no_taskflow to None, run_after=None
[2025-04-21T11:57:49.899+0000] {logging_mixin.py:190} INFO - [2025-04-21T11:57:49.898+0000] {dag.py:4180} INFO - Setting next_dagrun for dataset_alias_example_alias_producer_with_no_taskflow to None, run_after=None
[2025-04-21T11:57:49.901+0000] {logging_mixin.py:190} INFO - [2025-04-21T11:57:49.901+0000] {dag.py:4180} INFO - Setting next_dagrun for dataset_s3_bucket_consumer_with_no_taskflow to None, run_after=None
[2025-04-21T11:57:49.904+0000] {logging_mixin.py:190} INFO - [2025-04-21T11:57:49.904+0000] {dag.py:4180} INFO - Setting next_dagrun for dataset_s3_bucket_producer_with_no_taskflow to None, run_after=None
[2025-04-21T11:57:49.948+0000] {processor.py:208} INFO - Processing /home/airflow/.local/lib/python3.12/site-packages/airflow/example_dags/example_dataset_alias_with_no_taskflow.py took 1.255 seconds
[2025-04-21T11:58:20.168+0000] {processor.py:186} INFO - Started process (PID=8208) to work on /home/airflow/.local/lib/python3.12/site-packages/airflow/example_dags/example_dataset_alias_with_no_taskflow.py
[2025-04-21T11:58:20.170+0000] {processor.py:914} INFO - Processing file /home/airflow/.local/lib/python3.12/site-packages/airflow/example_dags/example_dataset_alias_with_no_taskflow.py for tasks to queue
[2025-04-21T11:58:20.176+0000] {logging_mixin.py:190} INFO - [2025-04-21T11:58:20.175+0000] {dagbag.py:588} INFO - Filling up the DagBag from /home/airflow/.local/lib/python3.12/site-packages/airflow/example_dags/example_dataset_alias_with_no_taskflow.py
[2025-04-21T11:58:21.193+0000] {processor.py:925} INFO - DAG(s) 'dataset_s3_bucket_consumer_with_no_taskflow', 'dataset_s3_bucket_producer_with_no_taskflow', 'dataset_alias_example_alias_consumer_with_no_taskflow', 'dataset_alias_example_alias_producer_with_no_taskflow' retrieved from /home/airflow/.local/lib/python3.12/site-packages/airflow/example_dags/example_dataset_alias_with_no_taskflow.py
[2025-04-21T11:58:21.239+0000] {logging_mixin.py:190} INFO - [2025-04-21T11:58:21.238+0000] {dag.py:3239} INFO - Sync 4 DAGs
[2025-04-21T11:58:21.283+0000] {logging_mixin.py:190} INFO - [2025-04-21T11:58:21.283+0000] {dag.py:4180} INFO - Setting next_dagrun for dataset_alias_example_alias_consumer_with_no_taskflow to None, run_after=None
[2025-04-21T11:58:21.289+0000] {logging_mixin.py:190} INFO - [2025-04-21T11:58:21.289+0000] {dag.py:4180} INFO - Setting next_dagrun for dataset_alias_example_alias_producer_with_no_taskflow to None, run_after=None
[2025-04-21T11:58:21.294+0000] {logging_mixin.py:190} INFO - [2025-04-21T11:58:21.293+0000] {dag.py:4180} INFO - Setting next_dagrun for dataset_s3_bucket_consumer_with_no_taskflow to None, run_after=None
[2025-04-21T11:58:21.297+0000] {logging_mixin.py:190} INFO - [2025-04-21T11:58:21.297+0000] {dag.py:4180} INFO - Setting next_dagrun for dataset_s3_bucket_producer_with_no_taskflow to None, run_after=None
[2025-04-21T11:58:21.339+0000] {processor.py:208} INFO - Processing /home/airflow/.local/lib/python3.12/site-packages/airflow/example_dags/example_dataset_alias_with_no_taskflow.py took 1.183 seconds
[2025-04-21T11:58:51.577+0000] {processor.py:186} INFO - Started process (PID=8275) to work on /home/airflow/.local/lib/python3.12/site-packages/airflow/example_dags/example_dataset_alias_with_no_taskflow.py
[2025-04-21T11:58:51.579+0000] {processor.py:914} INFO - Processing file /home/airflow/.local/lib/python3.12/site-packages/airflow/example_dags/example_dataset_alias_with_no_taskflow.py for tasks to queue
[2025-04-21T11:58:51.582+0000] {logging_mixin.py:190} INFO - [2025-04-21T11:58:51.582+0000] {dagbag.py:588} INFO - Filling up the DagBag from /home/airflow/.local/lib/python3.12/site-packages/airflow/example_dags/example_dataset_alias_with_no_taskflow.py
[2025-04-21T11:58:52.383+0000] {processor.py:925} INFO - DAG(s) 'dataset_alias_example_alias_consumer_with_no_taskflow', 'dataset_s3_bucket_producer_with_no_taskflow', 'dataset_alias_example_alias_producer_with_no_taskflow', 'dataset_s3_bucket_consumer_with_no_taskflow' retrieved from /home/airflow/.local/lib/python3.12/site-packages/airflow/example_dags/example_dataset_alias_with_no_taskflow.py
[2025-04-21T11:58:52.410+0000] {logging_mixin.py:190} INFO - [2025-04-21T11:58:52.409+0000] {dag.py:3239} INFO - Sync 4 DAGs
[2025-04-21T11:58:52.437+0000] {logging_mixin.py:190} INFO - [2025-04-21T11:58:52.437+0000] {dag.py:4180} INFO - Setting next_dagrun for dataset_alias_example_alias_consumer_with_no_taskflow to None, run_after=None
[2025-04-21T11:58:52.441+0000] {logging_mixin.py:190} INFO - [2025-04-21T11:58:52.440+0000] {dag.py:4180} INFO - Setting next_dagrun for dataset_alias_example_alias_producer_with_no_taskflow to None, run_after=None
[2025-04-21T11:58:52.443+0000] {logging_mixin.py:190} INFO - [2025-04-21T11:58:52.443+0000] {dag.py:4180} INFO - Setting next_dagrun for dataset_s3_bucket_consumer_with_no_taskflow to None, run_after=None
[2025-04-21T11:58:52.445+0000] {logging_mixin.py:190} INFO - [2025-04-21T11:58:52.445+0000] {dag.py:4180} INFO - Setting next_dagrun for dataset_s3_bucket_producer_with_no_taskflow to None, run_after=None
[2025-04-21T11:58:52.472+0000] {processor.py:208} INFO - Processing /home/airflow/.local/lib/python3.12/site-packages/airflow/example_dags/example_dataset_alias_with_no_taskflow.py took 0.903 seconds
[2025-04-21T11:59:23.058+0000] {processor.py:186} INFO - Started process (PID=8339) to work on /home/airflow/.local/lib/python3.12/site-packages/airflow/example_dags/example_dataset_alias_with_no_taskflow.py
[2025-04-21T11:59:23.060+0000] {processor.py:914} INFO - Processing file /home/airflow/.local/lib/python3.12/site-packages/airflow/example_dags/example_dataset_alias_with_no_taskflow.py for tasks to queue
[2025-04-21T11:59:23.065+0000] {logging_mixin.py:190} INFO - [2025-04-21T11:59:23.064+0000] {dagbag.py:588} INFO - Filling up the DagBag from /home/airflow/.local/lib/python3.12/site-packages/airflow/example_dags/example_dataset_alias_with_no_taskflow.py
[2025-04-21T11:59:24.220+0000] {processor.py:925} INFO - DAG(s) 'dataset_alias_example_alias_producer_with_no_taskflow', 'dataset_s3_bucket_consumer_with_no_taskflow', 'dataset_s3_bucket_producer_with_no_taskflow', 'dataset_alias_example_alias_consumer_with_no_taskflow' retrieved from /home/airflow/.local/lib/python3.12/site-packages/airflow/example_dags/example_dataset_alias_with_no_taskflow.py
[2025-04-21T11:59:24.268+0000] {logging_mixin.py:190} INFO - [2025-04-21T11:59:24.267+0000] {dag.py:3239} INFO - Sync 4 DAGs
[2025-04-21T11:59:24.313+0000] {logging_mixin.py:190} INFO - [2025-04-21T11:59:24.313+0000] {dag.py:4180} INFO - Setting next_dagrun for dataset_alias_example_alias_consumer_with_no_taskflow to None, run_after=None
[2025-04-21T11:59:24.320+0000] {logging_mixin.py:190} INFO - [2025-04-21T11:59:24.319+0000] {dag.py:4180} INFO - Setting next_dagrun for dataset_alias_example_alias_producer_with_no_taskflow to None, run_after=None
[2025-04-21T11:59:24.323+0000] {logging_mixin.py:190} INFO - [2025-04-21T11:59:24.323+0000] {dag.py:4180} INFO - Setting next_dagrun for dataset_s3_bucket_consumer_with_no_taskflow to None, run_after=None
[2025-04-21T11:59:24.327+0000] {logging_mixin.py:190} INFO - [2025-04-21T11:59:24.326+0000] {dag.py:4180} INFO - Setting next_dagrun for dataset_s3_bucket_producer_with_no_taskflow to None, run_after=None
[2025-04-21T11:59:24.370+0000] {processor.py:208} INFO - Processing /home/airflow/.local/lib/python3.12/site-packages/airflow/example_dags/example_dataset_alias_with_no_taskflow.py took 1.323 seconds
[2025-04-21T11:59:55.211+0000] {processor.py:186} INFO - Started process (PID=8408) to work on /home/airflow/.local/lib/python3.12/site-packages/airflow/example_dags/example_dataset_alias_with_no_taskflow.py
[2025-04-21T11:59:55.214+0000] {processor.py:914} INFO - Processing file /home/airflow/.local/lib/python3.12/site-packages/airflow/example_dags/example_dataset_alias_with_no_taskflow.py for tasks to queue
[2025-04-21T11:59:55.220+0000] {logging_mixin.py:190} INFO - [2025-04-21T11:59:55.219+0000] {dagbag.py:588} INFO - Filling up the DagBag from /home/airflow/.local/lib/python3.12/site-packages/airflow/example_dags/example_dataset_alias_with_no_taskflow.py
[2025-04-21T11:59:56.481+0000] {processor.py:925} INFO - DAG(s) 'dataset_alias_example_alias_consumer_with_no_taskflow', 'dataset_s3_bucket_consumer_with_no_taskflow', 'dataset_s3_bucket_producer_with_no_taskflow', 'dataset_alias_example_alias_producer_with_no_taskflow' retrieved from /home/airflow/.local/lib/python3.12/site-packages/airflow/example_dags/example_dataset_alias_with_no_taskflow.py
[2025-04-21T11:59:56.532+0000] {logging_mixin.py:190} INFO - [2025-04-21T11:59:56.530+0000] {dag.py:3239} INFO - Sync 4 DAGs
[2025-04-21T11:59:56.582+0000] {logging_mixin.py:190} INFO - [2025-04-21T11:59:56.581+0000] {dag.py:4180} INFO - Setting next_dagrun for dataset_alias_example_alias_consumer_with_no_taskflow to None, run_after=None
[2025-04-21T11:59:56.588+0000] {logging_mixin.py:190} INFO - [2025-04-21T11:59:56.587+0000] {dag.py:4180} INFO - Setting next_dagrun for dataset_alias_example_alias_producer_with_no_taskflow to None, run_after=None
[2025-04-21T11:59:56.592+0000] {logging_mixin.py:190} INFO - [2025-04-21T11:59:56.591+0000] {dag.py:4180} INFO - Setting next_dagrun for dataset_s3_bucket_consumer_with_no_taskflow to None, run_after=None
[2025-04-21T11:59:56.594+0000] {logging_mixin.py:190} INFO - [2025-04-21T11:59:56.594+0000] {dag.py:4180} INFO - Setting next_dagrun for dataset_s3_bucket_producer_with_no_taskflow to None, run_after=None
[2025-04-21T11:59:56.643+0000] {processor.py:208} INFO - Processing /home/airflow/.local/lib/python3.12/site-packages/airflow/example_dags/example_dataset_alias_with_no_taskflow.py took 1.444 seconds
[2025-04-21T12:00:26.827+0000] {processor.py:186} INFO - Started process (PID=8472) to work on /home/airflow/.local/lib/python3.12/site-packages/airflow/example_dags/example_dataset_alias_with_no_taskflow.py
[2025-04-21T12:00:26.829+0000] {processor.py:914} INFO - Processing file /home/airflow/.local/lib/python3.12/site-packages/airflow/example_dags/example_dataset_alias_with_no_taskflow.py for tasks to queue
[2025-04-21T12:00:26.835+0000] {logging_mixin.py:190} INFO - [2025-04-21T12:00:26.834+0000] {dagbag.py:588} INFO - Filling up the DagBag from /home/airflow/.local/lib/python3.12/site-packages/airflow/example_dags/example_dataset_alias_with_no_taskflow.py
[2025-04-21T12:00:28.098+0000] {processor.py:925} INFO - DAG(s) 'dataset_s3_bucket_consumer_with_no_taskflow', 'dataset_alias_example_alias_consumer_with_no_taskflow', 'dataset_alias_example_alias_producer_with_no_taskflow', 'dataset_s3_bucket_producer_with_no_taskflow' retrieved from /home/airflow/.local/lib/python3.12/site-packages/airflow/example_dags/example_dataset_alias_with_no_taskflow.py
[2025-04-21T12:00:28.149+0000] {logging_mixin.py:190} INFO - [2025-04-21T12:00:28.147+0000] {dag.py:3239} INFO - Sync 4 DAGs
[2025-04-21T12:00:28.198+0000] {logging_mixin.py:190} INFO - [2025-04-21T12:00:28.198+0000] {dag.py:4180} INFO - Setting next_dagrun for dataset_alias_example_alias_consumer_with_no_taskflow to None, run_after=None
[2025-04-21T12:00:28.206+0000] {logging_mixin.py:190} INFO - [2025-04-21T12:00:28.205+0000] {dag.py:4180} INFO - Setting next_dagrun for dataset_alias_example_alias_producer_with_no_taskflow to None, run_after=None
[2025-04-21T12:00:28.210+0000] {logging_mixin.py:190} INFO - [2025-04-21T12:00:28.210+0000] {dag.py:4180} INFO - Setting next_dagrun for dataset_s3_bucket_consumer_with_no_taskflow to None, run_after=None
[2025-04-21T12:00:28.214+0000] {logging_mixin.py:190} INFO - [2025-04-21T12:00:28.213+0000] {dag.py:4180} INFO - Setting next_dagrun for dataset_s3_bucket_producer_with_no_taskflow to None, run_after=None
[2025-04-21T12:00:28.260+0000] {processor.py:208} INFO - Processing /home/airflow/.local/lib/python3.12/site-packages/airflow/example_dags/example_dataset_alias_with_no_taskflow.py took 1.445 seconds
[2025-04-21T12:00:59.317+0000] {processor.py:186} INFO - Started process (PID=8536) to work on /home/airflow/.local/lib/python3.12/site-packages/airflow/example_dags/example_dataset_alias_with_no_taskflow.py
[2025-04-21T12:00:59.319+0000] {processor.py:914} INFO - Processing file /home/airflow/.local/lib/python3.12/site-packages/airflow/example_dags/example_dataset_alias_with_no_taskflow.py for tasks to queue
[2025-04-21T12:00:59.325+0000] {logging_mixin.py:190} INFO - [2025-04-21T12:00:59.324+0000] {dagbag.py:588} INFO - Filling up the DagBag from /home/airflow/.local/lib/python3.12/site-packages/airflow/example_dags/example_dataset_alias_with_no_taskflow.py
[2025-04-21T12:01:00.582+0000] {processor.py:925} INFO - DAG(s) 'dataset_s3_bucket_consumer_with_no_taskflow', 'dataset_s3_bucket_producer_with_no_taskflow', 'dataset_alias_example_alias_producer_with_no_taskflow', 'dataset_alias_example_alias_consumer_with_no_taskflow' retrieved from /home/airflow/.local/lib/python3.12/site-packages/airflow/example_dags/example_dataset_alias_with_no_taskflow.py
[2025-04-21T12:01:00.624+0000] {logging_mixin.py:190} INFO - [2025-04-21T12:01:00.623+0000] {dag.py:3239} INFO - Sync 4 DAGs
[2025-04-21T12:01:00.669+0000] {logging_mixin.py:190} INFO - [2025-04-21T12:01:00.668+0000] {dag.py:4180} INFO - Setting next_dagrun for dataset_alias_example_alias_consumer_with_no_taskflow to None, run_after=None
[2025-04-21T12:01:00.675+0000] {logging_mixin.py:190} INFO - [2025-04-21T12:01:00.675+0000] {dag.py:4180} INFO - Setting next_dagrun for dataset_alias_example_alias_producer_with_no_taskflow to None, run_after=None
[2025-04-21T12:01:00.679+0000] {logging_mixin.py:190} INFO - [2025-04-21T12:01:00.679+0000] {dag.py:4180} INFO - Setting next_dagrun for dataset_s3_bucket_consumer_with_no_taskflow to None, run_after=None
[2025-04-21T12:01:00.683+0000] {logging_mixin.py:190} INFO - [2025-04-21T12:01:00.682+0000] {dag.py:4180} INFO - Setting next_dagrun for dataset_s3_bucket_producer_with_no_taskflow to None, run_after=None
[2025-04-21T12:01:00.727+0000] {processor.py:208} INFO - Processing /home/airflow/.local/lib/python3.12/site-packages/airflow/example_dags/example_dataset_alias_with_no_taskflow.py took 1.422 seconds
[2025-04-21T12:01:30.868+0000] {processor.py:186} INFO - Started process (PID=8600) to work on /home/airflow/.local/lib/python3.12/site-packages/airflow/example_dags/example_dataset_alias_with_no_taskflow.py
[2025-04-21T12:01:30.870+0000] {processor.py:914} INFO - Processing file /home/airflow/.local/lib/python3.12/site-packages/airflow/example_dags/example_dataset_alias_with_no_taskflow.py for tasks to queue
[2025-04-21T12:01:30.877+0000] {logging_mixin.py:190} INFO - [2025-04-21T12:01:30.876+0000] {dagbag.py:588} INFO - Filling up the DagBag from /home/airflow/.local/lib/python3.12/site-packages/airflow/example_dags/example_dataset_alias_with_no_taskflow.py
[2025-04-21T12:01:32.122+0000] {processor.py:925} INFO - DAG(s) 'dataset_s3_bucket_producer_with_no_taskflow', 'dataset_s3_bucket_consumer_with_no_taskflow', 'dataset_alias_example_alias_consumer_with_no_taskflow', 'dataset_alias_example_alias_producer_with_no_taskflow' retrieved from /home/airflow/.local/lib/python3.12/site-packages/airflow/example_dags/example_dataset_alias_with_no_taskflow.py
[2025-04-21T12:01:32.167+0000] {logging_mixin.py:190} INFO - [2025-04-21T12:01:32.165+0000] {dag.py:3239} INFO - Sync 4 DAGs
[2025-04-21T12:01:32.218+0000] {logging_mixin.py:190} INFO - [2025-04-21T12:01:32.217+0000] {dag.py:4180} INFO - Setting next_dagrun for dataset_alias_example_alias_consumer_with_no_taskflow to None, run_after=None
[2025-04-21T12:01:32.224+0000] {logging_mixin.py:190} INFO - [2025-04-21T12:01:32.224+0000] {dag.py:4180} INFO - Setting next_dagrun for dataset_alias_example_alias_producer_with_no_taskflow to None, run_after=None
[2025-04-21T12:01:32.227+0000] {logging_mixin.py:190} INFO - [2025-04-21T12:01:32.227+0000] {dag.py:4180} INFO - Setting next_dagrun for dataset_s3_bucket_consumer_with_no_taskflow to None, run_after=None
[2025-04-21T12:01:32.230+0000] {logging_mixin.py:190} INFO - [2025-04-21T12:01:32.230+0000] {dag.py:4180} INFO - Setting next_dagrun for dataset_s3_bucket_producer_with_no_taskflow to None, run_after=None
[2025-04-21T12:01:32.276+0000] {processor.py:208} INFO - Processing /home/airflow/.local/lib/python3.12/site-packages/airflow/example_dags/example_dataset_alias_with_no_taskflow.py took 1.420 seconds
[2025-04-21T12:02:02.992+0000] {processor.py:186} INFO - Started process (PID=8664) to work on /home/airflow/.local/lib/python3.12/site-packages/airflow/example_dags/example_dataset_alias_with_no_taskflow.py
[2025-04-21T12:02:02.994+0000] {processor.py:914} INFO - Processing file /home/airflow/.local/lib/python3.12/site-packages/airflow/example_dags/example_dataset_alias_with_no_taskflow.py for tasks to queue
[2025-04-21T12:02:03.000+0000] {logging_mixin.py:190} INFO - [2025-04-21T12:02:02.999+0000] {dagbag.py:588} INFO - Filling up the DagBag from /home/airflow/.local/lib/python3.12/site-packages/airflow/example_dags/example_dataset_alias_with_no_taskflow.py
[2025-04-21T12:02:04.152+0000] {processor.py:925} INFO - DAG(s) 'dataset_s3_bucket_producer_with_no_taskflow', 'dataset_alias_example_alias_consumer_with_no_taskflow', 'dataset_alias_example_alias_producer_with_no_taskflow', 'dataset_s3_bucket_consumer_with_no_taskflow' retrieved from /home/airflow/.local/lib/python3.12/site-packages/airflow/example_dags/example_dataset_alias_with_no_taskflow.py
[2025-04-21T12:02:04.193+0000] {logging_mixin.py:190} INFO - [2025-04-21T12:02:04.192+0000] {dag.py:3239} INFO - Sync 4 DAGs
[2025-04-21T12:02:04.247+0000] {logging_mixin.py:190} INFO - [2025-04-21T12:02:04.246+0000] {dag.py:4180} INFO - Setting next_dagrun for dataset_alias_example_alias_consumer_with_no_taskflow to None, run_after=None
[2025-04-21T12:02:04.254+0000] {logging_mixin.py:190} INFO - [2025-04-21T12:02:04.254+0000] {dag.py:4180} INFO - Setting next_dagrun for dataset_alias_example_alias_producer_with_no_taskflow to None, run_after=None
[2025-04-21T12:02:04.258+0000] {logging_mixin.py:190} INFO - [2025-04-21T12:02:04.258+0000] {dag.py:4180} INFO - Setting next_dagrun for dataset_s3_bucket_consumer_with_no_taskflow to None, run_after=None
[2025-04-21T12:02:04.261+0000] {logging_mixin.py:190} INFO - [2025-04-21T12:02:04.261+0000] {dag.py:4180} INFO - Setting next_dagrun for dataset_s3_bucket_producer_with_no_taskflow to None, run_after=None
[2025-04-21T12:02:04.307+0000] {processor.py:208} INFO - Processing /home/airflow/.local/lib/python3.12/site-packages/airflow/example_dags/example_dataset_alias_with_no_taskflow.py took 1.328 seconds
[2025-04-21T12:02:34.523+0000] {processor.py:186} INFO - Started process (PID=8729) to work on /home/airflow/.local/lib/python3.12/site-packages/airflow/example_dags/example_dataset_alias_with_no_taskflow.py
[2025-04-21T12:02:34.525+0000] {processor.py:914} INFO - Processing file /home/airflow/.local/lib/python3.12/site-packages/airflow/example_dags/example_dataset_alias_with_no_taskflow.py for tasks to queue
[2025-04-21T12:02:34.531+0000] {logging_mixin.py:190} INFO - [2025-04-21T12:02:34.530+0000] {dagbag.py:588} INFO - Filling up the DagBag from /home/airflow/.local/lib/python3.12/site-packages/airflow/example_dags/example_dataset_alias_with_no_taskflow.py
[2025-04-21T12:02:35.725+0000] {processor.py:925} INFO - DAG(s) 'dataset_s3_bucket_consumer_with_no_taskflow', 'dataset_s3_bucket_producer_with_no_taskflow', 'dataset_alias_example_alias_consumer_with_no_taskflow', 'dataset_alias_example_alias_producer_with_no_taskflow' retrieved from /home/airflow/.local/lib/python3.12/site-packages/airflow/example_dags/example_dataset_alias_with_no_taskflow.py
[2025-04-21T12:02:35.773+0000] {logging_mixin.py:190} INFO - [2025-04-21T12:02:35.772+0000] {dag.py:3239} INFO - Sync 4 DAGs
[2025-04-21T12:02:35.826+0000] {logging_mixin.py:190} INFO - [2025-04-21T12:02:35.825+0000] {dag.py:4180} INFO - Setting next_dagrun for dataset_alias_example_alias_consumer_with_no_taskflow to None, run_after=None
[2025-04-21T12:02:35.832+0000] {logging_mixin.py:190} INFO - [2025-04-21T12:02:35.832+0000] {dag.py:4180} INFO - Setting next_dagrun for dataset_alias_example_alias_producer_with_no_taskflow to None, run_after=None
[2025-04-21T12:02:35.835+0000] {logging_mixin.py:190} INFO - [2025-04-21T12:02:35.834+0000] {dag.py:4180} INFO - Setting next_dagrun for dataset_s3_bucket_consumer_with_no_taskflow to None, run_after=None
[2025-04-21T12:02:35.837+0000] {logging_mixin.py:190} INFO - [2025-04-21T12:02:35.836+0000] {dag.py:4180} INFO - Setting next_dagrun for dataset_s3_bucket_producer_with_no_taskflow to None, run_after=None
[2025-04-21T12:02:35.875+0000] {processor.py:208} INFO - Processing /home/airflow/.local/lib/python3.12/site-packages/airflow/example_dags/example_dataset_alias_with_no_taskflow.py took 1.364 seconds
[2025-04-21T12:03:06.154+0000] {processor.py:186} INFO - Started process (PID=8793) to work on /home/airflow/.local/lib/python3.12/site-packages/airflow/example_dags/example_dataset_alias_with_no_taskflow.py
[2025-04-21T12:03:06.156+0000] {processor.py:914} INFO - Processing file /home/airflow/.local/lib/python3.12/site-packages/airflow/example_dags/example_dataset_alias_with_no_taskflow.py for tasks to queue
[2025-04-21T12:03:06.161+0000] {logging_mixin.py:190} INFO - [2025-04-21T12:03:06.160+0000] {dagbag.py:588} INFO - Filling up the DagBag from /home/airflow/.local/lib/python3.12/site-packages/airflow/example_dags/example_dataset_alias_with_no_taskflow.py
[2025-04-21T12:03:07.442+0000] {processor.py:925} INFO - DAG(s) 'dataset_alias_example_alias_consumer_with_no_taskflow', 'dataset_s3_bucket_producer_with_no_taskflow', 'dataset_s3_bucket_consumer_with_no_taskflow', 'dataset_alias_example_alias_producer_with_no_taskflow' retrieved from /home/airflow/.local/lib/python3.12/site-packages/airflow/example_dags/example_dataset_alias_with_no_taskflow.py
[2025-04-21T12:03:07.488+0000] {logging_mixin.py:190} INFO - [2025-04-21T12:03:07.487+0000] {dag.py:3239} INFO - Sync 4 DAGs
[2025-04-21T12:03:07.537+0000] {logging_mixin.py:190} INFO - [2025-04-21T12:03:07.536+0000] {dag.py:4180} INFO - Setting next_dagrun for dataset_alias_example_alias_consumer_with_no_taskflow to None, run_after=None
[2025-04-21T12:03:07.543+0000] {logging_mixin.py:190} INFO - [2025-04-21T12:03:07.543+0000] {dag.py:4180} INFO - Setting next_dagrun for dataset_alias_example_alias_producer_with_no_taskflow to None, run_after=None
[2025-04-21T12:03:07.547+0000] {logging_mixin.py:190} INFO - [2025-04-21T12:03:07.546+0000] {dag.py:4180} INFO - Setting next_dagrun for dataset_s3_bucket_consumer_with_no_taskflow to None, run_after=None
[2025-04-21T12:03:07.550+0000] {logging_mixin.py:190} INFO - [2025-04-21T12:03:07.550+0000] {dag.py:4180} INFO - Setting next_dagrun for dataset_s3_bucket_producer_with_no_taskflow to None, run_after=None
[2025-04-21T12:03:07.594+0000] {processor.py:208} INFO - Processing /home/airflow/.local/lib/python3.12/site-packages/airflow/example_dags/example_dataset_alias_with_no_taskflow.py took 1.452 seconds
