[2025-04-21T10:53:03.321+0000] {processor.py:186} INFO - Started process (PID=100) to work on /home/airflow/.local/lib/python3.12/site-packages/airflow/example_dags/example_external_task_marker_dag.py
[2025-04-21T10:53:03.322+0000] {processor.py:914} INFO - Processing file /home/airflow/.local/lib/python3.12/site-packages/airflow/example_dags/example_external_task_marker_dag.py for tasks to queue
[2025-04-21T10:53:03.324+0000] {logging_mixin.py:190} INFO - [2025-04-21T10:53:03.324+0000] {dagbag.py:588} INFO - Filling up the DagBag from /home/airflow/.local/lib/python3.12/site-packages/airflow/example_dags/example_external_task_marker_dag.py
[2025-04-21T10:53:03.331+0000] {processor.py:925} INFO - DAG(s) 'example_external_task_marker_parent', 'example_external_task_marker_child' retrieved from /home/airflow/.local/lib/python3.12/site-packages/airflow/example_dags/example_external_task_marker_dag.py
[2025-04-21T10:53:03.413+0000] {logging_mixin.py:190} INFO - [2025-04-21T10:53:03.413+0000] {override.py:1912} INFO - Created Permission View: can edit on DAG:example_external_task_marker_parent
[2025-04-21T10:53:03.422+0000] {logging_mixin.py:190} INFO - [2025-04-21T10:53:03.422+0000] {override.py:1912} INFO - Created Permission View: can read on DAG:example_external_task_marker_parent
[2025-04-21T10:53:03.428+0000] {logging_mixin.py:190} INFO - [2025-04-21T10:53:03.427+0000] {override.py:1912} INFO - Created Permission View: can delete on DAG:example_external_task_marker_parent
[2025-04-21T10:53:03.435+0000] {logging_mixin.py:190} INFO - [2025-04-21T10:53:03.434+0000] {override.py:1912} INFO - Created Permission View: menu access on DAG Run:example_external_task_marker_parent
[2025-04-21T10:53:03.441+0000] {logging_mixin.py:190} INFO - [2025-04-21T10:53:03.440+0000] {override.py:1912} INFO - Created Permission View: can create on DAG Run:example_external_task_marker_parent
[2025-04-21T10:53:03.446+0000] {logging_mixin.py:190} INFO - [2025-04-21T10:53:03.446+0000] {override.py:1912} INFO - Created Permission View: can read on DAG Run:example_external_task_marker_parent
[2025-04-21T10:53:03.451+0000] {logging_mixin.py:190} INFO - [2025-04-21T10:53:03.451+0000] {override.py:1912} INFO - Created Permission View: can delete on DAG Run:example_external_task_marker_parent
[2025-04-21T10:53:03.464+0000] {logging_mixin.py:190} INFO - [2025-04-21T10:53:03.464+0000] {override.py:1912} INFO - Created Permission View: can edit on DAG:example_external_task_marker_child
[2025-04-21T10:53:03.470+0000] {logging_mixin.py:190} INFO - [2025-04-21T10:53:03.470+0000] {override.py:1912} INFO - Created Permission View: can read on DAG:example_external_task_marker_child
[2025-04-21T10:53:03.479+0000] {logging_mixin.py:190} INFO - [2025-04-21T10:53:03.479+0000] {override.py:1912} INFO - Created Permission View: can delete on DAG:example_external_task_marker_child
[2025-04-21T10:53:03.486+0000] {logging_mixin.py:190} INFO - [2025-04-21T10:53:03.486+0000] {override.py:1912} INFO - Created Permission View: menu access on DAG Run:example_external_task_marker_child
[2025-04-21T10:53:03.492+0000] {logging_mixin.py:190} INFO - [2025-04-21T10:53:03.492+0000] {override.py:1912} INFO - Created Permission View: can create on DAG Run:example_external_task_marker_child
[2025-04-21T10:53:03.497+0000] {logging_mixin.py:190} INFO - [2025-04-21T10:53:03.497+0000] {override.py:1912} INFO - Created Permission View: can read on DAG Run:example_external_task_marker_child
[2025-04-21T10:53:03.503+0000] {logging_mixin.py:190} INFO - [2025-04-21T10:53:03.503+0000] {override.py:1912} INFO - Created Permission View: can delete on DAG Run:example_external_task_marker_child
[2025-04-21T10:53:03.504+0000] {logging_mixin.py:190} INFO - [2025-04-21T10:53:03.503+0000] {dag.py:3239} INFO - Sync 2 DAGs
[2025-04-21T10:53:03.513+0000] {logging_mixin.py:190} INFO - [2025-04-21T10:53:03.513+0000] {dag.py:3262} INFO - Creating ORM DAG for example_external_task_marker_parent
[2025-04-21T10:53:03.514+0000] {logging_mixin.py:190} INFO - [2025-04-21T10:53:03.514+0000] {dag.py:3262} INFO - Creating ORM DAG for example_external_task_marker_child
[2025-04-21T10:53:03.515+0000] {logging_mixin.py:190} INFO - [2025-04-21T10:53:03.514+0000] {dag.py:4180} INFO - Setting next_dagrun for example_external_task_marker_child to None, run_after=None
[2025-04-21T10:53:03.515+0000] {logging_mixin.py:190} INFO - [2025-04-21T10:53:03.515+0000] {dag.py:4180} INFO - Setting next_dagrun for example_external_task_marker_parent to None, run_after=None
[2025-04-21T10:53:03.530+0000] {processor.py:208} INFO - Processing /home/airflow/.local/lib/python3.12/site-packages/airflow/example_dags/example_external_task_marker_dag.py took 0.214 seconds
[2025-04-21T10:53:34.264+0000] {processor.py:186} INFO - Started process (PID=163) to work on /home/airflow/.local/lib/python3.12/site-packages/airflow/example_dags/example_external_task_marker_dag.py
[2025-04-21T10:53:34.265+0000] {processor.py:914} INFO - Processing file /home/airflow/.local/lib/python3.12/site-packages/airflow/example_dags/example_external_task_marker_dag.py for tasks to queue
[2025-04-21T10:53:34.267+0000] {logging_mixin.py:190} INFO - [2025-04-21T10:53:34.267+0000] {dagbag.py:588} INFO - Filling up the DagBag from /home/airflow/.local/lib/python3.12/site-packages/airflow/example_dags/example_external_task_marker_dag.py
[2025-04-21T10:53:34.275+0000] {processor.py:925} INFO - DAG(s) 'example_external_task_marker_child', 'example_external_task_marker_parent' retrieved from /home/airflow/.local/lib/python3.12/site-packages/airflow/example_dags/example_external_task_marker_dag.py
[2025-04-21T10:53:34.305+0000] {logging_mixin.py:190} INFO - [2025-04-21T10:53:34.305+0000] {dag.py:3239} INFO - Sync 2 DAGs
[2025-04-21T10:53:34.320+0000] {logging_mixin.py:190} INFO - [2025-04-21T10:53:34.320+0000] {dag.py:4180} INFO - Setting next_dagrun for example_external_task_marker_child to None, run_after=None
[2025-04-21T10:53:34.324+0000] {logging_mixin.py:190} INFO - [2025-04-21T10:53:34.324+0000] {dag.py:4180} INFO - Setting next_dagrun for example_external_task_marker_parent to None, run_after=None
[2025-04-21T10:53:34.338+0000] {processor.py:208} INFO - Processing /home/airflow/.local/lib/python3.12/site-packages/airflow/example_dags/example_external_task_marker_dag.py took 0.079 seconds
[2025-04-21T10:54:05.259+0000] {processor.py:186} INFO - Started process (PID=225) to work on /home/airflow/.local/lib/python3.12/site-packages/airflow/example_dags/example_external_task_marker_dag.py
[2025-04-21T10:54:05.260+0000] {processor.py:914} INFO - Processing file /home/airflow/.local/lib/python3.12/site-packages/airflow/example_dags/example_external_task_marker_dag.py for tasks to queue
[2025-04-21T10:54:05.262+0000] {logging_mixin.py:190} INFO - [2025-04-21T10:54:05.261+0000] {dagbag.py:588} INFO - Filling up the DagBag from /home/airflow/.local/lib/python3.12/site-packages/airflow/example_dags/example_external_task_marker_dag.py
[2025-04-21T10:54:05.267+0000] {processor.py:925} INFO - DAG(s) 'example_external_task_marker_parent', 'example_external_task_marker_child' retrieved from /home/airflow/.local/lib/python3.12/site-packages/airflow/example_dags/example_external_task_marker_dag.py
[2025-04-21T10:54:05.283+0000] {logging_mixin.py:190} INFO - [2025-04-21T10:54:05.283+0000] {dag.py:3239} INFO - Sync 2 DAGs
[2025-04-21T10:54:05.295+0000] {logging_mixin.py:190} INFO - [2025-04-21T10:54:05.294+0000] {dag.py:4180} INFO - Setting next_dagrun for example_external_task_marker_child to None, run_after=None
[2025-04-21T10:54:05.298+0000] {logging_mixin.py:190} INFO - [2025-04-21T10:54:05.298+0000] {dag.py:4180} INFO - Setting next_dagrun for example_external_task_marker_parent to None, run_after=None
[2025-04-21T10:54:05.311+0000] {processor.py:208} INFO - Processing /home/airflow/.local/lib/python3.12/site-packages/airflow/example_dags/example_external_task_marker_dag.py took 0.056 seconds
[2025-04-21T10:54:35.370+0000] {processor.py:186} INFO - Started process (PID=287) to work on /home/airflow/.local/lib/python3.12/site-packages/airflow/example_dags/example_external_task_marker_dag.py
[2025-04-21T10:54:35.371+0000] {processor.py:914} INFO - Processing file /home/airflow/.local/lib/python3.12/site-packages/airflow/example_dags/example_external_task_marker_dag.py for tasks to queue
[2025-04-21T10:54:35.373+0000] {logging_mixin.py:190} INFO - [2025-04-21T10:54:35.372+0000] {dagbag.py:588} INFO - Filling up the DagBag from /home/airflow/.local/lib/python3.12/site-packages/airflow/example_dags/example_external_task_marker_dag.py
[2025-04-21T10:54:35.378+0000] {processor.py:925} INFO - DAG(s) 'example_external_task_marker_parent', 'example_external_task_marker_child' retrieved from /home/airflow/.local/lib/python3.12/site-packages/airflow/example_dags/example_external_task_marker_dag.py
[2025-04-21T10:54:35.393+0000] {logging_mixin.py:190} INFO - [2025-04-21T10:54:35.393+0000] {dag.py:3239} INFO - Sync 2 DAGs
[2025-04-21T10:54:35.403+0000] {logging_mixin.py:190} INFO - [2025-04-21T10:54:35.403+0000] {dag.py:4180} INFO - Setting next_dagrun for example_external_task_marker_child to None, run_after=None
[2025-04-21T10:54:35.406+0000] {logging_mixin.py:190} INFO - [2025-04-21T10:54:35.406+0000] {dag.py:4180} INFO - Setting next_dagrun for example_external_task_marker_parent to None, run_after=None
[2025-04-21T10:54:35.419+0000] {processor.py:208} INFO - Processing /home/airflow/.local/lib/python3.12/site-packages/airflow/example_dags/example_external_task_marker_dag.py took 0.053 seconds
[2025-04-21T10:55:06.364+0000] {processor.py:186} INFO - Started process (PID=350) to work on /home/airflow/.local/lib/python3.12/site-packages/airflow/example_dags/example_external_task_marker_dag.py
[2025-04-21T10:55:06.364+0000] {processor.py:914} INFO - Processing file /home/airflow/.local/lib/python3.12/site-packages/airflow/example_dags/example_external_task_marker_dag.py for tasks to queue
[2025-04-21T10:55:06.366+0000] {logging_mixin.py:190} INFO - [2025-04-21T10:55:06.366+0000] {dagbag.py:588} INFO - Filling up the DagBag from /home/airflow/.local/lib/python3.12/site-packages/airflow/example_dags/example_external_task_marker_dag.py
[2025-04-21T10:55:06.371+0000] {processor.py:925} INFO - DAG(s) 'example_external_task_marker_child', 'example_external_task_marker_parent' retrieved from /home/airflow/.local/lib/python3.12/site-packages/airflow/example_dags/example_external_task_marker_dag.py
[2025-04-21T10:55:06.386+0000] {logging_mixin.py:190} INFO - [2025-04-21T10:55:06.386+0000] {dag.py:3239} INFO - Sync 2 DAGs
[2025-04-21T10:55:06.398+0000] {logging_mixin.py:190} INFO - [2025-04-21T10:55:06.398+0000] {dag.py:4180} INFO - Setting next_dagrun for example_external_task_marker_child to None, run_after=None
[2025-04-21T10:55:06.401+0000] {logging_mixin.py:190} INFO - [2025-04-21T10:55:06.401+0000] {dag.py:4180} INFO - Setting next_dagrun for example_external_task_marker_parent to None, run_after=None
[2025-04-21T10:55:06.413+0000] {processor.py:208} INFO - Processing /home/airflow/.local/lib/python3.12/site-packages/airflow/example_dags/example_external_task_marker_dag.py took 0.054 seconds
[2025-04-21T10:55:36.703+0000] {processor.py:186} INFO - Started process (PID=413) to work on /home/airflow/.local/lib/python3.12/site-packages/airflow/example_dags/example_external_task_marker_dag.py
[2025-04-21T10:55:36.703+0000] {processor.py:914} INFO - Processing file /home/airflow/.local/lib/python3.12/site-packages/airflow/example_dags/example_external_task_marker_dag.py for tasks to queue
[2025-04-21T10:55:36.705+0000] {logging_mixin.py:190} INFO - [2025-04-21T10:55:36.705+0000] {dagbag.py:588} INFO - Filling up the DagBag from /home/airflow/.local/lib/python3.12/site-packages/airflow/example_dags/example_external_task_marker_dag.py
[2025-04-21T10:55:36.712+0000] {processor.py:925} INFO - DAG(s) 'example_external_task_marker_child', 'example_external_task_marker_parent' retrieved from /home/airflow/.local/lib/python3.12/site-packages/airflow/example_dags/example_external_task_marker_dag.py
[2025-04-21T10:55:36.728+0000] {logging_mixin.py:190} INFO - [2025-04-21T10:55:36.728+0000] {dag.py:3239} INFO - Sync 2 DAGs
[2025-04-21T10:55:36.740+0000] {logging_mixin.py:190} INFO - [2025-04-21T10:55:36.739+0000] {dag.py:4180} INFO - Setting next_dagrun for example_external_task_marker_child to None, run_after=None
[2025-04-21T10:55:36.744+0000] {logging_mixin.py:190} INFO - [2025-04-21T10:55:36.743+0000] {dag.py:4180} INFO - Setting next_dagrun for example_external_task_marker_parent to None, run_after=None
[2025-04-21T10:55:36.757+0000] {processor.py:208} INFO - Processing /home/airflow/.local/lib/python3.12/site-packages/airflow/example_dags/example_external_task_marker_dag.py took 0.059 seconds
[2025-04-21T10:56:06.874+0000] {processor.py:186} INFO - Started process (PID=476) to work on /home/airflow/.local/lib/python3.12/site-packages/airflow/example_dags/example_external_task_marker_dag.py
[2025-04-21T10:56:06.875+0000] {processor.py:914} INFO - Processing file /home/airflow/.local/lib/python3.12/site-packages/airflow/example_dags/example_external_task_marker_dag.py for tasks to queue
[2025-04-21T10:56:06.876+0000] {logging_mixin.py:190} INFO - [2025-04-21T10:56:06.876+0000] {dagbag.py:588} INFO - Filling up the DagBag from /home/airflow/.local/lib/python3.12/site-packages/airflow/example_dags/example_external_task_marker_dag.py
[2025-04-21T10:56:06.882+0000] {processor.py:925} INFO - DAG(s) 'example_external_task_marker_child', 'example_external_task_marker_parent' retrieved from /home/airflow/.local/lib/python3.12/site-packages/airflow/example_dags/example_external_task_marker_dag.py
[2025-04-21T10:56:06.899+0000] {logging_mixin.py:190} INFO - [2025-04-21T10:56:06.899+0000] {dag.py:3239} INFO - Sync 2 DAGs
[2025-04-21T10:56:06.911+0000] {logging_mixin.py:190} INFO - [2025-04-21T10:56:06.911+0000] {dag.py:4180} INFO - Setting next_dagrun for example_external_task_marker_child to None, run_after=None
[2025-04-21T10:56:06.914+0000] {logging_mixin.py:190} INFO - [2025-04-21T10:56:06.914+0000] {dag.py:4180} INFO - Setting next_dagrun for example_external_task_marker_parent to None, run_after=None
[2025-04-21T10:56:06.926+0000] {processor.py:208} INFO - Processing /home/airflow/.local/lib/python3.12/site-packages/airflow/example_dags/example_external_task_marker_dag.py took 0.056 seconds
[2025-04-21T10:56:37.063+0000] {processor.py:186} INFO - Started process (PID=538) to work on /home/airflow/.local/lib/python3.12/site-packages/airflow/example_dags/example_external_task_marker_dag.py
[2025-04-21T10:56:37.064+0000] {processor.py:914} INFO - Processing file /home/airflow/.local/lib/python3.12/site-packages/airflow/example_dags/example_external_task_marker_dag.py for tasks to queue
[2025-04-21T10:56:37.065+0000] {logging_mixin.py:190} INFO - [2025-04-21T10:56:37.065+0000] {dagbag.py:588} INFO - Filling up the DagBag from /home/airflow/.local/lib/python3.12/site-packages/airflow/example_dags/example_external_task_marker_dag.py
[2025-04-21T10:56:37.071+0000] {processor.py:925} INFO - DAG(s) 'example_external_task_marker_child', 'example_external_task_marker_parent' retrieved from /home/airflow/.local/lib/python3.12/site-packages/airflow/example_dags/example_external_task_marker_dag.py
[2025-04-21T10:56:37.087+0000] {logging_mixin.py:190} INFO - [2025-04-21T10:56:37.087+0000] {dag.py:3239} INFO - Sync 2 DAGs
[2025-04-21T10:56:37.097+0000] {logging_mixin.py:190} INFO - [2025-04-21T10:56:37.097+0000] {dag.py:4180} INFO - Setting next_dagrun for example_external_task_marker_child to None, run_after=None
[2025-04-21T10:56:37.100+0000] {logging_mixin.py:190} INFO - [2025-04-21T10:56:37.100+0000] {dag.py:4180} INFO - Setting next_dagrun for example_external_task_marker_parent to None, run_after=None
[2025-04-21T10:56:37.113+0000] {processor.py:208} INFO - Processing /home/airflow/.local/lib/python3.12/site-packages/airflow/example_dags/example_external_task_marker_dag.py took 0.054 seconds
[2025-04-21T10:57:07.499+0000] {processor.py:186} INFO - Started process (PID=600) to work on /home/airflow/.local/lib/python3.12/site-packages/airflow/example_dags/example_external_task_marker_dag.py
[2025-04-21T10:57:07.500+0000] {processor.py:914} INFO - Processing file /home/airflow/.local/lib/python3.12/site-packages/airflow/example_dags/example_external_task_marker_dag.py for tasks to queue
[2025-04-21T10:57:07.501+0000] {logging_mixin.py:190} INFO - [2025-04-21T10:57:07.501+0000] {dagbag.py:588} INFO - Filling up the DagBag from /home/airflow/.local/lib/python3.12/site-packages/airflow/example_dags/example_external_task_marker_dag.py
[2025-04-21T10:57:07.507+0000] {processor.py:925} INFO - DAG(s) 'example_external_task_marker_child', 'example_external_task_marker_parent' retrieved from /home/airflow/.local/lib/python3.12/site-packages/airflow/example_dags/example_external_task_marker_dag.py
[2025-04-21T10:57:07.522+0000] {logging_mixin.py:190} INFO - [2025-04-21T10:57:07.522+0000] {dag.py:3239} INFO - Sync 2 DAGs
[2025-04-21T10:57:07.534+0000] {logging_mixin.py:190} INFO - [2025-04-21T10:57:07.534+0000] {dag.py:4180} INFO - Setting next_dagrun for example_external_task_marker_child to None, run_after=None
[2025-04-21T10:57:07.537+0000] {logging_mixin.py:190} INFO - [2025-04-21T10:57:07.537+0000] {dag.py:4180} INFO - Setting next_dagrun for example_external_task_marker_parent to None, run_after=None
[2025-04-21T10:57:07.550+0000] {processor.py:208} INFO - Processing /home/airflow/.local/lib/python3.12/site-packages/airflow/example_dags/example_external_task_marker_dag.py took 0.054 seconds
[2025-04-21T10:57:37.719+0000] {processor.py:186} INFO - Started process (PID=663) to work on /home/airflow/.local/lib/python3.12/site-packages/airflow/example_dags/example_external_task_marker_dag.py
[2025-04-21T10:57:37.720+0000] {processor.py:914} INFO - Processing file /home/airflow/.local/lib/python3.12/site-packages/airflow/example_dags/example_external_task_marker_dag.py for tasks to queue
[2025-04-21T10:57:37.722+0000] {logging_mixin.py:190} INFO - [2025-04-21T10:57:37.722+0000] {dagbag.py:588} INFO - Filling up the DagBag from /home/airflow/.local/lib/python3.12/site-packages/airflow/example_dags/example_external_task_marker_dag.py
[2025-04-21T10:57:37.729+0000] {processor.py:925} INFO - DAG(s) 'example_external_task_marker_child', 'example_external_task_marker_parent' retrieved from /home/airflow/.local/lib/python3.12/site-packages/airflow/example_dags/example_external_task_marker_dag.py
[2025-04-21T10:57:37.750+0000] {logging_mixin.py:190} INFO - [2025-04-21T10:57:37.749+0000] {dag.py:3239} INFO - Sync 2 DAGs
[2025-04-21T10:57:37.763+0000] {logging_mixin.py:190} INFO - [2025-04-21T10:57:37.763+0000] {dag.py:4180} INFO - Setting next_dagrun for example_external_task_marker_child to None, run_after=None
[2025-04-21T10:57:37.768+0000] {logging_mixin.py:190} INFO - [2025-04-21T10:57:37.767+0000] {dag.py:4180} INFO - Setting next_dagrun for example_external_task_marker_parent to None, run_after=None
[2025-04-21T10:57:37.785+0000] {processor.py:208} INFO - Processing /home/airflow/.local/lib/python3.12/site-packages/airflow/example_dags/example_external_task_marker_dag.py took 0.070 seconds
[2025-04-21T10:58:07.902+0000] {processor.py:186} INFO - Started process (PID=726) to work on /home/airflow/.local/lib/python3.12/site-packages/airflow/example_dags/example_external_task_marker_dag.py
[2025-04-21T10:58:07.902+0000] {processor.py:914} INFO - Processing file /home/airflow/.local/lib/python3.12/site-packages/airflow/example_dags/example_external_task_marker_dag.py for tasks to queue
[2025-04-21T10:58:07.904+0000] {logging_mixin.py:190} INFO - [2025-04-21T10:58:07.904+0000] {dagbag.py:588} INFO - Filling up the DagBag from /home/airflow/.local/lib/python3.12/site-packages/airflow/example_dags/example_external_task_marker_dag.py
[2025-04-21T10:58:07.909+0000] {processor.py:925} INFO - DAG(s) 'example_external_task_marker_child', 'example_external_task_marker_parent' retrieved from /home/airflow/.local/lib/python3.12/site-packages/airflow/example_dags/example_external_task_marker_dag.py
[2025-04-21T10:58:07.924+0000] {logging_mixin.py:190} INFO - [2025-04-21T10:58:07.924+0000] {dag.py:3239} INFO - Sync 2 DAGs
[2025-04-21T10:58:07.936+0000] {logging_mixin.py:190} INFO - [2025-04-21T10:58:07.935+0000] {dag.py:4180} INFO - Setting next_dagrun for example_external_task_marker_child to None, run_after=None
[2025-04-21T10:58:07.939+0000] {logging_mixin.py:190} INFO - [2025-04-21T10:58:07.939+0000] {dag.py:4180} INFO - Setting next_dagrun for example_external_task_marker_parent to None, run_after=None
[2025-04-21T10:58:07.953+0000] {processor.py:208} INFO - Processing /home/airflow/.local/lib/python3.12/site-packages/airflow/example_dags/example_external_task_marker_dag.py took 0.055 seconds
[2025-04-21T10:58:38.014+0000] {processor.py:186} INFO - Started process (PID=789) to work on /home/airflow/.local/lib/python3.12/site-packages/airflow/example_dags/example_external_task_marker_dag.py
[2025-04-21T10:58:38.015+0000] {processor.py:914} INFO - Processing file /home/airflow/.local/lib/python3.12/site-packages/airflow/example_dags/example_external_task_marker_dag.py for tasks to queue
[2025-04-21T10:58:38.017+0000] {logging_mixin.py:190} INFO - [2025-04-21T10:58:38.017+0000] {dagbag.py:588} INFO - Filling up the DagBag from /home/airflow/.local/lib/python3.12/site-packages/airflow/example_dags/example_external_task_marker_dag.py
[2025-04-21T10:58:38.023+0000] {processor.py:925} INFO - DAG(s) 'example_external_task_marker_child', 'example_external_task_marker_parent' retrieved from /home/airflow/.local/lib/python3.12/site-packages/airflow/example_dags/example_external_task_marker_dag.py
[2025-04-21T10:58:38.037+0000] {logging_mixin.py:190} INFO - [2025-04-21T10:58:38.037+0000] {dag.py:3239} INFO - Sync 2 DAGs
[2025-04-21T10:58:38.047+0000] {logging_mixin.py:190} INFO - [2025-04-21T10:58:38.047+0000] {dag.py:4180} INFO - Setting next_dagrun for example_external_task_marker_child to None, run_after=None
[2025-04-21T10:58:38.050+0000] {logging_mixin.py:190} INFO - [2025-04-21T10:58:38.050+0000] {dag.py:4180} INFO - Setting next_dagrun for example_external_task_marker_parent to None, run_after=None
[2025-04-21T10:58:38.062+0000] {processor.py:208} INFO - Processing /home/airflow/.local/lib/python3.12/site-packages/airflow/example_dags/example_external_task_marker_dag.py took 0.052 seconds
[2025-04-21T10:59:08.354+0000] {processor.py:186} INFO - Started process (PID=852) to work on /home/airflow/.local/lib/python3.12/site-packages/airflow/example_dags/example_external_task_marker_dag.py
[2025-04-21T10:59:08.354+0000] {processor.py:914} INFO - Processing file /home/airflow/.local/lib/python3.12/site-packages/airflow/example_dags/example_external_task_marker_dag.py for tasks to queue
[2025-04-21T10:59:08.356+0000] {logging_mixin.py:190} INFO - [2025-04-21T10:59:08.356+0000] {dagbag.py:588} INFO - Filling up the DagBag from /home/airflow/.local/lib/python3.12/site-packages/airflow/example_dags/example_external_task_marker_dag.py
[2025-04-21T10:59:08.361+0000] {processor.py:925} INFO - DAG(s) 'example_external_task_marker_child', 'example_external_task_marker_parent' retrieved from /home/airflow/.local/lib/python3.12/site-packages/airflow/example_dags/example_external_task_marker_dag.py
[2025-04-21T10:59:08.378+0000] {logging_mixin.py:190} INFO - [2025-04-21T10:59:08.377+0000] {dag.py:3239} INFO - Sync 2 DAGs
[2025-04-21T10:59:08.389+0000] {logging_mixin.py:190} INFO - [2025-04-21T10:59:08.389+0000] {dag.py:4180} INFO - Setting next_dagrun for example_external_task_marker_child to None, run_after=None
[2025-04-21T10:59:08.392+0000] {logging_mixin.py:190} INFO - [2025-04-21T10:59:08.391+0000] {dag.py:4180} INFO - Setting next_dagrun for example_external_task_marker_parent to None, run_after=None
[2025-04-21T10:59:08.405+0000] {processor.py:208} INFO - Processing /home/airflow/.local/lib/python3.12/site-packages/airflow/example_dags/example_external_task_marker_dag.py took 0.055 seconds
[2025-04-21T10:59:38.872+0000] {processor.py:186} INFO - Started process (PID=915) to work on /home/airflow/.local/lib/python3.12/site-packages/airflow/example_dags/example_external_task_marker_dag.py
[2025-04-21T10:59:38.873+0000] {processor.py:914} INFO - Processing file /home/airflow/.local/lib/python3.12/site-packages/airflow/example_dags/example_external_task_marker_dag.py for tasks to queue
[2025-04-21T10:59:38.875+0000] {logging_mixin.py:190} INFO - [2025-04-21T10:59:38.874+0000] {dagbag.py:588} INFO - Filling up the DagBag from /home/airflow/.local/lib/python3.12/site-packages/airflow/example_dags/example_external_task_marker_dag.py
[2025-04-21T10:59:38.880+0000] {processor.py:925} INFO - DAG(s) 'example_external_task_marker_parent', 'example_external_task_marker_child' retrieved from /home/airflow/.local/lib/python3.12/site-packages/airflow/example_dags/example_external_task_marker_dag.py
[2025-04-21T10:59:38.898+0000] {logging_mixin.py:190} INFO - [2025-04-21T10:59:38.897+0000] {dag.py:3239} INFO - Sync 2 DAGs
[2025-04-21T10:59:38.909+0000] {logging_mixin.py:190} INFO - [2025-04-21T10:59:38.909+0000] {dag.py:4180} INFO - Setting next_dagrun for example_external_task_marker_child to None, run_after=None
[2025-04-21T10:59:38.912+0000] {logging_mixin.py:190} INFO - [2025-04-21T10:59:38.911+0000] {dag.py:4180} INFO - Setting next_dagrun for example_external_task_marker_parent to None, run_after=None
[2025-04-21T10:59:38.927+0000] {processor.py:208} INFO - Processing /home/airflow/.local/lib/python3.12/site-packages/airflow/example_dags/example_external_task_marker_dag.py took 0.058 seconds
[2025-04-21T11:00:09.144+0000] {processor.py:186} INFO - Started process (PID=978) to work on /home/airflow/.local/lib/python3.12/site-packages/airflow/example_dags/example_external_task_marker_dag.py
[2025-04-21T11:00:09.145+0000] {processor.py:914} INFO - Processing file /home/airflow/.local/lib/python3.12/site-packages/airflow/example_dags/example_external_task_marker_dag.py for tasks to queue
[2025-04-21T11:00:09.147+0000] {logging_mixin.py:190} INFO - [2025-04-21T11:00:09.146+0000] {dagbag.py:588} INFO - Filling up the DagBag from /home/airflow/.local/lib/python3.12/site-packages/airflow/example_dags/example_external_task_marker_dag.py
[2025-04-21T11:00:09.152+0000] {processor.py:925} INFO - DAG(s) 'example_external_task_marker_child', 'example_external_task_marker_parent' retrieved from /home/airflow/.local/lib/python3.12/site-packages/airflow/example_dags/example_external_task_marker_dag.py
[2025-04-21T11:00:09.169+0000] {logging_mixin.py:190} INFO - [2025-04-21T11:00:09.169+0000] {dag.py:3239} INFO - Sync 2 DAGs
[2025-04-21T11:00:09.181+0000] {logging_mixin.py:190} INFO - [2025-04-21T11:00:09.181+0000] {dag.py:4180} INFO - Setting next_dagrun for example_external_task_marker_child to None, run_after=None
[2025-04-21T11:00:09.185+0000] {logging_mixin.py:190} INFO - [2025-04-21T11:00:09.184+0000] {dag.py:4180} INFO - Setting next_dagrun for example_external_task_marker_parent to None, run_after=None
[2025-04-21T11:00:09.198+0000] {processor.py:208} INFO - Processing /home/airflow/.local/lib/python3.12/site-packages/airflow/example_dags/example_external_task_marker_dag.py took 0.058 seconds
[2025-04-21T11:00:39.720+0000] {processor.py:186} INFO - Started process (PID=1041) to work on /home/airflow/.local/lib/python3.12/site-packages/airflow/example_dags/example_external_task_marker_dag.py
[2025-04-21T11:00:39.721+0000] {processor.py:914} INFO - Processing file /home/airflow/.local/lib/python3.12/site-packages/airflow/example_dags/example_external_task_marker_dag.py for tasks to queue
[2025-04-21T11:00:39.723+0000] {logging_mixin.py:190} INFO - [2025-04-21T11:00:39.722+0000] {dagbag.py:588} INFO - Filling up the DagBag from /home/airflow/.local/lib/python3.12/site-packages/airflow/example_dags/example_external_task_marker_dag.py
[2025-04-21T11:00:39.729+0000] {processor.py:925} INFO - DAG(s) 'example_external_task_marker_child', 'example_external_task_marker_parent' retrieved from /home/airflow/.local/lib/python3.12/site-packages/airflow/example_dags/example_external_task_marker_dag.py
[2025-04-21T11:00:39.747+0000] {logging_mixin.py:190} INFO - [2025-04-21T11:00:39.747+0000] {dag.py:3239} INFO - Sync 2 DAGs
[2025-04-21T11:00:39.759+0000] {logging_mixin.py:190} INFO - [2025-04-21T11:00:39.759+0000] {dag.py:4180} INFO - Setting next_dagrun for example_external_task_marker_child to None, run_after=None
[2025-04-21T11:00:39.762+0000] {logging_mixin.py:190} INFO - [2025-04-21T11:00:39.762+0000] {dag.py:4180} INFO - Setting next_dagrun for example_external_task_marker_parent to None, run_after=None
[2025-04-21T11:00:39.775+0000] {processor.py:208} INFO - Processing /home/airflow/.local/lib/python3.12/site-packages/airflow/example_dags/example_external_task_marker_dag.py took 0.059 seconds
[2025-04-21T11:01:10.314+0000] {processor.py:186} INFO - Started process (PID=1104) to work on /home/airflow/.local/lib/python3.12/site-packages/airflow/example_dags/example_external_task_marker_dag.py
[2025-04-21T11:01:10.314+0000] {processor.py:914} INFO - Processing file /home/airflow/.local/lib/python3.12/site-packages/airflow/example_dags/example_external_task_marker_dag.py for tasks to queue
[2025-04-21T11:01:10.316+0000] {logging_mixin.py:190} INFO - [2025-04-21T11:01:10.316+0000] {dagbag.py:588} INFO - Filling up the DagBag from /home/airflow/.local/lib/python3.12/site-packages/airflow/example_dags/example_external_task_marker_dag.py
[2025-04-21T11:01:10.323+0000] {processor.py:925} INFO - DAG(s) 'example_external_task_marker_parent', 'example_external_task_marker_child' retrieved from /home/airflow/.local/lib/python3.12/site-packages/airflow/example_dags/example_external_task_marker_dag.py
[2025-04-21T11:01:10.345+0000] {logging_mixin.py:190} INFO - [2025-04-21T11:01:10.345+0000] {dag.py:3239} INFO - Sync 2 DAGs
[2025-04-21T11:01:10.358+0000] {logging_mixin.py:190} INFO - [2025-04-21T11:01:10.358+0000] {dag.py:4180} INFO - Setting next_dagrun for example_external_task_marker_child to None, run_after=None
[2025-04-21T11:01:10.362+0000] {logging_mixin.py:190} INFO - [2025-04-21T11:01:10.362+0000] {dag.py:4180} INFO - Setting next_dagrun for example_external_task_marker_parent to None, run_after=None
[2025-04-21T11:01:10.378+0000] {processor.py:208} INFO - Processing /home/airflow/.local/lib/python3.12/site-packages/airflow/example_dags/example_external_task_marker_dag.py took 0.069 seconds
[2025-04-21T11:01:40.718+0000] {processor.py:186} INFO - Started process (PID=1167) to work on /home/airflow/.local/lib/python3.12/site-packages/airflow/example_dags/example_external_task_marker_dag.py
[2025-04-21T11:01:40.719+0000] {processor.py:914} INFO - Processing file /home/airflow/.local/lib/python3.12/site-packages/airflow/example_dags/example_external_task_marker_dag.py for tasks to queue
[2025-04-21T11:01:40.721+0000] {logging_mixin.py:190} INFO - [2025-04-21T11:01:40.721+0000] {dagbag.py:588} INFO - Filling up the DagBag from /home/airflow/.local/lib/python3.12/site-packages/airflow/example_dags/example_external_task_marker_dag.py
[2025-04-21T11:01:40.727+0000] {processor.py:925} INFO - DAG(s) 'example_external_task_marker_child', 'example_external_task_marker_parent' retrieved from /home/airflow/.local/lib/python3.12/site-packages/airflow/example_dags/example_external_task_marker_dag.py
[2025-04-21T11:01:40.746+0000] {logging_mixin.py:190} INFO - [2025-04-21T11:01:40.746+0000] {dag.py:3239} INFO - Sync 2 DAGs
[2025-04-21T11:01:40.757+0000] {logging_mixin.py:190} INFO - [2025-04-21T11:01:40.757+0000] {dag.py:4180} INFO - Setting next_dagrun for example_external_task_marker_child to None, run_after=None
[2025-04-21T11:01:40.760+0000] {logging_mixin.py:190} INFO - [2025-04-21T11:01:40.760+0000] {dag.py:4180} INFO - Setting next_dagrun for example_external_task_marker_parent to None, run_after=None
[2025-04-21T11:01:40.775+0000] {processor.py:208} INFO - Processing /home/airflow/.local/lib/python3.12/site-packages/airflow/example_dags/example_external_task_marker_dag.py took 0.060 seconds
[2025-04-21T11:02:11.003+0000] {processor.py:186} INFO - Started process (PID=1230) to work on /home/airflow/.local/lib/python3.12/site-packages/airflow/example_dags/example_external_task_marker_dag.py
[2025-04-21T11:02:11.004+0000] {processor.py:914} INFO - Processing file /home/airflow/.local/lib/python3.12/site-packages/airflow/example_dags/example_external_task_marker_dag.py for tasks to queue
[2025-04-21T11:02:11.006+0000] {logging_mixin.py:190} INFO - [2025-04-21T11:02:11.006+0000] {dagbag.py:588} INFO - Filling up the DagBag from /home/airflow/.local/lib/python3.12/site-packages/airflow/example_dags/example_external_task_marker_dag.py
[2025-04-21T11:02:11.012+0000] {processor.py:925} INFO - DAG(s) 'example_external_task_marker_parent', 'example_external_task_marker_child' retrieved from /home/airflow/.local/lib/python3.12/site-packages/airflow/example_dags/example_external_task_marker_dag.py
[2025-04-21T11:02:11.029+0000] {logging_mixin.py:190} INFO - [2025-04-21T11:02:11.028+0000] {dag.py:3239} INFO - Sync 2 DAGs
[2025-04-21T11:02:11.040+0000] {logging_mixin.py:190} INFO - [2025-04-21T11:02:11.040+0000] {dag.py:4180} INFO - Setting next_dagrun for example_external_task_marker_child to None, run_after=None
[2025-04-21T11:02:11.043+0000] {logging_mixin.py:190} INFO - [2025-04-21T11:02:11.043+0000] {dag.py:4180} INFO - Setting next_dagrun for example_external_task_marker_parent to None, run_after=None
[2025-04-21T11:02:11.057+0000] {processor.py:208} INFO - Processing /home/airflow/.local/lib/python3.12/site-packages/airflow/example_dags/example_external_task_marker_dag.py took 0.057 seconds
[2025-04-21T11:02:41.406+0000] {processor.py:186} INFO - Started process (PID=1293) to work on /home/airflow/.local/lib/python3.12/site-packages/airflow/example_dags/example_external_task_marker_dag.py
[2025-04-21T11:02:41.407+0000] {processor.py:914} INFO - Processing file /home/airflow/.local/lib/python3.12/site-packages/airflow/example_dags/example_external_task_marker_dag.py for tasks to queue
[2025-04-21T11:02:41.409+0000] {logging_mixin.py:190} INFO - [2025-04-21T11:02:41.408+0000] {dagbag.py:588} INFO - Filling up the DagBag from /home/airflow/.local/lib/python3.12/site-packages/airflow/example_dags/example_external_task_marker_dag.py
[2025-04-21T11:02:41.415+0000] {processor.py:925} INFO - DAG(s) 'example_external_task_marker_parent', 'example_external_task_marker_child' retrieved from /home/airflow/.local/lib/python3.12/site-packages/airflow/example_dags/example_external_task_marker_dag.py
[2025-04-21T11:02:41.434+0000] {logging_mixin.py:190} INFO - [2025-04-21T11:02:41.434+0000] {dag.py:3239} INFO - Sync 2 DAGs
[2025-04-21T11:02:41.447+0000] {logging_mixin.py:190} INFO - [2025-04-21T11:02:41.447+0000] {dag.py:4180} INFO - Setting next_dagrun for example_external_task_marker_child to None, run_after=None
[2025-04-21T11:02:41.451+0000] {logging_mixin.py:190} INFO - [2025-04-21T11:02:41.451+0000] {dag.py:4180} INFO - Setting next_dagrun for example_external_task_marker_parent to None, run_after=None
[2025-04-21T11:02:41.465+0000] {processor.py:208} INFO - Processing /home/airflow/.local/lib/python3.12/site-packages/airflow/example_dags/example_external_task_marker_dag.py took 0.062 seconds
[2025-04-21T11:03:11.764+0000] {processor.py:186} INFO - Started process (PID=1356) to work on /home/airflow/.local/lib/python3.12/site-packages/airflow/example_dags/example_external_task_marker_dag.py
[2025-04-21T11:03:11.765+0000] {processor.py:914} INFO - Processing file /home/airflow/.local/lib/python3.12/site-packages/airflow/example_dags/example_external_task_marker_dag.py for tasks to queue
[2025-04-21T11:03:11.767+0000] {logging_mixin.py:190} INFO - [2025-04-21T11:03:11.767+0000] {dagbag.py:588} INFO - Filling up the DagBag from /home/airflow/.local/lib/python3.12/site-packages/airflow/example_dags/example_external_task_marker_dag.py
[2025-04-21T11:03:11.774+0000] {processor.py:925} INFO - DAG(s) 'example_external_task_marker_parent', 'example_external_task_marker_child' retrieved from /home/airflow/.local/lib/python3.12/site-packages/airflow/example_dags/example_external_task_marker_dag.py
[2025-04-21T11:03:11.793+0000] {logging_mixin.py:190} INFO - [2025-04-21T11:03:11.793+0000] {dag.py:3239} INFO - Sync 2 DAGs
[2025-04-21T11:03:11.806+0000] {logging_mixin.py:190} INFO - [2025-04-21T11:03:11.805+0000] {dag.py:4180} INFO - Setting next_dagrun for example_external_task_marker_child to None, run_after=None
[2025-04-21T11:03:11.810+0000] {logging_mixin.py:190} INFO - [2025-04-21T11:03:11.809+0000] {dag.py:4180} INFO - Setting next_dagrun for example_external_task_marker_parent to None, run_after=None
[2025-04-21T11:03:11.823+0000] {processor.py:208} INFO - Processing /home/airflow/.local/lib/python3.12/site-packages/airflow/example_dags/example_external_task_marker_dag.py took 0.063 seconds
[2025-04-21T11:03:42.761+0000] {processor.py:186} INFO - Started process (PID=1419) to work on /home/airflow/.local/lib/python3.12/site-packages/airflow/example_dags/example_external_task_marker_dag.py
[2025-04-21T11:03:42.762+0000] {processor.py:914} INFO - Processing file /home/airflow/.local/lib/python3.12/site-packages/airflow/example_dags/example_external_task_marker_dag.py for tasks to queue
[2025-04-21T11:03:42.764+0000] {logging_mixin.py:190} INFO - [2025-04-21T11:03:42.764+0000] {dagbag.py:588} INFO - Filling up the DagBag from /home/airflow/.local/lib/python3.12/site-packages/airflow/example_dags/example_external_task_marker_dag.py
[2025-04-21T11:03:42.770+0000] {processor.py:925} INFO - DAG(s) 'example_external_task_marker_child', 'example_external_task_marker_parent' retrieved from /home/airflow/.local/lib/python3.12/site-packages/airflow/example_dags/example_external_task_marker_dag.py
[2025-04-21T11:03:42.789+0000] {logging_mixin.py:190} INFO - [2025-04-21T11:03:42.789+0000] {dag.py:3239} INFO - Sync 2 DAGs
[2025-04-21T11:03:42.801+0000] {logging_mixin.py:190} INFO - [2025-04-21T11:03:42.801+0000] {dag.py:4180} INFO - Setting next_dagrun for example_external_task_marker_child to None, run_after=None
[2025-04-21T11:03:42.804+0000] {logging_mixin.py:190} INFO - [2025-04-21T11:03:42.804+0000] {dag.py:4180} INFO - Setting next_dagrun for example_external_task_marker_parent to None, run_after=None
[2025-04-21T11:03:42.819+0000] {processor.py:208} INFO - Processing /home/airflow/.local/lib/python3.12/site-packages/airflow/example_dags/example_external_task_marker_dag.py took 0.063 seconds
[2025-04-21T11:04:13.431+0000] {processor.py:186} INFO - Started process (PID=1482) to work on /home/airflow/.local/lib/python3.12/site-packages/airflow/example_dags/example_external_task_marker_dag.py
[2025-04-21T11:04:13.431+0000] {processor.py:914} INFO - Processing file /home/airflow/.local/lib/python3.12/site-packages/airflow/example_dags/example_external_task_marker_dag.py for tasks to queue
[2025-04-21T11:04:13.433+0000] {logging_mixin.py:190} INFO - [2025-04-21T11:04:13.433+0000] {dagbag.py:588} INFO - Filling up the DagBag from /home/airflow/.local/lib/python3.12/site-packages/airflow/example_dags/example_external_task_marker_dag.py
[2025-04-21T11:04:13.440+0000] {processor.py:925} INFO - DAG(s) 'example_external_task_marker_parent', 'example_external_task_marker_child' retrieved from /home/airflow/.local/lib/python3.12/site-packages/airflow/example_dags/example_external_task_marker_dag.py
[2025-04-21T11:04:13.460+0000] {logging_mixin.py:190} INFO - [2025-04-21T11:04:13.460+0000] {dag.py:3239} INFO - Sync 2 DAGs
[2025-04-21T11:04:13.473+0000] {logging_mixin.py:190} INFO - [2025-04-21T11:04:13.473+0000] {dag.py:4180} INFO - Setting next_dagrun for example_external_task_marker_child to None, run_after=None
[2025-04-21T11:04:13.477+0000] {logging_mixin.py:190} INFO - [2025-04-21T11:04:13.477+0000] {dag.py:4180} INFO - Setting next_dagrun for example_external_task_marker_parent to None, run_after=None
[2025-04-21T11:04:13.492+0000] {processor.py:208} INFO - Processing /home/airflow/.local/lib/python3.12/site-packages/airflow/example_dags/example_external_task_marker_dag.py took 0.066 seconds
[2025-04-21T11:04:44.166+0000] {processor.py:186} INFO - Started process (PID=1545) to work on /home/airflow/.local/lib/python3.12/site-packages/airflow/example_dags/example_external_task_marker_dag.py
[2025-04-21T11:04:44.167+0000] {processor.py:914} INFO - Processing file /home/airflow/.local/lib/python3.12/site-packages/airflow/example_dags/example_external_task_marker_dag.py for tasks to queue
[2025-04-21T11:04:44.169+0000] {logging_mixin.py:190} INFO - [2025-04-21T11:04:44.169+0000] {dagbag.py:588} INFO - Filling up the DagBag from /home/airflow/.local/lib/python3.12/site-packages/airflow/example_dags/example_external_task_marker_dag.py
[2025-04-21T11:04:44.176+0000] {processor.py:925} INFO - DAG(s) 'example_external_task_marker_child', 'example_external_task_marker_parent' retrieved from /home/airflow/.local/lib/python3.12/site-packages/airflow/example_dags/example_external_task_marker_dag.py
[2025-04-21T11:04:44.195+0000] {logging_mixin.py:190} INFO - [2025-04-21T11:04:44.195+0000] {dag.py:3239} INFO - Sync 2 DAGs
[2025-04-21T11:04:44.208+0000] {logging_mixin.py:190} INFO - [2025-04-21T11:04:44.207+0000] {dag.py:4180} INFO - Setting next_dagrun for example_external_task_marker_child to None, run_after=None
[2025-04-21T11:04:44.211+0000] {logging_mixin.py:190} INFO - [2025-04-21T11:04:44.211+0000] {dag.py:4180} INFO - Setting next_dagrun for example_external_task_marker_parent to None, run_after=None
[2025-04-21T11:04:44.226+0000] {processor.py:208} INFO - Processing /home/airflow/.local/lib/python3.12/site-packages/airflow/example_dags/example_external_task_marker_dag.py took 0.065 seconds
[2025-04-21T11:05:14.734+0000] {processor.py:186} INFO - Started process (PID=1608) to work on /home/airflow/.local/lib/python3.12/site-packages/airflow/example_dags/example_external_task_marker_dag.py
[2025-04-21T11:05:14.735+0000] {processor.py:914} INFO - Processing file /home/airflow/.local/lib/python3.12/site-packages/airflow/example_dags/example_external_task_marker_dag.py for tasks to queue
[2025-04-21T11:05:14.737+0000] {logging_mixin.py:190} INFO - [2025-04-21T11:05:14.736+0000] {dagbag.py:588} INFO - Filling up the DagBag from /home/airflow/.local/lib/python3.12/site-packages/airflow/example_dags/example_external_task_marker_dag.py
[2025-04-21T11:05:14.743+0000] {processor.py:925} INFO - DAG(s) 'example_external_task_marker_parent', 'example_external_task_marker_child' retrieved from /home/airflow/.local/lib/python3.12/site-packages/airflow/example_dags/example_external_task_marker_dag.py
[2025-04-21T11:05:14.761+0000] {logging_mixin.py:190} INFO - [2025-04-21T11:05:14.761+0000] {dag.py:3239} INFO - Sync 2 DAGs
[2025-04-21T11:05:14.773+0000] {logging_mixin.py:190} INFO - [2025-04-21T11:05:14.773+0000] {dag.py:4180} INFO - Setting next_dagrun for example_external_task_marker_child to None, run_after=None
[2025-04-21T11:05:14.776+0000] {logging_mixin.py:190} INFO - [2025-04-21T11:05:14.776+0000] {dag.py:4180} INFO - Setting next_dagrun for example_external_task_marker_parent to None, run_after=None
[2025-04-21T11:05:14.788+0000] {processor.py:208} INFO - Processing /home/airflow/.local/lib/python3.12/site-packages/airflow/example_dags/example_external_task_marker_dag.py took 0.058 seconds
[2025-04-21T11:05:45.429+0000] {processor.py:186} INFO - Started process (PID=1671) to work on /home/airflow/.local/lib/python3.12/site-packages/airflow/example_dags/example_external_task_marker_dag.py
[2025-04-21T11:05:45.430+0000] {processor.py:914} INFO - Processing file /home/airflow/.local/lib/python3.12/site-packages/airflow/example_dags/example_external_task_marker_dag.py for tasks to queue
[2025-04-21T11:05:45.431+0000] {logging_mixin.py:190} INFO - [2025-04-21T11:05:45.431+0000] {dagbag.py:588} INFO - Filling up the DagBag from /home/airflow/.local/lib/python3.12/site-packages/airflow/example_dags/example_external_task_marker_dag.py
[2025-04-21T11:05:45.438+0000] {processor.py:925} INFO - DAG(s) 'example_external_task_marker_child', 'example_external_task_marker_parent' retrieved from /home/airflow/.local/lib/python3.12/site-packages/airflow/example_dags/example_external_task_marker_dag.py
[2025-04-21T11:05:45.454+0000] {logging_mixin.py:190} INFO - [2025-04-21T11:05:45.454+0000] {dag.py:3239} INFO - Sync 2 DAGs
[2025-04-21T11:05:45.466+0000] {logging_mixin.py:190} INFO - [2025-04-21T11:05:45.466+0000] {dag.py:4180} INFO - Setting next_dagrun for example_external_task_marker_child to None, run_after=None
[2025-04-21T11:05:45.469+0000] {logging_mixin.py:190} INFO - [2025-04-21T11:05:45.469+0000] {dag.py:4180} INFO - Setting next_dagrun for example_external_task_marker_parent to None, run_after=None
[2025-04-21T11:05:45.482+0000] {processor.py:208} INFO - Processing /home/airflow/.local/lib/python3.12/site-packages/airflow/example_dags/example_external_task_marker_dag.py took 0.057 seconds
[2025-04-21T11:06:15.917+0000] {processor.py:186} INFO - Started process (PID=1734) to work on /home/airflow/.local/lib/python3.12/site-packages/airflow/example_dags/example_external_task_marker_dag.py
[2025-04-21T11:06:15.918+0000] {processor.py:914} INFO - Processing file /home/airflow/.local/lib/python3.12/site-packages/airflow/example_dags/example_external_task_marker_dag.py for tasks to queue
[2025-04-21T11:06:15.920+0000] {logging_mixin.py:190} INFO - [2025-04-21T11:06:15.920+0000] {dagbag.py:588} INFO - Filling up the DagBag from /home/airflow/.local/lib/python3.12/site-packages/airflow/example_dags/example_external_task_marker_dag.py
[2025-04-21T11:06:15.926+0000] {processor.py:925} INFO - DAG(s) 'example_external_task_marker_child', 'example_external_task_marker_parent' retrieved from /home/airflow/.local/lib/python3.12/site-packages/airflow/example_dags/example_external_task_marker_dag.py
[2025-04-21T11:06:15.943+0000] {logging_mixin.py:190} INFO - [2025-04-21T11:06:15.943+0000] {dag.py:3239} INFO - Sync 2 DAGs
[2025-04-21T11:06:15.956+0000] {logging_mixin.py:190} INFO - [2025-04-21T11:06:15.955+0000] {dag.py:4180} INFO - Setting next_dagrun for example_external_task_marker_child to None, run_after=None
[2025-04-21T11:06:15.959+0000] {logging_mixin.py:190} INFO - [2025-04-21T11:06:15.959+0000] {dag.py:4180} INFO - Setting next_dagrun for example_external_task_marker_parent to None, run_after=None
[2025-04-21T11:06:15.971+0000] {processor.py:208} INFO - Processing /home/airflow/.local/lib/python3.12/site-packages/airflow/example_dags/example_external_task_marker_dag.py took 0.058 seconds
[2025-04-21T11:06:46.392+0000] {processor.py:186} INFO - Started process (PID=1797) to work on /home/airflow/.local/lib/python3.12/site-packages/airflow/example_dags/example_external_task_marker_dag.py
[2025-04-21T11:06:46.393+0000] {processor.py:914} INFO - Processing file /home/airflow/.local/lib/python3.12/site-packages/airflow/example_dags/example_external_task_marker_dag.py for tasks to queue
[2025-04-21T11:06:46.395+0000] {logging_mixin.py:190} INFO - [2025-04-21T11:06:46.395+0000] {dagbag.py:588} INFO - Filling up the DagBag from /home/airflow/.local/lib/python3.12/site-packages/airflow/example_dags/example_external_task_marker_dag.py
[2025-04-21T11:06:46.402+0000] {processor.py:925} INFO - DAG(s) 'example_external_task_marker_child', 'example_external_task_marker_parent' retrieved from /home/airflow/.local/lib/python3.12/site-packages/airflow/example_dags/example_external_task_marker_dag.py
[2025-04-21T11:06:46.420+0000] {logging_mixin.py:190} INFO - [2025-04-21T11:06:46.420+0000] {dag.py:3239} INFO - Sync 2 DAGs
[2025-04-21T11:06:46.432+0000] {logging_mixin.py:190} INFO - [2025-04-21T11:06:46.432+0000] {dag.py:4180} INFO - Setting next_dagrun for example_external_task_marker_child to None, run_after=None
[2025-04-21T11:06:46.435+0000] {logging_mixin.py:190} INFO - [2025-04-21T11:06:46.435+0000] {dag.py:4180} INFO - Setting next_dagrun for example_external_task_marker_parent to None, run_after=None
[2025-04-21T11:06:46.448+0000] {processor.py:208} INFO - Processing /home/airflow/.local/lib/python3.12/site-packages/airflow/example_dags/example_external_task_marker_dag.py took 0.060 seconds
[2025-04-21T11:07:16.538+0000] {processor.py:186} INFO - Started process (PID=1860) to work on /home/airflow/.local/lib/python3.12/site-packages/airflow/example_dags/example_external_task_marker_dag.py
[2025-04-21T11:07:16.539+0000] {processor.py:914} INFO - Processing file /home/airflow/.local/lib/python3.12/site-packages/airflow/example_dags/example_external_task_marker_dag.py for tasks to queue
[2025-04-21T11:07:16.541+0000] {logging_mixin.py:190} INFO - [2025-04-21T11:07:16.540+0000] {dagbag.py:588} INFO - Filling up the DagBag from /home/airflow/.local/lib/python3.12/site-packages/airflow/example_dags/example_external_task_marker_dag.py
[2025-04-21T11:07:16.547+0000] {processor.py:925} INFO - DAG(s) 'example_external_task_marker_child', 'example_external_task_marker_parent' retrieved from /home/airflow/.local/lib/python3.12/site-packages/airflow/example_dags/example_external_task_marker_dag.py
[2025-04-21T11:07:16.563+0000] {logging_mixin.py:190} INFO - [2025-04-21T11:07:16.563+0000] {dag.py:3239} INFO - Sync 2 DAGs
[2025-04-21T11:07:16.573+0000] {logging_mixin.py:190} INFO - [2025-04-21T11:07:16.573+0000] {dag.py:4180} INFO - Setting next_dagrun for example_external_task_marker_child to None, run_after=None
[2025-04-21T11:07:16.576+0000] {logging_mixin.py:190} INFO - [2025-04-21T11:07:16.576+0000] {dag.py:4180} INFO - Setting next_dagrun for example_external_task_marker_parent to None, run_after=None
[2025-04-21T11:07:16.589+0000] {processor.py:208} INFO - Processing /home/airflow/.local/lib/python3.12/site-packages/airflow/example_dags/example_external_task_marker_dag.py took 0.055 seconds
[2025-04-21T11:07:46.722+0000] {processor.py:186} INFO - Started process (PID=1923) to work on /home/airflow/.local/lib/python3.12/site-packages/airflow/example_dags/example_external_task_marker_dag.py
[2025-04-21T11:07:46.722+0000] {processor.py:914} INFO - Processing file /home/airflow/.local/lib/python3.12/site-packages/airflow/example_dags/example_external_task_marker_dag.py for tasks to queue
[2025-04-21T11:07:46.724+0000] {logging_mixin.py:190} INFO - [2025-04-21T11:07:46.723+0000] {dagbag.py:588} INFO - Filling up the DagBag from /home/airflow/.local/lib/python3.12/site-packages/airflow/example_dags/example_external_task_marker_dag.py
[2025-04-21T11:07:46.731+0000] {processor.py:925} INFO - DAG(s) 'example_external_task_marker_child', 'example_external_task_marker_parent' retrieved from /home/airflow/.local/lib/python3.12/site-packages/airflow/example_dags/example_external_task_marker_dag.py
[2025-04-21T11:07:46.747+0000] {logging_mixin.py:190} INFO - [2025-04-21T11:07:46.746+0000] {dag.py:3239} INFO - Sync 2 DAGs
[2025-04-21T11:07:46.759+0000] {logging_mixin.py:190} INFO - [2025-04-21T11:07:46.759+0000] {dag.py:4180} INFO - Setting next_dagrun for example_external_task_marker_child to None, run_after=None
[2025-04-21T11:07:46.762+0000] {logging_mixin.py:190} INFO - [2025-04-21T11:07:46.762+0000] {dag.py:4180} INFO - Setting next_dagrun for example_external_task_marker_parent to None, run_after=None
[2025-04-21T11:07:46.775+0000] {processor.py:208} INFO - Processing /home/airflow/.local/lib/python3.12/site-packages/airflow/example_dags/example_external_task_marker_dag.py took 0.058 seconds
[2025-04-21T11:08:17.531+0000] {processor.py:186} INFO - Started process (PID=1986) to work on /home/airflow/.local/lib/python3.12/site-packages/airflow/example_dags/example_external_task_marker_dag.py
[2025-04-21T11:08:17.532+0000] {processor.py:914} INFO - Processing file /home/airflow/.local/lib/python3.12/site-packages/airflow/example_dags/example_external_task_marker_dag.py for tasks to queue
[2025-04-21T11:08:17.534+0000] {logging_mixin.py:190} INFO - [2025-04-21T11:08:17.534+0000] {dagbag.py:588} INFO - Filling up the DagBag from /home/airflow/.local/lib/python3.12/site-packages/airflow/example_dags/example_external_task_marker_dag.py
[2025-04-21T11:08:17.540+0000] {processor.py:925} INFO - DAG(s) 'example_external_task_marker_parent', 'example_external_task_marker_child' retrieved from /home/airflow/.local/lib/python3.12/site-packages/airflow/example_dags/example_external_task_marker_dag.py
[2025-04-21T11:08:17.558+0000] {logging_mixin.py:190} INFO - [2025-04-21T11:08:17.558+0000] {dag.py:3239} INFO - Sync 2 DAGs
[2025-04-21T11:08:17.569+0000] {logging_mixin.py:190} INFO - [2025-04-21T11:08:17.569+0000] {dag.py:4180} INFO - Setting next_dagrun for example_external_task_marker_child to None, run_after=None
[2025-04-21T11:08:17.572+0000] {logging_mixin.py:190} INFO - [2025-04-21T11:08:17.572+0000] {dag.py:4180} INFO - Setting next_dagrun for example_external_task_marker_parent to None, run_after=None
[2025-04-21T11:08:17.585+0000] {processor.py:208} INFO - Processing /home/airflow/.local/lib/python3.12/site-packages/airflow/example_dags/example_external_task_marker_dag.py took 0.058 seconds
[2025-04-21T11:08:48.142+0000] {processor.py:186} INFO - Started process (PID=2049) to work on /home/airflow/.local/lib/python3.12/site-packages/airflow/example_dags/example_external_task_marker_dag.py
[2025-04-21T11:08:48.143+0000] {processor.py:914} INFO - Processing file /home/airflow/.local/lib/python3.12/site-packages/airflow/example_dags/example_external_task_marker_dag.py for tasks to queue
[2025-04-21T11:08:48.145+0000] {logging_mixin.py:190} INFO - [2025-04-21T11:08:48.144+0000] {dagbag.py:588} INFO - Filling up the DagBag from /home/airflow/.local/lib/python3.12/site-packages/airflow/example_dags/example_external_task_marker_dag.py
[2025-04-21T11:08:48.150+0000] {processor.py:925} INFO - DAG(s) 'example_external_task_marker_child', 'example_external_task_marker_parent' retrieved from /home/airflow/.local/lib/python3.12/site-packages/airflow/example_dags/example_external_task_marker_dag.py
[2025-04-21T11:08:48.172+0000] {logging_mixin.py:190} INFO - [2025-04-21T11:08:48.172+0000] {dag.py:3239} INFO - Sync 2 DAGs
[2025-04-21T11:08:48.183+0000] {logging_mixin.py:190} INFO - [2025-04-21T11:08:48.182+0000] {dag.py:4180} INFO - Setting next_dagrun for example_external_task_marker_child to None, run_after=None
[2025-04-21T11:08:48.186+0000] {logging_mixin.py:190} INFO - [2025-04-21T11:08:48.186+0000] {dag.py:4180} INFO - Setting next_dagrun for example_external_task_marker_parent to None, run_after=None
[2025-04-21T11:08:48.198+0000] {processor.py:208} INFO - Processing /home/airflow/.local/lib/python3.12/site-packages/airflow/example_dags/example_external_task_marker_dag.py took 0.061 seconds
[2025-04-21T11:09:19.037+0000] {processor.py:186} INFO - Started process (PID=2112) to work on /home/airflow/.local/lib/python3.12/site-packages/airflow/example_dags/example_external_task_marker_dag.py
[2025-04-21T11:09:19.037+0000] {processor.py:914} INFO - Processing file /home/airflow/.local/lib/python3.12/site-packages/airflow/example_dags/example_external_task_marker_dag.py for tasks to queue
[2025-04-21T11:09:19.039+0000] {logging_mixin.py:190} INFO - [2025-04-21T11:09:19.039+0000] {dagbag.py:588} INFO - Filling up the DagBag from /home/airflow/.local/lib/python3.12/site-packages/airflow/example_dags/example_external_task_marker_dag.py
[2025-04-21T11:09:19.045+0000] {processor.py:925} INFO - DAG(s) 'example_external_task_marker_child', 'example_external_task_marker_parent' retrieved from /home/airflow/.local/lib/python3.12/site-packages/airflow/example_dags/example_external_task_marker_dag.py
[2025-04-21T11:09:19.064+0000] {logging_mixin.py:190} INFO - [2025-04-21T11:09:19.064+0000] {dag.py:3239} INFO - Sync 2 DAGs
[2025-04-21T11:09:19.077+0000] {logging_mixin.py:190} INFO - [2025-04-21T11:09:19.076+0000] {dag.py:4180} INFO - Setting next_dagrun for example_external_task_marker_child to None, run_after=None
[2025-04-21T11:09:19.081+0000] {logging_mixin.py:190} INFO - [2025-04-21T11:09:19.081+0000] {dag.py:4180} INFO - Setting next_dagrun for example_external_task_marker_parent to None, run_after=None
[2025-04-21T11:09:19.095+0000] {processor.py:208} INFO - Processing /home/airflow/.local/lib/python3.12/site-packages/airflow/example_dags/example_external_task_marker_dag.py took 0.063 seconds
[2025-04-21T11:09:49.961+0000] {processor.py:186} INFO - Started process (PID=2175) to work on /home/airflow/.local/lib/python3.12/site-packages/airflow/example_dags/example_external_task_marker_dag.py
[2025-04-21T11:09:49.962+0000] {processor.py:914} INFO - Processing file /home/airflow/.local/lib/python3.12/site-packages/airflow/example_dags/example_external_task_marker_dag.py for tasks to queue
[2025-04-21T11:09:49.963+0000] {logging_mixin.py:190} INFO - [2025-04-21T11:09:49.963+0000] {dagbag.py:588} INFO - Filling up the DagBag from /home/airflow/.local/lib/python3.12/site-packages/airflow/example_dags/example_external_task_marker_dag.py
[2025-04-21T11:09:49.970+0000] {processor.py:925} INFO - DAG(s) 'example_external_task_marker_parent', 'example_external_task_marker_child' retrieved from /home/airflow/.local/lib/python3.12/site-packages/airflow/example_dags/example_external_task_marker_dag.py
[2025-04-21T11:09:49.989+0000] {logging_mixin.py:190} INFO - [2025-04-21T11:09:49.989+0000] {dag.py:3239} INFO - Sync 2 DAGs
[2025-04-21T11:09:50.003+0000] {logging_mixin.py:190} INFO - [2025-04-21T11:09:50.002+0000] {dag.py:4180} INFO - Setting next_dagrun for example_external_task_marker_child to None, run_after=None
[2025-04-21T11:09:50.007+0000] {logging_mixin.py:190} INFO - [2025-04-21T11:09:50.007+0000] {dag.py:4180} INFO - Setting next_dagrun for example_external_task_marker_parent to None, run_after=None
[2025-04-21T11:09:50.020+0000] {processor.py:208} INFO - Processing /home/airflow/.local/lib/python3.12/site-packages/airflow/example_dags/example_external_task_marker_dag.py took 0.064 seconds
[2025-04-21T11:10:20.280+0000] {processor.py:186} INFO - Started process (PID=2238) to work on /home/airflow/.local/lib/python3.12/site-packages/airflow/example_dags/example_external_task_marker_dag.py
[2025-04-21T11:10:20.281+0000] {processor.py:914} INFO - Processing file /home/airflow/.local/lib/python3.12/site-packages/airflow/example_dags/example_external_task_marker_dag.py for tasks to queue
[2025-04-21T11:10:20.283+0000] {logging_mixin.py:190} INFO - [2025-04-21T11:10:20.283+0000] {dagbag.py:588} INFO - Filling up the DagBag from /home/airflow/.local/lib/python3.12/site-packages/airflow/example_dags/example_external_task_marker_dag.py
[2025-04-21T11:10:20.289+0000] {processor.py:925} INFO - DAG(s) 'example_external_task_marker_parent', 'example_external_task_marker_child' retrieved from /home/airflow/.local/lib/python3.12/site-packages/airflow/example_dags/example_external_task_marker_dag.py
[2025-04-21T11:10:20.308+0000] {logging_mixin.py:190} INFO - [2025-04-21T11:10:20.308+0000] {dag.py:3239} INFO - Sync 2 DAGs
[2025-04-21T11:10:20.321+0000] {logging_mixin.py:190} INFO - [2025-04-21T11:10:20.321+0000] {dag.py:4180} INFO - Setting next_dagrun for example_external_task_marker_child to None, run_after=None
[2025-04-21T11:10:20.324+0000] {logging_mixin.py:190} INFO - [2025-04-21T11:10:20.324+0000] {dag.py:4180} INFO - Setting next_dagrun for example_external_task_marker_parent to None, run_after=None
[2025-04-21T11:10:20.343+0000] {processor.py:208} INFO - Processing /home/airflow/.local/lib/python3.12/site-packages/airflow/example_dags/example_external_task_marker_dag.py took 0.067 seconds
[2025-04-21T11:10:51.012+0000] {processor.py:186} INFO - Started process (PID=2301) to work on /home/airflow/.local/lib/python3.12/site-packages/airflow/example_dags/example_external_task_marker_dag.py
[2025-04-21T11:10:51.013+0000] {processor.py:914} INFO - Processing file /home/airflow/.local/lib/python3.12/site-packages/airflow/example_dags/example_external_task_marker_dag.py for tasks to queue
[2025-04-21T11:10:51.014+0000] {logging_mixin.py:190} INFO - [2025-04-21T11:10:51.014+0000] {dagbag.py:588} INFO - Filling up the DagBag from /home/airflow/.local/lib/python3.12/site-packages/airflow/example_dags/example_external_task_marker_dag.py
[2025-04-21T11:10:51.021+0000] {processor.py:925} INFO - DAG(s) 'example_external_task_marker_child', 'example_external_task_marker_parent' retrieved from /home/airflow/.local/lib/python3.12/site-packages/airflow/example_dags/example_external_task_marker_dag.py
[2025-04-21T11:10:51.038+0000] {logging_mixin.py:190} INFO - [2025-04-21T11:10:51.037+0000] {dag.py:3239} INFO - Sync 2 DAGs
[2025-04-21T11:10:51.050+0000] {logging_mixin.py:190} INFO - [2025-04-21T11:10:51.050+0000] {dag.py:4180} INFO - Setting next_dagrun for example_external_task_marker_child to None, run_after=None
[2025-04-21T11:10:51.054+0000] {logging_mixin.py:190} INFO - [2025-04-21T11:10:51.054+0000] {dag.py:4180} INFO - Setting next_dagrun for example_external_task_marker_parent to None, run_after=None
[2025-04-21T11:10:51.067+0000] {processor.py:208} INFO - Processing /home/airflow/.local/lib/python3.12/site-packages/airflow/example_dags/example_external_task_marker_dag.py took 0.059 seconds
[2025-04-21T11:11:21.677+0000] {processor.py:186} INFO - Started process (PID=2364) to work on /home/airflow/.local/lib/python3.12/site-packages/airflow/example_dags/example_external_task_marker_dag.py
[2025-04-21T11:11:21.677+0000] {processor.py:914} INFO - Processing file /home/airflow/.local/lib/python3.12/site-packages/airflow/example_dags/example_external_task_marker_dag.py for tasks to queue
[2025-04-21T11:11:21.679+0000] {logging_mixin.py:190} INFO - [2025-04-21T11:11:21.679+0000] {dagbag.py:588} INFO - Filling up the DagBag from /home/airflow/.local/lib/python3.12/site-packages/airflow/example_dags/example_external_task_marker_dag.py
[2025-04-21T11:11:21.686+0000] {processor.py:925} INFO - DAG(s) 'example_external_task_marker_child', 'example_external_task_marker_parent' retrieved from /home/airflow/.local/lib/python3.12/site-packages/airflow/example_dags/example_external_task_marker_dag.py
[2025-04-21T11:11:21.702+0000] {logging_mixin.py:190} INFO - [2025-04-21T11:11:21.702+0000] {dag.py:3239} INFO - Sync 2 DAGs
[2025-04-21T11:11:21.713+0000] {logging_mixin.py:190} INFO - [2025-04-21T11:11:21.713+0000] {dag.py:4180} INFO - Setting next_dagrun for example_external_task_marker_child to None, run_after=None
[2025-04-21T11:11:21.717+0000] {logging_mixin.py:190} INFO - [2025-04-21T11:11:21.716+0000] {dag.py:4180} INFO - Setting next_dagrun for example_external_task_marker_parent to None, run_after=None
[2025-04-21T11:11:21.730+0000] {processor.py:208} INFO - Processing /home/airflow/.local/lib/python3.12/site-packages/airflow/example_dags/example_external_task_marker_dag.py took 0.057 seconds
[2025-04-21T11:11:52.317+0000] {processor.py:186} INFO - Started process (PID=2427) to work on /home/airflow/.local/lib/python3.12/site-packages/airflow/example_dags/example_external_task_marker_dag.py
[2025-04-21T11:11:52.317+0000] {processor.py:914} INFO - Processing file /home/airflow/.local/lib/python3.12/site-packages/airflow/example_dags/example_external_task_marker_dag.py for tasks to queue
[2025-04-21T11:11:52.319+0000] {logging_mixin.py:190} INFO - [2025-04-21T11:11:52.319+0000] {dagbag.py:588} INFO - Filling up the DagBag from /home/airflow/.local/lib/python3.12/site-packages/airflow/example_dags/example_external_task_marker_dag.py
[2025-04-21T11:11:52.325+0000] {processor.py:925} INFO - DAG(s) 'example_external_task_marker_child', 'example_external_task_marker_parent' retrieved from /home/airflow/.local/lib/python3.12/site-packages/airflow/example_dags/example_external_task_marker_dag.py
[2025-04-21T11:11:52.344+0000] {logging_mixin.py:190} INFO - [2025-04-21T11:11:52.344+0000] {dag.py:3239} INFO - Sync 2 DAGs
[2025-04-21T11:11:52.356+0000] {logging_mixin.py:190} INFO - [2025-04-21T11:11:52.355+0000] {dag.py:4180} INFO - Setting next_dagrun for example_external_task_marker_child to None, run_after=None
[2025-04-21T11:11:52.359+0000] {logging_mixin.py:190} INFO - [2025-04-21T11:11:52.358+0000] {dag.py:4180} INFO - Setting next_dagrun for example_external_task_marker_parent to None, run_after=None
[2025-04-21T11:11:52.373+0000] {processor.py:208} INFO - Processing /home/airflow/.local/lib/python3.12/site-packages/airflow/example_dags/example_external_task_marker_dag.py took 0.060 seconds
[2025-04-21T11:12:23.168+0000] {processor.py:186} INFO - Started process (PID=2490) to work on /home/airflow/.local/lib/python3.12/site-packages/airflow/example_dags/example_external_task_marker_dag.py
[2025-04-21T11:12:23.168+0000] {processor.py:914} INFO - Processing file /home/airflow/.local/lib/python3.12/site-packages/airflow/example_dags/example_external_task_marker_dag.py for tasks to queue
[2025-04-21T11:12:23.170+0000] {logging_mixin.py:190} INFO - [2025-04-21T11:12:23.170+0000] {dagbag.py:588} INFO - Filling up the DagBag from /home/airflow/.local/lib/python3.12/site-packages/airflow/example_dags/example_external_task_marker_dag.py
[2025-04-21T11:12:23.177+0000] {processor.py:925} INFO - DAG(s) 'example_external_task_marker_parent', 'example_external_task_marker_child' retrieved from /home/airflow/.local/lib/python3.12/site-packages/airflow/example_dags/example_external_task_marker_dag.py
[2025-04-21T11:12:23.198+0000] {logging_mixin.py:190} INFO - [2025-04-21T11:12:23.198+0000] {dag.py:3239} INFO - Sync 2 DAGs
[2025-04-21T11:12:23.211+0000] {logging_mixin.py:190} INFO - [2025-04-21T11:12:23.210+0000] {dag.py:4180} INFO - Setting next_dagrun for example_external_task_marker_child to None, run_after=None
[2025-04-21T11:12:23.214+0000] {logging_mixin.py:190} INFO - [2025-04-21T11:12:23.213+0000] {dag.py:4180} INFO - Setting next_dagrun for example_external_task_marker_parent to None, run_after=None
[2025-04-21T11:12:23.226+0000] {processor.py:208} INFO - Processing /home/airflow/.local/lib/python3.12/site-packages/airflow/example_dags/example_external_task_marker_dag.py took 0.063 seconds
[2025-04-21T11:12:53.285+0000] {processor.py:186} INFO - Started process (PID=2553) to work on /home/airflow/.local/lib/python3.12/site-packages/airflow/example_dags/example_external_task_marker_dag.py
[2025-04-21T11:12:53.285+0000] {processor.py:914} INFO - Processing file /home/airflow/.local/lib/python3.12/site-packages/airflow/example_dags/example_external_task_marker_dag.py for tasks to queue
[2025-04-21T11:12:53.287+0000] {logging_mixin.py:190} INFO - [2025-04-21T11:12:53.287+0000] {dagbag.py:588} INFO - Filling up the DagBag from /home/airflow/.local/lib/python3.12/site-packages/airflow/example_dags/example_external_task_marker_dag.py
[2025-04-21T11:12:53.293+0000] {processor.py:925} INFO - DAG(s) 'example_external_task_marker_child', 'example_external_task_marker_parent' retrieved from /home/airflow/.local/lib/python3.12/site-packages/airflow/example_dags/example_external_task_marker_dag.py
[2025-04-21T11:12:53.311+0000] {logging_mixin.py:190} INFO - [2025-04-21T11:12:53.311+0000] {dag.py:3239} INFO - Sync 2 DAGs
[2025-04-21T11:12:53.322+0000] {logging_mixin.py:190} INFO - [2025-04-21T11:12:53.322+0000] {dag.py:4180} INFO - Setting next_dagrun for example_external_task_marker_child to None, run_after=None
[2025-04-21T11:12:53.325+0000] {logging_mixin.py:190} INFO - [2025-04-21T11:12:53.325+0000] {dag.py:4180} INFO - Setting next_dagrun for example_external_task_marker_parent to None, run_after=None
[2025-04-21T11:12:53.337+0000] {processor.py:208} INFO - Processing /home/airflow/.local/lib/python3.12/site-packages/airflow/example_dags/example_external_task_marker_dag.py took 0.057 seconds
[2025-04-21T11:13:23.474+0000] {processor.py:186} INFO - Started process (PID=2616) to work on /home/airflow/.local/lib/python3.12/site-packages/airflow/example_dags/example_external_task_marker_dag.py
[2025-04-21T11:13:23.475+0000] {processor.py:914} INFO - Processing file /home/airflow/.local/lib/python3.12/site-packages/airflow/example_dags/example_external_task_marker_dag.py for tasks to queue
[2025-04-21T11:13:23.476+0000] {logging_mixin.py:190} INFO - [2025-04-21T11:13:23.476+0000] {dagbag.py:588} INFO - Filling up the DagBag from /home/airflow/.local/lib/python3.12/site-packages/airflow/example_dags/example_external_task_marker_dag.py
[2025-04-21T11:13:23.482+0000] {processor.py:925} INFO - DAG(s) 'example_external_task_marker_parent', 'example_external_task_marker_child' retrieved from /home/airflow/.local/lib/python3.12/site-packages/airflow/example_dags/example_external_task_marker_dag.py
[2025-04-21T11:13:23.498+0000] {logging_mixin.py:190} INFO - [2025-04-21T11:13:23.498+0000] {dag.py:3239} INFO - Sync 2 DAGs
[2025-04-21T11:13:23.509+0000] {logging_mixin.py:190} INFO - [2025-04-21T11:13:23.509+0000] {dag.py:4180} INFO - Setting next_dagrun for example_external_task_marker_child to None, run_after=None
[2025-04-21T11:13:23.512+0000] {logging_mixin.py:190} INFO - [2025-04-21T11:13:23.512+0000] {dag.py:4180} INFO - Setting next_dagrun for example_external_task_marker_parent to None, run_after=None
[2025-04-21T11:13:23.524+0000] {processor.py:208} INFO - Processing /home/airflow/.local/lib/python3.12/site-packages/airflow/example_dags/example_external_task_marker_dag.py took 0.054 seconds
[2025-04-21T11:13:53.591+0000] {processor.py:186} INFO - Started process (PID=2679) to work on /home/airflow/.local/lib/python3.12/site-packages/airflow/example_dags/example_external_task_marker_dag.py
[2025-04-21T11:13:53.591+0000] {processor.py:914} INFO - Processing file /home/airflow/.local/lib/python3.12/site-packages/airflow/example_dags/example_external_task_marker_dag.py for tasks to queue
[2025-04-21T11:13:53.593+0000] {logging_mixin.py:190} INFO - [2025-04-21T11:13:53.593+0000] {dagbag.py:588} INFO - Filling up the DagBag from /home/airflow/.local/lib/python3.12/site-packages/airflow/example_dags/example_external_task_marker_dag.py
[2025-04-21T11:13:53.599+0000] {processor.py:925} INFO - DAG(s) 'example_external_task_marker_parent', 'example_external_task_marker_child' retrieved from /home/airflow/.local/lib/python3.12/site-packages/airflow/example_dags/example_external_task_marker_dag.py
[2025-04-21T11:13:53.617+0000] {logging_mixin.py:190} INFO - [2025-04-21T11:13:53.616+0000] {dag.py:3239} INFO - Sync 2 DAGs
[2025-04-21T11:13:53.630+0000] {logging_mixin.py:190} INFO - [2025-04-21T11:13:53.630+0000] {dag.py:4180} INFO - Setting next_dagrun for example_external_task_marker_child to None, run_after=None
[2025-04-21T11:13:53.634+0000] {logging_mixin.py:190} INFO - [2025-04-21T11:13:53.634+0000] {dag.py:4180} INFO - Setting next_dagrun for example_external_task_marker_parent to None, run_after=None
[2025-04-21T11:13:53.645+0000] {processor.py:208} INFO - Processing /home/airflow/.local/lib/python3.12/site-packages/airflow/example_dags/example_external_task_marker_dag.py took 0.059 seconds
[2025-04-21T11:14:23.841+0000] {processor.py:186} INFO - Started process (PID=2742) to work on /home/airflow/.local/lib/python3.12/site-packages/airflow/example_dags/example_external_task_marker_dag.py
[2025-04-21T11:14:23.842+0000] {processor.py:914} INFO - Processing file /home/airflow/.local/lib/python3.12/site-packages/airflow/example_dags/example_external_task_marker_dag.py for tasks to queue
[2025-04-21T11:14:23.844+0000] {logging_mixin.py:190} INFO - [2025-04-21T11:14:23.844+0000] {dagbag.py:588} INFO - Filling up the DagBag from /home/airflow/.local/lib/python3.12/site-packages/airflow/example_dags/example_external_task_marker_dag.py
[2025-04-21T11:14:23.850+0000] {processor.py:925} INFO - DAG(s) 'example_external_task_marker_child', 'example_external_task_marker_parent' retrieved from /home/airflow/.local/lib/python3.12/site-packages/airflow/example_dags/example_external_task_marker_dag.py
[2025-04-21T11:14:23.866+0000] {logging_mixin.py:190} INFO - [2025-04-21T11:14:23.866+0000] {dag.py:3239} INFO - Sync 2 DAGs
[2025-04-21T11:14:23.878+0000] {logging_mixin.py:190} INFO - [2025-04-21T11:14:23.878+0000] {dag.py:4180} INFO - Setting next_dagrun for example_external_task_marker_child to None, run_after=None
[2025-04-21T11:14:23.881+0000] {logging_mixin.py:190} INFO - [2025-04-21T11:14:23.881+0000] {dag.py:4180} INFO - Setting next_dagrun for example_external_task_marker_parent to None, run_after=None
[2025-04-21T11:14:23.897+0000] {processor.py:208} INFO - Processing /home/airflow/.local/lib/python3.12/site-packages/airflow/example_dags/example_external_task_marker_dag.py took 0.060 seconds
[2025-04-21T11:14:54.353+0000] {processor.py:186} INFO - Started process (PID=2805) to work on /home/airflow/.local/lib/python3.12/site-packages/airflow/example_dags/example_external_task_marker_dag.py
[2025-04-21T11:14:54.354+0000] {processor.py:914} INFO - Processing file /home/airflow/.local/lib/python3.12/site-packages/airflow/example_dags/example_external_task_marker_dag.py for tasks to queue
[2025-04-21T11:14:54.356+0000] {logging_mixin.py:190} INFO - [2025-04-21T11:14:54.356+0000] {dagbag.py:588} INFO - Filling up the DagBag from /home/airflow/.local/lib/python3.12/site-packages/airflow/example_dags/example_external_task_marker_dag.py
[2025-04-21T11:14:54.362+0000] {processor.py:925} INFO - DAG(s) 'example_external_task_marker_child', 'example_external_task_marker_parent' retrieved from /home/airflow/.local/lib/python3.12/site-packages/airflow/example_dags/example_external_task_marker_dag.py
[2025-04-21T11:14:54.384+0000] {logging_mixin.py:190} INFO - [2025-04-21T11:14:54.384+0000] {dag.py:3239} INFO - Sync 2 DAGs
[2025-04-21T11:14:54.397+0000] {logging_mixin.py:190} INFO - [2025-04-21T11:14:54.397+0000] {dag.py:4180} INFO - Setting next_dagrun for example_external_task_marker_child to None, run_after=None
[2025-04-21T11:14:54.400+0000] {logging_mixin.py:190} INFO - [2025-04-21T11:14:54.400+0000] {dag.py:4180} INFO - Setting next_dagrun for example_external_task_marker_parent to None, run_after=None
[2025-04-21T11:14:54.415+0000] {processor.py:208} INFO - Processing /home/airflow/.local/lib/python3.12/site-packages/airflow/example_dags/example_external_task_marker_dag.py took 0.066 seconds
[2025-04-21T11:15:24.868+0000] {processor.py:186} INFO - Started process (PID=2868) to work on /home/airflow/.local/lib/python3.12/site-packages/airflow/example_dags/example_external_task_marker_dag.py
[2025-04-21T11:15:24.869+0000] {processor.py:914} INFO - Processing file /home/airflow/.local/lib/python3.12/site-packages/airflow/example_dags/example_external_task_marker_dag.py for tasks to queue
[2025-04-21T11:15:24.871+0000] {logging_mixin.py:190} INFO - [2025-04-21T11:15:24.871+0000] {dagbag.py:588} INFO - Filling up the DagBag from /home/airflow/.local/lib/python3.12/site-packages/airflow/example_dags/example_external_task_marker_dag.py
[2025-04-21T11:15:24.877+0000] {processor.py:925} INFO - DAG(s) 'example_external_task_marker_parent', 'example_external_task_marker_child' retrieved from /home/airflow/.local/lib/python3.12/site-packages/airflow/example_dags/example_external_task_marker_dag.py
[2025-04-21T11:15:24.899+0000] {logging_mixin.py:190} INFO - [2025-04-21T11:15:24.899+0000] {dag.py:3239} INFO - Sync 2 DAGs
[2025-04-21T11:15:24.912+0000] {logging_mixin.py:190} INFO - [2025-04-21T11:15:24.912+0000] {dag.py:4180} INFO - Setting next_dagrun for example_external_task_marker_child to None, run_after=None
[2025-04-21T11:15:24.916+0000] {logging_mixin.py:190} INFO - [2025-04-21T11:15:24.916+0000] {dag.py:4180} INFO - Setting next_dagrun for example_external_task_marker_parent to None, run_after=None
[2025-04-21T11:15:24.930+0000] {processor.py:208} INFO - Processing /home/airflow/.local/lib/python3.12/site-packages/airflow/example_dags/example_external_task_marker_dag.py took 0.066 seconds
[2025-04-21T11:15:55.389+0000] {processor.py:186} INFO - Started process (PID=2931) to work on /home/airflow/.local/lib/python3.12/site-packages/airflow/example_dags/example_external_task_marker_dag.py
[2025-04-21T11:15:55.390+0000] {processor.py:914} INFO - Processing file /home/airflow/.local/lib/python3.12/site-packages/airflow/example_dags/example_external_task_marker_dag.py for tasks to queue
[2025-04-21T11:15:55.391+0000] {logging_mixin.py:190} INFO - [2025-04-21T11:15:55.391+0000] {dagbag.py:588} INFO - Filling up the DagBag from /home/airflow/.local/lib/python3.12/site-packages/airflow/example_dags/example_external_task_marker_dag.py
[2025-04-21T11:15:55.397+0000] {processor.py:925} INFO - DAG(s) 'example_external_task_marker_parent', 'example_external_task_marker_child' retrieved from /home/airflow/.local/lib/python3.12/site-packages/airflow/example_dags/example_external_task_marker_dag.py
[2025-04-21T11:15:55.418+0000] {logging_mixin.py:190} INFO - [2025-04-21T11:15:55.418+0000] {dag.py:3239} INFO - Sync 2 DAGs
[2025-04-21T11:15:55.432+0000] {logging_mixin.py:190} INFO - [2025-04-21T11:15:55.432+0000] {dag.py:4180} INFO - Setting next_dagrun for example_external_task_marker_child to None, run_after=None
[2025-04-21T11:15:55.435+0000] {logging_mixin.py:190} INFO - [2025-04-21T11:15:55.435+0000] {dag.py:4180} INFO - Setting next_dagrun for example_external_task_marker_parent to None, run_after=None
[2025-04-21T11:15:55.450+0000] {processor.py:208} INFO - Processing /home/airflow/.local/lib/python3.12/site-packages/airflow/example_dags/example_external_task_marker_dag.py took 0.066 seconds
[2025-04-21T11:16:25.534+0000] {processor.py:186} INFO - Started process (PID=2994) to work on /home/airflow/.local/lib/python3.12/site-packages/airflow/example_dags/example_external_task_marker_dag.py
[2025-04-21T11:16:25.535+0000] {processor.py:914} INFO - Processing file /home/airflow/.local/lib/python3.12/site-packages/airflow/example_dags/example_external_task_marker_dag.py for tasks to queue
[2025-04-21T11:16:25.537+0000] {logging_mixin.py:190} INFO - [2025-04-21T11:16:25.537+0000] {dagbag.py:588} INFO - Filling up the DagBag from /home/airflow/.local/lib/python3.12/site-packages/airflow/example_dags/example_external_task_marker_dag.py
[2025-04-21T11:16:25.544+0000] {processor.py:925} INFO - DAG(s) 'example_external_task_marker_parent', 'example_external_task_marker_child' retrieved from /home/airflow/.local/lib/python3.12/site-packages/airflow/example_dags/example_external_task_marker_dag.py
[2025-04-21T11:16:25.562+0000] {logging_mixin.py:190} INFO - [2025-04-21T11:16:25.562+0000] {dag.py:3239} INFO - Sync 2 DAGs
[2025-04-21T11:16:25.574+0000] {logging_mixin.py:190} INFO - [2025-04-21T11:16:25.574+0000] {dag.py:4180} INFO - Setting next_dagrun for example_external_task_marker_child to None, run_after=None
[2025-04-21T11:16:25.579+0000] {logging_mixin.py:190} INFO - [2025-04-21T11:16:25.579+0000] {dag.py:4180} INFO - Setting next_dagrun for example_external_task_marker_parent to None, run_after=None
[2025-04-21T11:16:25.592+0000] {processor.py:208} INFO - Processing /home/airflow/.local/lib/python3.12/site-packages/airflow/example_dags/example_external_task_marker_dag.py took 0.062 seconds
[2025-04-21T11:16:55.787+0000] {processor.py:186} INFO - Started process (PID=3057) to work on /home/airflow/.local/lib/python3.12/site-packages/airflow/example_dags/example_external_task_marker_dag.py
[2025-04-21T11:16:55.787+0000] {processor.py:914} INFO - Processing file /home/airflow/.local/lib/python3.12/site-packages/airflow/example_dags/example_external_task_marker_dag.py for tasks to queue
[2025-04-21T11:16:55.789+0000] {logging_mixin.py:190} INFO - [2025-04-21T11:16:55.789+0000] {dagbag.py:588} INFO - Filling up the DagBag from /home/airflow/.local/lib/python3.12/site-packages/airflow/example_dags/example_external_task_marker_dag.py
[2025-04-21T11:16:55.795+0000] {processor.py:925} INFO - DAG(s) 'example_external_task_marker_parent', 'example_external_task_marker_child' retrieved from /home/airflow/.local/lib/python3.12/site-packages/airflow/example_dags/example_external_task_marker_dag.py
[2025-04-21T11:16:55.816+0000] {logging_mixin.py:190} INFO - [2025-04-21T11:16:55.816+0000] {dag.py:3239} INFO - Sync 2 DAGs
[2025-04-21T11:16:55.829+0000] {logging_mixin.py:190} INFO - [2025-04-21T11:16:55.829+0000] {dag.py:4180} INFO - Setting next_dagrun for example_external_task_marker_child to None, run_after=None
[2025-04-21T11:16:55.833+0000] {logging_mixin.py:190} INFO - [2025-04-21T11:16:55.832+0000] {dag.py:4180} INFO - Setting next_dagrun for example_external_task_marker_parent to None, run_after=None
[2025-04-21T11:16:55.846+0000] {processor.py:208} INFO - Processing /home/airflow/.local/lib/python3.12/site-packages/airflow/example_dags/example_external_task_marker_dag.py took 0.064 seconds
[2025-04-21T11:17:26.361+0000] {processor.py:186} INFO - Started process (PID=3120) to work on /home/airflow/.local/lib/python3.12/site-packages/airflow/example_dags/example_external_task_marker_dag.py
[2025-04-21T11:17:26.361+0000] {processor.py:914} INFO - Processing file /home/airflow/.local/lib/python3.12/site-packages/airflow/example_dags/example_external_task_marker_dag.py for tasks to queue
[2025-04-21T11:17:26.363+0000] {logging_mixin.py:190} INFO - [2025-04-21T11:17:26.363+0000] {dagbag.py:588} INFO - Filling up the DagBag from /home/airflow/.local/lib/python3.12/site-packages/airflow/example_dags/example_external_task_marker_dag.py
[2025-04-21T11:17:26.371+0000] {processor.py:925} INFO - DAG(s) 'example_external_task_marker_parent', 'example_external_task_marker_child' retrieved from /home/airflow/.local/lib/python3.12/site-packages/airflow/example_dags/example_external_task_marker_dag.py
[2025-04-21T11:17:26.390+0000] {logging_mixin.py:190} INFO - [2025-04-21T11:17:26.389+0000] {dag.py:3239} INFO - Sync 2 DAGs
[2025-04-21T11:17:26.401+0000] {logging_mixin.py:190} INFO - [2025-04-21T11:17:26.401+0000] {dag.py:4180} INFO - Setting next_dagrun for example_external_task_marker_child to None, run_after=None
[2025-04-21T11:17:26.405+0000] {logging_mixin.py:190} INFO - [2025-04-21T11:17:26.404+0000] {dag.py:4180} INFO - Setting next_dagrun for example_external_task_marker_parent to None, run_after=None
[2025-04-21T11:17:26.417+0000] {processor.py:208} INFO - Processing /home/airflow/.local/lib/python3.12/site-packages/airflow/example_dags/example_external_task_marker_dag.py took 0.061 seconds
[2025-04-21T11:17:57.022+0000] {processor.py:186} INFO - Started process (PID=3183) to work on /home/airflow/.local/lib/python3.12/site-packages/airflow/example_dags/example_external_task_marker_dag.py
[2025-04-21T11:17:57.023+0000] {processor.py:914} INFO - Processing file /home/airflow/.local/lib/python3.12/site-packages/airflow/example_dags/example_external_task_marker_dag.py for tasks to queue
[2025-04-21T11:17:57.025+0000] {logging_mixin.py:190} INFO - [2025-04-21T11:17:57.025+0000] {dagbag.py:588} INFO - Filling up the DagBag from /home/airflow/.local/lib/python3.12/site-packages/airflow/example_dags/example_external_task_marker_dag.py
[2025-04-21T11:17:57.032+0000] {processor.py:925} INFO - DAG(s) 'example_external_task_marker_child', 'example_external_task_marker_parent' retrieved from /home/airflow/.local/lib/python3.12/site-packages/airflow/example_dags/example_external_task_marker_dag.py
[2025-04-21T11:17:57.050+0000] {logging_mixin.py:190} INFO - [2025-04-21T11:17:57.050+0000] {dag.py:3239} INFO - Sync 2 DAGs
[2025-04-21T11:17:57.060+0000] {logging_mixin.py:190} INFO - [2025-04-21T11:17:57.060+0000] {dag.py:4180} INFO - Setting next_dagrun for example_external_task_marker_child to None, run_after=None
[2025-04-21T11:17:57.063+0000] {logging_mixin.py:190} INFO - [2025-04-21T11:17:57.063+0000] {dag.py:4180} INFO - Setting next_dagrun for example_external_task_marker_parent to None, run_after=None
[2025-04-21T11:17:57.075+0000] {processor.py:208} INFO - Processing /home/airflow/.local/lib/python3.12/site-packages/airflow/example_dags/example_external_task_marker_dag.py took 0.057 seconds
[2025-04-21T11:18:27.538+0000] {processor.py:186} INFO - Started process (PID=3246) to work on /home/airflow/.local/lib/python3.12/site-packages/airflow/example_dags/example_external_task_marker_dag.py
[2025-04-21T11:18:27.539+0000] {processor.py:914} INFO - Processing file /home/airflow/.local/lib/python3.12/site-packages/airflow/example_dags/example_external_task_marker_dag.py for tasks to queue
[2025-04-21T11:18:27.541+0000] {logging_mixin.py:190} INFO - [2025-04-21T11:18:27.540+0000] {dagbag.py:588} INFO - Filling up the DagBag from /home/airflow/.local/lib/python3.12/site-packages/airflow/example_dags/example_external_task_marker_dag.py
[2025-04-21T11:18:27.548+0000] {processor.py:925} INFO - DAG(s) 'example_external_task_marker_parent', 'example_external_task_marker_child' retrieved from /home/airflow/.local/lib/python3.12/site-packages/airflow/example_dags/example_external_task_marker_dag.py
[2025-04-21T11:18:27.565+0000] {logging_mixin.py:190} INFO - [2025-04-21T11:18:27.565+0000] {dag.py:3239} INFO - Sync 2 DAGs
[2025-04-21T11:18:27.576+0000] {logging_mixin.py:190} INFO - [2025-04-21T11:18:27.576+0000] {dag.py:4180} INFO - Setting next_dagrun for example_external_task_marker_child to None, run_after=None
[2025-04-21T11:18:27.581+0000] {logging_mixin.py:190} INFO - [2025-04-21T11:18:27.580+0000] {dag.py:4180} INFO - Setting next_dagrun for example_external_task_marker_parent to None, run_after=None
[2025-04-21T11:18:27.594+0000] {processor.py:208} INFO - Processing /home/airflow/.local/lib/python3.12/site-packages/airflow/example_dags/example_external_task_marker_dag.py took 0.060 seconds
[2025-04-21T11:18:58.120+0000] {processor.py:186} INFO - Started process (PID=3309) to work on /home/airflow/.local/lib/python3.12/site-packages/airflow/example_dags/example_external_task_marker_dag.py
[2025-04-21T11:18:58.120+0000] {processor.py:914} INFO - Processing file /home/airflow/.local/lib/python3.12/site-packages/airflow/example_dags/example_external_task_marker_dag.py for tasks to queue
[2025-04-21T11:18:58.123+0000] {logging_mixin.py:190} INFO - [2025-04-21T11:18:58.122+0000] {dagbag.py:588} INFO - Filling up the DagBag from /home/airflow/.local/lib/python3.12/site-packages/airflow/example_dags/example_external_task_marker_dag.py
[2025-04-21T11:18:58.129+0000] {processor.py:925} INFO - DAG(s) 'example_external_task_marker_parent', 'example_external_task_marker_child' retrieved from /home/airflow/.local/lib/python3.12/site-packages/airflow/example_dags/example_external_task_marker_dag.py
[2025-04-21T11:18:58.145+0000] {logging_mixin.py:190} INFO - [2025-04-21T11:18:58.145+0000] {dag.py:3239} INFO - Sync 2 DAGs
[2025-04-21T11:18:58.158+0000] {logging_mixin.py:190} INFO - [2025-04-21T11:18:58.158+0000] {dag.py:4180} INFO - Setting next_dagrun for example_external_task_marker_child to None, run_after=None
[2025-04-21T11:18:58.162+0000] {logging_mixin.py:190} INFO - [2025-04-21T11:18:58.162+0000] {dag.py:4180} INFO - Setting next_dagrun for example_external_task_marker_parent to None, run_after=None
[2025-04-21T11:18:58.180+0000] {processor.py:208} INFO - Processing /home/airflow/.local/lib/python3.12/site-packages/airflow/example_dags/example_external_task_marker_dag.py took 0.064 seconds
[2025-04-21T11:19:28.360+0000] {processor.py:186} INFO - Started process (PID=3372) to work on /home/airflow/.local/lib/python3.12/site-packages/airflow/example_dags/example_external_task_marker_dag.py
[2025-04-21T11:19:28.360+0000] {processor.py:914} INFO - Processing file /home/airflow/.local/lib/python3.12/site-packages/airflow/example_dags/example_external_task_marker_dag.py for tasks to queue
[2025-04-21T11:19:28.362+0000] {logging_mixin.py:190} INFO - [2025-04-21T11:19:28.362+0000] {dagbag.py:588} INFO - Filling up the DagBag from /home/airflow/.local/lib/python3.12/site-packages/airflow/example_dags/example_external_task_marker_dag.py
[2025-04-21T11:19:28.368+0000] {processor.py:925} INFO - DAG(s) 'example_external_task_marker_child', 'example_external_task_marker_parent' retrieved from /home/airflow/.local/lib/python3.12/site-packages/airflow/example_dags/example_external_task_marker_dag.py
[2025-04-21T11:19:28.386+0000] {logging_mixin.py:190} INFO - [2025-04-21T11:19:28.386+0000] {dag.py:3239} INFO - Sync 2 DAGs
[2025-04-21T11:19:28.399+0000] {logging_mixin.py:190} INFO - [2025-04-21T11:19:28.399+0000] {dag.py:4180} INFO - Setting next_dagrun for example_external_task_marker_child to None, run_after=None
[2025-04-21T11:19:28.402+0000] {logging_mixin.py:190} INFO - [2025-04-21T11:19:28.402+0000] {dag.py:4180} INFO - Setting next_dagrun for example_external_task_marker_parent to None, run_after=None
[2025-04-21T11:19:28.416+0000] {processor.py:208} INFO - Processing /home/airflow/.local/lib/python3.12/site-packages/airflow/example_dags/example_external_task_marker_dag.py took 0.060 seconds
[2025-04-21T11:19:58.782+0000] {processor.py:186} INFO - Started process (PID=3435) to work on /home/airflow/.local/lib/python3.12/site-packages/airflow/example_dags/example_external_task_marker_dag.py
[2025-04-21T11:19:58.783+0000] {processor.py:914} INFO - Processing file /home/airflow/.local/lib/python3.12/site-packages/airflow/example_dags/example_external_task_marker_dag.py for tasks to queue
[2025-04-21T11:19:58.785+0000] {logging_mixin.py:190} INFO - [2025-04-21T11:19:58.785+0000] {dagbag.py:588} INFO - Filling up the DagBag from /home/airflow/.local/lib/python3.12/site-packages/airflow/example_dags/example_external_task_marker_dag.py
[2025-04-21T11:19:58.791+0000] {processor.py:925} INFO - DAG(s) 'example_external_task_marker_parent', 'example_external_task_marker_child' retrieved from /home/airflow/.local/lib/python3.12/site-packages/airflow/example_dags/example_external_task_marker_dag.py
[2025-04-21T11:19:58.807+0000] {logging_mixin.py:190} INFO - [2025-04-21T11:19:58.807+0000] {dag.py:3239} INFO - Sync 2 DAGs
[2025-04-21T11:19:58.818+0000] {logging_mixin.py:190} INFO - [2025-04-21T11:19:58.818+0000] {dag.py:4180} INFO - Setting next_dagrun for example_external_task_marker_child to None, run_after=None
[2025-04-21T11:19:58.821+0000] {logging_mixin.py:190} INFO - [2025-04-21T11:19:58.821+0000] {dag.py:4180} INFO - Setting next_dagrun for example_external_task_marker_parent to None, run_after=None
[2025-04-21T11:19:58.832+0000] {processor.py:208} INFO - Processing /home/airflow/.local/lib/python3.12/site-packages/airflow/example_dags/example_external_task_marker_dag.py took 0.054 seconds
[2025-04-21T11:20:28.922+0000] {processor.py:186} INFO - Started process (PID=3498) to work on /home/airflow/.local/lib/python3.12/site-packages/airflow/example_dags/example_external_task_marker_dag.py
[2025-04-21T11:20:28.922+0000] {processor.py:914} INFO - Processing file /home/airflow/.local/lib/python3.12/site-packages/airflow/example_dags/example_external_task_marker_dag.py for tasks to queue
[2025-04-21T11:20:28.925+0000] {logging_mixin.py:190} INFO - [2025-04-21T11:20:28.924+0000] {dagbag.py:588} INFO - Filling up the DagBag from /home/airflow/.local/lib/python3.12/site-packages/airflow/example_dags/example_external_task_marker_dag.py
[2025-04-21T11:20:28.930+0000] {processor.py:925} INFO - DAG(s) 'example_external_task_marker_parent', 'example_external_task_marker_child' retrieved from /home/airflow/.local/lib/python3.12/site-packages/airflow/example_dags/example_external_task_marker_dag.py
[2025-04-21T11:20:28.952+0000] {logging_mixin.py:190} INFO - [2025-04-21T11:20:28.952+0000] {dag.py:3239} INFO - Sync 2 DAGs
[2025-04-21T11:20:28.963+0000] {logging_mixin.py:190} INFO - [2025-04-21T11:20:28.963+0000] {dag.py:4180} INFO - Setting next_dagrun for example_external_task_marker_child to None, run_after=None
[2025-04-21T11:20:28.970+0000] {logging_mixin.py:190} INFO - [2025-04-21T11:20:28.970+0000] {dag.py:4180} INFO - Setting next_dagrun for example_external_task_marker_parent to None, run_after=None
[2025-04-21T11:20:28.983+0000] {processor.py:208} INFO - Processing /home/airflow/.local/lib/python3.12/site-packages/airflow/example_dags/example_external_task_marker_dag.py took 0.065 seconds
[2025-04-21T11:20:59.598+0000] {processor.py:186} INFO - Started process (PID=3561) to work on /home/airflow/.local/lib/python3.12/site-packages/airflow/example_dags/example_external_task_marker_dag.py
[2025-04-21T11:20:59.599+0000] {processor.py:914} INFO - Processing file /home/airflow/.local/lib/python3.12/site-packages/airflow/example_dags/example_external_task_marker_dag.py for tasks to queue
[2025-04-21T11:20:59.601+0000] {logging_mixin.py:190} INFO - [2025-04-21T11:20:59.600+0000] {dagbag.py:588} INFO - Filling up the DagBag from /home/airflow/.local/lib/python3.12/site-packages/airflow/example_dags/example_external_task_marker_dag.py
[2025-04-21T11:20:59.607+0000] {processor.py:925} INFO - DAG(s) 'example_external_task_marker_child', 'example_external_task_marker_parent' retrieved from /home/airflow/.local/lib/python3.12/site-packages/airflow/example_dags/example_external_task_marker_dag.py
[2025-04-21T11:20:59.623+0000] {logging_mixin.py:190} INFO - [2025-04-21T11:20:59.623+0000] {dag.py:3239} INFO - Sync 2 DAGs
[2025-04-21T11:20:59.635+0000] {logging_mixin.py:190} INFO - [2025-04-21T11:20:59.635+0000] {dag.py:4180} INFO - Setting next_dagrun for example_external_task_marker_child to None, run_after=None
[2025-04-21T11:20:59.638+0000] {logging_mixin.py:190} INFO - [2025-04-21T11:20:59.638+0000] {dag.py:4180} INFO - Setting next_dagrun for example_external_task_marker_parent to None, run_after=None
[2025-04-21T11:20:59.652+0000] {processor.py:208} INFO - Processing /home/airflow/.local/lib/python3.12/site-packages/airflow/example_dags/example_external_task_marker_dag.py took 0.057 seconds
[2025-04-21T11:21:29.840+0000] {processor.py:186} INFO - Started process (PID=3624) to work on /home/airflow/.local/lib/python3.12/site-packages/airflow/example_dags/example_external_task_marker_dag.py
[2025-04-21T11:21:29.842+0000] {processor.py:914} INFO - Processing file /home/airflow/.local/lib/python3.12/site-packages/airflow/example_dags/example_external_task_marker_dag.py for tasks to queue
[2025-04-21T11:21:29.844+0000] {logging_mixin.py:190} INFO - [2025-04-21T11:21:29.843+0000] {dagbag.py:588} INFO - Filling up the DagBag from /home/airflow/.local/lib/python3.12/site-packages/airflow/example_dags/example_external_task_marker_dag.py
[2025-04-21T11:21:29.851+0000] {processor.py:925} INFO - DAG(s) 'example_external_task_marker_parent', 'example_external_task_marker_child' retrieved from /home/airflow/.local/lib/python3.12/site-packages/airflow/example_dags/example_external_task_marker_dag.py
[2025-04-21T11:21:29.870+0000] {logging_mixin.py:190} INFO - [2025-04-21T11:21:29.870+0000] {dag.py:3239} INFO - Sync 2 DAGs
[2025-04-21T11:21:29.883+0000] {logging_mixin.py:190} INFO - [2025-04-21T11:21:29.883+0000] {dag.py:4180} INFO - Setting next_dagrun for example_external_task_marker_child to None, run_after=None
[2025-04-21T11:21:29.887+0000] {logging_mixin.py:190} INFO - [2025-04-21T11:21:29.887+0000] {dag.py:4180} INFO - Setting next_dagrun for example_external_task_marker_parent to None, run_after=None
[2025-04-21T11:21:29.900+0000] {processor.py:208} INFO - Processing /home/airflow/.local/lib/python3.12/site-packages/airflow/example_dags/example_external_task_marker_dag.py took 0.064 seconds
[2025-04-21T11:22:00.367+0000] {processor.py:186} INFO - Started process (PID=3687) to work on /home/airflow/.local/lib/python3.12/site-packages/airflow/example_dags/example_external_task_marker_dag.py
[2025-04-21T11:22:00.368+0000] {processor.py:914} INFO - Processing file /home/airflow/.local/lib/python3.12/site-packages/airflow/example_dags/example_external_task_marker_dag.py for tasks to queue
[2025-04-21T11:22:00.371+0000] {logging_mixin.py:190} INFO - [2025-04-21T11:22:00.370+0000] {dagbag.py:588} INFO - Filling up the DagBag from /home/airflow/.local/lib/python3.12/site-packages/airflow/example_dags/example_external_task_marker_dag.py
[2025-04-21T11:22:00.379+0000] {processor.py:925} INFO - DAG(s) 'example_external_task_marker_parent', 'example_external_task_marker_child' retrieved from /home/airflow/.local/lib/python3.12/site-packages/airflow/example_dags/example_external_task_marker_dag.py
[2025-04-21T11:22:00.404+0000] {logging_mixin.py:190} INFO - [2025-04-21T11:22:00.403+0000] {dag.py:3239} INFO - Sync 2 DAGs
[2025-04-21T11:22:00.417+0000] {logging_mixin.py:190} INFO - [2025-04-21T11:22:00.417+0000] {dag.py:4180} INFO - Setting next_dagrun for example_external_task_marker_child to None, run_after=None
[2025-04-21T11:22:00.421+0000] {logging_mixin.py:190} INFO - [2025-04-21T11:22:00.420+0000] {dag.py:4180} INFO - Setting next_dagrun for example_external_task_marker_parent to None, run_after=None
[2025-04-21T11:22:00.440+0000] {processor.py:208} INFO - Processing /home/airflow/.local/lib/python3.12/site-packages/airflow/example_dags/example_external_task_marker_dag.py took 0.078 seconds
[2025-04-21T11:22:31.534+0000] {processor.py:186} INFO - Started process (PID=3750) to work on /home/airflow/.local/lib/python3.12/site-packages/airflow/example_dags/example_external_task_marker_dag.py
[2025-04-21T11:22:31.535+0000] {processor.py:914} INFO - Processing file /home/airflow/.local/lib/python3.12/site-packages/airflow/example_dags/example_external_task_marker_dag.py for tasks to queue
[2025-04-21T11:22:31.537+0000] {logging_mixin.py:190} INFO - [2025-04-21T11:22:31.537+0000] {dagbag.py:588} INFO - Filling up the DagBag from /home/airflow/.local/lib/python3.12/site-packages/airflow/example_dags/example_external_task_marker_dag.py
[2025-04-21T11:22:31.545+0000] {processor.py:925} INFO - DAG(s) 'example_external_task_marker_parent', 'example_external_task_marker_child' retrieved from /home/airflow/.local/lib/python3.12/site-packages/airflow/example_dags/example_external_task_marker_dag.py
[2025-04-21T11:22:31.567+0000] {logging_mixin.py:190} INFO - [2025-04-21T11:22:31.567+0000] {dag.py:3239} INFO - Sync 2 DAGs
[2025-04-21T11:22:31.583+0000] {logging_mixin.py:190} INFO - [2025-04-21T11:22:31.583+0000] {dag.py:4180} INFO - Setting next_dagrun for example_external_task_marker_child to None, run_after=None
[2025-04-21T11:22:31.587+0000] {logging_mixin.py:190} INFO - [2025-04-21T11:22:31.587+0000] {dag.py:4180} INFO - Setting next_dagrun for example_external_task_marker_parent to None, run_after=None
[2025-04-21T11:22:31.608+0000] {processor.py:208} INFO - Processing /home/airflow/.local/lib/python3.12/site-packages/airflow/example_dags/example_external_task_marker_dag.py took 0.079 seconds
[2025-04-21T11:23:03.153+0000] {processor.py:186} INFO - Started process (PID=3813) to work on /home/airflow/.local/lib/python3.12/site-packages/airflow/example_dags/example_external_task_marker_dag.py
[2025-04-21T11:23:03.154+0000] {processor.py:914} INFO - Processing file /home/airflow/.local/lib/python3.12/site-packages/airflow/example_dags/example_external_task_marker_dag.py for tasks to queue
[2025-04-21T11:23:03.156+0000] {logging_mixin.py:190} INFO - [2025-04-21T11:23:03.156+0000] {dagbag.py:588} INFO - Filling up the DagBag from /home/airflow/.local/lib/python3.12/site-packages/airflow/example_dags/example_external_task_marker_dag.py
[2025-04-21T11:23:03.163+0000] {processor.py:925} INFO - DAG(s) 'example_external_task_marker_child', 'example_external_task_marker_parent' retrieved from /home/airflow/.local/lib/python3.12/site-packages/airflow/example_dags/example_external_task_marker_dag.py
[2025-04-21T11:23:03.183+0000] {logging_mixin.py:190} INFO - [2025-04-21T11:23:03.183+0000] {dag.py:3239} INFO - Sync 2 DAGs
[2025-04-21T11:23:03.197+0000] {logging_mixin.py:190} INFO - [2025-04-21T11:23:03.197+0000] {dag.py:4180} INFO - Setting next_dagrun for example_external_task_marker_child to None, run_after=None
[2025-04-21T11:23:03.203+0000] {logging_mixin.py:190} INFO - [2025-04-21T11:23:03.203+0000] {dag.py:4180} INFO - Setting next_dagrun for example_external_task_marker_parent to None, run_after=None
[2025-04-21T11:23:03.219+0000] {processor.py:208} INFO - Processing /home/airflow/.local/lib/python3.12/site-packages/airflow/example_dags/example_external_task_marker_dag.py took 0.070 seconds
[2025-04-21T11:23:34.761+0000] {processor.py:186} INFO - Started process (PID=3876) to work on /home/airflow/.local/lib/python3.12/site-packages/airflow/example_dags/example_external_task_marker_dag.py
[2025-04-21T11:23:34.762+0000] {processor.py:914} INFO - Processing file /home/airflow/.local/lib/python3.12/site-packages/airflow/example_dags/example_external_task_marker_dag.py for tasks to queue
[2025-04-21T11:23:34.764+0000] {logging_mixin.py:190} INFO - [2025-04-21T11:23:34.763+0000] {dagbag.py:588} INFO - Filling up the DagBag from /home/airflow/.local/lib/python3.12/site-packages/airflow/example_dags/example_external_task_marker_dag.py
[2025-04-21T11:23:34.770+0000] {processor.py:925} INFO - DAG(s) 'example_external_task_marker_parent', 'example_external_task_marker_child' retrieved from /home/airflow/.local/lib/python3.12/site-packages/airflow/example_dags/example_external_task_marker_dag.py
[2025-04-21T11:23:34.789+0000] {logging_mixin.py:190} INFO - [2025-04-21T11:23:34.788+0000] {dag.py:3239} INFO - Sync 2 DAGs
[2025-04-21T11:23:34.951+0000] {logging_mixin.py:190} INFO - [2025-04-21T11:23:34.950+0000] {dag.py:4180} INFO - Setting next_dagrun for example_external_task_marker_child to None, run_after=None
[2025-04-21T11:23:34.954+0000] {logging_mixin.py:190} INFO - [2025-04-21T11:23:34.954+0000] {dag.py:4180} INFO - Setting next_dagrun for example_external_task_marker_parent to None, run_after=None
[2025-04-21T11:23:34.967+0000] {processor.py:208} INFO - Processing /home/airflow/.local/lib/python3.12/site-packages/airflow/example_dags/example_external_task_marker_dag.py took 0.210 seconds
[2025-04-21T11:24:05.158+0000] {processor.py:186} INFO - Started process (PID=3938) to work on /home/airflow/.local/lib/python3.12/site-packages/airflow/example_dags/example_external_task_marker_dag.py
[2025-04-21T11:24:05.159+0000] {processor.py:914} INFO - Processing file /home/airflow/.local/lib/python3.12/site-packages/airflow/example_dags/example_external_task_marker_dag.py for tasks to queue
[2025-04-21T11:24:05.161+0000] {logging_mixin.py:190} INFO - [2025-04-21T11:24:05.161+0000] {dagbag.py:588} INFO - Filling up the DagBag from /home/airflow/.local/lib/python3.12/site-packages/airflow/example_dags/example_external_task_marker_dag.py
[2025-04-21T11:24:05.167+0000] {processor.py:925} INFO - DAG(s) 'example_external_task_marker_parent', 'example_external_task_marker_child' retrieved from /home/airflow/.local/lib/python3.12/site-packages/airflow/example_dags/example_external_task_marker_dag.py
[2025-04-21T11:24:05.183+0000] {logging_mixin.py:190} INFO - [2025-04-21T11:24:05.183+0000] {dag.py:3239} INFO - Sync 2 DAGs
[2025-04-21T11:24:05.197+0000] {logging_mixin.py:190} INFO - [2025-04-21T11:24:05.196+0000] {dag.py:4180} INFO - Setting next_dagrun for example_external_task_marker_child to None, run_after=None
[2025-04-21T11:24:05.200+0000] {logging_mixin.py:190} INFO - [2025-04-21T11:24:05.200+0000] {dag.py:4180} INFO - Setting next_dagrun for example_external_task_marker_parent to None, run_after=None
[2025-04-21T11:24:05.212+0000] {processor.py:208} INFO - Processing /home/airflow/.local/lib/python3.12/site-packages/airflow/example_dags/example_external_task_marker_dag.py took 0.058 seconds
[2025-04-21T11:24:35.710+0000] {processor.py:186} INFO - Started process (PID=4001) to work on /home/airflow/.local/lib/python3.12/site-packages/airflow/example_dags/example_external_task_marker_dag.py
[2025-04-21T11:24:35.711+0000] {processor.py:914} INFO - Processing file /home/airflow/.local/lib/python3.12/site-packages/airflow/example_dags/example_external_task_marker_dag.py for tasks to queue
[2025-04-21T11:24:35.713+0000] {logging_mixin.py:190} INFO - [2025-04-21T11:24:35.712+0000] {dagbag.py:588} INFO - Filling up the DagBag from /home/airflow/.local/lib/python3.12/site-packages/airflow/example_dags/example_external_task_marker_dag.py
[2025-04-21T11:24:35.719+0000] {processor.py:925} INFO - DAG(s) 'example_external_task_marker_parent', 'example_external_task_marker_child' retrieved from /home/airflow/.local/lib/python3.12/site-packages/airflow/example_dags/example_external_task_marker_dag.py
[2025-04-21T11:24:35.737+0000] {logging_mixin.py:190} INFO - [2025-04-21T11:24:35.737+0000] {dag.py:3239} INFO - Sync 2 DAGs
[2025-04-21T11:24:35.749+0000] {logging_mixin.py:190} INFO - [2025-04-21T11:24:35.749+0000] {dag.py:4180} INFO - Setting next_dagrun for example_external_task_marker_child to None, run_after=None
[2025-04-21T11:24:35.752+0000] {logging_mixin.py:190} INFO - [2025-04-21T11:24:35.752+0000] {dag.py:4180} INFO - Setting next_dagrun for example_external_task_marker_parent to None, run_after=None
[2025-04-21T11:24:35.765+0000] {processor.py:208} INFO - Processing /home/airflow/.local/lib/python3.12/site-packages/airflow/example_dags/example_external_task_marker_dag.py took 0.059 seconds
[2025-04-21T11:25:06.152+0000] {processor.py:186} INFO - Started process (PID=4064) to work on /home/airflow/.local/lib/python3.12/site-packages/airflow/example_dags/example_external_task_marker_dag.py
[2025-04-21T11:25:06.152+0000] {processor.py:914} INFO - Processing file /home/airflow/.local/lib/python3.12/site-packages/airflow/example_dags/example_external_task_marker_dag.py for tasks to queue
[2025-04-21T11:25:06.154+0000] {logging_mixin.py:190} INFO - [2025-04-21T11:25:06.154+0000] {dagbag.py:588} INFO - Filling up the DagBag from /home/airflow/.local/lib/python3.12/site-packages/airflow/example_dags/example_external_task_marker_dag.py
[2025-04-21T11:25:06.161+0000] {processor.py:925} INFO - DAG(s) 'example_external_task_marker_child', 'example_external_task_marker_parent' retrieved from /home/airflow/.local/lib/python3.12/site-packages/airflow/example_dags/example_external_task_marker_dag.py
[2025-04-21T11:25:06.178+0000] {logging_mixin.py:190} INFO - [2025-04-21T11:25:06.178+0000] {dag.py:3239} INFO - Sync 2 DAGs
[2025-04-21T11:25:06.190+0000] {logging_mixin.py:190} INFO - [2025-04-21T11:25:06.190+0000] {dag.py:4180} INFO - Setting next_dagrun for example_external_task_marker_child to None, run_after=None
[2025-04-21T11:25:06.194+0000] {logging_mixin.py:190} INFO - [2025-04-21T11:25:06.193+0000] {dag.py:4180} INFO - Setting next_dagrun for example_external_task_marker_parent to None, run_after=None
[2025-04-21T11:25:06.206+0000] {processor.py:208} INFO - Processing /home/airflow/.local/lib/python3.12/site-packages/airflow/example_dags/example_external_task_marker_dag.py took 0.059 seconds
[2025-04-21T11:25:36.853+0000] {processor.py:186} INFO - Started process (PID=4133) to work on /home/airflow/.local/lib/python3.12/site-packages/airflow/example_dags/example_external_task_marker_dag.py
[2025-04-21T11:25:36.854+0000] {processor.py:914} INFO - Processing file /home/airflow/.local/lib/python3.12/site-packages/airflow/example_dags/example_external_task_marker_dag.py for tasks to queue
[2025-04-21T11:25:36.856+0000] {logging_mixin.py:190} INFO - [2025-04-21T11:25:36.856+0000] {dagbag.py:588} INFO - Filling up the DagBag from /home/airflow/.local/lib/python3.12/site-packages/airflow/example_dags/example_external_task_marker_dag.py
[2025-04-21T11:25:36.865+0000] {processor.py:925} INFO - DAG(s) 'example_external_task_marker_child', 'example_external_task_marker_parent' retrieved from /home/airflow/.local/lib/python3.12/site-packages/airflow/example_dags/example_external_task_marker_dag.py
[2025-04-21T11:25:36.884+0000] {logging_mixin.py:190} INFO - [2025-04-21T11:25:36.884+0000] {dag.py:3239} INFO - Sync 2 DAGs
[2025-04-21T11:25:36.897+0000] {logging_mixin.py:190} INFO - [2025-04-21T11:25:36.897+0000] {dag.py:4180} INFO - Setting next_dagrun for example_external_task_marker_child to None, run_after=None
[2025-04-21T11:25:36.900+0000] {logging_mixin.py:190} INFO - [2025-04-21T11:25:36.900+0000] {dag.py:4180} INFO - Setting next_dagrun for example_external_task_marker_parent to None, run_after=None
[2025-04-21T11:25:36.913+0000] {processor.py:208} INFO - Processing /home/airflow/.local/lib/python3.12/site-packages/airflow/example_dags/example_external_task_marker_dag.py took 0.065 seconds
[2025-04-21T11:26:07.567+0000] {processor.py:186} INFO - Started process (PID=4196) to work on /home/airflow/.local/lib/python3.12/site-packages/airflow/example_dags/example_external_task_marker_dag.py
[2025-04-21T11:26:07.568+0000] {processor.py:914} INFO - Processing file /home/airflow/.local/lib/python3.12/site-packages/airflow/example_dags/example_external_task_marker_dag.py for tasks to queue
[2025-04-21T11:26:07.570+0000] {logging_mixin.py:190} INFO - [2025-04-21T11:26:07.570+0000] {dagbag.py:588} INFO - Filling up the DagBag from /home/airflow/.local/lib/python3.12/site-packages/airflow/example_dags/example_external_task_marker_dag.py
[2025-04-21T11:26:07.577+0000] {processor.py:925} INFO - DAG(s) 'example_external_task_marker_child', 'example_external_task_marker_parent' retrieved from /home/airflow/.local/lib/python3.12/site-packages/airflow/example_dags/example_external_task_marker_dag.py
[2025-04-21T11:26:07.593+0000] {logging_mixin.py:190} INFO - [2025-04-21T11:26:07.593+0000] {dag.py:3239} INFO - Sync 2 DAGs
[2025-04-21T11:26:07.605+0000] {logging_mixin.py:190} INFO - [2025-04-21T11:26:07.604+0000] {dag.py:4180} INFO - Setting next_dagrun for example_external_task_marker_child to None, run_after=None
[2025-04-21T11:26:07.608+0000] {logging_mixin.py:190} INFO - [2025-04-21T11:26:07.608+0000] {dag.py:4180} INFO - Setting next_dagrun for example_external_task_marker_parent to None, run_after=None
[2025-04-21T11:26:07.622+0000] {processor.py:208} INFO - Processing /home/airflow/.local/lib/python3.12/site-packages/airflow/example_dags/example_external_task_marker_dag.py took 0.060 seconds
[2025-04-21T11:26:38.375+0000] {processor.py:186} INFO - Started process (PID=4259) to work on /home/airflow/.local/lib/python3.12/site-packages/airflow/example_dags/example_external_task_marker_dag.py
[2025-04-21T11:26:38.376+0000] {processor.py:914} INFO - Processing file /home/airflow/.local/lib/python3.12/site-packages/airflow/example_dags/example_external_task_marker_dag.py for tasks to queue
[2025-04-21T11:26:38.378+0000] {logging_mixin.py:190} INFO - [2025-04-21T11:26:38.378+0000] {dagbag.py:588} INFO - Filling up the DagBag from /home/airflow/.local/lib/python3.12/site-packages/airflow/example_dags/example_external_task_marker_dag.py
[2025-04-21T11:26:38.384+0000] {processor.py:925} INFO - DAG(s) 'example_external_task_marker_parent', 'example_external_task_marker_child' retrieved from /home/airflow/.local/lib/python3.12/site-packages/airflow/example_dags/example_external_task_marker_dag.py
[2025-04-21T11:26:38.401+0000] {logging_mixin.py:190} INFO - [2025-04-21T11:26:38.401+0000] {dag.py:3239} INFO - Sync 2 DAGs
[2025-04-21T11:26:38.413+0000] {logging_mixin.py:190} INFO - [2025-04-21T11:26:38.413+0000] {dag.py:4180} INFO - Setting next_dagrun for example_external_task_marker_child to None, run_after=None
[2025-04-21T11:26:38.417+0000] {logging_mixin.py:190} INFO - [2025-04-21T11:26:38.416+0000] {dag.py:4180} INFO - Setting next_dagrun for example_external_task_marker_parent to None, run_after=None
[2025-04-21T11:26:38.430+0000] {processor.py:208} INFO - Processing /home/airflow/.local/lib/python3.12/site-packages/airflow/example_dags/example_external_task_marker_dag.py took 0.058 seconds
[2025-04-21T11:27:09.256+0000] {processor.py:186} INFO - Started process (PID=4322) to work on /home/airflow/.local/lib/python3.12/site-packages/airflow/example_dags/example_external_task_marker_dag.py
[2025-04-21T11:27:09.257+0000] {processor.py:914} INFO - Processing file /home/airflow/.local/lib/python3.12/site-packages/airflow/example_dags/example_external_task_marker_dag.py for tasks to queue
[2025-04-21T11:27:09.259+0000] {logging_mixin.py:190} INFO - [2025-04-21T11:27:09.259+0000] {dagbag.py:588} INFO - Filling up the DagBag from /home/airflow/.local/lib/python3.12/site-packages/airflow/example_dags/example_external_task_marker_dag.py
[2025-04-21T11:27:09.273+0000] {processor.py:925} INFO - DAG(s) 'example_external_task_marker_parent', 'example_external_task_marker_child' retrieved from /home/airflow/.local/lib/python3.12/site-packages/airflow/example_dags/example_external_task_marker_dag.py
[2025-04-21T11:27:09.295+0000] {logging_mixin.py:190} INFO - [2025-04-21T11:27:09.294+0000] {dag.py:3239} INFO - Sync 2 DAGs
[2025-04-21T11:27:09.305+0000] {logging_mixin.py:190} INFO - [2025-04-21T11:27:09.305+0000] {dag.py:4180} INFO - Setting next_dagrun for example_external_task_marker_child to None, run_after=None
[2025-04-21T11:27:09.310+0000] {logging_mixin.py:190} INFO - [2025-04-21T11:27:09.310+0000] {dag.py:4180} INFO - Setting next_dagrun for example_external_task_marker_parent to None, run_after=None
[2025-04-21T11:27:09.326+0000] {processor.py:208} INFO - Processing /home/airflow/.local/lib/python3.12/site-packages/airflow/example_dags/example_external_task_marker_dag.py took 0.075 seconds
[2025-04-21T11:27:40.007+0000] {processor.py:186} INFO - Started process (PID=4385) to work on /home/airflow/.local/lib/python3.12/site-packages/airflow/example_dags/example_external_task_marker_dag.py
[2025-04-21T11:27:40.008+0000] {processor.py:914} INFO - Processing file /home/airflow/.local/lib/python3.12/site-packages/airflow/example_dags/example_external_task_marker_dag.py for tasks to queue
[2025-04-21T11:27:40.010+0000] {logging_mixin.py:190} INFO - [2025-04-21T11:27:40.009+0000] {dagbag.py:588} INFO - Filling up the DagBag from /home/airflow/.local/lib/python3.12/site-packages/airflow/example_dags/example_external_task_marker_dag.py
[2025-04-21T11:27:40.017+0000] {processor.py:925} INFO - DAG(s) 'example_external_task_marker_parent', 'example_external_task_marker_child' retrieved from /home/airflow/.local/lib/python3.12/site-packages/airflow/example_dags/example_external_task_marker_dag.py
[2025-04-21T11:27:40.038+0000] {logging_mixin.py:190} INFO - [2025-04-21T11:27:40.038+0000] {dag.py:3239} INFO - Sync 2 DAGs
[2025-04-21T11:27:40.052+0000] {logging_mixin.py:190} INFO - [2025-04-21T11:27:40.051+0000] {dag.py:4180} INFO - Setting next_dagrun for example_external_task_marker_child to None, run_after=None
[2025-04-21T11:27:40.056+0000] {logging_mixin.py:190} INFO - [2025-04-21T11:27:40.056+0000] {dag.py:4180} INFO - Setting next_dagrun for example_external_task_marker_parent to None, run_after=None
[2025-04-21T11:27:40.072+0000] {processor.py:208} INFO - Processing /home/airflow/.local/lib/python3.12/site-packages/airflow/example_dags/example_external_task_marker_dag.py took 0.070 seconds
[2025-04-21T11:28:10.624+0000] {processor.py:186} INFO - Started process (PID=4448) to work on /home/airflow/.local/lib/python3.12/site-packages/airflow/example_dags/example_external_task_marker_dag.py
[2025-04-21T11:28:10.625+0000] {processor.py:914} INFO - Processing file /home/airflow/.local/lib/python3.12/site-packages/airflow/example_dags/example_external_task_marker_dag.py for tasks to queue
[2025-04-21T11:28:10.626+0000] {logging_mixin.py:190} INFO - [2025-04-21T11:28:10.626+0000] {dagbag.py:588} INFO - Filling up the DagBag from /home/airflow/.local/lib/python3.12/site-packages/airflow/example_dags/example_external_task_marker_dag.py
[2025-04-21T11:28:10.632+0000] {processor.py:925} INFO - DAG(s) 'example_external_task_marker_child', 'example_external_task_marker_parent' retrieved from /home/airflow/.local/lib/python3.12/site-packages/airflow/example_dags/example_external_task_marker_dag.py
[2025-04-21T11:28:10.650+0000] {logging_mixin.py:190} INFO - [2025-04-21T11:28:10.650+0000] {dag.py:3239} INFO - Sync 2 DAGs
[2025-04-21T11:28:10.664+0000] {logging_mixin.py:190} INFO - [2025-04-21T11:28:10.663+0000] {dag.py:4180} INFO - Setting next_dagrun for example_external_task_marker_child to None, run_after=None
[2025-04-21T11:28:10.669+0000] {logging_mixin.py:190} INFO - [2025-04-21T11:28:10.668+0000] {dag.py:4180} INFO - Setting next_dagrun for example_external_task_marker_parent to None, run_after=None
[2025-04-21T11:28:10.682+0000] {processor.py:208} INFO - Processing /home/airflow/.local/lib/python3.12/site-packages/airflow/example_dags/example_external_task_marker_dag.py took 0.062 seconds
[2025-04-21T11:28:41.150+0000] {processor.py:186} INFO - Started process (PID=4511) to work on /home/airflow/.local/lib/python3.12/site-packages/airflow/example_dags/example_external_task_marker_dag.py
[2025-04-21T11:28:41.150+0000] {processor.py:914} INFO - Processing file /home/airflow/.local/lib/python3.12/site-packages/airflow/example_dags/example_external_task_marker_dag.py for tasks to queue
[2025-04-21T11:28:41.153+0000] {logging_mixin.py:190} INFO - [2025-04-21T11:28:41.152+0000] {dagbag.py:588} INFO - Filling up the DagBag from /home/airflow/.local/lib/python3.12/site-packages/airflow/example_dags/example_external_task_marker_dag.py
[2025-04-21T11:28:41.160+0000] {processor.py:925} INFO - DAG(s) 'example_external_task_marker_parent', 'example_external_task_marker_child' retrieved from /home/airflow/.local/lib/python3.12/site-packages/airflow/example_dags/example_external_task_marker_dag.py
[2025-04-21T11:28:41.183+0000] {logging_mixin.py:190} INFO - [2025-04-21T11:28:41.182+0000] {dag.py:3239} INFO - Sync 2 DAGs
[2025-04-21T11:28:41.196+0000] {logging_mixin.py:190} INFO - [2025-04-21T11:28:41.196+0000] {dag.py:4180} INFO - Setting next_dagrun for example_external_task_marker_child to None, run_after=None
[2025-04-21T11:28:41.201+0000] {logging_mixin.py:190} INFO - [2025-04-21T11:28:41.200+0000] {dag.py:4180} INFO - Setting next_dagrun for example_external_task_marker_parent to None, run_after=None
[2025-04-21T11:28:41.221+0000] {processor.py:208} INFO - Processing /home/airflow/.local/lib/python3.12/site-packages/airflow/example_dags/example_external_task_marker_dag.py took 0.075 seconds
[2025-04-21T11:29:11.570+0000] {processor.py:186} INFO - Started process (PID=4573) to work on /home/airflow/.local/lib/python3.12/site-packages/airflow/example_dags/example_external_task_marker_dag.py
[2025-04-21T11:29:11.571+0000] {processor.py:914} INFO - Processing file /home/airflow/.local/lib/python3.12/site-packages/airflow/example_dags/example_external_task_marker_dag.py for tasks to queue
[2025-04-21T11:29:11.573+0000] {logging_mixin.py:190} INFO - [2025-04-21T11:29:11.572+0000] {dagbag.py:588} INFO - Filling up the DagBag from /home/airflow/.local/lib/python3.12/site-packages/airflow/example_dags/example_external_task_marker_dag.py
[2025-04-21T11:29:11.579+0000] {processor.py:925} INFO - DAG(s) 'example_external_task_marker_parent', 'example_external_task_marker_child' retrieved from /home/airflow/.local/lib/python3.12/site-packages/airflow/example_dags/example_external_task_marker_dag.py
[2025-04-21T11:29:11.599+0000] {logging_mixin.py:190} INFO - [2025-04-21T11:29:11.599+0000] {dag.py:3239} INFO - Sync 2 DAGs
[2025-04-21T11:29:11.612+0000] {logging_mixin.py:190} INFO - [2025-04-21T11:29:11.612+0000] {dag.py:4180} INFO - Setting next_dagrun for example_external_task_marker_child to None, run_after=None
[2025-04-21T11:29:11.615+0000] {logging_mixin.py:190} INFO - [2025-04-21T11:29:11.615+0000] {dag.py:4180} INFO - Setting next_dagrun for example_external_task_marker_parent to None, run_after=None
[2025-04-21T11:29:11.632+0000] {processor.py:208} INFO - Processing /home/airflow/.local/lib/python3.12/site-packages/airflow/example_dags/example_external_task_marker_dag.py took 0.066 seconds
[2025-04-21T11:29:42.037+0000] {processor.py:186} INFO - Started process (PID=4637) to work on /home/airflow/.local/lib/python3.12/site-packages/airflow/example_dags/example_external_task_marker_dag.py
[2025-04-21T11:29:42.038+0000] {processor.py:914} INFO - Processing file /home/airflow/.local/lib/python3.12/site-packages/airflow/example_dags/example_external_task_marker_dag.py for tasks to queue
[2025-04-21T11:29:42.040+0000] {logging_mixin.py:190} INFO - [2025-04-21T11:29:42.040+0000] {dagbag.py:588} INFO - Filling up the DagBag from /home/airflow/.local/lib/python3.12/site-packages/airflow/example_dags/example_external_task_marker_dag.py
[2025-04-21T11:29:42.047+0000] {processor.py:925} INFO - DAG(s) 'example_external_task_marker_parent', 'example_external_task_marker_child' retrieved from /home/airflow/.local/lib/python3.12/site-packages/airflow/example_dags/example_external_task_marker_dag.py
[2025-04-21T11:29:42.069+0000] {logging_mixin.py:190} INFO - [2025-04-21T11:29:42.069+0000] {dag.py:3239} INFO - Sync 2 DAGs
[2025-04-21T11:29:42.081+0000] {logging_mixin.py:190} INFO - [2025-04-21T11:29:42.081+0000] {dag.py:4180} INFO - Setting next_dagrun for example_external_task_marker_child to None, run_after=None
[2025-04-21T11:29:42.084+0000] {logging_mixin.py:190} INFO - [2025-04-21T11:29:42.084+0000] {dag.py:4180} INFO - Setting next_dagrun for example_external_task_marker_parent to None, run_after=None
[2025-04-21T11:29:42.101+0000] {processor.py:208} INFO - Processing /home/airflow/.local/lib/python3.12/site-packages/airflow/example_dags/example_external_task_marker_dag.py took 0.068 seconds
[2025-04-21T11:30:12.543+0000] {processor.py:186} INFO - Started process (PID=4700) to work on /home/airflow/.local/lib/python3.12/site-packages/airflow/example_dags/example_external_task_marker_dag.py
[2025-04-21T11:30:12.544+0000] {processor.py:914} INFO - Processing file /home/airflow/.local/lib/python3.12/site-packages/airflow/example_dags/example_external_task_marker_dag.py for tasks to queue
[2025-04-21T11:30:12.546+0000] {logging_mixin.py:190} INFO - [2025-04-21T11:30:12.546+0000] {dagbag.py:588} INFO - Filling up the DagBag from /home/airflow/.local/lib/python3.12/site-packages/airflow/example_dags/example_external_task_marker_dag.py
[2025-04-21T11:30:12.553+0000] {processor.py:925} INFO - DAG(s) 'example_external_task_marker_parent', 'example_external_task_marker_child' retrieved from /home/airflow/.local/lib/python3.12/site-packages/airflow/example_dags/example_external_task_marker_dag.py
[2025-04-21T11:30:12.572+0000] {logging_mixin.py:190} INFO - [2025-04-21T11:30:12.572+0000] {dag.py:3239} INFO - Sync 2 DAGs
[2025-04-21T11:30:12.586+0000] {logging_mixin.py:190} INFO - [2025-04-21T11:30:12.586+0000] {dag.py:4180} INFO - Setting next_dagrun for example_external_task_marker_child to None, run_after=None
[2025-04-21T11:30:12.589+0000] {logging_mixin.py:190} INFO - [2025-04-21T11:30:12.589+0000] {dag.py:4180} INFO - Setting next_dagrun for example_external_task_marker_parent to None, run_after=None
[2025-04-21T11:30:12.602+0000] {processor.py:208} INFO - Processing /home/airflow/.local/lib/python3.12/site-packages/airflow/example_dags/example_external_task_marker_dag.py took 0.064 seconds
[2025-04-21T11:30:43.044+0000] {processor.py:186} INFO - Started process (PID=4763) to work on /home/airflow/.local/lib/python3.12/site-packages/airflow/example_dags/example_external_task_marker_dag.py
[2025-04-21T11:30:43.045+0000] {processor.py:914} INFO - Processing file /home/airflow/.local/lib/python3.12/site-packages/airflow/example_dags/example_external_task_marker_dag.py for tasks to queue
[2025-04-21T11:30:43.047+0000] {logging_mixin.py:190} INFO - [2025-04-21T11:30:43.047+0000] {dagbag.py:588} INFO - Filling up the DagBag from /home/airflow/.local/lib/python3.12/site-packages/airflow/example_dags/example_external_task_marker_dag.py
[2025-04-21T11:30:43.054+0000] {processor.py:925} INFO - DAG(s) 'example_external_task_marker_child', 'example_external_task_marker_parent' retrieved from /home/airflow/.local/lib/python3.12/site-packages/airflow/example_dags/example_external_task_marker_dag.py
[2025-04-21T11:30:43.072+0000] {logging_mixin.py:190} INFO - [2025-04-21T11:30:43.071+0000] {dag.py:3239} INFO - Sync 2 DAGs
[2025-04-21T11:30:43.083+0000] {logging_mixin.py:190} INFO - [2025-04-21T11:30:43.083+0000] {dag.py:4180} INFO - Setting next_dagrun for example_external_task_marker_child to None, run_after=None
[2025-04-21T11:30:43.087+0000] {logging_mixin.py:190} INFO - [2025-04-21T11:30:43.087+0000] {dag.py:4180} INFO - Setting next_dagrun for example_external_task_marker_parent to None, run_after=None
[2025-04-21T11:30:43.104+0000] {processor.py:208} INFO - Processing /home/airflow/.local/lib/python3.12/site-packages/airflow/example_dags/example_external_task_marker_dag.py took 0.064 seconds
[2025-04-21T11:31:13.521+0000] {processor.py:186} INFO - Started process (PID=4825) to work on /home/airflow/.local/lib/python3.12/site-packages/airflow/example_dags/example_external_task_marker_dag.py
[2025-04-21T11:31:13.522+0000] {processor.py:914} INFO - Processing file /home/airflow/.local/lib/python3.12/site-packages/airflow/example_dags/example_external_task_marker_dag.py for tasks to queue
[2025-04-21T11:31:13.524+0000] {logging_mixin.py:190} INFO - [2025-04-21T11:31:13.524+0000] {dagbag.py:588} INFO - Filling up the DagBag from /home/airflow/.local/lib/python3.12/site-packages/airflow/example_dags/example_external_task_marker_dag.py
[2025-04-21T11:31:13.530+0000] {processor.py:925} INFO - DAG(s) 'example_external_task_marker_child', 'example_external_task_marker_parent' retrieved from /home/airflow/.local/lib/python3.12/site-packages/airflow/example_dags/example_external_task_marker_dag.py
[2025-04-21T11:31:13.546+0000] {logging_mixin.py:190} INFO - [2025-04-21T11:31:13.546+0000] {dag.py:3239} INFO - Sync 2 DAGs
[2025-04-21T11:31:13.560+0000] {logging_mixin.py:190} INFO - [2025-04-21T11:31:13.559+0000] {dag.py:4180} INFO - Setting next_dagrun for example_external_task_marker_child to None, run_after=None
[2025-04-21T11:31:13.563+0000] {logging_mixin.py:190} INFO - [2025-04-21T11:31:13.563+0000] {dag.py:4180} INFO - Setting next_dagrun for example_external_task_marker_parent to None, run_after=None
[2025-04-21T11:31:13.575+0000] {processor.py:208} INFO - Processing /home/airflow/.local/lib/python3.12/site-packages/airflow/example_dags/example_external_task_marker_dag.py took 0.059 seconds
[2025-04-21T11:31:44.820+0000] {processor.py:186} INFO - Started process (PID=4888) to work on /home/airflow/.local/lib/python3.12/site-packages/airflow/example_dags/example_external_task_marker_dag.py
[2025-04-21T11:31:44.820+0000] {processor.py:914} INFO - Processing file /home/airflow/.local/lib/python3.12/site-packages/airflow/example_dags/example_external_task_marker_dag.py for tasks to queue
[2025-04-21T11:31:44.822+0000] {logging_mixin.py:190} INFO - [2025-04-21T11:31:44.822+0000] {dagbag.py:588} INFO - Filling up the DagBag from /home/airflow/.local/lib/python3.12/site-packages/airflow/example_dags/example_external_task_marker_dag.py
[2025-04-21T11:31:44.829+0000] {processor.py:925} INFO - DAG(s) 'example_external_task_marker_parent', 'example_external_task_marker_child' retrieved from /home/airflow/.local/lib/python3.12/site-packages/airflow/example_dags/example_external_task_marker_dag.py
[2025-04-21T11:31:44.851+0000] {logging_mixin.py:190} INFO - [2025-04-21T11:31:44.850+0000] {dag.py:3239} INFO - Sync 2 DAGs
[2025-04-21T11:31:44.865+0000] {logging_mixin.py:190} INFO - [2025-04-21T11:31:44.865+0000] {dag.py:4180} INFO - Setting next_dagrun for example_external_task_marker_child to None, run_after=None
[2025-04-21T11:31:44.870+0000] {logging_mixin.py:190} INFO - [2025-04-21T11:31:44.869+0000] {dag.py:4180} INFO - Setting next_dagrun for example_external_task_marker_parent to None, run_after=None
[2025-04-21T11:31:44.887+0000] {processor.py:208} INFO - Processing /home/airflow/.local/lib/python3.12/site-packages/airflow/example_dags/example_external_task_marker_dag.py took 0.072 seconds
[2025-04-21T11:32:15.157+0000] {processor.py:186} INFO - Started process (PID=4941) to work on /home/airflow/.local/lib/python3.12/site-packages/airflow/example_dags/example_external_task_marker_dag.py
[2025-04-21T11:32:15.158+0000] {processor.py:914} INFO - Processing file /home/airflow/.local/lib/python3.12/site-packages/airflow/example_dags/example_external_task_marker_dag.py for tasks to queue
[2025-04-21T11:32:15.160+0000] {logging_mixin.py:190} INFO - [2025-04-21T11:32:15.159+0000] {dagbag.py:588} INFO - Filling up the DagBag from /home/airflow/.local/lib/python3.12/site-packages/airflow/example_dags/example_external_task_marker_dag.py
[2025-04-21T11:32:15.166+0000] {processor.py:925} INFO - DAG(s) 'example_external_task_marker_parent', 'example_external_task_marker_child' retrieved from /home/airflow/.local/lib/python3.12/site-packages/airflow/example_dags/example_external_task_marker_dag.py
[2025-04-21T11:32:15.182+0000] {logging_mixin.py:190} INFO - [2025-04-21T11:32:15.182+0000] {dag.py:3239} INFO - Sync 2 DAGs
[2025-04-21T11:32:15.194+0000] {logging_mixin.py:190} INFO - [2025-04-21T11:32:15.194+0000] {dag.py:4180} INFO - Setting next_dagrun for example_external_task_marker_child to None, run_after=None
[2025-04-21T11:32:15.198+0000] {logging_mixin.py:190} INFO - [2025-04-21T11:32:15.198+0000] {dag.py:4180} INFO - Setting next_dagrun for example_external_task_marker_parent to None, run_after=None
[2025-04-21T11:32:15.211+0000] {processor.py:208} INFO - Processing /home/airflow/.local/lib/python3.12/site-packages/airflow/example_dags/example_external_task_marker_dag.py took 0.058 seconds
[2025-04-21T11:32:45.823+0000] {processor.py:186} INFO - Started process (PID=5003) to work on /home/airflow/.local/lib/python3.12/site-packages/airflow/example_dags/example_external_task_marker_dag.py
[2025-04-21T11:32:45.824+0000] {processor.py:914} INFO - Processing file /home/airflow/.local/lib/python3.12/site-packages/airflow/example_dags/example_external_task_marker_dag.py for tasks to queue
[2025-04-21T11:32:45.826+0000] {logging_mixin.py:190} INFO - [2025-04-21T11:32:45.826+0000] {dagbag.py:588} INFO - Filling up the DagBag from /home/airflow/.local/lib/python3.12/site-packages/airflow/example_dags/example_external_task_marker_dag.py
[2025-04-21T11:32:45.833+0000] {processor.py:925} INFO - DAG(s) 'example_external_task_marker_parent', 'example_external_task_marker_child' retrieved from /home/airflow/.local/lib/python3.12/site-packages/airflow/example_dags/example_external_task_marker_dag.py
[2025-04-21T11:32:45.853+0000] {logging_mixin.py:190} INFO - [2025-04-21T11:32:45.853+0000] {dag.py:3239} INFO - Sync 2 DAGs
[2025-04-21T11:32:45.865+0000] {logging_mixin.py:190} INFO - [2025-04-21T11:32:45.865+0000] {dag.py:4180} INFO - Setting next_dagrun for example_external_task_marker_child to None, run_after=None
[2025-04-21T11:32:45.868+0000] {logging_mixin.py:190} INFO - [2025-04-21T11:32:45.868+0000] {dag.py:4180} INFO - Setting next_dagrun for example_external_task_marker_parent to None, run_after=None
[2025-04-21T11:32:45.882+0000] {processor.py:208} INFO - Processing /home/airflow/.local/lib/python3.12/site-packages/airflow/example_dags/example_external_task_marker_dag.py took 0.064 seconds
[2025-04-21T11:33:16.476+0000] {processor.py:186} INFO - Started process (PID=5067) to work on /home/airflow/.local/lib/python3.12/site-packages/airflow/example_dags/example_external_task_marker_dag.py
[2025-04-21T11:33:16.477+0000] {processor.py:914} INFO - Processing file /home/airflow/.local/lib/python3.12/site-packages/airflow/example_dags/example_external_task_marker_dag.py for tasks to queue
[2025-04-21T11:33:16.479+0000] {logging_mixin.py:190} INFO - [2025-04-21T11:33:16.479+0000] {dagbag.py:588} INFO - Filling up the DagBag from /home/airflow/.local/lib/python3.12/site-packages/airflow/example_dags/example_external_task_marker_dag.py
[2025-04-21T11:33:16.485+0000] {processor.py:925} INFO - DAG(s) 'example_external_task_marker_child', 'example_external_task_marker_parent' retrieved from /home/airflow/.local/lib/python3.12/site-packages/airflow/example_dags/example_external_task_marker_dag.py
[2025-04-21T11:33:16.503+0000] {logging_mixin.py:190} INFO - [2025-04-21T11:33:16.503+0000] {dag.py:3239} INFO - Sync 2 DAGs
[2025-04-21T11:33:16.514+0000] {logging_mixin.py:190} INFO - [2025-04-21T11:33:16.513+0000] {dag.py:4180} INFO - Setting next_dagrun for example_external_task_marker_child to None, run_after=None
[2025-04-21T11:33:16.517+0000] {logging_mixin.py:190} INFO - [2025-04-21T11:33:16.516+0000] {dag.py:4180} INFO - Setting next_dagrun for example_external_task_marker_parent to None, run_after=None
[2025-04-21T11:33:16.531+0000] {processor.py:208} INFO - Processing /home/airflow/.local/lib/python3.12/site-packages/airflow/example_dags/example_external_task_marker_dag.py took 0.058 seconds
[2025-04-21T11:33:46.725+0000] {processor.py:186} INFO - Started process (PID=5131) to work on /home/airflow/.local/lib/python3.12/site-packages/airflow/example_dags/example_external_task_marker_dag.py
[2025-04-21T11:33:46.726+0000] {processor.py:914} INFO - Processing file /home/airflow/.local/lib/python3.12/site-packages/airflow/example_dags/example_external_task_marker_dag.py for tasks to queue
[2025-04-21T11:33:46.728+0000] {logging_mixin.py:190} INFO - [2025-04-21T11:33:46.728+0000] {dagbag.py:588} INFO - Filling up the DagBag from /home/airflow/.local/lib/python3.12/site-packages/airflow/example_dags/example_external_task_marker_dag.py
[2025-04-21T11:33:46.735+0000] {processor.py:925} INFO - DAG(s) 'example_external_task_marker_child', 'example_external_task_marker_parent' retrieved from /home/airflow/.local/lib/python3.12/site-packages/airflow/example_dags/example_external_task_marker_dag.py
[2025-04-21T11:33:46.752+0000] {logging_mixin.py:190} INFO - [2025-04-21T11:33:46.752+0000] {dag.py:3239} INFO - Sync 2 DAGs
[2025-04-21T11:33:46.763+0000] {logging_mixin.py:190} INFO - [2025-04-21T11:33:46.763+0000] {dag.py:4180} INFO - Setting next_dagrun for example_external_task_marker_child to None, run_after=None
[2025-04-21T11:33:46.766+0000] {logging_mixin.py:190} INFO - [2025-04-21T11:33:46.766+0000] {dag.py:4180} INFO - Setting next_dagrun for example_external_task_marker_parent to None, run_after=None
[2025-04-21T11:33:46.778+0000] {processor.py:208} INFO - Processing /home/airflow/.local/lib/python3.12/site-packages/airflow/example_dags/example_external_task_marker_dag.py took 0.057 seconds
[2025-04-21T11:34:16.977+0000] {processor.py:186} INFO - Started process (PID=5195) to work on /home/airflow/.local/lib/python3.12/site-packages/airflow/example_dags/example_external_task_marker_dag.py
[2025-04-21T11:34:16.978+0000] {processor.py:914} INFO - Processing file /home/airflow/.local/lib/python3.12/site-packages/airflow/example_dags/example_external_task_marker_dag.py for tasks to queue
[2025-04-21T11:34:16.980+0000] {logging_mixin.py:190} INFO - [2025-04-21T11:34:16.980+0000] {dagbag.py:588} INFO - Filling up the DagBag from /home/airflow/.local/lib/python3.12/site-packages/airflow/example_dags/example_external_task_marker_dag.py
[2025-04-21T11:34:16.986+0000] {processor.py:925} INFO - DAG(s) 'example_external_task_marker_child', 'example_external_task_marker_parent' retrieved from /home/airflow/.local/lib/python3.12/site-packages/airflow/example_dags/example_external_task_marker_dag.py
[2025-04-21T11:34:17.006+0000] {logging_mixin.py:190} INFO - [2025-04-21T11:34:17.006+0000] {dag.py:3239} INFO - Sync 2 DAGs
[2025-04-21T11:34:17.018+0000] {logging_mixin.py:190} INFO - [2025-04-21T11:34:17.018+0000] {dag.py:4180} INFO - Setting next_dagrun for example_external_task_marker_child to None, run_after=None
[2025-04-21T11:34:17.021+0000] {logging_mixin.py:190} INFO - [2025-04-21T11:34:17.021+0000] {dag.py:4180} INFO - Setting next_dagrun for example_external_task_marker_parent to None, run_after=None
[2025-04-21T11:34:17.034+0000] {processor.py:208} INFO - Processing /home/airflow/.local/lib/python3.12/site-packages/airflow/example_dags/example_external_task_marker_dag.py took 0.061 seconds
[2025-04-21T11:34:47.224+0000] {processor.py:186} INFO - Started process (PID=5258) to work on /home/airflow/.local/lib/python3.12/site-packages/airflow/example_dags/example_external_task_marker_dag.py
[2025-04-21T11:34:47.225+0000] {processor.py:914} INFO - Processing file /home/airflow/.local/lib/python3.12/site-packages/airflow/example_dags/example_external_task_marker_dag.py for tasks to queue
[2025-04-21T11:34:47.227+0000] {logging_mixin.py:190} INFO - [2025-04-21T11:34:47.227+0000] {dagbag.py:588} INFO - Filling up the DagBag from /home/airflow/.local/lib/python3.12/site-packages/airflow/example_dags/example_external_task_marker_dag.py
[2025-04-21T11:34:47.234+0000] {processor.py:925} INFO - DAG(s) 'example_external_task_marker_child', 'example_external_task_marker_parent' retrieved from /home/airflow/.local/lib/python3.12/site-packages/airflow/example_dags/example_external_task_marker_dag.py
[2025-04-21T11:34:47.254+0000] {logging_mixin.py:190} INFO - [2025-04-21T11:34:47.254+0000] {dag.py:3239} INFO - Sync 2 DAGs
[2025-04-21T11:34:47.267+0000] {logging_mixin.py:190} INFO - [2025-04-21T11:34:47.267+0000] {dag.py:4180} INFO - Setting next_dagrun for example_external_task_marker_child to None, run_after=None
[2025-04-21T11:34:47.271+0000] {logging_mixin.py:190} INFO - [2025-04-21T11:34:47.271+0000] {dag.py:4180} INFO - Setting next_dagrun for example_external_task_marker_parent to None, run_after=None
[2025-04-21T11:34:47.284+0000] {processor.py:208} INFO - Processing /home/airflow/.local/lib/python3.12/site-packages/airflow/example_dags/example_external_task_marker_dag.py took 0.064 seconds
[2025-04-21T11:35:17.677+0000] {processor.py:186} INFO - Started process (PID=5322) to work on /home/airflow/.local/lib/python3.12/site-packages/airflow/example_dags/example_external_task_marker_dag.py
[2025-04-21T11:35:17.678+0000] {processor.py:914} INFO - Processing file /home/airflow/.local/lib/python3.12/site-packages/airflow/example_dags/example_external_task_marker_dag.py for tasks to queue
[2025-04-21T11:35:17.680+0000] {logging_mixin.py:190} INFO - [2025-04-21T11:35:17.679+0000] {dagbag.py:588} INFO - Filling up the DagBag from /home/airflow/.local/lib/python3.12/site-packages/airflow/example_dags/example_external_task_marker_dag.py
[2025-04-21T11:35:17.686+0000] {processor.py:925} INFO - DAG(s) 'example_external_task_marker_parent', 'example_external_task_marker_child' retrieved from /home/airflow/.local/lib/python3.12/site-packages/airflow/example_dags/example_external_task_marker_dag.py
[2025-04-21T11:35:17.707+0000] {logging_mixin.py:190} INFO - [2025-04-21T11:35:17.706+0000] {dag.py:3239} INFO - Sync 2 DAGs
[2025-04-21T11:35:17.719+0000] {logging_mixin.py:190} INFO - [2025-04-21T11:35:17.719+0000] {dag.py:4180} INFO - Setting next_dagrun for example_external_task_marker_child to None, run_after=None
[2025-04-21T11:35:17.723+0000] {logging_mixin.py:190} INFO - [2025-04-21T11:35:17.722+0000] {dag.py:4180} INFO - Setting next_dagrun for example_external_task_marker_parent to None, run_after=None
[2025-04-21T11:35:17.736+0000] {processor.py:208} INFO - Processing /home/airflow/.local/lib/python3.12/site-packages/airflow/example_dags/example_external_task_marker_dag.py took 0.064 seconds
[2025-04-21T11:35:48.856+0000] {processor.py:186} INFO - Started process (PID=5386) to work on /home/airflow/.local/lib/python3.12/site-packages/airflow/example_dags/example_external_task_marker_dag.py
[2025-04-21T11:35:48.856+0000] {processor.py:914} INFO - Processing file /home/airflow/.local/lib/python3.12/site-packages/airflow/example_dags/example_external_task_marker_dag.py for tasks to queue
[2025-04-21T11:35:48.858+0000] {logging_mixin.py:190} INFO - [2025-04-21T11:35:48.858+0000] {dagbag.py:588} INFO - Filling up the DagBag from /home/airflow/.local/lib/python3.12/site-packages/airflow/example_dags/example_external_task_marker_dag.py
[2025-04-21T11:35:48.864+0000] {processor.py:925} INFO - DAG(s) 'example_external_task_marker_parent', 'example_external_task_marker_child' retrieved from /home/airflow/.local/lib/python3.12/site-packages/airflow/example_dags/example_external_task_marker_dag.py
[2025-04-21T11:35:48.883+0000] {logging_mixin.py:190} INFO - [2025-04-21T11:35:48.883+0000] {dag.py:3239} INFO - Sync 2 DAGs
[2025-04-21T11:35:48.895+0000] {logging_mixin.py:190} INFO - [2025-04-21T11:35:48.895+0000] {dag.py:4180} INFO - Setting next_dagrun for example_external_task_marker_child to None, run_after=None
[2025-04-21T11:35:48.900+0000] {logging_mixin.py:190} INFO - [2025-04-21T11:35:48.899+0000] {dag.py:4180} INFO - Setting next_dagrun for example_external_task_marker_parent to None, run_after=None
[2025-04-21T11:35:48.915+0000] {processor.py:208} INFO - Processing /home/airflow/.local/lib/python3.12/site-packages/airflow/example_dags/example_external_task_marker_dag.py took 0.064 seconds
[2025-04-21T11:36:19.698+0000] {processor.py:186} INFO - Started process (PID=5450) to work on /home/airflow/.local/lib/python3.12/site-packages/airflow/example_dags/example_external_task_marker_dag.py
[2025-04-21T11:36:19.699+0000] {processor.py:914} INFO - Processing file /home/airflow/.local/lib/python3.12/site-packages/airflow/example_dags/example_external_task_marker_dag.py for tasks to queue
[2025-04-21T11:36:19.701+0000] {logging_mixin.py:190} INFO - [2025-04-21T11:36:19.701+0000] {dagbag.py:588} INFO - Filling up the DagBag from /home/airflow/.local/lib/python3.12/site-packages/airflow/example_dags/example_external_task_marker_dag.py
[2025-04-21T11:36:19.708+0000] {processor.py:925} INFO - DAG(s) 'example_external_task_marker_parent', 'example_external_task_marker_child' retrieved from /home/airflow/.local/lib/python3.12/site-packages/airflow/example_dags/example_external_task_marker_dag.py
[2025-04-21T11:36:19.727+0000] {logging_mixin.py:190} INFO - [2025-04-21T11:36:19.727+0000] {dag.py:3239} INFO - Sync 2 DAGs
[2025-04-21T11:36:19.741+0000] {logging_mixin.py:190} INFO - [2025-04-21T11:36:19.741+0000] {dag.py:4180} INFO - Setting next_dagrun for example_external_task_marker_child to None, run_after=None
[2025-04-21T11:36:19.745+0000] {logging_mixin.py:190} INFO - [2025-04-21T11:36:19.745+0000] {dag.py:4180} INFO - Setting next_dagrun for example_external_task_marker_parent to None, run_after=None
[2025-04-21T11:36:19.760+0000] {processor.py:208} INFO - Processing /home/airflow/.local/lib/python3.12/site-packages/airflow/example_dags/example_external_task_marker_dag.py took 0.067 seconds
[2025-04-21T11:36:50.391+0000] {processor.py:186} INFO - Started process (PID=5514) to work on /home/airflow/.local/lib/python3.12/site-packages/airflow/example_dags/example_external_task_marker_dag.py
[2025-04-21T11:36:50.392+0000] {processor.py:914} INFO - Processing file /home/airflow/.local/lib/python3.12/site-packages/airflow/example_dags/example_external_task_marker_dag.py for tasks to queue
[2025-04-21T11:36:50.394+0000] {logging_mixin.py:190} INFO - [2025-04-21T11:36:50.394+0000] {dagbag.py:588} INFO - Filling up the DagBag from /home/airflow/.local/lib/python3.12/site-packages/airflow/example_dags/example_external_task_marker_dag.py
[2025-04-21T11:36:50.400+0000] {processor.py:925} INFO - DAG(s) 'example_external_task_marker_child', 'example_external_task_marker_parent' retrieved from /home/airflow/.local/lib/python3.12/site-packages/airflow/example_dags/example_external_task_marker_dag.py
[2025-04-21T11:36:50.419+0000] {logging_mixin.py:190} INFO - [2025-04-21T11:36:50.419+0000] {dag.py:3239} INFO - Sync 2 DAGs
[2025-04-21T11:36:50.432+0000] {logging_mixin.py:190} INFO - [2025-04-21T11:36:50.431+0000] {dag.py:4180} INFO - Setting next_dagrun for example_external_task_marker_child to None, run_after=None
[2025-04-21T11:36:50.435+0000] {logging_mixin.py:190} INFO - [2025-04-21T11:36:50.435+0000] {dag.py:4180} INFO - Setting next_dagrun for example_external_task_marker_parent to None, run_after=None
[2025-04-21T11:36:50.453+0000] {processor.py:208} INFO - Processing /home/airflow/.local/lib/python3.12/site-packages/airflow/example_dags/example_external_task_marker_dag.py took 0.065 seconds
[2025-04-21T11:37:20.975+0000] {processor.py:186} INFO - Started process (PID=5578) to work on /home/airflow/.local/lib/python3.12/site-packages/airflow/example_dags/example_external_task_marker_dag.py
[2025-04-21T11:37:20.976+0000] {processor.py:914} INFO - Processing file /home/airflow/.local/lib/python3.12/site-packages/airflow/example_dags/example_external_task_marker_dag.py for tasks to queue
[2025-04-21T11:37:20.978+0000] {logging_mixin.py:190} INFO - [2025-04-21T11:37:20.977+0000] {dagbag.py:588} INFO - Filling up the DagBag from /home/airflow/.local/lib/python3.12/site-packages/airflow/example_dags/example_external_task_marker_dag.py
[2025-04-21T11:37:20.984+0000] {processor.py:925} INFO - DAG(s) 'example_external_task_marker_parent', 'example_external_task_marker_child' retrieved from /home/airflow/.local/lib/python3.12/site-packages/airflow/example_dags/example_external_task_marker_dag.py
[2025-04-21T11:37:21.001+0000] {logging_mixin.py:190} INFO - [2025-04-21T11:37:21.000+0000] {dag.py:3239} INFO - Sync 2 DAGs
[2025-04-21T11:37:21.012+0000] {logging_mixin.py:190} INFO - [2025-04-21T11:37:21.012+0000] {dag.py:4180} INFO - Setting next_dagrun for example_external_task_marker_child to None, run_after=None
[2025-04-21T11:37:21.015+0000] {logging_mixin.py:190} INFO - [2025-04-21T11:37:21.015+0000] {dag.py:4180} INFO - Setting next_dagrun for example_external_task_marker_parent to None, run_after=None
[2025-04-21T11:37:21.027+0000] {processor.py:208} INFO - Processing /home/airflow/.local/lib/python3.12/site-packages/airflow/example_dags/example_external_task_marker_dag.py took 0.057 seconds
[2025-04-21T11:37:51.272+0000] {processor.py:186} INFO - Started process (PID=5642) to work on /home/airflow/.local/lib/python3.12/site-packages/airflow/example_dags/example_external_task_marker_dag.py
[2025-04-21T11:37:51.273+0000] {processor.py:914} INFO - Processing file /home/airflow/.local/lib/python3.12/site-packages/airflow/example_dags/example_external_task_marker_dag.py for tasks to queue
[2025-04-21T11:37:51.275+0000] {logging_mixin.py:190} INFO - [2025-04-21T11:37:51.274+0000] {dagbag.py:588} INFO - Filling up the DagBag from /home/airflow/.local/lib/python3.12/site-packages/airflow/example_dags/example_external_task_marker_dag.py
[2025-04-21T11:37:51.281+0000] {processor.py:925} INFO - DAG(s) 'example_external_task_marker_parent', 'example_external_task_marker_child' retrieved from /home/airflow/.local/lib/python3.12/site-packages/airflow/example_dags/example_external_task_marker_dag.py
[2025-04-21T11:37:51.299+0000] {logging_mixin.py:190} INFO - [2025-04-21T11:37:51.298+0000] {dag.py:3239} INFO - Sync 2 DAGs
[2025-04-21T11:37:51.310+0000] {logging_mixin.py:190} INFO - [2025-04-21T11:37:51.309+0000] {dag.py:4180} INFO - Setting next_dagrun for example_external_task_marker_child to None, run_after=None
[2025-04-21T11:37:51.313+0000] {logging_mixin.py:190} INFO - [2025-04-21T11:37:51.312+0000] {dag.py:4180} INFO - Setting next_dagrun for example_external_task_marker_parent to None, run_after=None
[2025-04-21T11:37:51.326+0000] {processor.py:208} INFO - Processing /home/airflow/.local/lib/python3.12/site-packages/airflow/example_dags/example_external_task_marker_dag.py took 0.058 seconds
[2025-04-21T11:38:21.368+0000] {processor.py:186} INFO - Started process (PID=5705) to work on /home/airflow/.local/lib/python3.12/site-packages/airflow/example_dags/example_external_task_marker_dag.py
[2025-04-21T11:38:21.369+0000] {processor.py:914} INFO - Processing file /home/airflow/.local/lib/python3.12/site-packages/airflow/example_dags/example_external_task_marker_dag.py for tasks to queue
[2025-04-21T11:38:21.371+0000] {logging_mixin.py:190} INFO - [2025-04-21T11:38:21.370+0000] {dagbag.py:588} INFO - Filling up the DagBag from /home/airflow/.local/lib/python3.12/site-packages/airflow/example_dags/example_external_task_marker_dag.py
[2025-04-21T11:38:21.381+0000] {processor.py:925} INFO - DAG(s) 'example_external_task_marker_child', 'example_external_task_marker_parent' retrieved from /home/airflow/.local/lib/python3.12/site-packages/airflow/example_dags/example_external_task_marker_dag.py
[2025-04-21T11:38:21.397+0000] {logging_mixin.py:190} INFO - [2025-04-21T11:38:21.396+0000] {dag.py:3239} INFO - Sync 2 DAGs
[2025-04-21T11:38:21.409+0000] {logging_mixin.py:190} INFO - [2025-04-21T11:38:21.408+0000] {dag.py:4180} INFO - Setting next_dagrun for example_external_task_marker_child to None, run_after=None
[2025-04-21T11:38:21.411+0000] {logging_mixin.py:190} INFO - [2025-04-21T11:38:21.411+0000] {dag.py:4180} INFO - Setting next_dagrun for example_external_task_marker_parent to None, run_after=None
[2025-04-21T11:38:21.424+0000] {processor.py:208} INFO - Processing /home/airflow/.local/lib/python3.12/site-packages/airflow/example_dags/example_external_task_marker_dag.py took 0.060 seconds
[2025-04-21T11:38:51.696+0000] {processor.py:186} INFO - Started process (PID=5769) to work on /home/airflow/.local/lib/python3.12/site-packages/airflow/example_dags/example_external_task_marker_dag.py
[2025-04-21T11:38:51.697+0000] {processor.py:914} INFO - Processing file /home/airflow/.local/lib/python3.12/site-packages/airflow/example_dags/example_external_task_marker_dag.py for tasks to queue
[2025-04-21T11:38:51.699+0000] {logging_mixin.py:190} INFO - [2025-04-21T11:38:51.699+0000] {dagbag.py:588} INFO - Filling up the DagBag from /home/airflow/.local/lib/python3.12/site-packages/airflow/example_dags/example_external_task_marker_dag.py
[2025-04-21T11:38:51.705+0000] {processor.py:925} INFO - DAG(s) 'example_external_task_marker_child', 'example_external_task_marker_parent' retrieved from /home/airflow/.local/lib/python3.12/site-packages/airflow/example_dags/example_external_task_marker_dag.py
[2025-04-21T11:38:51.726+0000] {logging_mixin.py:190} INFO - [2025-04-21T11:38:51.726+0000] {dag.py:3239} INFO - Sync 2 DAGs
[2025-04-21T11:38:51.739+0000] {logging_mixin.py:190} INFO - [2025-04-21T11:38:51.739+0000] {dag.py:4180} INFO - Setting next_dagrun for example_external_task_marker_child to None, run_after=None
[2025-04-21T11:38:51.742+0000] {logging_mixin.py:190} INFO - [2025-04-21T11:38:51.742+0000] {dag.py:4180} INFO - Setting next_dagrun for example_external_task_marker_parent to None, run_after=None
[2025-04-21T11:38:51.755+0000] {processor.py:208} INFO - Processing /home/airflow/.local/lib/python3.12/site-packages/airflow/example_dags/example_external_task_marker_dag.py took 0.063 seconds
[2025-04-21T11:39:21.803+0000] {processor.py:186} INFO - Started process (PID=5833) to work on /home/airflow/.local/lib/python3.12/site-packages/airflow/example_dags/example_external_task_marker_dag.py
[2025-04-21T11:39:21.804+0000] {processor.py:914} INFO - Processing file /home/airflow/.local/lib/python3.12/site-packages/airflow/example_dags/example_external_task_marker_dag.py for tasks to queue
[2025-04-21T11:39:21.806+0000] {logging_mixin.py:190} INFO - [2025-04-21T11:39:21.806+0000] {dagbag.py:588} INFO - Filling up the DagBag from /home/airflow/.local/lib/python3.12/site-packages/airflow/example_dags/example_external_task_marker_dag.py
[2025-04-21T11:39:21.812+0000] {processor.py:925} INFO - DAG(s) 'example_external_task_marker_parent', 'example_external_task_marker_child' retrieved from /home/airflow/.local/lib/python3.12/site-packages/airflow/example_dags/example_external_task_marker_dag.py
[2025-04-21T11:39:21.832+0000] {logging_mixin.py:190} INFO - [2025-04-21T11:39:21.831+0000] {dag.py:3239} INFO - Sync 2 DAGs
[2025-04-21T11:39:21.843+0000] {logging_mixin.py:190} INFO - [2025-04-21T11:39:21.843+0000] {dag.py:4180} INFO - Setting next_dagrun for example_external_task_marker_child to None, run_after=None
[2025-04-21T11:39:21.847+0000] {logging_mixin.py:190} INFO - [2025-04-21T11:39:21.846+0000] {dag.py:4180} INFO - Setting next_dagrun for example_external_task_marker_parent to None, run_after=None
[2025-04-21T11:39:21.866+0000] {processor.py:208} INFO - Processing /home/airflow/.local/lib/python3.12/site-packages/airflow/example_dags/example_external_task_marker_dag.py took 0.066 seconds
[2025-04-21T11:39:52.603+0000] {processor.py:186} INFO - Started process (PID=5897) to work on /home/airflow/.local/lib/python3.12/site-packages/airflow/example_dags/example_external_task_marker_dag.py
[2025-04-21T11:39:52.604+0000] {processor.py:914} INFO - Processing file /home/airflow/.local/lib/python3.12/site-packages/airflow/example_dags/example_external_task_marker_dag.py for tasks to queue
[2025-04-21T11:39:52.605+0000] {logging_mixin.py:190} INFO - [2025-04-21T11:39:52.605+0000] {dagbag.py:588} INFO - Filling up the DagBag from /home/airflow/.local/lib/python3.12/site-packages/airflow/example_dags/example_external_task_marker_dag.py
[2025-04-21T11:39:52.612+0000] {processor.py:925} INFO - DAG(s) 'example_external_task_marker_child', 'example_external_task_marker_parent' retrieved from /home/airflow/.local/lib/python3.12/site-packages/airflow/example_dags/example_external_task_marker_dag.py
[2025-04-21T11:39:52.628+0000] {logging_mixin.py:190} INFO - [2025-04-21T11:39:52.628+0000] {dag.py:3239} INFO - Sync 2 DAGs
[2025-04-21T11:39:52.642+0000] {logging_mixin.py:190} INFO - [2025-04-21T11:39:52.641+0000] {dag.py:4180} INFO - Setting next_dagrun for example_external_task_marker_child to None, run_after=None
[2025-04-21T11:39:52.645+0000] {logging_mixin.py:190} INFO - [2025-04-21T11:39:52.645+0000] {dag.py:4180} INFO - Setting next_dagrun for example_external_task_marker_parent to None, run_after=None
[2025-04-21T11:39:52.663+0000] {processor.py:208} INFO - Processing /home/airflow/.local/lib/python3.12/site-packages/airflow/example_dags/example_external_task_marker_dag.py took 0.064 seconds
[2025-04-21T11:40:23.492+0000] {processor.py:186} INFO - Started process (PID=5961) to work on /home/airflow/.local/lib/python3.12/site-packages/airflow/example_dags/example_external_task_marker_dag.py
[2025-04-21T11:40:23.493+0000] {processor.py:914} INFO - Processing file /home/airflow/.local/lib/python3.12/site-packages/airflow/example_dags/example_external_task_marker_dag.py for tasks to queue
[2025-04-21T11:40:23.496+0000] {logging_mixin.py:190} INFO - [2025-04-21T11:40:23.495+0000] {dagbag.py:588} INFO - Filling up the DagBag from /home/airflow/.local/lib/python3.12/site-packages/airflow/example_dags/example_external_task_marker_dag.py
[2025-04-21T11:40:23.503+0000] {processor.py:925} INFO - DAG(s) 'example_external_task_marker_parent', 'example_external_task_marker_child' retrieved from /home/airflow/.local/lib/python3.12/site-packages/airflow/example_dags/example_external_task_marker_dag.py
[2025-04-21T11:40:23.525+0000] {logging_mixin.py:190} INFO - [2025-04-21T11:40:23.524+0000] {dag.py:3239} INFO - Sync 2 DAGs
[2025-04-21T11:40:23.536+0000] {logging_mixin.py:190} INFO - [2025-04-21T11:40:23.536+0000] {dag.py:4180} INFO - Setting next_dagrun for example_external_task_marker_child to None, run_after=None
[2025-04-21T11:40:23.540+0000] {logging_mixin.py:190} INFO - [2025-04-21T11:40:23.540+0000] {dag.py:4180} INFO - Setting next_dagrun for example_external_task_marker_parent to None, run_after=None
[2025-04-21T11:40:23.555+0000] {processor.py:208} INFO - Processing /home/airflow/.local/lib/python3.12/site-packages/airflow/example_dags/example_external_task_marker_dag.py took 0.067 seconds
[2025-04-21T11:40:53.722+0000] {processor.py:186} INFO - Started process (PID=6025) to work on /home/airflow/.local/lib/python3.12/site-packages/airflow/example_dags/example_external_task_marker_dag.py
[2025-04-21T11:40:53.723+0000] {processor.py:914} INFO - Processing file /home/airflow/.local/lib/python3.12/site-packages/airflow/example_dags/example_external_task_marker_dag.py for tasks to queue
[2025-04-21T11:40:53.725+0000] {logging_mixin.py:190} INFO - [2025-04-21T11:40:53.725+0000] {dagbag.py:588} INFO - Filling up the DagBag from /home/airflow/.local/lib/python3.12/site-packages/airflow/example_dags/example_external_task_marker_dag.py
[2025-04-21T11:40:53.731+0000] {processor.py:925} INFO - DAG(s) 'example_external_task_marker_parent', 'example_external_task_marker_child' retrieved from /home/airflow/.local/lib/python3.12/site-packages/airflow/example_dags/example_external_task_marker_dag.py
[2025-04-21T11:40:53.751+0000] {logging_mixin.py:190} INFO - [2025-04-21T11:40:53.750+0000] {dag.py:3239} INFO - Sync 2 DAGs
[2025-04-21T11:40:53.763+0000] {logging_mixin.py:190} INFO - [2025-04-21T11:40:53.763+0000] {dag.py:4180} INFO - Setting next_dagrun for example_external_task_marker_child to None, run_after=None
[2025-04-21T11:40:53.768+0000] {logging_mixin.py:190} INFO - [2025-04-21T11:40:53.768+0000] {dag.py:4180} INFO - Setting next_dagrun for example_external_task_marker_parent to None, run_after=None
[2025-04-21T11:40:53.785+0000] {processor.py:208} INFO - Processing /home/airflow/.local/lib/python3.12/site-packages/airflow/example_dags/example_external_task_marker_dag.py took 0.068 seconds
[2025-04-21T11:41:23.890+0000] {processor.py:186} INFO - Started process (PID=6089) to work on /home/airflow/.local/lib/python3.12/site-packages/airflow/example_dags/example_external_task_marker_dag.py
[2025-04-21T11:41:23.891+0000] {processor.py:914} INFO - Processing file /home/airflow/.local/lib/python3.12/site-packages/airflow/example_dags/example_external_task_marker_dag.py for tasks to queue
[2025-04-21T11:41:23.893+0000] {logging_mixin.py:190} INFO - [2025-04-21T11:41:23.893+0000] {dagbag.py:588} INFO - Filling up the DagBag from /home/airflow/.local/lib/python3.12/site-packages/airflow/example_dags/example_external_task_marker_dag.py
[2025-04-21T11:41:23.901+0000] {processor.py:925} INFO - DAG(s) 'example_external_task_marker_child', 'example_external_task_marker_parent' retrieved from /home/airflow/.local/lib/python3.12/site-packages/airflow/example_dags/example_external_task_marker_dag.py
[2025-04-21T11:41:23.922+0000] {logging_mixin.py:190} INFO - [2025-04-21T11:41:23.921+0000] {dag.py:3239} INFO - Sync 2 DAGs
[2025-04-21T11:41:23.940+0000] {logging_mixin.py:190} INFO - [2025-04-21T11:41:23.940+0000] {dag.py:4180} INFO - Setting next_dagrun for example_external_task_marker_child to None, run_after=None
[2025-04-21T11:41:23.944+0000] {logging_mixin.py:190} INFO - [2025-04-21T11:41:23.943+0000] {dag.py:4180} INFO - Setting next_dagrun for example_external_task_marker_parent to None, run_after=None
[2025-04-21T11:41:23.959+0000] {processor.py:208} INFO - Processing /home/airflow/.local/lib/python3.12/site-packages/airflow/example_dags/example_external_task_marker_dag.py took 0.074 seconds
[2025-04-21T11:41:54.178+0000] {processor.py:186} INFO - Started process (PID=6153) to work on /home/airflow/.local/lib/python3.12/site-packages/airflow/example_dags/example_external_task_marker_dag.py
[2025-04-21T11:41:54.179+0000] {processor.py:914} INFO - Processing file /home/airflow/.local/lib/python3.12/site-packages/airflow/example_dags/example_external_task_marker_dag.py for tasks to queue
[2025-04-21T11:41:54.182+0000] {logging_mixin.py:190} INFO - [2025-04-21T11:41:54.182+0000] {dagbag.py:588} INFO - Filling up the DagBag from /home/airflow/.local/lib/python3.12/site-packages/airflow/example_dags/example_external_task_marker_dag.py
[2025-04-21T11:41:54.188+0000] {processor.py:925} INFO - DAG(s) 'example_external_task_marker_child', 'example_external_task_marker_parent' retrieved from /home/airflow/.local/lib/python3.12/site-packages/airflow/example_dags/example_external_task_marker_dag.py
[2025-04-21T11:41:54.207+0000] {logging_mixin.py:190} INFO - [2025-04-21T11:41:54.207+0000] {dag.py:3239} INFO - Sync 2 DAGs
[2025-04-21T11:41:54.222+0000] {logging_mixin.py:190} INFO - [2025-04-21T11:41:54.222+0000] {dag.py:4180} INFO - Setting next_dagrun for example_external_task_marker_child to None, run_after=None
[2025-04-21T11:41:54.226+0000] {logging_mixin.py:190} INFO - [2025-04-21T11:41:54.226+0000] {dag.py:4180} INFO - Setting next_dagrun for example_external_task_marker_parent to None, run_after=None
[2025-04-21T11:41:54.244+0000] {processor.py:208} INFO - Processing /home/airflow/.local/lib/python3.12/site-packages/airflow/example_dags/example_external_task_marker_dag.py took 0.070 seconds
[2025-04-21T11:42:25.017+0000] {processor.py:186} INFO - Started process (PID=6217) to work on /home/airflow/.local/lib/python3.12/site-packages/airflow/example_dags/example_external_task_marker_dag.py
[2025-04-21T11:42:25.018+0000] {processor.py:914} INFO - Processing file /home/airflow/.local/lib/python3.12/site-packages/airflow/example_dags/example_external_task_marker_dag.py for tasks to queue
[2025-04-21T11:42:25.020+0000] {logging_mixin.py:190} INFO - [2025-04-21T11:42:25.020+0000] {dagbag.py:588} INFO - Filling up the DagBag from /home/airflow/.local/lib/python3.12/site-packages/airflow/example_dags/example_external_task_marker_dag.py
[2025-04-21T11:42:25.026+0000] {processor.py:925} INFO - DAG(s) 'example_external_task_marker_child', 'example_external_task_marker_parent' retrieved from /home/airflow/.local/lib/python3.12/site-packages/airflow/example_dags/example_external_task_marker_dag.py
[2025-04-21T11:42:25.047+0000] {logging_mixin.py:190} INFO - [2025-04-21T11:42:25.047+0000] {dag.py:3239} INFO - Sync 2 DAGs
[2025-04-21T11:42:25.059+0000] {logging_mixin.py:190} INFO - [2025-04-21T11:42:25.059+0000] {dag.py:4180} INFO - Setting next_dagrun for example_external_task_marker_child to None, run_after=None
[2025-04-21T11:42:25.063+0000] {logging_mixin.py:190} INFO - [2025-04-21T11:42:25.063+0000] {dag.py:4180} INFO - Setting next_dagrun for example_external_task_marker_parent to None, run_after=None
[2025-04-21T11:42:25.076+0000] {processor.py:208} INFO - Processing /home/airflow/.local/lib/python3.12/site-packages/airflow/example_dags/example_external_task_marker_dag.py took 0.063 seconds
[2025-04-21T11:42:56.327+0000] {processor.py:186} INFO - Started process (PID=6281) to work on /home/airflow/.local/lib/python3.12/site-packages/airflow/example_dags/example_external_task_marker_dag.py
[2025-04-21T11:42:56.328+0000] {processor.py:914} INFO - Processing file /home/airflow/.local/lib/python3.12/site-packages/airflow/example_dags/example_external_task_marker_dag.py for tasks to queue
[2025-04-21T11:42:56.333+0000] {logging_mixin.py:190} INFO - [2025-04-21T11:42:56.333+0000] {dagbag.py:588} INFO - Filling up the DagBag from /home/airflow/.local/lib/python3.12/site-packages/airflow/example_dags/example_external_task_marker_dag.py
[2025-04-21T11:42:56.346+0000] {processor.py:925} INFO - DAG(s) 'example_external_task_marker_child', 'example_external_task_marker_parent' retrieved from /home/airflow/.local/lib/python3.12/site-packages/airflow/example_dags/example_external_task_marker_dag.py
[2025-04-21T11:42:56.385+0000] {logging_mixin.py:190} INFO - [2025-04-21T11:42:56.385+0000] {dag.py:3239} INFO - Sync 2 DAGs
[2025-04-21T11:42:56.413+0000] {logging_mixin.py:190} INFO - [2025-04-21T11:42:56.413+0000] {dag.py:4180} INFO - Setting next_dagrun for example_external_task_marker_child to None, run_after=None
[2025-04-21T11:42:56.421+0000] {logging_mixin.py:190} INFO - [2025-04-21T11:42:56.421+0000] {dag.py:4180} INFO - Setting next_dagrun for example_external_task_marker_parent to None, run_after=None
[2025-04-21T11:42:56.455+0000] {processor.py:208} INFO - Processing /home/airflow/.local/lib/python3.12/site-packages/airflow/example_dags/example_external_task_marker_dag.py took 0.138 seconds
[2025-04-21T11:43:27.237+0000] {processor.py:186} INFO - Started process (PID=6345) to work on /home/airflow/.local/lib/python3.12/site-packages/airflow/example_dags/example_external_task_marker_dag.py
[2025-04-21T11:43:27.239+0000] {processor.py:914} INFO - Processing file /home/airflow/.local/lib/python3.12/site-packages/airflow/example_dags/example_external_task_marker_dag.py for tasks to queue
[2025-04-21T11:43:27.245+0000] {logging_mixin.py:190} INFO - [2025-04-21T11:43:27.244+0000] {dagbag.py:588} INFO - Filling up the DagBag from /home/airflow/.local/lib/python3.12/site-packages/airflow/example_dags/example_external_task_marker_dag.py
[2025-04-21T11:43:27.259+0000] {processor.py:925} INFO - DAG(s) 'example_external_task_marker_child', 'example_external_task_marker_parent' retrieved from /home/airflow/.local/lib/python3.12/site-packages/airflow/example_dags/example_external_task_marker_dag.py
[2025-04-21T11:43:27.300+0000] {logging_mixin.py:190} INFO - [2025-04-21T11:43:27.300+0000] {dag.py:3239} INFO - Sync 2 DAGs
[2025-04-21T11:43:27.327+0000] {logging_mixin.py:190} INFO - [2025-04-21T11:43:27.327+0000] {dag.py:4180} INFO - Setting next_dagrun for example_external_task_marker_child to None, run_after=None
[2025-04-21T11:43:27.333+0000] {logging_mixin.py:190} INFO - [2025-04-21T11:43:27.333+0000] {dag.py:4180} INFO - Setting next_dagrun for example_external_task_marker_parent to None, run_after=None
[2025-04-21T11:43:27.357+0000] {processor.py:208} INFO - Processing /home/airflow/.local/lib/python3.12/site-packages/airflow/example_dags/example_external_task_marker_dag.py took 0.128 seconds
[2025-04-21T11:43:57.612+0000] {processor.py:186} INFO - Started process (PID=6409) to work on /home/airflow/.local/lib/python3.12/site-packages/airflow/example_dags/example_external_task_marker_dag.py
[2025-04-21T11:43:57.614+0000] {processor.py:914} INFO - Processing file /home/airflow/.local/lib/python3.12/site-packages/airflow/example_dags/example_external_task_marker_dag.py for tasks to queue
[2025-04-21T11:43:57.619+0000] {logging_mixin.py:190} INFO - [2025-04-21T11:43:57.618+0000] {dagbag.py:588} INFO - Filling up the DagBag from /home/airflow/.local/lib/python3.12/site-packages/airflow/example_dags/example_external_task_marker_dag.py
[2025-04-21T11:43:57.631+0000] {processor.py:925} INFO - DAG(s) 'example_external_task_marker_child', 'example_external_task_marker_parent' retrieved from /home/airflow/.local/lib/python3.12/site-packages/airflow/example_dags/example_external_task_marker_dag.py
[2025-04-21T11:43:57.669+0000] {logging_mixin.py:190} INFO - [2025-04-21T11:43:57.669+0000] {dag.py:3239} INFO - Sync 2 DAGs
[2025-04-21T11:43:57.695+0000] {logging_mixin.py:190} INFO - [2025-04-21T11:43:57.694+0000] {dag.py:4180} INFO - Setting next_dagrun for example_external_task_marker_child to None, run_after=None
[2025-04-21T11:43:57.701+0000] {logging_mixin.py:190} INFO - [2025-04-21T11:43:57.700+0000] {dag.py:4180} INFO - Setting next_dagrun for example_external_task_marker_parent to None, run_after=None
[2025-04-21T11:43:57.725+0000] {processor.py:208} INFO - Processing /home/airflow/.local/lib/python3.12/site-packages/airflow/example_dags/example_external_task_marker_dag.py took 0.126 seconds
[2025-04-21T11:44:28.468+0000] {processor.py:186} INFO - Started process (PID=6473) to work on /home/airflow/.local/lib/python3.12/site-packages/airflow/example_dags/example_external_task_marker_dag.py
[2025-04-21T11:44:28.471+0000] {processor.py:914} INFO - Processing file /home/airflow/.local/lib/python3.12/site-packages/airflow/example_dags/example_external_task_marker_dag.py for tasks to queue
[2025-04-21T11:44:28.477+0000] {logging_mixin.py:190} INFO - [2025-04-21T11:44:28.476+0000] {dagbag.py:588} INFO - Filling up the DagBag from /home/airflow/.local/lib/python3.12/site-packages/airflow/example_dags/example_external_task_marker_dag.py
[2025-04-21T11:44:28.498+0000] {processor.py:925} INFO - DAG(s) 'example_external_task_marker_child', 'example_external_task_marker_parent' retrieved from /home/airflow/.local/lib/python3.12/site-packages/airflow/example_dags/example_external_task_marker_dag.py
[2025-04-21T11:44:28.549+0000] {logging_mixin.py:190} INFO - [2025-04-21T11:44:28.549+0000] {dag.py:3239} INFO - Sync 2 DAGs
[2025-04-21T11:44:28.582+0000] {logging_mixin.py:190} INFO - [2025-04-21T11:44:28.581+0000] {dag.py:4180} INFO - Setting next_dagrun for example_external_task_marker_child to None, run_after=None
[2025-04-21T11:44:28.588+0000] {logging_mixin.py:190} INFO - [2025-04-21T11:44:28.588+0000] {dag.py:4180} INFO - Setting next_dagrun for example_external_task_marker_parent to None, run_after=None
[2025-04-21T11:44:28.621+0000] {processor.py:208} INFO - Processing /home/airflow/.local/lib/python3.12/site-packages/airflow/example_dags/example_external_task_marker_dag.py took 0.164 seconds
[2025-04-21T11:44:59.060+0000] {processor.py:186} INFO - Started process (PID=6537) to work on /home/airflow/.local/lib/python3.12/site-packages/airflow/example_dags/example_external_task_marker_dag.py
[2025-04-21T11:44:59.062+0000] {processor.py:914} INFO - Processing file /home/airflow/.local/lib/python3.12/site-packages/airflow/example_dags/example_external_task_marker_dag.py for tasks to queue
[2025-04-21T11:44:59.068+0000] {logging_mixin.py:190} INFO - [2025-04-21T11:44:59.067+0000] {dagbag.py:588} INFO - Filling up the DagBag from /home/airflow/.local/lib/python3.12/site-packages/airflow/example_dags/example_external_task_marker_dag.py
[2025-04-21T11:44:59.088+0000] {processor.py:925} INFO - DAG(s) 'example_external_task_marker_parent', 'example_external_task_marker_child' retrieved from /home/airflow/.local/lib/python3.12/site-packages/airflow/example_dags/example_external_task_marker_dag.py
[2025-04-21T11:44:59.139+0000] {logging_mixin.py:190} INFO - [2025-04-21T11:44:59.138+0000] {dag.py:3239} INFO - Sync 2 DAGs
[2025-04-21T11:44:59.170+0000] {logging_mixin.py:190} INFO - [2025-04-21T11:44:59.170+0000] {dag.py:4180} INFO - Setting next_dagrun for example_external_task_marker_child to None, run_after=None
[2025-04-21T11:44:59.178+0000] {logging_mixin.py:190} INFO - [2025-04-21T11:44:59.178+0000] {dag.py:4180} INFO - Setting next_dagrun for example_external_task_marker_parent to None, run_after=None
[2025-04-21T11:44:59.211+0000] {processor.py:208} INFO - Processing /home/airflow/.local/lib/python3.12/site-packages/airflow/example_dags/example_external_task_marker_dag.py took 0.160 seconds
[2025-04-21T11:45:29.471+0000] {processor.py:186} INFO - Started process (PID=6601) to work on /home/airflow/.local/lib/python3.12/site-packages/airflow/example_dags/example_external_task_marker_dag.py
[2025-04-21T11:45:29.473+0000] {processor.py:914} INFO - Processing file /home/airflow/.local/lib/python3.12/site-packages/airflow/example_dags/example_external_task_marker_dag.py for tasks to queue
[2025-04-21T11:45:29.477+0000] {logging_mixin.py:190} INFO - [2025-04-21T11:45:29.476+0000] {dagbag.py:588} INFO - Filling up the DagBag from /home/airflow/.local/lib/python3.12/site-packages/airflow/example_dags/example_external_task_marker_dag.py
[2025-04-21T11:45:29.496+0000] {processor.py:925} INFO - DAG(s) 'example_external_task_marker_parent', 'example_external_task_marker_child' retrieved from /home/airflow/.local/lib/python3.12/site-packages/airflow/example_dags/example_external_task_marker_dag.py
[2025-04-21T11:45:29.528+0000] {logging_mixin.py:190} INFO - [2025-04-21T11:45:29.528+0000] {dag.py:3239} INFO - Sync 2 DAGs
[2025-04-21T11:45:29.550+0000] {logging_mixin.py:190} INFO - [2025-04-21T11:45:29.550+0000] {dag.py:4180} INFO - Setting next_dagrun for example_external_task_marker_child to None, run_after=None
[2025-04-21T11:45:29.558+0000] {logging_mixin.py:190} INFO - [2025-04-21T11:45:29.558+0000] {dag.py:4180} INFO - Setting next_dagrun for example_external_task_marker_parent to None, run_after=None
[2025-04-21T11:45:29.585+0000] {processor.py:208} INFO - Processing /home/airflow/.local/lib/python3.12/site-packages/airflow/example_dags/example_external_task_marker_dag.py took 0.126 seconds
[2025-04-21T11:45:59.821+0000] {processor.py:186} INFO - Started process (PID=6665) to work on /home/airflow/.local/lib/python3.12/site-packages/airflow/example_dags/example_external_task_marker_dag.py
[2025-04-21T11:45:59.823+0000] {processor.py:914} INFO - Processing file /home/airflow/.local/lib/python3.12/site-packages/airflow/example_dags/example_external_task_marker_dag.py for tasks to queue
[2025-04-21T11:45:59.827+0000] {logging_mixin.py:190} INFO - [2025-04-21T11:45:59.826+0000] {dagbag.py:588} INFO - Filling up the DagBag from /home/airflow/.local/lib/python3.12/site-packages/airflow/example_dags/example_external_task_marker_dag.py
[2025-04-21T11:45:59.838+0000] {processor.py:925} INFO - DAG(s) 'example_external_task_marker_parent', 'example_external_task_marker_child' retrieved from /home/airflow/.local/lib/python3.12/site-packages/airflow/example_dags/example_external_task_marker_dag.py
[2025-04-21T11:45:59.882+0000] {logging_mixin.py:190} INFO - [2025-04-21T11:45:59.882+0000] {dag.py:3239} INFO - Sync 2 DAGs
[2025-04-21T11:45:59.912+0000] {logging_mixin.py:190} INFO - [2025-04-21T11:45:59.912+0000] {dag.py:4180} INFO - Setting next_dagrun for example_external_task_marker_child to None, run_after=None
[2025-04-21T11:45:59.921+0000] {logging_mixin.py:190} INFO - [2025-04-21T11:45:59.920+0000] {dag.py:4180} INFO - Setting next_dagrun for example_external_task_marker_parent to None, run_after=None
[2025-04-21T11:45:59.949+0000] {processor.py:208} INFO - Processing /home/airflow/.local/lib/python3.12/site-packages/airflow/example_dags/example_external_task_marker_dag.py took 0.140 seconds
[2025-04-21T11:46:30.633+0000] {processor.py:186} INFO - Started process (PID=6729) to work on /home/airflow/.local/lib/python3.12/site-packages/airflow/example_dags/example_external_task_marker_dag.py
[2025-04-21T11:46:30.636+0000] {processor.py:914} INFO - Processing file /home/airflow/.local/lib/python3.12/site-packages/airflow/example_dags/example_external_task_marker_dag.py for tasks to queue
[2025-04-21T11:46:30.640+0000] {logging_mixin.py:190} INFO - [2025-04-21T11:46:30.639+0000] {dagbag.py:588} INFO - Filling up the DagBag from /home/airflow/.local/lib/python3.12/site-packages/airflow/example_dags/example_external_task_marker_dag.py
[2025-04-21T11:46:30.653+0000] {processor.py:925} INFO - DAG(s) 'example_external_task_marker_parent', 'example_external_task_marker_child' retrieved from /home/airflow/.local/lib/python3.12/site-packages/airflow/example_dags/example_external_task_marker_dag.py
[2025-04-21T11:46:30.697+0000] {logging_mixin.py:190} INFO - [2025-04-21T11:46:30.697+0000] {dag.py:3239} INFO - Sync 2 DAGs
[2025-04-21T11:46:30.722+0000] {logging_mixin.py:190} INFO - [2025-04-21T11:46:30.721+0000] {dag.py:4180} INFO - Setting next_dagrun for example_external_task_marker_child to None, run_after=None
[2025-04-21T11:46:30.730+0000] {logging_mixin.py:190} INFO - [2025-04-21T11:46:30.729+0000] {dag.py:4180} INFO - Setting next_dagrun for example_external_task_marker_parent to None, run_after=None
[2025-04-21T11:46:30.755+0000] {processor.py:208} INFO - Processing /home/airflow/.local/lib/python3.12/site-packages/airflow/example_dags/example_external_task_marker_dag.py took 0.133 seconds
[2025-04-21T11:47:01.006+0000] {processor.py:186} INFO - Started process (PID=6793) to work on /home/airflow/.local/lib/python3.12/site-packages/airflow/example_dags/example_external_task_marker_dag.py
[2025-04-21T11:47:01.008+0000] {processor.py:914} INFO - Processing file /home/airflow/.local/lib/python3.12/site-packages/airflow/example_dags/example_external_task_marker_dag.py for tasks to queue
[2025-04-21T11:47:01.012+0000] {logging_mixin.py:190} INFO - [2025-04-21T11:47:01.012+0000] {dagbag.py:588} INFO - Filling up the DagBag from /home/airflow/.local/lib/python3.12/site-packages/airflow/example_dags/example_external_task_marker_dag.py
[2025-04-21T11:47:01.024+0000] {processor.py:925} INFO - DAG(s) 'example_external_task_marker_child', 'example_external_task_marker_parent' retrieved from /home/airflow/.local/lib/python3.12/site-packages/airflow/example_dags/example_external_task_marker_dag.py
[2025-04-21T11:47:01.056+0000] {logging_mixin.py:190} INFO - [2025-04-21T11:47:01.056+0000] {dag.py:3239} INFO - Sync 2 DAGs
[2025-04-21T11:47:01.078+0000] {logging_mixin.py:190} INFO - [2025-04-21T11:47:01.078+0000] {dag.py:4180} INFO - Setting next_dagrun for example_external_task_marker_child to None, run_after=None
[2025-04-21T11:47:01.085+0000] {logging_mixin.py:190} INFO - [2025-04-21T11:47:01.084+0000] {dag.py:4180} INFO - Setting next_dagrun for example_external_task_marker_parent to None, run_after=None
[2025-04-21T11:47:01.109+0000] {processor.py:208} INFO - Processing /home/airflow/.local/lib/python3.12/site-packages/airflow/example_dags/example_external_task_marker_dag.py took 0.112 seconds
[2025-04-21T11:47:31.409+0000] {processor.py:186} INFO - Started process (PID=6857) to work on /home/airflow/.local/lib/python3.12/site-packages/airflow/example_dags/example_external_task_marker_dag.py
[2025-04-21T11:47:31.411+0000] {processor.py:914} INFO - Processing file /home/airflow/.local/lib/python3.12/site-packages/airflow/example_dags/example_external_task_marker_dag.py for tasks to queue
[2025-04-21T11:47:31.414+0000] {logging_mixin.py:190} INFO - [2025-04-21T11:47:31.414+0000] {dagbag.py:588} INFO - Filling up the DagBag from /home/airflow/.local/lib/python3.12/site-packages/airflow/example_dags/example_external_task_marker_dag.py
[2025-04-21T11:47:31.426+0000] {processor.py:925} INFO - DAG(s) 'example_external_task_marker_parent', 'example_external_task_marker_child' retrieved from /home/airflow/.local/lib/python3.12/site-packages/airflow/example_dags/example_external_task_marker_dag.py
[2025-04-21T11:47:31.465+0000] {logging_mixin.py:190} INFO - [2025-04-21T11:47:31.465+0000] {dag.py:3239} INFO - Sync 2 DAGs
[2025-04-21T11:47:31.488+0000] {logging_mixin.py:190} INFO - [2025-04-21T11:47:31.488+0000] {dag.py:4180} INFO - Setting next_dagrun for example_external_task_marker_child to None, run_after=None
[2025-04-21T11:47:31.494+0000] {logging_mixin.py:190} INFO - [2025-04-21T11:47:31.494+0000] {dag.py:4180} INFO - Setting next_dagrun for example_external_task_marker_parent to None, run_after=None
[2025-04-21T11:47:31.522+0000] {processor.py:208} INFO - Processing /home/airflow/.local/lib/python3.12/site-packages/airflow/example_dags/example_external_task_marker_dag.py took 0.120 seconds
[2025-04-21T11:48:01.926+0000] {processor.py:186} INFO - Started process (PID=6921) to work on /home/airflow/.local/lib/python3.12/site-packages/airflow/example_dags/example_external_task_marker_dag.py
[2025-04-21T11:48:01.929+0000] {processor.py:914} INFO - Processing file /home/airflow/.local/lib/python3.12/site-packages/airflow/example_dags/example_external_task_marker_dag.py for tasks to queue
[2025-04-21T11:48:01.935+0000] {logging_mixin.py:190} INFO - [2025-04-21T11:48:01.934+0000] {dagbag.py:588} INFO - Filling up the DagBag from /home/airflow/.local/lib/python3.12/site-packages/airflow/example_dags/example_external_task_marker_dag.py
[2025-04-21T11:48:01.947+0000] {processor.py:925} INFO - DAG(s) 'example_external_task_marker_parent', 'example_external_task_marker_child' retrieved from /home/airflow/.local/lib/python3.12/site-packages/airflow/example_dags/example_external_task_marker_dag.py
[2025-04-21T11:48:01.997+0000] {logging_mixin.py:190} INFO - [2025-04-21T11:48:01.996+0000] {dag.py:3239} INFO - Sync 2 DAGs
[2025-04-21T11:48:02.033+0000] {logging_mixin.py:190} INFO - [2025-04-21T11:48:02.032+0000] {dag.py:4180} INFO - Setting next_dagrun for example_external_task_marker_child to None, run_after=None
[2025-04-21T11:48:02.043+0000] {logging_mixin.py:190} INFO - [2025-04-21T11:48:02.042+0000] {dag.py:4180} INFO - Setting next_dagrun for example_external_task_marker_parent to None, run_after=None
[2025-04-21T11:48:02.077+0000] {processor.py:208} INFO - Processing /home/airflow/.local/lib/python3.12/site-packages/airflow/example_dags/example_external_task_marker_dag.py took 0.164 seconds
[2025-04-21T11:48:32.543+0000] {processor.py:186} INFO - Started process (PID=6985) to work on /home/airflow/.local/lib/python3.12/site-packages/airflow/example_dags/example_external_task_marker_dag.py
[2025-04-21T11:48:32.546+0000] {processor.py:914} INFO - Processing file /home/airflow/.local/lib/python3.12/site-packages/airflow/example_dags/example_external_task_marker_dag.py for tasks to queue
[2025-04-21T11:48:32.550+0000] {logging_mixin.py:190} INFO - [2025-04-21T11:48:32.550+0000] {dagbag.py:588} INFO - Filling up the DagBag from /home/airflow/.local/lib/python3.12/site-packages/airflow/example_dags/example_external_task_marker_dag.py
[2025-04-21T11:48:32.564+0000] {processor.py:925} INFO - DAG(s) 'example_external_task_marker_child', 'example_external_task_marker_parent' retrieved from /home/airflow/.local/lib/python3.12/site-packages/airflow/example_dags/example_external_task_marker_dag.py
[2025-04-21T11:48:32.609+0000] {logging_mixin.py:190} INFO - [2025-04-21T11:48:32.609+0000] {dag.py:3239} INFO - Sync 2 DAGs
[2025-04-21T11:48:32.645+0000] {logging_mixin.py:190} INFO - [2025-04-21T11:48:32.644+0000] {dag.py:4180} INFO - Setting next_dagrun for example_external_task_marker_child to None, run_after=None
[2025-04-21T11:48:32.656+0000] {logging_mixin.py:190} INFO - [2025-04-21T11:48:32.655+0000] {dag.py:4180} INFO - Setting next_dagrun for example_external_task_marker_parent to None, run_after=None
[2025-04-21T11:48:32.694+0000] {processor.py:208} INFO - Processing /home/airflow/.local/lib/python3.12/site-packages/airflow/example_dags/example_external_task_marker_dag.py took 0.163 seconds
[2025-04-21T11:49:03.278+0000] {processor.py:186} INFO - Started process (PID=7049) to work on /home/airflow/.local/lib/python3.12/site-packages/airflow/example_dags/example_external_task_marker_dag.py
[2025-04-21T11:49:03.280+0000] {processor.py:914} INFO - Processing file /home/airflow/.local/lib/python3.12/site-packages/airflow/example_dags/example_external_task_marker_dag.py for tasks to queue
[2025-04-21T11:49:03.286+0000] {logging_mixin.py:190} INFO - [2025-04-21T11:49:03.285+0000] {dagbag.py:588} INFO - Filling up the DagBag from /home/airflow/.local/lib/python3.12/site-packages/airflow/example_dags/example_external_task_marker_dag.py
[2025-04-21T11:49:03.300+0000] {processor.py:925} INFO - DAG(s) 'example_external_task_marker_parent', 'example_external_task_marker_child' retrieved from /home/airflow/.local/lib/python3.12/site-packages/airflow/example_dags/example_external_task_marker_dag.py
[2025-04-21T11:49:03.351+0000] {logging_mixin.py:190} INFO - [2025-04-21T11:49:03.350+0000] {dag.py:3239} INFO - Sync 2 DAGs
[2025-04-21T11:49:03.377+0000] {logging_mixin.py:190} INFO - [2025-04-21T11:49:03.376+0000] {dag.py:4180} INFO - Setting next_dagrun for example_external_task_marker_child to None, run_after=None
[2025-04-21T11:49:03.386+0000] {logging_mixin.py:190} INFO - [2025-04-21T11:49:03.386+0000] {dag.py:4180} INFO - Setting next_dagrun for example_external_task_marker_parent to None, run_after=None
[2025-04-21T11:49:03.422+0000] {processor.py:208} INFO - Processing /home/airflow/.local/lib/python3.12/site-packages/airflow/example_dags/example_external_task_marker_dag.py took 0.156 seconds
[2025-04-21T11:49:33.685+0000] {processor.py:186} INFO - Started process (PID=7113) to work on /home/airflow/.local/lib/python3.12/site-packages/airflow/example_dags/example_external_task_marker_dag.py
[2025-04-21T11:49:33.687+0000] {processor.py:914} INFO - Processing file /home/airflow/.local/lib/python3.12/site-packages/airflow/example_dags/example_external_task_marker_dag.py for tasks to queue
[2025-04-21T11:49:33.691+0000] {logging_mixin.py:190} INFO - [2025-04-21T11:49:33.690+0000] {dagbag.py:588} INFO - Filling up the DagBag from /home/airflow/.local/lib/python3.12/site-packages/airflow/example_dags/example_external_task_marker_dag.py
[2025-04-21T11:49:33.706+0000] {processor.py:925} INFO - DAG(s) 'example_external_task_marker_parent', 'example_external_task_marker_child' retrieved from /home/airflow/.local/lib/python3.12/site-packages/airflow/example_dags/example_external_task_marker_dag.py
[2025-04-21T11:49:33.750+0000] {logging_mixin.py:190} INFO - [2025-04-21T11:49:33.750+0000] {dag.py:3239} INFO - Sync 2 DAGs
[2025-04-21T11:49:33.778+0000] {logging_mixin.py:190} INFO - [2025-04-21T11:49:33.778+0000] {dag.py:4180} INFO - Setting next_dagrun for example_external_task_marker_child to None, run_after=None
[2025-04-21T11:49:33.786+0000] {logging_mixin.py:190} INFO - [2025-04-21T11:49:33.786+0000] {dag.py:4180} INFO - Setting next_dagrun for example_external_task_marker_parent to None, run_after=None
[2025-04-21T11:49:33.813+0000] {processor.py:208} INFO - Processing /home/airflow/.local/lib/python3.12/site-packages/airflow/example_dags/example_external_task_marker_dag.py took 0.138 seconds
[2025-04-21T11:50:04.806+0000] {processor.py:186} INFO - Started process (PID=7177) to work on /home/airflow/.local/lib/python3.12/site-packages/airflow/example_dags/example_external_task_marker_dag.py
[2025-04-21T11:50:04.808+0000] {processor.py:914} INFO - Processing file /home/airflow/.local/lib/python3.12/site-packages/airflow/example_dags/example_external_task_marker_dag.py for tasks to queue
[2025-04-21T11:50:04.812+0000] {logging_mixin.py:190} INFO - [2025-04-21T11:50:04.812+0000] {dagbag.py:588} INFO - Filling up the DagBag from /home/airflow/.local/lib/python3.12/site-packages/airflow/example_dags/example_external_task_marker_dag.py
[2025-04-21T11:50:04.824+0000] {processor.py:925} INFO - DAG(s) 'example_external_task_marker_parent', 'example_external_task_marker_child' retrieved from /home/airflow/.local/lib/python3.12/site-packages/airflow/example_dags/example_external_task_marker_dag.py
[2025-04-21T11:50:04.870+0000] {logging_mixin.py:190} INFO - [2025-04-21T11:50:04.869+0000] {dag.py:3239} INFO - Sync 2 DAGs
[2025-04-21T11:50:04.901+0000] {logging_mixin.py:190} INFO - [2025-04-21T11:50:04.900+0000] {dag.py:4180} INFO - Setting next_dagrun for example_external_task_marker_child to None, run_after=None
[2025-04-21T11:50:04.911+0000] {logging_mixin.py:190} INFO - [2025-04-21T11:50:04.910+0000] {dag.py:4180} INFO - Setting next_dagrun for example_external_task_marker_parent to None, run_after=None
[2025-04-21T11:50:04.943+0000] {processor.py:208} INFO - Processing /home/airflow/.local/lib/python3.12/site-packages/airflow/example_dags/example_external_task_marker_dag.py took 0.148 seconds
[2025-04-21T11:50:35.843+0000] {processor.py:186} INFO - Started process (PID=7241) to work on /home/airflow/.local/lib/python3.12/site-packages/airflow/example_dags/example_external_task_marker_dag.py
[2025-04-21T11:50:35.845+0000] {processor.py:914} INFO - Processing file /home/airflow/.local/lib/python3.12/site-packages/airflow/example_dags/example_external_task_marker_dag.py for tasks to queue
[2025-04-21T11:50:35.848+0000] {logging_mixin.py:190} INFO - [2025-04-21T11:50:35.848+0000] {dagbag.py:588} INFO - Filling up the DagBag from /home/airflow/.local/lib/python3.12/site-packages/airflow/example_dags/example_external_task_marker_dag.py
[2025-04-21T11:50:35.860+0000] {processor.py:925} INFO - DAG(s) 'example_external_task_marker_parent', 'example_external_task_marker_child' retrieved from /home/airflow/.local/lib/python3.12/site-packages/airflow/example_dags/example_external_task_marker_dag.py
[2025-04-21T11:50:35.893+0000] {logging_mixin.py:190} INFO - [2025-04-21T11:50:35.892+0000] {dag.py:3239} INFO - Sync 2 DAGs
[2025-04-21T11:50:35.915+0000] {logging_mixin.py:190} INFO - [2025-04-21T11:50:35.915+0000] {dag.py:4180} INFO - Setting next_dagrun for example_external_task_marker_child to None, run_after=None
[2025-04-21T11:50:35.921+0000] {logging_mixin.py:190} INFO - [2025-04-21T11:50:35.921+0000] {dag.py:4180} INFO - Setting next_dagrun for example_external_task_marker_parent to None, run_after=None
[2025-04-21T11:50:35.948+0000] {processor.py:208} INFO - Processing /home/airflow/.local/lib/python3.12/site-packages/airflow/example_dags/example_external_task_marker_dag.py took 0.116 seconds
[2025-04-21T11:51:06.689+0000] {processor.py:186} INFO - Started process (PID=7305) to work on /home/airflow/.local/lib/python3.12/site-packages/airflow/example_dags/example_external_task_marker_dag.py
[2025-04-21T11:51:06.691+0000] {processor.py:914} INFO - Processing file /home/airflow/.local/lib/python3.12/site-packages/airflow/example_dags/example_external_task_marker_dag.py for tasks to queue
[2025-04-21T11:51:06.696+0000] {logging_mixin.py:190} INFO - [2025-04-21T11:51:06.696+0000] {dagbag.py:588} INFO - Filling up the DagBag from /home/airflow/.local/lib/python3.12/site-packages/airflow/example_dags/example_external_task_marker_dag.py
[2025-04-21T11:51:06.710+0000] {processor.py:925} INFO - DAG(s) 'example_external_task_marker_child', 'example_external_task_marker_parent' retrieved from /home/airflow/.local/lib/python3.12/site-packages/airflow/example_dags/example_external_task_marker_dag.py
[2025-04-21T11:51:06.750+0000] {logging_mixin.py:190} INFO - [2025-04-21T11:51:06.750+0000] {dag.py:3239} INFO - Sync 2 DAGs
[2025-04-21T11:51:06.781+0000] {logging_mixin.py:190} INFO - [2025-04-21T11:51:06.781+0000] {dag.py:4180} INFO - Setting next_dagrun for example_external_task_marker_child to None, run_after=None
[2025-04-21T11:51:06.789+0000] {logging_mixin.py:190} INFO - [2025-04-21T11:51:06.788+0000] {dag.py:4180} INFO - Setting next_dagrun for example_external_task_marker_parent to None, run_after=None
[2025-04-21T11:51:06.821+0000] {processor.py:208} INFO - Processing /home/airflow/.local/lib/python3.12/site-packages/airflow/example_dags/example_external_task_marker_dag.py took 0.144 seconds
[2025-04-21T11:51:38.936+0000] {processor.py:186} INFO - Started process (PID=7369) to work on /home/airflow/.local/lib/python3.12/site-packages/airflow/example_dags/example_external_task_marker_dag.py
[2025-04-21T11:51:38.938+0000] {processor.py:914} INFO - Processing file /home/airflow/.local/lib/python3.12/site-packages/airflow/example_dags/example_external_task_marker_dag.py for tasks to queue
[2025-04-21T11:51:38.944+0000] {logging_mixin.py:190} INFO - [2025-04-21T11:51:38.943+0000] {dagbag.py:588} INFO - Filling up the DagBag from /home/airflow/.local/lib/python3.12/site-packages/airflow/example_dags/example_external_task_marker_dag.py
[2025-04-21T11:51:38.961+0000] {processor.py:925} INFO - DAG(s) 'example_external_task_marker_parent', 'example_external_task_marker_child' retrieved from /home/airflow/.local/lib/python3.12/site-packages/airflow/example_dags/example_external_task_marker_dag.py
[2025-04-21T11:51:39.014+0000] {logging_mixin.py:190} INFO - [2025-04-21T11:51:39.013+0000] {dag.py:3239} INFO - Sync 2 DAGs
[2025-04-21T11:51:39.046+0000] {logging_mixin.py:190} INFO - [2025-04-21T11:51:39.046+0000] {dag.py:4180} INFO - Setting next_dagrun for example_external_task_marker_child to None, run_after=None
[2025-04-21T11:51:39.055+0000] {logging_mixin.py:190} INFO - [2025-04-21T11:51:39.055+0000] {dag.py:4180} INFO - Setting next_dagrun for example_external_task_marker_parent to None, run_after=None
[2025-04-21T11:51:39.089+0000] {processor.py:208} INFO - Processing /home/airflow/.local/lib/python3.12/site-packages/airflow/example_dags/example_external_task_marker_dag.py took 0.164 seconds
[2025-04-21T11:52:11.210+0000] {processor.py:186} INFO - Started process (PID=7439) to work on /home/airflow/.local/lib/python3.12/site-packages/airflow/example_dags/example_external_task_marker_dag.py
[2025-04-21T11:52:11.211+0000] {processor.py:914} INFO - Processing file /home/airflow/.local/lib/python3.12/site-packages/airflow/example_dags/example_external_task_marker_dag.py for tasks to queue
[2025-04-21T11:52:11.214+0000] {logging_mixin.py:190} INFO - [2025-04-21T11:52:11.213+0000] {dagbag.py:588} INFO - Filling up the DagBag from /home/airflow/.local/lib/python3.12/site-packages/airflow/example_dags/example_external_task_marker_dag.py
[2025-04-21T11:52:11.225+0000] {processor.py:925} INFO - DAG(s) 'example_external_task_marker_child', 'example_external_task_marker_parent' retrieved from /home/airflow/.local/lib/python3.12/site-packages/airflow/example_dags/example_external_task_marker_dag.py
[2025-04-21T11:52:11.275+0000] {logging_mixin.py:190} INFO - [2025-04-21T11:52:11.274+0000] {dag.py:3239} INFO - Sync 2 DAGs
[2025-04-21T11:52:11.307+0000] {logging_mixin.py:190} INFO - [2025-04-21T11:52:11.306+0000] {dag.py:4180} INFO - Setting next_dagrun for example_external_task_marker_child to None, run_after=None
[2025-04-21T11:52:11.314+0000] {logging_mixin.py:190} INFO - [2025-04-21T11:52:11.314+0000] {dag.py:4180} INFO - Setting next_dagrun for example_external_task_marker_parent to None, run_after=None
[2025-04-21T11:52:11.350+0000] {processor.py:208} INFO - Processing /home/airflow/.local/lib/python3.12/site-packages/airflow/example_dags/example_external_task_marker_dag.py took 0.148 seconds
[2025-04-21T11:52:42.097+0000] {processor.py:186} INFO - Started process (PID=7502) to work on /home/airflow/.local/lib/python3.12/site-packages/airflow/example_dags/example_external_task_marker_dag.py
[2025-04-21T11:52:42.099+0000] {processor.py:914} INFO - Processing file /home/airflow/.local/lib/python3.12/site-packages/airflow/example_dags/example_external_task_marker_dag.py for tasks to queue
[2025-04-21T11:52:42.107+0000] {logging_mixin.py:190} INFO - [2025-04-21T11:52:42.106+0000] {dagbag.py:588} INFO - Filling up the DagBag from /home/airflow/.local/lib/python3.12/site-packages/airflow/example_dags/example_external_task_marker_dag.py
[2025-04-21T11:52:42.123+0000] {processor.py:925} INFO - DAG(s) 'example_external_task_marker_child', 'example_external_task_marker_parent' retrieved from /home/airflow/.local/lib/python3.12/site-packages/airflow/example_dags/example_external_task_marker_dag.py
[2025-04-21T11:52:42.174+0000] {logging_mixin.py:190} INFO - [2025-04-21T11:52:42.173+0000] {dag.py:3239} INFO - Sync 2 DAGs
[2025-04-21T11:52:42.200+0000] {logging_mixin.py:190} INFO - [2025-04-21T11:52:42.200+0000] {dag.py:4180} INFO - Setting next_dagrun for example_external_task_marker_child to None, run_after=None
[2025-04-21T11:52:42.207+0000] {logging_mixin.py:190} INFO - [2025-04-21T11:52:42.207+0000] {dag.py:4180} INFO - Setting next_dagrun for example_external_task_marker_parent to None, run_after=None
[2025-04-21T11:52:42.232+0000] {processor.py:208} INFO - Processing /home/airflow/.local/lib/python3.12/site-packages/airflow/example_dags/example_external_task_marker_dag.py took 0.147 seconds
[2025-04-21T11:53:13.178+0000] {processor.py:186} INFO - Started process (PID=7566) to work on /home/airflow/.local/lib/python3.12/site-packages/airflow/example_dags/example_external_task_marker_dag.py
[2025-04-21T11:53:13.180+0000] {processor.py:914} INFO - Processing file /home/airflow/.local/lib/python3.12/site-packages/airflow/example_dags/example_external_task_marker_dag.py for tasks to queue
[2025-04-21T11:53:13.185+0000] {logging_mixin.py:190} INFO - [2025-04-21T11:53:13.184+0000] {dagbag.py:588} INFO - Filling up the DagBag from /home/airflow/.local/lib/python3.12/site-packages/airflow/example_dags/example_external_task_marker_dag.py
[2025-04-21T11:53:13.202+0000] {processor.py:925} INFO - DAG(s) 'example_external_task_marker_child', 'example_external_task_marker_parent' retrieved from /home/airflow/.local/lib/python3.12/site-packages/airflow/example_dags/example_external_task_marker_dag.py
[2025-04-21T11:53:13.240+0000] {logging_mixin.py:190} INFO - [2025-04-21T11:53:13.239+0000] {dag.py:3239} INFO - Sync 2 DAGs
[2025-04-21T11:53:13.267+0000] {logging_mixin.py:190} INFO - [2025-04-21T11:53:13.266+0000] {dag.py:4180} INFO - Setting next_dagrun for example_external_task_marker_child to None, run_after=None
[2025-04-21T11:53:13.276+0000] {logging_mixin.py:190} INFO - [2025-04-21T11:53:13.275+0000] {dag.py:4180} INFO - Setting next_dagrun for example_external_task_marker_parent to None, run_after=None
[2025-04-21T11:53:13.312+0000] {processor.py:208} INFO - Processing /home/airflow/.local/lib/python3.12/site-packages/airflow/example_dags/example_external_task_marker_dag.py took 0.145 seconds
[2025-04-21T11:53:43.918+0000] {processor.py:186} INFO - Started process (PID=7629) to work on /home/airflow/.local/lib/python3.12/site-packages/airflow/example_dags/example_external_task_marker_dag.py
[2025-04-21T11:53:43.920+0000] {processor.py:914} INFO - Processing file /home/airflow/.local/lib/python3.12/site-packages/airflow/example_dags/example_external_task_marker_dag.py for tasks to queue
[2025-04-21T11:53:43.924+0000] {logging_mixin.py:190} INFO - [2025-04-21T11:53:43.923+0000] {dagbag.py:588} INFO - Filling up the DagBag from /home/airflow/.local/lib/python3.12/site-packages/airflow/example_dags/example_external_task_marker_dag.py
[2025-04-21T11:53:43.937+0000] {processor.py:925} INFO - DAG(s) 'example_external_task_marker_parent', 'example_external_task_marker_child' retrieved from /home/airflow/.local/lib/python3.12/site-packages/airflow/example_dags/example_external_task_marker_dag.py
[2025-04-21T11:53:43.982+0000] {logging_mixin.py:190} INFO - [2025-04-21T11:53:43.982+0000] {dag.py:3239} INFO - Sync 2 DAGs
[2025-04-21T11:53:44.014+0000] {logging_mixin.py:190} INFO - [2025-04-21T11:53:44.013+0000] {dag.py:4180} INFO - Setting next_dagrun for example_external_task_marker_child to None, run_after=None
[2025-04-21T11:53:44.023+0000] {logging_mixin.py:190} INFO - [2025-04-21T11:53:44.023+0000] {dag.py:4180} INFO - Setting next_dagrun for example_external_task_marker_parent to None, run_after=None
[2025-04-21T11:53:44.053+0000] {processor.py:208} INFO - Processing /home/airflow/.local/lib/python3.12/site-packages/airflow/example_dags/example_external_task_marker_dag.py took 0.147 seconds
[2025-04-21T11:54:14.822+0000] {processor.py:186} INFO - Started process (PID=7693) to work on /home/airflow/.local/lib/python3.12/site-packages/airflow/example_dags/example_external_task_marker_dag.py
[2025-04-21T11:54:14.824+0000] {processor.py:914} INFO - Processing file /home/airflow/.local/lib/python3.12/site-packages/airflow/example_dags/example_external_task_marker_dag.py for tasks to queue
[2025-04-21T11:54:14.833+0000] {logging_mixin.py:190} INFO - [2025-04-21T11:54:14.832+0000] {dagbag.py:588} INFO - Filling up the DagBag from /home/airflow/.local/lib/python3.12/site-packages/airflow/example_dags/example_external_task_marker_dag.py
[2025-04-21T11:54:14.854+0000] {processor.py:925} INFO - DAG(s) 'example_external_task_marker_parent', 'example_external_task_marker_child' retrieved from /home/airflow/.local/lib/python3.12/site-packages/airflow/example_dags/example_external_task_marker_dag.py
[2025-04-21T11:54:14.904+0000] {logging_mixin.py:190} INFO - [2025-04-21T11:54:14.903+0000] {dag.py:3239} INFO - Sync 2 DAGs
[2025-04-21T11:54:14.938+0000] {logging_mixin.py:190} INFO - [2025-04-21T11:54:14.938+0000] {dag.py:4180} INFO - Setting next_dagrun for example_external_task_marker_child to None, run_after=None
[2025-04-21T11:54:14.950+0000] {logging_mixin.py:190} INFO - [2025-04-21T11:54:14.950+0000] {dag.py:4180} INFO - Setting next_dagrun for example_external_task_marker_parent to None, run_after=None
[2025-04-21T11:54:14.986+0000] {processor.py:208} INFO - Processing /home/airflow/.local/lib/python3.12/site-packages/airflow/example_dags/example_external_task_marker_dag.py took 0.176 seconds
[2025-04-21T11:54:45.525+0000] {processor.py:186} INFO - Started process (PID=7757) to work on /home/airflow/.local/lib/python3.12/site-packages/airflow/example_dags/example_external_task_marker_dag.py
[2025-04-21T11:54:45.527+0000] {processor.py:914} INFO - Processing file /home/airflow/.local/lib/python3.12/site-packages/airflow/example_dags/example_external_task_marker_dag.py for tasks to queue
[2025-04-21T11:54:45.531+0000] {logging_mixin.py:190} INFO - [2025-04-21T11:54:45.530+0000] {dagbag.py:588} INFO - Filling up the DagBag from /home/airflow/.local/lib/python3.12/site-packages/airflow/example_dags/example_external_task_marker_dag.py
[2025-04-21T11:54:45.543+0000] {processor.py:925} INFO - DAG(s) 'example_external_task_marker_child', 'example_external_task_marker_parent' retrieved from /home/airflow/.local/lib/python3.12/site-packages/airflow/example_dags/example_external_task_marker_dag.py
[2025-04-21T11:54:45.581+0000] {logging_mixin.py:190} INFO - [2025-04-21T11:54:45.580+0000] {dag.py:3239} INFO - Sync 2 DAGs
[2025-04-21T11:54:45.602+0000] {logging_mixin.py:190} INFO - [2025-04-21T11:54:45.602+0000] {dag.py:4180} INFO - Setting next_dagrun for example_external_task_marker_child to None, run_after=None
[2025-04-21T11:54:45.609+0000] {logging_mixin.py:190} INFO - [2025-04-21T11:54:45.609+0000] {dag.py:4180} INFO - Setting next_dagrun for example_external_task_marker_parent to None, run_after=None
[2025-04-21T11:54:45.637+0000] {processor.py:208} INFO - Processing /home/airflow/.local/lib/python3.12/site-packages/airflow/example_dags/example_external_task_marker_dag.py took 0.121 seconds
[2025-04-21T11:55:15.986+0000] {processor.py:186} INFO - Started process (PID=7821) to work on /home/airflow/.local/lib/python3.12/site-packages/airflow/example_dags/example_external_task_marker_dag.py
[2025-04-21T11:55:15.987+0000] {processor.py:914} INFO - Processing file /home/airflow/.local/lib/python3.12/site-packages/airflow/example_dags/example_external_task_marker_dag.py for tasks to queue
[2025-04-21T11:55:15.990+0000] {logging_mixin.py:190} INFO - [2025-04-21T11:55:15.990+0000] {dagbag.py:588} INFO - Filling up the DagBag from /home/airflow/.local/lib/python3.12/site-packages/airflow/example_dags/example_external_task_marker_dag.py
[2025-04-21T11:55:16.002+0000] {processor.py:925} INFO - DAG(s) 'example_external_task_marker_parent', 'example_external_task_marker_child' retrieved from /home/airflow/.local/lib/python3.12/site-packages/airflow/example_dags/example_external_task_marker_dag.py
[2025-04-21T11:55:16.050+0000] {logging_mixin.py:190} INFO - [2025-04-21T11:55:16.050+0000] {dag.py:3239} INFO - Sync 2 DAGs
[2025-04-21T11:55:16.072+0000] {logging_mixin.py:190} INFO - [2025-04-21T11:55:16.072+0000] {dag.py:4180} INFO - Setting next_dagrun for example_external_task_marker_child to None, run_after=None
[2025-04-21T11:55:16.080+0000] {logging_mixin.py:190} INFO - [2025-04-21T11:55:16.080+0000] {dag.py:4180} INFO - Setting next_dagrun for example_external_task_marker_parent to None, run_after=None
[2025-04-21T11:55:16.115+0000] {processor.py:208} INFO - Processing /home/airflow/.local/lib/python3.12/site-packages/airflow/example_dags/example_external_task_marker_dag.py took 0.140 seconds
[2025-04-21T11:55:46.755+0000] {processor.py:186} INFO - Started process (PID=7885) to work on /home/airflow/.local/lib/python3.12/site-packages/airflow/example_dags/example_external_task_marker_dag.py
[2025-04-21T11:55:46.757+0000] {processor.py:914} INFO - Processing file /home/airflow/.local/lib/python3.12/site-packages/airflow/example_dags/example_external_task_marker_dag.py for tasks to queue
[2025-04-21T11:55:46.762+0000] {logging_mixin.py:190} INFO - [2025-04-21T11:55:46.761+0000] {dagbag.py:588} INFO - Filling up the DagBag from /home/airflow/.local/lib/python3.12/site-packages/airflow/example_dags/example_external_task_marker_dag.py
[2025-04-21T11:55:46.779+0000] {processor.py:925} INFO - DAG(s) 'example_external_task_marker_parent', 'example_external_task_marker_child' retrieved from /home/airflow/.local/lib/python3.12/site-packages/airflow/example_dags/example_external_task_marker_dag.py
[2025-04-21T11:55:46.827+0000] {logging_mixin.py:190} INFO - [2025-04-21T11:55:46.827+0000] {dag.py:3239} INFO - Sync 2 DAGs
[2025-04-21T11:55:46.868+0000] {logging_mixin.py:190} INFO - [2025-04-21T11:55:46.868+0000] {dag.py:4180} INFO - Setting next_dagrun for example_external_task_marker_child to None, run_after=None
[2025-04-21T11:55:46.877+0000] {logging_mixin.py:190} INFO - [2025-04-21T11:55:46.877+0000] {dag.py:4180} INFO - Setting next_dagrun for example_external_task_marker_parent to None, run_after=None
[2025-04-21T11:55:46.910+0000] {processor.py:208} INFO - Processing /home/airflow/.local/lib/python3.12/site-packages/airflow/example_dags/example_external_task_marker_dag.py took 0.167 seconds
[2025-04-21T11:56:16.976+0000] {processor.py:186} INFO - Started process (PID=7948) to work on /home/airflow/.local/lib/python3.12/site-packages/airflow/example_dags/example_external_task_marker_dag.py
[2025-04-21T11:56:16.978+0000] {processor.py:914} INFO - Processing file /home/airflow/.local/lib/python3.12/site-packages/airflow/example_dags/example_external_task_marker_dag.py for tasks to queue
[2025-04-21T11:56:16.983+0000] {logging_mixin.py:190} INFO - [2025-04-21T11:56:16.982+0000] {dagbag.py:588} INFO - Filling up the DagBag from /home/airflow/.local/lib/python3.12/site-packages/airflow/example_dags/example_external_task_marker_dag.py
[2025-04-21T11:56:17.000+0000] {processor.py:925} INFO - DAG(s) 'example_external_task_marker_child', 'example_external_task_marker_parent' retrieved from /home/airflow/.local/lib/python3.12/site-packages/airflow/example_dags/example_external_task_marker_dag.py
[2025-04-21T11:56:17.047+0000] {logging_mixin.py:190} INFO - [2025-04-21T11:56:17.046+0000] {dag.py:3239} INFO - Sync 2 DAGs
[2025-04-21T11:56:17.078+0000] {logging_mixin.py:190} INFO - [2025-04-21T11:56:17.077+0000] {dag.py:4180} INFO - Setting next_dagrun for example_external_task_marker_child to None, run_after=None
[2025-04-21T11:56:17.087+0000] {logging_mixin.py:190} INFO - [2025-04-21T11:56:17.086+0000] {dag.py:4180} INFO - Setting next_dagrun for example_external_task_marker_parent to None, run_after=None
[2025-04-21T11:56:17.119+0000] {processor.py:208} INFO - Processing /home/airflow/.local/lib/python3.12/site-packages/airflow/example_dags/example_external_task_marker_dag.py took 0.155 seconds
[2025-04-21T11:56:47.643+0000] {processor.py:186} INFO - Started process (PID=8012) to work on /home/airflow/.local/lib/python3.12/site-packages/airflow/example_dags/example_external_task_marker_dag.py
[2025-04-21T11:56:47.644+0000] {processor.py:914} INFO - Processing file /home/airflow/.local/lib/python3.12/site-packages/airflow/example_dags/example_external_task_marker_dag.py for tasks to queue
[2025-04-21T11:56:47.649+0000] {logging_mixin.py:190} INFO - [2025-04-21T11:56:47.648+0000] {dagbag.py:588} INFO - Filling up the DagBag from /home/airflow/.local/lib/python3.12/site-packages/airflow/example_dags/example_external_task_marker_dag.py
[2025-04-21T11:56:47.665+0000] {processor.py:925} INFO - DAG(s) 'example_external_task_marker_child', 'example_external_task_marker_parent' retrieved from /home/airflow/.local/lib/python3.12/site-packages/airflow/example_dags/example_external_task_marker_dag.py
[2025-04-21T11:56:47.702+0000] {logging_mixin.py:190} INFO - [2025-04-21T11:56:47.701+0000] {dag.py:3239} INFO - Sync 2 DAGs
[2025-04-21T11:56:47.725+0000] {logging_mixin.py:190} INFO - [2025-04-21T11:56:47.725+0000] {dag.py:4180} INFO - Setting next_dagrun for example_external_task_marker_child to None, run_after=None
[2025-04-21T11:56:47.734+0000] {logging_mixin.py:190} INFO - [2025-04-21T11:56:47.734+0000] {dag.py:4180} INFO - Setting next_dagrun for example_external_task_marker_parent to None, run_after=None
[2025-04-21T11:56:47.769+0000] {processor.py:208} INFO - Processing /home/airflow/.local/lib/python3.12/site-packages/airflow/example_dags/example_external_task_marker_dag.py took 0.137 seconds
[2025-04-21T11:57:18.403+0000] {processor.py:186} INFO - Started process (PID=8075) to work on /home/airflow/.local/lib/python3.12/site-packages/airflow/example_dags/example_external_task_marker_dag.py
[2025-04-21T11:57:18.405+0000] {processor.py:914} INFO - Processing file /home/airflow/.local/lib/python3.12/site-packages/airflow/example_dags/example_external_task_marker_dag.py for tasks to queue
[2025-04-21T11:57:18.410+0000] {logging_mixin.py:190} INFO - [2025-04-21T11:57:18.410+0000] {dagbag.py:588} INFO - Filling up the DagBag from /home/airflow/.local/lib/python3.12/site-packages/airflow/example_dags/example_external_task_marker_dag.py
[2025-04-21T11:57:18.428+0000] {processor.py:925} INFO - DAG(s) 'example_external_task_marker_parent', 'example_external_task_marker_child' retrieved from /home/airflow/.local/lib/python3.12/site-packages/airflow/example_dags/example_external_task_marker_dag.py
[2025-04-21T11:57:18.479+0000] {logging_mixin.py:190} INFO - [2025-04-21T11:57:18.478+0000] {dag.py:3239} INFO - Sync 2 DAGs
[2025-04-21T11:57:18.512+0000] {logging_mixin.py:190} INFO - [2025-04-21T11:57:18.511+0000] {dag.py:4180} INFO - Setting next_dagrun for example_external_task_marker_child to None, run_after=None
[2025-04-21T11:57:18.521+0000] {logging_mixin.py:190} INFO - [2025-04-21T11:57:18.520+0000] {dag.py:4180} INFO - Setting next_dagrun for example_external_task_marker_parent to None, run_after=None
[2025-04-21T11:57:18.555+0000] {processor.py:208} INFO - Processing /home/airflow/.local/lib/python3.12/site-packages/airflow/example_dags/example_external_task_marker_dag.py took 0.164 seconds
[2025-04-21T11:57:48.722+0000] {processor.py:186} INFO - Started process (PID=8139) to work on /home/airflow/.local/lib/python3.12/site-packages/airflow/example_dags/example_external_task_marker_dag.py
[2025-04-21T11:57:48.723+0000] {processor.py:914} INFO - Processing file /home/airflow/.local/lib/python3.12/site-packages/airflow/example_dags/example_external_task_marker_dag.py for tasks to queue
[2025-04-21T11:57:48.729+0000] {logging_mixin.py:190} INFO - [2025-04-21T11:57:48.728+0000] {dagbag.py:588} INFO - Filling up the DagBag from /home/airflow/.local/lib/python3.12/site-packages/airflow/example_dags/example_external_task_marker_dag.py
[2025-04-21T11:57:48.747+0000] {processor.py:925} INFO - DAG(s) 'example_external_task_marker_parent', 'example_external_task_marker_child' retrieved from /home/airflow/.local/lib/python3.12/site-packages/airflow/example_dags/example_external_task_marker_dag.py
[2025-04-21T11:57:48.797+0000] {logging_mixin.py:190} INFO - [2025-04-21T11:57:48.797+0000] {dag.py:3239} INFO - Sync 2 DAGs
[2025-04-21T11:57:48.829+0000] {logging_mixin.py:190} INFO - [2025-04-21T11:57:48.829+0000] {dag.py:4180} INFO - Setting next_dagrun for example_external_task_marker_child to None, run_after=None
[2025-04-21T11:57:48.839+0000] {logging_mixin.py:190} INFO - [2025-04-21T11:57:48.838+0000] {dag.py:4180} INFO - Setting next_dagrun for example_external_task_marker_parent to None, run_after=None
[2025-04-21T11:57:48.874+0000] {processor.py:208} INFO - Processing /home/airflow/.local/lib/python3.12/site-packages/airflow/example_dags/example_external_task_marker_dag.py took 0.166 seconds
[2025-04-21T11:58:19.367+0000] {processor.py:186} INFO - Started process (PID=8202) to work on /home/airflow/.local/lib/python3.12/site-packages/airflow/example_dags/example_external_task_marker_dag.py
[2025-04-21T11:58:19.369+0000] {processor.py:914} INFO - Processing file /home/airflow/.local/lib/python3.12/site-packages/airflow/example_dags/example_external_task_marker_dag.py for tasks to queue
[2025-04-21T11:58:19.372+0000] {logging_mixin.py:190} INFO - [2025-04-21T11:58:19.372+0000] {dagbag.py:588} INFO - Filling up the DagBag from /home/airflow/.local/lib/python3.12/site-packages/airflow/example_dags/example_external_task_marker_dag.py
[2025-04-21T11:58:19.389+0000] {processor.py:925} INFO - DAG(s) 'example_external_task_marker_child', 'example_external_task_marker_parent' retrieved from /home/airflow/.local/lib/python3.12/site-packages/airflow/example_dags/example_external_task_marker_dag.py
[2025-04-21T11:58:19.427+0000] {logging_mixin.py:190} INFO - [2025-04-21T11:58:19.427+0000] {dag.py:3239} INFO - Sync 2 DAGs
[2025-04-21T11:58:19.454+0000] {logging_mixin.py:190} INFO - [2025-04-21T11:58:19.454+0000] {dag.py:4180} INFO - Setting next_dagrun for example_external_task_marker_child to None, run_after=None
[2025-04-21T11:58:19.463+0000] {logging_mixin.py:190} INFO - [2025-04-21T11:58:19.463+0000] {dag.py:4180} INFO - Setting next_dagrun for example_external_task_marker_parent to None, run_after=None
[2025-04-21T11:58:19.495+0000] {processor.py:208} INFO - Processing /home/airflow/.local/lib/python3.12/site-packages/airflow/example_dags/example_external_task_marker_dag.py took 0.140 seconds
[2025-04-21T11:58:49.703+0000] {processor.py:186} INFO - Started process (PID=8266) to work on /home/airflow/.local/lib/python3.12/site-packages/airflow/example_dags/example_external_task_marker_dag.py
[2025-04-21T11:58:49.706+0000] {processor.py:914} INFO - Processing file /home/airflow/.local/lib/python3.12/site-packages/airflow/example_dags/example_external_task_marker_dag.py for tasks to queue
[2025-04-21T11:58:49.711+0000] {logging_mixin.py:190} INFO - [2025-04-21T11:58:49.710+0000] {dagbag.py:588} INFO - Filling up the DagBag from /home/airflow/.local/lib/python3.12/site-packages/airflow/example_dags/example_external_task_marker_dag.py
[2025-04-21T11:58:49.725+0000] {processor.py:925} INFO - DAG(s) 'example_external_task_marker_child', 'example_external_task_marker_parent' retrieved from /home/airflow/.local/lib/python3.12/site-packages/airflow/example_dags/example_external_task_marker_dag.py
[2025-04-21T11:58:49.771+0000] {logging_mixin.py:190} INFO - [2025-04-21T11:58:49.771+0000] {dag.py:3239} INFO - Sync 2 DAGs
[2025-04-21T11:58:49.803+0000] {logging_mixin.py:190} INFO - [2025-04-21T11:58:49.803+0000] {dag.py:4180} INFO - Setting next_dagrun for example_external_task_marker_child to None, run_after=None
[2025-04-21T11:58:49.812+0000] {logging_mixin.py:190} INFO - [2025-04-21T11:58:49.812+0000] {dag.py:4180} INFO - Setting next_dagrun for example_external_task_marker_parent to None, run_after=None
[2025-04-21T11:58:49.839+0000] {processor.py:208} INFO - Processing /home/airflow/.local/lib/python3.12/site-packages/airflow/example_dags/example_external_task_marker_dag.py took 0.147 seconds
[2025-04-21T11:59:20.067+0000] {processor.py:186} INFO - Started process (PID=8330) to work on /home/airflow/.local/lib/python3.12/site-packages/airflow/example_dags/example_external_task_marker_dag.py
[2025-04-21T11:59:20.069+0000] {processor.py:914} INFO - Processing file /home/airflow/.local/lib/python3.12/site-packages/airflow/example_dags/example_external_task_marker_dag.py for tasks to queue
[2025-04-21T11:59:20.075+0000] {logging_mixin.py:190} INFO - [2025-04-21T11:59:20.074+0000] {dagbag.py:588} INFO - Filling up the DagBag from /home/airflow/.local/lib/python3.12/site-packages/airflow/example_dags/example_external_task_marker_dag.py
[2025-04-21T11:59:20.088+0000] {processor.py:925} INFO - DAG(s) 'example_external_task_marker_parent', 'example_external_task_marker_child' retrieved from /home/airflow/.local/lib/python3.12/site-packages/airflow/example_dags/example_external_task_marker_dag.py
[2025-04-21T11:59:20.131+0000] {logging_mixin.py:190} INFO - [2025-04-21T11:59:20.130+0000] {dag.py:3239} INFO - Sync 2 DAGs
[2025-04-21T11:59:20.168+0000] {logging_mixin.py:190} INFO - [2025-04-21T11:59:20.168+0000] {dag.py:4180} INFO - Setting next_dagrun for example_external_task_marker_child to None, run_after=None
[2025-04-21T11:59:20.178+0000] {logging_mixin.py:190} INFO - [2025-04-21T11:59:20.178+0000] {dag.py:4180} INFO - Setting next_dagrun for example_external_task_marker_parent to None, run_after=None
[2025-04-21T11:59:20.215+0000] {processor.py:208} INFO - Processing /home/airflow/.local/lib/python3.12/site-packages/airflow/example_dags/example_external_task_marker_dag.py took 0.161 seconds
[2025-04-21T11:59:50.610+0000] {processor.py:186} INFO - Started process (PID=8394) to work on /home/airflow/.local/lib/python3.12/site-packages/airflow/example_dags/example_external_task_marker_dag.py
[2025-04-21T11:59:50.612+0000] {processor.py:914} INFO - Processing file /home/airflow/.local/lib/python3.12/site-packages/airflow/example_dags/example_external_task_marker_dag.py for tasks to queue
[2025-04-21T11:59:50.616+0000] {logging_mixin.py:190} INFO - [2025-04-21T11:59:50.616+0000] {dagbag.py:588} INFO - Filling up the DagBag from /home/airflow/.local/lib/python3.12/site-packages/airflow/example_dags/example_external_task_marker_dag.py
[2025-04-21T11:59:50.633+0000] {processor.py:925} INFO - DAG(s) 'example_external_task_marker_child', 'example_external_task_marker_parent' retrieved from /home/airflow/.local/lib/python3.12/site-packages/airflow/example_dags/example_external_task_marker_dag.py
[2025-04-21T11:59:50.671+0000] {logging_mixin.py:190} INFO - [2025-04-21T11:59:50.671+0000] {dag.py:3239} INFO - Sync 2 DAGs
[2025-04-21T11:59:50.695+0000] {logging_mixin.py:190} INFO - [2025-04-21T11:59:50.695+0000] {dag.py:4180} INFO - Setting next_dagrun for example_external_task_marker_child to None, run_after=None
[2025-04-21T11:59:50.701+0000] {logging_mixin.py:190} INFO - [2025-04-21T11:59:50.701+0000] {dag.py:4180} INFO - Setting next_dagrun for example_external_task_marker_parent to None, run_after=None
[2025-04-21T11:59:50.735+0000] {processor.py:208} INFO - Processing /home/airflow/.local/lib/python3.12/site-packages/airflow/example_dags/example_external_task_marker_dag.py took 0.132 seconds
[2025-04-21T12:00:21.223+0000] {processor.py:186} INFO - Started process (PID=8458) to work on /home/airflow/.local/lib/python3.12/site-packages/airflow/example_dags/example_external_task_marker_dag.py
[2025-04-21T12:00:21.225+0000] {processor.py:914} INFO - Processing file /home/airflow/.local/lib/python3.12/site-packages/airflow/example_dags/example_external_task_marker_dag.py for tasks to queue
[2025-04-21T12:00:21.229+0000] {logging_mixin.py:190} INFO - [2025-04-21T12:00:21.229+0000] {dagbag.py:588} INFO - Filling up the DagBag from /home/airflow/.local/lib/python3.12/site-packages/airflow/example_dags/example_external_task_marker_dag.py
[2025-04-21T12:00:21.248+0000] {processor.py:925} INFO - DAG(s) 'example_external_task_marker_child', 'example_external_task_marker_parent' retrieved from /home/airflow/.local/lib/python3.12/site-packages/airflow/example_dags/example_external_task_marker_dag.py
[2025-04-21T12:00:21.302+0000] {logging_mixin.py:190} INFO - [2025-04-21T12:00:21.301+0000] {dag.py:3239} INFO - Sync 2 DAGs
[2025-04-21T12:00:21.333+0000] {logging_mixin.py:190} INFO - [2025-04-21T12:00:21.333+0000] {dag.py:4180} INFO - Setting next_dagrun for example_external_task_marker_child to None, run_after=None
[2025-04-21T12:00:21.344+0000] {logging_mixin.py:190} INFO - [2025-04-21T12:00:21.343+0000] {dag.py:4180} INFO - Setting next_dagrun for example_external_task_marker_parent to None, run_after=None
[2025-04-21T12:00:21.382+0000] {processor.py:208} INFO - Processing /home/airflow/.local/lib/python3.12/site-packages/airflow/example_dags/example_external_task_marker_dag.py took 0.171 seconds
[2025-04-21T12:00:51.563+0000] {processor.py:186} INFO - Started process (PID=8522) to work on /home/airflow/.local/lib/python3.12/site-packages/airflow/example_dags/example_external_task_marker_dag.py
[2025-04-21T12:00:51.565+0000] {processor.py:914} INFO - Processing file /home/airflow/.local/lib/python3.12/site-packages/airflow/example_dags/example_external_task_marker_dag.py for tasks to queue
[2025-04-21T12:00:51.571+0000] {logging_mixin.py:190} INFO - [2025-04-21T12:00:51.570+0000] {dagbag.py:588} INFO - Filling up the DagBag from /home/airflow/.local/lib/python3.12/site-packages/airflow/example_dags/example_external_task_marker_dag.py
[2025-04-21T12:00:51.590+0000] {processor.py:925} INFO - DAG(s) 'example_external_task_marker_child', 'example_external_task_marker_parent' retrieved from /home/airflow/.local/lib/python3.12/site-packages/airflow/example_dags/example_external_task_marker_dag.py
[2025-04-21T12:00:51.644+0000] {logging_mixin.py:190} INFO - [2025-04-21T12:00:51.644+0000] {dag.py:3239} INFO - Sync 2 DAGs
[2025-04-21T12:00:51.679+0000] {logging_mixin.py:190} INFO - [2025-04-21T12:00:51.678+0000] {dag.py:4180} INFO - Setting next_dagrun for example_external_task_marker_child to None, run_after=None
[2025-04-21T12:00:51.688+0000] {logging_mixin.py:190} INFO - [2025-04-21T12:00:51.688+0000] {dag.py:4180} INFO - Setting next_dagrun for example_external_task_marker_parent to None, run_after=None
[2025-04-21T12:00:51.723+0000] {processor.py:208} INFO - Processing /home/airflow/.local/lib/python3.12/site-packages/airflow/example_dags/example_external_task_marker_dag.py took 0.173 seconds
[2025-04-21T12:01:22.212+0000] {processor.py:186} INFO - Started process (PID=8586) to work on /home/airflow/.local/lib/python3.12/site-packages/airflow/example_dags/example_external_task_marker_dag.py
[2025-04-21T12:01:22.214+0000] {processor.py:914} INFO - Processing file /home/airflow/.local/lib/python3.12/site-packages/airflow/example_dags/example_external_task_marker_dag.py for tasks to queue
[2025-04-21T12:01:22.220+0000] {logging_mixin.py:190} INFO - [2025-04-21T12:01:22.219+0000] {dagbag.py:588} INFO - Filling up the DagBag from /home/airflow/.local/lib/python3.12/site-packages/airflow/example_dags/example_external_task_marker_dag.py
[2025-04-21T12:01:22.241+0000] {processor.py:925} INFO - DAG(s) 'example_external_task_marker_child', 'example_external_task_marker_parent' retrieved from /home/airflow/.local/lib/python3.12/site-packages/airflow/example_dags/example_external_task_marker_dag.py
[2025-04-21T12:01:22.290+0000] {logging_mixin.py:190} INFO - [2025-04-21T12:01:22.289+0000] {dag.py:3239} INFO - Sync 2 DAGs
[2025-04-21T12:01:22.321+0000] {logging_mixin.py:190} INFO - [2025-04-21T12:01:22.320+0000] {dag.py:4180} INFO - Setting next_dagrun for example_external_task_marker_child to None, run_after=None
[2025-04-21T12:01:22.330+0000] {logging_mixin.py:190} INFO - [2025-04-21T12:01:22.329+0000] {dag.py:4180} INFO - Setting next_dagrun for example_external_task_marker_parent to None, run_after=None
[2025-04-21T12:01:22.366+0000] {processor.py:208} INFO - Processing /home/airflow/.local/lib/python3.12/site-packages/airflow/example_dags/example_external_task_marker_dag.py took 0.167 seconds
[2025-04-21T12:01:52.448+0000] {processor.py:186} INFO - Started process (PID=8650) to work on /home/airflow/.local/lib/python3.12/site-packages/airflow/example_dags/example_external_task_marker_dag.py
[2025-04-21T12:01:52.450+0000] {processor.py:914} INFO - Processing file /home/airflow/.local/lib/python3.12/site-packages/airflow/example_dags/example_external_task_marker_dag.py for tasks to queue
[2025-04-21T12:01:52.455+0000] {logging_mixin.py:190} INFO - [2025-04-21T12:01:52.455+0000] {dagbag.py:588} INFO - Filling up the DagBag from /home/airflow/.local/lib/python3.12/site-packages/airflow/example_dags/example_external_task_marker_dag.py
[2025-04-21T12:01:52.469+0000] {processor.py:925} INFO - DAG(s) 'example_external_task_marker_child', 'example_external_task_marker_parent' retrieved from /home/airflow/.local/lib/python3.12/site-packages/airflow/example_dags/example_external_task_marker_dag.py
[2025-04-21T12:01:52.514+0000] {logging_mixin.py:190} INFO - [2025-04-21T12:01:52.514+0000] {dag.py:3239} INFO - Sync 2 DAGs
[2025-04-21T12:01:52.539+0000] {logging_mixin.py:190} INFO - [2025-04-21T12:01:52.539+0000] {dag.py:4180} INFO - Setting next_dagrun for example_external_task_marker_child to None, run_after=None
[2025-04-21T12:01:52.547+0000] {logging_mixin.py:190} INFO - [2025-04-21T12:01:52.546+0000] {dag.py:4180} INFO - Setting next_dagrun for example_external_task_marker_parent to None, run_after=None
[2025-04-21T12:01:52.578+0000] {processor.py:208} INFO - Processing /home/airflow/.local/lib/python3.12/site-packages/airflow/example_dags/example_external_task_marker_dag.py took 0.142 seconds
[2025-04-21T12:02:23.080+0000] {processor.py:186} INFO - Started process (PID=8714) to work on /home/airflow/.local/lib/python3.12/site-packages/airflow/example_dags/example_external_task_marker_dag.py
[2025-04-21T12:02:23.082+0000] {processor.py:914} INFO - Processing file /home/airflow/.local/lib/python3.12/site-packages/airflow/example_dags/example_external_task_marker_dag.py for tasks to queue
[2025-04-21T12:02:23.085+0000] {logging_mixin.py:190} INFO - [2025-04-21T12:02:23.085+0000] {dagbag.py:588} INFO - Filling up the DagBag from /home/airflow/.local/lib/python3.12/site-packages/airflow/example_dags/example_external_task_marker_dag.py
[2025-04-21T12:02:23.096+0000] {processor.py:925} INFO - DAG(s) 'example_external_task_marker_parent', 'example_external_task_marker_child' retrieved from /home/airflow/.local/lib/python3.12/site-packages/airflow/example_dags/example_external_task_marker_dag.py
[2025-04-21T12:02:23.129+0000] {logging_mixin.py:190} INFO - [2025-04-21T12:02:23.129+0000] {dag.py:3239} INFO - Sync 2 DAGs
[2025-04-21T12:02:23.150+0000] {logging_mixin.py:190} INFO - [2025-04-21T12:02:23.149+0000] {dag.py:4180} INFO - Setting next_dagrun for example_external_task_marker_child to None, run_after=None
[2025-04-21T12:02:23.156+0000] {logging_mixin.py:190} INFO - [2025-04-21T12:02:23.156+0000] {dag.py:4180} INFO - Setting next_dagrun for example_external_task_marker_parent to None, run_after=None
[2025-04-21T12:02:23.179+0000] {processor.py:208} INFO - Processing /home/airflow/.local/lib/python3.12/site-packages/airflow/example_dags/example_external_task_marker_dag.py took 0.107 seconds
[2025-04-21T12:02:53.669+0000] {processor.py:186} INFO - Started process (PID=8778) to work on /home/airflow/.local/lib/python3.12/site-packages/airflow/example_dags/example_external_task_marker_dag.py
[2025-04-21T12:02:53.671+0000] {processor.py:914} INFO - Processing file /home/airflow/.local/lib/python3.12/site-packages/airflow/example_dags/example_external_task_marker_dag.py for tasks to queue
[2025-04-21T12:02:53.676+0000] {logging_mixin.py:190} INFO - [2025-04-21T12:02:53.675+0000] {dagbag.py:588} INFO - Filling up the DagBag from /home/airflow/.local/lib/python3.12/site-packages/airflow/example_dags/example_external_task_marker_dag.py
[2025-04-21T12:02:53.696+0000] {processor.py:925} INFO - DAG(s) 'example_external_task_marker_parent', 'example_external_task_marker_child' retrieved from /home/airflow/.local/lib/python3.12/site-packages/airflow/example_dags/example_external_task_marker_dag.py
[2025-04-21T12:02:53.741+0000] {logging_mixin.py:190} INFO - [2025-04-21T12:02:53.741+0000] {dag.py:3239} INFO - Sync 2 DAGs
[2025-04-21T12:02:53.764+0000] {logging_mixin.py:190} INFO - [2025-04-21T12:02:53.764+0000] {dag.py:4180} INFO - Setting next_dagrun for example_external_task_marker_child to None, run_after=None
[2025-04-21T12:02:53.771+0000] {logging_mixin.py:190} INFO - [2025-04-21T12:02:53.770+0000] {dag.py:4180} INFO - Setting next_dagrun for example_external_task_marker_parent to None, run_after=None
[2025-04-21T12:02:53.799+0000] {processor.py:208} INFO - Processing /home/airflow/.local/lib/python3.12/site-packages/airflow/example_dags/example_external_task_marker_dag.py took 0.141 seconds
[2025-04-21T12:03:24.230+0000] {processor.py:186} INFO - Started process (PID=8842) to work on /home/airflow/.local/lib/python3.12/site-packages/airflow/example_dags/example_external_task_marker_dag.py
[2025-04-21T12:03:24.231+0000] {processor.py:914} INFO - Processing file /home/airflow/.local/lib/python3.12/site-packages/airflow/example_dags/example_external_task_marker_dag.py for tasks to queue
[2025-04-21T12:03:24.235+0000] {logging_mixin.py:190} INFO - [2025-04-21T12:03:24.234+0000] {dagbag.py:588} INFO - Filling up the DagBag from /home/airflow/.local/lib/python3.12/site-packages/airflow/example_dags/example_external_task_marker_dag.py
[2025-04-21T12:03:24.246+0000] {processor.py:925} INFO - DAG(s) 'example_external_task_marker_child', 'example_external_task_marker_parent' retrieved from /home/airflow/.local/lib/python3.12/site-packages/airflow/example_dags/example_external_task_marker_dag.py
[2025-04-21T12:03:24.304+0000] {logging_mixin.py:190} INFO - [2025-04-21T12:03:24.303+0000] {dag.py:3239} INFO - Sync 2 DAGs
[2025-04-21T12:03:24.336+0000] {logging_mixin.py:190} INFO - [2025-04-21T12:03:24.335+0000] {dag.py:4180} INFO - Setting next_dagrun for example_external_task_marker_child to None, run_after=None
[2025-04-21T12:03:24.347+0000] {logging_mixin.py:190} INFO - [2025-04-21T12:03:24.346+0000] {dag.py:4180} INFO - Setting next_dagrun for example_external_task_marker_parent to None, run_after=None
[2025-04-21T12:03:24.384+0000] {processor.py:208} INFO - Processing /home/airflow/.local/lib/python3.12/site-packages/airflow/example_dags/example_external_task_marker_dag.py took 0.162 seconds
