[2025-04-21T10:53:02.833+0000] {processor.py:186} INFO - Started process (PID=90) to work on /home/airflow/.local/lib/python3.12/site-packages/airflow/example_dags/example_python_decorator.py
[2025-04-21T10:53:02.834+0000] {processor.py:914} INFO - Processing file /home/airflow/.local/lib/python3.12/site-packages/airflow/example_dags/example_python_decorator.py for tasks to queue
[2025-04-21T10:53:02.836+0000] {logging_mixin.py:190} INFO - [2025-04-21T10:53:02.835+0000] {dagbag.py:588} INFO - Filling up the DagBag from /home/airflow/.local/lib/python3.12/site-packages/airflow/example_dags/example_python_decorator.py
[2025-04-21T10:53:02.849+0000] {processor.py:925} INFO - DAG(s) 'example_python_decorator' retrieved from /home/airflow/.local/lib/python3.12/site-packages/airflow/example_dags/example_python_decorator.py
[2025-04-21T10:53:02.974+0000] {logging_mixin.py:190} INFO - [2025-04-21T10:53:02.974+0000] {override.py:1912} INFO - Created Permission View: can edit on DAG:example_python_decorator
[2025-04-21T10:53:02.985+0000] {logging_mixin.py:190} INFO - [2025-04-21T10:53:02.985+0000] {override.py:1912} INFO - Created Permission View: can read on DAG:example_python_decorator
[2025-04-21T10:53:02.992+0000] {logging_mixin.py:190} INFO - [2025-04-21T10:53:02.992+0000] {override.py:1912} INFO - Created Permission View: can delete on DAG:example_python_decorator
[2025-04-21T10:53:03.000+0000] {logging_mixin.py:190} INFO - [2025-04-21T10:53:02.999+0000] {override.py:1912} INFO - Created Permission View: menu access on DAG Run:example_python_decorator
[2025-04-21T10:53:03.009+0000] {logging_mixin.py:190} INFO - [2025-04-21T10:53:03.009+0000] {override.py:1912} INFO - Created Permission View: can create on DAG Run:example_python_decorator
[2025-04-21T10:53:03.016+0000] {logging_mixin.py:190} INFO - [2025-04-21T10:53:03.016+0000] {override.py:1912} INFO - Created Permission View: can read on DAG Run:example_python_decorator
[2025-04-21T10:53:03.023+0000] {logging_mixin.py:190} INFO - [2025-04-21T10:53:03.022+0000] {override.py:1912} INFO - Created Permission View: can delete on DAG Run:example_python_decorator
[2025-04-21T10:53:03.023+0000] {logging_mixin.py:190} INFO - [2025-04-21T10:53:03.023+0000] {dag.py:3239} INFO - Sync 1 DAGs
[2025-04-21T10:53:03.035+0000] {logging_mixin.py:190} INFO - [2025-04-21T10:53:03.034+0000] {dag.py:3262} INFO - Creating ORM DAG for example_python_decorator
[2025-04-21T10:53:03.036+0000] {logging_mixin.py:190} INFO - [2025-04-21T10:53:03.036+0000] {dag.py:4180} INFO - Setting next_dagrun for example_python_decorator to None, run_after=None
[2025-04-21T10:53:03.052+0000] {processor.py:208} INFO - Processing /home/airflow/.local/lib/python3.12/site-packages/airflow/example_dags/example_python_decorator.py took 0.223 seconds
[2025-04-21T10:53:33.796+0000] {processor.py:186} INFO - Started process (PID=159) to work on /home/airflow/.local/lib/python3.12/site-packages/airflow/example_dags/example_python_decorator.py
[2025-04-21T10:53:33.796+0000] {processor.py:914} INFO - Processing file /home/airflow/.local/lib/python3.12/site-packages/airflow/example_dags/example_python_decorator.py for tasks to queue
[2025-04-21T10:53:33.798+0000] {logging_mixin.py:190} INFO - [2025-04-21T10:53:33.798+0000] {dagbag.py:588} INFO - Filling up the DagBag from /home/airflow/.local/lib/python3.12/site-packages/airflow/example_dags/example_python_decorator.py
[2025-04-21T10:53:33.812+0000] {processor.py:925} INFO - DAG(s) 'example_python_decorator' retrieved from /home/airflow/.local/lib/python3.12/site-packages/airflow/example_dags/example_python_decorator.py
[2025-04-21T10:53:33.832+0000] {logging_mixin.py:190} INFO - [2025-04-21T10:53:33.831+0000] {dag.py:3239} INFO - Sync 1 DAGs
[2025-04-21T10:53:33.848+0000] {logging_mixin.py:190} INFO - [2025-04-21T10:53:33.848+0000] {dag.py:4180} INFO - Setting next_dagrun for example_python_decorator to None, run_after=None
[2025-04-21T10:53:33.870+0000] {processor.py:208} INFO - Processing /home/airflow/.local/lib/python3.12/site-packages/airflow/example_dags/example_python_decorator.py took 0.080 seconds
[2025-04-21T10:54:04.038+0000] {processor.py:186} INFO - Started process (PID=220) to work on /home/airflow/.local/lib/python3.12/site-packages/airflow/example_dags/example_python_decorator.py
[2025-04-21T10:54:04.038+0000] {processor.py:914} INFO - Processing file /home/airflow/.local/lib/python3.12/site-packages/airflow/example_dags/example_python_decorator.py for tasks to queue
[2025-04-21T10:54:04.041+0000] {logging_mixin.py:190} INFO - [2025-04-21T10:54:04.040+0000] {dagbag.py:588} INFO - Filling up the DagBag from /home/airflow/.local/lib/python3.12/site-packages/airflow/example_dags/example_python_decorator.py
[2025-04-21T10:54:04.051+0000] {processor.py:925} INFO - DAG(s) 'example_python_decorator' retrieved from /home/airflow/.local/lib/python3.12/site-packages/airflow/example_dags/example_python_decorator.py
[2025-04-21T10:54:04.067+0000] {logging_mixin.py:190} INFO - [2025-04-21T10:54:04.066+0000] {dag.py:3239} INFO - Sync 1 DAGs
[2025-04-21T10:54:04.077+0000] {logging_mixin.py:190} INFO - [2025-04-21T10:54:04.077+0000] {dag.py:4180} INFO - Setting next_dagrun for example_python_decorator to None, run_after=None
[2025-04-21T10:54:04.092+0000] {processor.py:208} INFO - Processing /home/airflow/.local/lib/python3.12/site-packages/airflow/example_dags/example_python_decorator.py took 0.058 seconds
[2025-04-21T10:54:34.227+0000] {processor.py:186} INFO - Started process (PID=283) to work on /home/airflow/.local/lib/python3.12/site-packages/airflow/example_dags/example_python_decorator.py
[2025-04-21T10:54:34.227+0000] {processor.py:914} INFO - Processing file /home/airflow/.local/lib/python3.12/site-packages/airflow/example_dags/example_python_decorator.py for tasks to queue
[2025-04-21T10:54:34.229+0000] {logging_mixin.py:190} INFO - [2025-04-21T10:54:34.229+0000] {dagbag.py:588} INFO - Filling up the DagBag from /home/airflow/.local/lib/python3.12/site-packages/airflow/example_dags/example_python_decorator.py
[2025-04-21T10:54:34.240+0000] {processor.py:925} INFO - DAG(s) 'example_python_decorator' retrieved from /home/airflow/.local/lib/python3.12/site-packages/airflow/example_dags/example_python_decorator.py
[2025-04-21T10:54:34.256+0000] {logging_mixin.py:190} INFO - [2025-04-21T10:54:34.256+0000] {dag.py:3239} INFO - Sync 1 DAGs
[2025-04-21T10:54:34.267+0000] {logging_mixin.py:190} INFO - [2025-04-21T10:54:34.267+0000] {dag.py:4180} INFO - Setting next_dagrun for example_python_decorator to None, run_after=None
[2025-04-21T10:54:34.281+0000] {processor.py:208} INFO - Processing /home/airflow/.local/lib/python3.12/site-packages/airflow/example_dags/example_python_decorator.py took 0.059 seconds
[2025-04-21T10:55:05.052+0000] {processor.py:186} INFO - Started process (PID=346) to work on /home/airflow/.local/lib/python3.12/site-packages/airflow/example_dags/example_python_decorator.py
[2025-04-21T10:55:05.052+0000] {processor.py:914} INFO - Processing file /home/airflow/.local/lib/python3.12/site-packages/airflow/example_dags/example_python_decorator.py for tasks to queue
[2025-04-21T10:55:05.054+0000] {logging_mixin.py:190} INFO - [2025-04-21T10:55:05.054+0000] {dagbag.py:588} INFO - Filling up the DagBag from /home/airflow/.local/lib/python3.12/site-packages/airflow/example_dags/example_python_decorator.py
[2025-04-21T10:55:05.066+0000] {processor.py:925} INFO - DAG(s) 'example_python_decorator' retrieved from /home/airflow/.local/lib/python3.12/site-packages/airflow/example_dags/example_python_decorator.py
[2025-04-21T10:55:05.086+0000] {logging_mixin.py:190} INFO - [2025-04-21T10:55:05.085+0000] {dag.py:3239} INFO - Sync 1 DAGs
[2025-04-21T10:55:05.097+0000] {logging_mixin.py:190} INFO - [2025-04-21T10:55:05.097+0000] {dag.py:4180} INFO - Setting next_dagrun for example_python_decorator to None, run_after=None
[2025-04-21T10:55:05.114+0000] {processor.py:208} INFO - Processing /home/airflow/.local/lib/python3.12/site-packages/airflow/example_dags/example_python_decorator.py took 0.066 seconds
[2025-04-21T10:55:35.413+0000] {processor.py:186} INFO - Started process (PID=408) to work on /home/airflow/.local/lib/python3.12/site-packages/airflow/example_dags/example_python_decorator.py
[2025-04-21T10:55:35.414+0000] {processor.py:914} INFO - Processing file /home/airflow/.local/lib/python3.12/site-packages/airflow/example_dags/example_python_decorator.py for tasks to queue
[2025-04-21T10:55:35.417+0000] {logging_mixin.py:190} INFO - [2025-04-21T10:55:35.416+0000] {dagbag.py:588} INFO - Filling up the DagBag from /home/airflow/.local/lib/python3.12/site-packages/airflow/example_dags/example_python_decorator.py
[2025-04-21T10:55:35.428+0000] {processor.py:925} INFO - DAG(s) 'example_python_decorator' retrieved from /home/airflow/.local/lib/python3.12/site-packages/airflow/example_dags/example_python_decorator.py
[2025-04-21T10:55:35.444+0000] {logging_mixin.py:190} INFO - [2025-04-21T10:55:35.444+0000] {dag.py:3239} INFO - Sync 1 DAGs
[2025-04-21T10:55:35.455+0000] {logging_mixin.py:190} INFO - [2025-04-21T10:55:35.455+0000] {dag.py:4180} INFO - Setting next_dagrun for example_python_decorator to None, run_after=None
[2025-04-21T10:55:35.470+0000] {processor.py:208} INFO - Processing /home/airflow/.local/lib/python3.12/site-packages/airflow/example_dags/example_python_decorator.py took 0.061 seconds
[2025-04-21T10:56:05.631+0000] {processor.py:186} INFO - Started process (PID=471) to work on /home/airflow/.local/lib/python3.12/site-packages/airflow/example_dags/example_python_decorator.py
[2025-04-21T10:56:05.632+0000] {processor.py:914} INFO - Processing file /home/airflow/.local/lib/python3.12/site-packages/airflow/example_dags/example_python_decorator.py for tasks to queue
[2025-04-21T10:56:05.634+0000] {logging_mixin.py:190} INFO - [2025-04-21T10:56:05.634+0000] {dagbag.py:588} INFO - Filling up the DagBag from /home/airflow/.local/lib/python3.12/site-packages/airflow/example_dags/example_python_decorator.py
[2025-04-21T10:56:05.644+0000] {processor.py:925} INFO - DAG(s) 'example_python_decorator' retrieved from /home/airflow/.local/lib/python3.12/site-packages/airflow/example_dags/example_python_decorator.py
[2025-04-21T10:56:05.659+0000] {logging_mixin.py:190} INFO - [2025-04-21T10:56:05.659+0000] {dag.py:3239} INFO - Sync 1 DAGs
[2025-04-21T10:56:05.670+0000] {logging_mixin.py:190} INFO - [2025-04-21T10:56:05.670+0000] {dag.py:4180} INFO - Setting next_dagrun for example_python_decorator to None, run_after=None
[2025-04-21T10:56:05.685+0000] {processor.py:208} INFO - Processing /home/airflow/.local/lib/python3.12/site-packages/airflow/example_dags/example_python_decorator.py took 0.058 seconds
[2025-04-21T10:56:35.932+0000] {processor.py:186} INFO - Started process (PID=534) to work on /home/airflow/.local/lib/python3.12/site-packages/airflow/example_dags/example_python_decorator.py
[2025-04-21T10:56:35.932+0000] {processor.py:914} INFO - Processing file /home/airflow/.local/lib/python3.12/site-packages/airflow/example_dags/example_python_decorator.py for tasks to queue
[2025-04-21T10:56:35.934+0000] {logging_mixin.py:190} INFO - [2025-04-21T10:56:35.934+0000] {dagbag.py:588} INFO - Filling up the DagBag from /home/airflow/.local/lib/python3.12/site-packages/airflow/example_dags/example_python_decorator.py
[2025-04-21T10:56:35.944+0000] {processor.py:925} INFO - DAG(s) 'example_python_decorator' retrieved from /home/airflow/.local/lib/python3.12/site-packages/airflow/example_dags/example_python_decorator.py
[2025-04-21T10:56:35.961+0000] {logging_mixin.py:190} INFO - [2025-04-21T10:56:35.961+0000] {dag.py:3239} INFO - Sync 1 DAGs
[2025-04-21T10:56:35.972+0000] {logging_mixin.py:190} INFO - [2025-04-21T10:56:35.972+0000] {dag.py:4180} INFO - Setting next_dagrun for example_python_decorator to None, run_after=None
[2025-04-21T10:56:35.986+0000] {processor.py:208} INFO - Processing /home/airflow/.local/lib/python3.12/site-packages/airflow/example_dags/example_python_decorator.py took 0.058 seconds
[2025-04-21T10:57:06.374+0000] {processor.py:186} INFO - Started process (PID=596) to work on /home/airflow/.local/lib/python3.12/site-packages/airflow/example_dags/example_python_decorator.py
[2025-04-21T10:57:06.375+0000] {processor.py:914} INFO - Processing file /home/airflow/.local/lib/python3.12/site-packages/airflow/example_dags/example_python_decorator.py for tasks to queue
[2025-04-21T10:57:06.377+0000] {logging_mixin.py:190} INFO - [2025-04-21T10:57:06.377+0000] {dagbag.py:588} INFO - Filling up the DagBag from /home/airflow/.local/lib/python3.12/site-packages/airflow/example_dags/example_python_decorator.py
[2025-04-21T10:57:06.387+0000] {processor.py:925} INFO - DAG(s) 'example_python_decorator' retrieved from /home/airflow/.local/lib/python3.12/site-packages/airflow/example_dags/example_python_decorator.py
[2025-04-21T10:57:06.403+0000] {logging_mixin.py:190} INFO - [2025-04-21T10:57:06.402+0000] {dag.py:3239} INFO - Sync 1 DAGs
[2025-04-21T10:57:06.413+0000] {logging_mixin.py:190} INFO - [2025-04-21T10:57:06.413+0000] {dag.py:4180} INFO - Setting next_dagrun for example_python_decorator to None, run_after=None
[2025-04-21T10:57:06.426+0000] {processor.py:208} INFO - Processing /home/airflow/.local/lib/python3.12/site-packages/airflow/example_dags/example_python_decorator.py took 0.056 seconds
[2025-04-21T10:57:36.593+0000] {processor.py:186} INFO - Started process (PID=659) to work on /home/airflow/.local/lib/python3.12/site-packages/airflow/example_dags/example_python_decorator.py
[2025-04-21T10:57:36.594+0000] {processor.py:914} INFO - Processing file /home/airflow/.local/lib/python3.12/site-packages/airflow/example_dags/example_python_decorator.py for tasks to queue
[2025-04-21T10:57:36.596+0000] {logging_mixin.py:190} INFO - [2025-04-21T10:57:36.595+0000] {dagbag.py:588} INFO - Filling up the DagBag from /home/airflow/.local/lib/python3.12/site-packages/airflow/example_dags/example_python_decorator.py
[2025-04-21T10:57:36.606+0000] {processor.py:925} INFO - DAG(s) 'example_python_decorator' retrieved from /home/airflow/.local/lib/python3.12/site-packages/airflow/example_dags/example_python_decorator.py
[2025-04-21T10:57:36.622+0000] {logging_mixin.py:190} INFO - [2025-04-21T10:57:36.622+0000] {dag.py:3239} INFO - Sync 1 DAGs
[2025-04-21T10:57:36.633+0000] {logging_mixin.py:190} INFO - [2025-04-21T10:57:36.633+0000] {dag.py:4180} INFO - Setting next_dagrun for example_python_decorator to None, run_after=None
[2025-04-21T10:57:36.647+0000] {processor.py:208} INFO - Processing /home/airflow/.local/lib/python3.12/site-packages/airflow/example_dags/example_python_decorator.py took 0.058 seconds
[2025-04-21T10:58:06.706+0000] {processor.py:186} INFO - Started process (PID=722) to work on /home/airflow/.local/lib/python3.12/site-packages/airflow/example_dags/example_python_decorator.py
[2025-04-21T10:58:06.707+0000] {processor.py:914} INFO - Processing file /home/airflow/.local/lib/python3.12/site-packages/airflow/example_dags/example_python_decorator.py for tasks to queue
[2025-04-21T10:58:06.709+0000] {logging_mixin.py:190} INFO - [2025-04-21T10:58:06.708+0000] {dagbag.py:588} INFO - Filling up the DagBag from /home/airflow/.local/lib/python3.12/site-packages/airflow/example_dags/example_python_decorator.py
[2025-04-21T10:58:06.719+0000] {processor.py:925} INFO - DAG(s) 'example_python_decorator' retrieved from /home/airflow/.local/lib/python3.12/site-packages/airflow/example_dags/example_python_decorator.py
[2025-04-21T10:58:06.733+0000] {logging_mixin.py:190} INFO - [2025-04-21T10:58:06.733+0000] {dag.py:3239} INFO - Sync 1 DAGs
[2025-04-21T10:58:06.744+0000] {logging_mixin.py:190} INFO - [2025-04-21T10:58:06.743+0000] {dag.py:4180} INFO - Setting next_dagrun for example_python_decorator to None, run_after=None
[2025-04-21T10:58:06.757+0000] {processor.py:208} INFO - Processing /home/airflow/.local/lib/python3.12/site-packages/airflow/example_dags/example_python_decorator.py took 0.055 seconds
[2025-04-21T10:58:36.813+0000] {processor.py:186} INFO - Started process (PID=785) to work on /home/airflow/.local/lib/python3.12/site-packages/airflow/example_dags/example_python_decorator.py
[2025-04-21T10:58:36.814+0000] {processor.py:914} INFO - Processing file /home/airflow/.local/lib/python3.12/site-packages/airflow/example_dags/example_python_decorator.py for tasks to queue
[2025-04-21T10:58:36.815+0000] {logging_mixin.py:190} INFO - [2025-04-21T10:58:36.815+0000] {dagbag.py:588} INFO - Filling up the DagBag from /home/airflow/.local/lib/python3.12/site-packages/airflow/example_dags/example_python_decorator.py
[2025-04-21T10:58:36.825+0000] {processor.py:925} INFO - DAG(s) 'example_python_decorator' retrieved from /home/airflow/.local/lib/python3.12/site-packages/airflow/example_dags/example_python_decorator.py
[2025-04-21T10:58:36.843+0000] {logging_mixin.py:190} INFO - [2025-04-21T10:58:36.843+0000] {dag.py:3239} INFO - Sync 1 DAGs
[2025-04-21T10:58:36.853+0000] {logging_mixin.py:190} INFO - [2025-04-21T10:58:36.853+0000] {dag.py:4180} INFO - Setting next_dagrun for example_python_decorator to None, run_after=None
[2025-04-21T10:58:36.867+0000] {processor.py:208} INFO - Processing /home/airflow/.local/lib/python3.12/site-packages/airflow/example_dags/example_python_decorator.py took 0.058 seconds
[2025-04-21T10:59:07.226+0000] {processor.py:186} INFO - Started process (PID=848) to work on /home/airflow/.local/lib/python3.12/site-packages/airflow/example_dags/example_python_decorator.py
[2025-04-21T10:59:07.227+0000] {processor.py:914} INFO - Processing file /home/airflow/.local/lib/python3.12/site-packages/airflow/example_dags/example_python_decorator.py for tasks to queue
[2025-04-21T10:59:07.229+0000] {logging_mixin.py:190} INFO - [2025-04-21T10:59:07.229+0000] {dagbag.py:588} INFO - Filling up the DagBag from /home/airflow/.local/lib/python3.12/site-packages/airflow/example_dags/example_python_decorator.py
[2025-04-21T10:59:07.239+0000] {processor.py:925} INFO - DAG(s) 'example_python_decorator' retrieved from /home/airflow/.local/lib/python3.12/site-packages/airflow/example_dags/example_python_decorator.py
[2025-04-21T10:59:07.256+0000] {logging_mixin.py:190} INFO - [2025-04-21T10:59:07.256+0000] {dag.py:3239} INFO - Sync 1 DAGs
[2025-04-21T10:59:07.268+0000] {logging_mixin.py:190} INFO - [2025-04-21T10:59:07.268+0000] {dag.py:4180} INFO - Setting next_dagrun for example_python_decorator to None, run_after=None
[2025-04-21T10:59:07.282+0000] {processor.py:208} INFO - Processing /home/airflow/.local/lib/python3.12/site-packages/airflow/example_dags/example_python_decorator.py took 0.060 seconds
[2025-04-21T10:59:37.720+0000] {processor.py:186} INFO - Started process (PID=911) to work on /home/airflow/.local/lib/python3.12/site-packages/airflow/example_dags/example_python_decorator.py
[2025-04-21T10:59:37.721+0000] {processor.py:914} INFO - Processing file /home/airflow/.local/lib/python3.12/site-packages/airflow/example_dags/example_python_decorator.py for tasks to queue
[2025-04-21T10:59:37.723+0000] {logging_mixin.py:190} INFO - [2025-04-21T10:59:37.723+0000] {dagbag.py:588} INFO - Filling up the DagBag from /home/airflow/.local/lib/python3.12/site-packages/airflow/example_dags/example_python_decorator.py
[2025-04-21T10:59:37.735+0000] {processor.py:925} INFO - DAG(s) 'example_python_decorator' retrieved from /home/airflow/.local/lib/python3.12/site-packages/airflow/example_dags/example_python_decorator.py
[2025-04-21T10:59:37.756+0000] {logging_mixin.py:190} INFO - [2025-04-21T10:59:37.756+0000] {dag.py:3239} INFO - Sync 1 DAGs
[2025-04-21T10:59:37.770+0000] {logging_mixin.py:190} INFO - [2025-04-21T10:59:37.770+0000] {dag.py:4180} INFO - Setting next_dagrun for example_python_decorator to None, run_after=None
[2025-04-21T10:59:37.791+0000] {processor.py:208} INFO - Processing /home/airflow/.local/lib/python3.12/site-packages/airflow/example_dags/example_python_decorator.py took 0.075 seconds
[2025-04-21T11:00:08.986+0000] {processor.py:186} INFO - Started process (PID=974) to work on /home/airflow/.local/lib/python3.12/site-packages/airflow/example_dags/example_python_decorator.py
[2025-04-21T11:00:08.987+0000] {processor.py:914} INFO - Processing file /home/airflow/.local/lib/python3.12/site-packages/airflow/example_dags/example_python_decorator.py for tasks to queue
[2025-04-21T11:00:08.989+0000] {logging_mixin.py:190} INFO - [2025-04-21T11:00:08.989+0000] {dagbag.py:588} INFO - Filling up the DagBag from /home/airflow/.local/lib/python3.12/site-packages/airflow/example_dags/example_python_decorator.py
[2025-04-21T11:00:09.000+0000] {processor.py:925} INFO - DAG(s) 'example_python_decorator' retrieved from /home/airflow/.local/lib/python3.12/site-packages/airflow/example_dags/example_python_decorator.py
[2025-04-21T11:00:09.017+0000] {logging_mixin.py:190} INFO - [2025-04-21T11:00:09.017+0000] {dag.py:3239} INFO - Sync 1 DAGs
[2025-04-21T11:00:09.027+0000] {logging_mixin.py:190} INFO - [2025-04-21T11:00:09.027+0000] {dag.py:4180} INFO - Setting next_dagrun for example_python_decorator to None, run_after=None
[2025-04-21T11:00:09.043+0000] {processor.py:208} INFO - Processing /home/airflow/.local/lib/python3.12/site-packages/airflow/example_dags/example_python_decorator.py took 0.062 seconds
[2025-04-21T11:00:39.569+0000] {processor.py:186} INFO - Started process (PID=1037) to work on /home/airflow/.local/lib/python3.12/site-packages/airflow/example_dags/example_python_decorator.py
[2025-04-21T11:00:39.570+0000] {processor.py:914} INFO - Processing file /home/airflow/.local/lib/python3.12/site-packages/airflow/example_dags/example_python_decorator.py for tasks to queue
[2025-04-21T11:00:39.571+0000] {logging_mixin.py:190} INFO - [2025-04-21T11:00:39.571+0000] {dagbag.py:588} INFO - Filling up the DagBag from /home/airflow/.local/lib/python3.12/site-packages/airflow/example_dags/example_python_decorator.py
[2025-04-21T11:00:39.582+0000] {processor.py:925} INFO - DAG(s) 'example_python_decorator' retrieved from /home/airflow/.local/lib/python3.12/site-packages/airflow/example_dags/example_python_decorator.py
[2025-04-21T11:00:39.595+0000] {logging_mixin.py:190} INFO - [2025-04-21T11:00:39.595+0000] {dag.py:3239} INFO - Sync 1 DAGs
[2025-04-21T11:00:39.605+0000] {logging_mixin.py:190} INFO - [2025-04-21T11:00:39.605+0000] {dag.py:4180} INFO - Setting next_dagrun for example_python_decorator to None, run_after=None
[2025-04-21T11:00:39.619+0000] {processor.py:208} INFO - Processing /home/airflow/.local/lib/python3.12/site-packages/airflow/example_dags/example_python_decorator.py took 0.054 seconds
[2025-04-21T11:01:10.160+0000] {processor.py:186} INFO - Started process (PID=1100) to work on /home/airflow/.local/lib/python3.12/site-packages/airflow/example_dags/example_python_decorator.py
[2025-04-21T11:01:10.161+0000] {processor.py:914} INFO - Processing file /home/airflow/.local/lib/python3.12/site-packages/airflow/example_dags/example_python_decorator.py for tasks to queue
[2025-04-21T11:01:10.163+0000] {logging_mixin.py:190} INFO - [2025-04-21T11:01:10.162+0000] {dagbag.py:588} INFO - Filling up the DagBag from /home/airflow/.local/lib/python3.12/site-packages/airflow/example_dags/example_python_decorator.py
[2025-04-21T11:01:10.173+0000] {processor.py:925} INFO - DAG(s) 'example_python_decorator' retrieved from /home/airflow/.local/lib/python3.12/site-packages/airflow/example_dags/example_python_decorator.py
[2025-04-21T11:01:10.187+0000] {logging_mixin.py:190} INFO - [2025-04-21T11:01:10.186+0000] {dag.py:3239} INFO - Sync 1 DAGs
[2025-04-21T11:01:10.196+0000] {logging_mixin.py:190} INFO - [2025-04-21T11:01:10.196+0000] {dag.py:4180} INFO - Setting next_dagrun for example_python_decorator to None, run_after=None
[2025-04-21T11:01:10.211+0000] {processor.py:208} INFO - Processing /home/airflow/.local/lib/python3.12/site-packages/airflow/example_dags/example_python_decorator.py took 0.055 seconds
[2025-04-21T11:01:40.559+0000] {processor.py:186} INFO - Started process (PID=1163) to work on /home/airflow/.local/lib/python3.12/site-packages/airflow/example_dags/example_python_decorator.py
[2025-04-21T11:01:40.559+0000] {processor.py:914} INFO - Processing file /home/airflow/.local/lib/python3.12/site-packages/airflow/example_dags/example_python_decorator.py for tasks to queue
[2025-04-21T11:01:40.562+0000] {logging_mixin.py:190} INFO - [2025-04-21T11:01:40.561+0000] {dagbag.py:588} INFO - Filling up the DagBag from /home/airflow/.local/lib/python3.12/site-packages/airflow/example_dags/example_python_decorator.py
[2025-04-21T11:01:40.572+0000] {processor.py:925} INFO - DAG(s) 'example_python_decorator' retrieved from /home/airflow/.local/lib/python3.12/site-packages/airflow/example_dags/example_python_decorator.py
[2025-04-21T11:01:40.588+0000] {logging_mixin.py:190} INFO - [2025-04-21T11:01:40.588+0000] {dag.py:3239} INFO - Sync 1 DAGs
[2025-04-21T11:01:40.598+0000] {logging_mixin.py:190} INFO - [2025-04-21T11:01:40.598+0000] {dag.py:4180} INFO - Setting next_dagrun for example_python_decorator to None, run_after=None
[2025-04-21T11:01:40.613+0000] {processor.py:208} INFO - Processing /home/airflow/.local/lib/python3.12/site-packages/airflow/example_dags/example_python_decorator.py took 0.058 seconds
[2025-04-21T11:02:10.841+0000] {processor.py:186} INFO - Started process (PID=1226) to work on /home/airflow/.local/lib/python3.12/site-packages/airflow/example_dags/example_python_decorator.py
[2025-04-21T11:02:10.842+0000] {processor.py:914} INFO - Processing file /home/airflow/.local/lib/python3.12/site-packages/airflow/example_dags/example_python_decorator.py for tasks to queue
[2025-04-21T11:02:10.844+0000] {logging_mixin.py:190} INFO - [2025-04-21T11:02:10.844+0000] {dagbag.py:588} INFO - Filling up the DagBag from /home/airflow/.local/lib/python3.12/site-packages/airflow/example_dags/example_python_decorator.py
[2025-04-21T11:02:10.854+0000] {processor.py:925} INFO - DAG(s) 'example_python_decorator' retrieved from /home/airflow/.local/lib/python3.12/site-packages/airflow/example_dags/example_python_decorator.py
[2025-04-21T11:02:10.870+0000] {logging_mixin.py:190} INFO - [2025-04-21T11:02:10.869+0000] {dag.py:3239} INFO - Sync 1 DAGs
[2025-04-21T11:02:10.880+0000] {logging_mixin.py:190} INFO - [2025-04-21T11:02:10.880+0000] {dag.py:4180} INFO - Setting next_dagrun for example_python_decorator to None, run_after=None
[2025-04-21T11:02:10.895+0000] {processor.py:208} INFO - Processing /home/airflow/.local/lib/python3.12/site-packages/airflow/example_dags/example_python_decorator.py took 0.057 seconds
[2025-04-21T11:02:41.235+0000] {processor.py:186} INFO - Started process (PID=1289) to work on /home/airflow/.local/lib/python3.12/site-packages/airflow/example_dags/example_python_decorator.py
[2025-04-21T11:02:41.236+0000] {processor.py:914} INFO - Processing file /home/airflow/.local/lib/python3.12/site-packages/airflow/example_dags/example_python_decorator.py for tasks to queue
[2025-04-21T11:02:41.237+0000] {logging_mixin.py:190} INFO - [2025-04-21T11:02:41.237+0000] {dagbag.py:588} INFO - Filling up the DagBag from /home/airflow/.local/lib/python3.12/site-packages/airflow/example_dags/example_python_decorator.py
[2025-04-21T11:02:41.248+0000] {processor.py:925} INFO - DAG(s) 'example_python_decorator' retrieved from /home/airflow/.local/lib/python3.12/site-packages/airflow/example_dags/example_python_decorator.py
[2025-04-21T11:02:41.264+0000] {logging_mixin.py:190} INFO - [2025-04-21T11:02:41.263+0000] {dag.py:3239} INFO - Sync 1 DAGs
[2025-04-21T11:02:41.275+0000] {logging_mixin.py:190} INFO - [2025-04-21T11:02:41.274+0000] {dag.py:4180} INFO - Setting next_dagrun for example_python_decorator to None, run_after=None
[2025-04-21T11:02:41.292+0000] {processor.py:208} INFO - Processing /home/airflow/.local/lib/python3.12/site-packages/airflow/example_dags/example_python_decorator.py took 0.061 seconds
[2025-04-21T11:03:11.587+0000] {processor.py:186} INFO - Started process (PID=1352) to work on /home/airflow/.local/lib/python3.12/site-packages/airflow/example_dags/example_python_decorator.py
[2025-04-21T11:03:11.588+0000] {processor.py:914} INFO - Processing file /home/airflow/.local/lib/python3.12/site-packages/airflow/example_dags/example_python_decorator.py for tasks to queue
[2025-04-21T11:03:11.590+0000] {logging_mixin.py:190} INFO - [2025-04-21T11:03:11.590+0000] {dagbag.py:588} INFO - Filling up the DagBag from /home/airflow/.local/lib/python3.12/site-packages/airflow/example_dags/example_python_decorator.py
[2025-04-21T11:03:11.601+0000] {processor.py:925} INFO - DAG(s) 'example_python_decorator' retrieved from /home/airflow/.local/lib/python3.12/site-packages/airflow/example_dags/example_python_decorator.py
[2025-04-21T11:03:11.618+0000] {logging_mixin.py:190} INFO - [2025-04-21T11:03:11.618+0000] {dag.py:3239} INFO - Sync 1 DAGs
[2025-04-21T11:03:11.629+0000] {logging_mixin.py:190} INFO - [2025-04-21T11:03:11.629+0000] {dag.py:4180} INFO - Setting next_dagrun for example_python_decorator to None, run_after=None
[2025-04-21T11:03:11.645+0000] {processor.py:208} INFO - Processing /home/airflow/.local/lib/python3.12/site-packages/airflow/example_dags/example_python_decorator.py took 0.063 seconds
[2025-04-21T11:03:42.591+0000] {processor.py:186} INFO - Started process (PID=1415) to work on /home/airflow/.local/lib/python3.12/site-packages/airflow/example_dags/example_python_decorator.py
[2025-04-21T11:03:42.592+0000] {processor.py:914} INFO - Processing file /home/airflow/.local/lib/python3.12/site-packages/airflow/example_dags/example_python_decorator.py for tasks to queue
[2025-04-21T11:03:42.594+0000] {logging_mixin.py:190} INFO - [2025-04-21T11:03:42.594+0000] {dagbag.py:588} INFO - Filling up the DagBag from /home/airflow/.local/lib/python3.12/site-packages/airflow/example_dags/example_python_decorator.py
[2025-04-21T11:03:42.606+0000] {processor.py:925} INFO - DAG(s) 'example_python_decorator' retrieved from /home/airflow/.local/lib/python3.12/site-packages/airflow/example_dags/example_python_decorator.py
[2025-04-21T11:03:42.622+0000] {logging_mixin.py:190} INFO - [2025-04-21T11:03:42.622+0000] {dag.py:3239} INFO - Sync 1 DAGs
[2025-04-21T11:03:42.632+0000] {logging_mixin.py:190} INFO - [2025-04-21T11:03:42.632+0000] {dag.py:4180} INFO - Setting next_dagrun for example_python_decorator to None, run_after=None
[2025-04-21T11:03:42.648+0000] {processor.py:208} INFO - Processing /home/airflow/.local/lib/python3.12/site-packages/airflow/example_dags/example_python_decorator.py took 0.062 seconds
[2025-04-21T11:04:13.256+0000] {processor.py:186} INFO - Started process (PID=1478) to work on /home/airflow/.local/lib/python3.12/site-packages/airflow/example_dags/example_python_decorator.py
[2025-04-21T11:04:13.257+0000] {processor.py:914} INFO - Processing file /home/airflow/.local/lib/python3.12/site-packages/airflow/example_dags/example_python_decorator.py for tasks to queue
[2025-04-21T11:04:13.260+0000] {logging_mixin.py:190} INFO - [2025-04-21T11:04:13.260+0000] {dagbag.py:588} INFO - Filling up the DagBag from /home/airflow/.local/lib/python3.12/site-packages/airflow/example_dags/example_python_decorator.py
[2025-04-21T11:04:13.271+0000] {processor.py:925} INFO - DAG(s) 'example_python_decorator' retrieved from /home/airflow/.local/lib/python3.12/site-packages/airflow/example_dags/example_python_decorator.py
[2025-04-21T11:04:13.288+0000] {logging_mixin.py:190} INFO - [2025-04-21T11:04:13.288+0000] {dag.py:3239} INFO - Sync 1 DAGs
[2025-04-21T11:04:13.299+0000] {logging_mixin.py:190} INFO - [2025-04-21T11:04:13.299+0000] {dag.py:4180} INFO - Setting next_dagrun for example_python_decorator to None, run_after=None
[2025-04-21T11:04:13.317+0000] {processor.py:208} INFO - Processing /home/airflow/.local/lib/python3.12/site-packages/airflow/example_dags/example_python_decorator.py took 0.065 seconds
[2025-04-21T11:04:43.979+0000] {processor.py:186} INFO - Started process (PID=1541) to work on /home/airflow/.local/lib/python3.12/site-packages/airflow/example_dags/example_python_decorator.py
[2025-04-21T11:04:43.980+0000] {processor.py:914} INFO - Processing file /home/airflow/.local/lib/python3.12/site-packages/airflow/example_dags/example_python_decorator.py for tasks to queue
[2025-04-21T11:04:43.982+0000] {logging_mixin.py:190} INFO - [2025-04-21T11:04:43.982+0000] {dagbag.py:588} INFO - Filling up the DagBag from /home/airflow/.local/lib/python3.12/site-packages/airflow/example_dags/example_python_decorator.py
[2025-04-21T11:04:43.994+0000] {processor.py:925} INFO - DAG(s) 'example_python_decorator' retrieved from /home/airflow/.local/lib/python3.12/site-packages/airflow/example_dags/example_python_decorator.py
[2025-04-21T11:04:44.012+0000] {logging_mixin.py:190} INFO - [2025-04-21T11:04:44.012+0000] {dag.py:3239} INFO - Sync 1 DAGs
[2025-04-21T11:04:44.025+0000] {logging_mixin.py:190} INFO - [2025-04-21T11:04:44.025+0000] {dag.py:4180} INFO - Setting next_dagrun for example_python_decorator to None, run_after=None
[2025-04-21T11:04:44.043+0000] {processor.py:208} INFO - Processing /home/airflow/.local/lib/python3.12/site-packages/airflow/example_dags/example_python_decorator.py took 0.070 seconds
[2025-04-21T11:05:14.576+0000] {processor.py:186} INFO - Started process (PID=1604) to work on /home/airflow/.local/lib/python3.12/site-packages/airflow/example_dags/example_python_decorator.py
[2025-04-21T11:05:14.577+0000] {processor.py:914} INFO - Processing file /home/airflow/.local/lib/python3.12/site-packages/airflow/example_dags/example_python_decorator.py for tasks to queue
[2025-04-21T11:05:14.579+0000] {logging_mixin.py:190} INFO - [2025-04-21T11:05:14.579+0000] {dagbag.py:588} INFO - Filling up the DagBag from /home/airflow/.local/lib/python3.12/site-packages/airflow/example_dags/example_python_decorator.py
[2025-04-21T11:05:14.590+0000] {processor.py:925} INFO - DAG(s) 'example_python_decorator' retrieved from /home/airflow/.local/lib/python3.12/site-packages/airflow/example_dags/example_python_decorator.py
[2025-04-21T11:05:14.605+0000] {logging_mixin.py:190} INFO - [2025-04-21T11:05:14.605+0000] {dag.py:3239} INFO - Sync 1 DAGs
[2025-04-21T11:05:14.616+0000] {logging_mixin.py:190} INFO - [2025-04-21T11:05:14.615+0000] {dag.py:4180} INFO - Setting next_dagrun for example_python_decorator to None, run_after=None
[2025-04-21T11:05:14.629+0000] {processor.py:208} INFO - Processing /home/airflow/.local/lib/python3.12/site-packages/airflow/example_dags/example_python_decorator.py took 0.057 seconds
[2025-04-21T11:05:45.272+0000] {processor.py:186} INFO - Started process (PID=1667) to work on /home/airflow/.local/lib/python3.12/site-packages/airflow/example_dags/example_python_decorator.py
[2025-04-21T11:05:45.272+0000] {processor.py:914} INFO - Processing file /home/airflow/.local/lib/python3.12/site-packages/airflow/example_dags/example_python_decorator.py for tasks to queue
[2025-04-21T11:05:45.274+0000] {logging_mixin.py:190} INFO - [2025-04-21T11:05:45.274+0000] {dagbag.py:588} INFO - Filling up the DagBag from /home/airflow/.local/lib/python3.12/site-packages/airflow/example_dags/example_python_decorator.py
[2025-04-21T11:05:45.283+0000] {processor.py:925} INFO - DAG(s) 'example_python_decorator' retrieved from /home/airflow/.local/lib/python3.12/site-packages/airflow/example_dags/example_python_decorator.py
[2025-04-21T11:05:45.298+0000] {logging_mixin.py:190} INFO - [2025-04-21T11:05:45.297+0000] {dag.py:3239} INFO - Sync 1 DAGs
[2025-04-21T11:05:45.308+0000] {logging_mixin.py:190} INFO - [2025-04-21T11:05:45.308+0000] {dag.py:4180} INFO - Setting next_dagrun for example_python_decorator to None, run_after=None
[2025-04-21T11:05:45.322+0000] {processor.py:208} INFO - Processing /home/airflow/.local/lib/python3.12/site-packages/airflow/example_dags/example_python_decorator.py took 0.054 seconds
[2025-04-21T11:06:15.761+0000] {processor.py:186} INFO - Started process (PID=1730) to work on /home/airflow/.local/lib/python3.12/site-packages/airflow/example_dags/example_python_decorator.py
[2025-04-21T11:06:15.761+0000] {processor.py:914} INFO - Processing file /home/airflow/.local/lib/python3.12/site-packages/airflow/example_dags/example_python_decorator.py for tasks to queue
[2025-04-21T11:06:15.763+0000] {logging_mixin.py:190} INFO - [2025-04-21T11:06:15.763+0000] {dagbag.py:588} INFO - Filling up the DagBag from /home/airflow/.local/lib/python3.12/site-packages/airflow/example_dags/example_python_decorator.py
[2025-04-21T11:06:15.774+0000] {processor.py:925} INFO - DAG(s) 'example_python_decorator' retrieved from /home/airflow/.local/lib/python3.12/site-packages/airflow/example_dags/example_python_decorator.py
[2025-04-21T11:06:15.789+0000] {logging_mixin.py:190} INFO - [2025-04-21T11:06:15.788+0000] {dag.py:3239} INFO - Sync 1 DAGs
[2025-04-21T11:06:15.800+0000] {logging_mixin.py:190} INFO - [2025-04-21T11:06:15.799+0000] {dag.py:4180} INFO - Setting next_dagrun for example_python_decorator to None, run_after=None
[2025-04-21T11:06:15.813+0000] {processor.py:208} INFO - Processing /home/airflow/.local/lib/python3.12/site-packages/airflow/example_dags/example_python_decorator.py took 0.056 seconds
[2025-04-21T11:06:46.219+0000] {processor.py:186} INFO - Started process (PID=1793) to work on /home/airflow/.local/lib/python3.12/site-packages/airflow/example_dags/example_python_decorator.py
[2025-04-21T11:06:46.220+0000] {processor.py:914} INFO - Processing file /home/airflow/.local/lib/python3.12/site-packages/airflow/example_dags/example_python_decorator.py for tasks to queue
[2025-04-21T11:06:46.222+0000] {logging_mixin.py:190} INFO - [2025-04-21T11:06:46.222+0000] {dagbag.py:588} INFO - Filling up the DagBag from /home/airflow/.local/lib/python3.12/site-packages/airflow/example_dags/example_python_decorator.py
[2025-04-21T11:06:46.232+0000] {processor.py:925} INFO - DAG(s) 'example_python_decorator' retrieved from /home/airflow/.local/lib/python3.12/site-packages/airflow/example_dags/example_python_decorator.py
[2025-04-21T11:06:46.246+0000] {logging_mixin.py:190} INFO - [2025-04-21T11:06:46.246+0000] {dag.py:3239} INFO - Sync 1 DAGs
[2025-04-21T11:06:46.256+0000] {logging_mixin.py:190} INFO - [2025-04-21T11:06:46.256+0000] {dag.py:4180} INFO - Setting next_dagrun for example_python_decorator to None, run_after=None
[2025-04-21T11:06:46.273+0000] {processor.py:208} INFO - Processing /home/airflow/.local/lib/python3.12/site-packages/airflow/example_dags/example_python_decorator.py took 0.057 seconds
[2025-04-21T11:07:16.378+0000] {processor.py:186} INFO - Started process (PID=1856) to work on /home/airflow/.local/lib/python3.12/site-packages/airflow/example_dags/example_python_decorator.py
[2025-04-21T11:07:16.378+0000] {processor.py:914} INFO - Processing file /home/airflow/.local/lib/python3.12/site-packages/airflow/example_dags/example_python_decorator.py for tasks to queue
[2025-04-21T11:07:16.380+0000] {logging_mixin.py:190} INFO - [2025-04-21T11:07:16.380+0000] {dagbag.py:588} INFO - Filling up the DagBag from /home/airflow/.local/lib/python3.12/site-packages/airflow/example_dags/example_python_decorator.py
[2025-04-21T11:07:16.390+0000] {processor.py:925} INFO - DAG(s) 'example_python_decorator' retrieved from /home/airflow/.local/lib/python3.12/site-packages/airflow/example_dags/example_python_decorator.py
[2025-04-21T11:07:16.406+0000] {logging_mixin.py:190} INFO - [2025-04-21T11:07:16.406+0000] {dag.py:3239} INFO - Sync 1 DAGs
[2025-04-21T11:07:16.416+0000] {logging_mixin.py:190} INFO - [2025-04-21T11:07:16.416+0000] {dag.py:4180} INFO - Setting next_dagrun for example_python_decorator to None, run_after=None
[2025-04-21T11:07:16.433+0000] {processor.py:208} INFO - Processing /home/airflow/.local/lib/python3.12/site-packages/airflow/example_dags/example_python_decorator.py took 0.059 seconds
[2025-04-21T11:07:46.563+0000] {processor.py:186} INFO - Started process (PID=1919) to work on /home/airflow/.local/lib/python3.12/site-packages/airflow/example_dags/example_python_decorator.py
[2025-04-21T11:07:46.564+0000] {processor.py:914} INFO - Processing file /home/airflow/.local/lib/python3.12/site-packages/airflow/example_dags/example_python_decorator.py for tasks to queue
[2025-04-21T11:07:46.565+0000] {logging_mixin.py:190} INFO - [2025-04-21T11:07:46.565+0000] {dagbag.py:588} INFO - Filling up the DagBag from /home/airflow/.local/lib/python3.12/site-packages/airflow/example_dags/example_python_decorator.py
[2025-04-21T11:07:46.576+0000] {processor.py:925} INFO - DAG(s) 'example_python_decorator' retrieved from /home/airflow/.local/lib/python3.12/site-packages/airflow/example_dags/example_python_decorator.py
[2025-04-21T11:07:46.591+0000] {logging_mixin.py:190} INFO - [2025-04-21T11:07:46.591+0000] {dag.py:3239} INFO - Sync 1 DAGs
[2025-04-21T11:07:46.601+0000] {logging_mixin.py:190} INFO - [2025-04-21T11:07:46.600+0000] {dag.py:4180} INFO - Setting next_dagrun for example_python_decorator to None, run_after=None
[2025-04-21T11:07:46.615+0000] {processor.py:208} INFO - Processing /home/airflow/.local/lib/python3.12/site-packages/airflow/example_dags/example_python_decorator.py took 0.056 seconds
[2025-04-21T11:08:17.366+0000] {processor.py:186} INFO - Started process (PID=1982) to work on /home/airflow/.local/lib/python3.12/site-packages/airflow/example_dags/example_python_decorator.py
[2025-04-21T11:08:17.368+0000] {processor.py:914} INFO - Processing file /home/airflow/.local/lib/python3.12/site-packages/airflow/example_dags/example_python_decorator.py for tasks to queue
[2025-04-21T11:08:17.369+0000] {logging_mixin.py:190} INFO - [2025-04-21T11:08:17.369+0000] {dagbag.py:588} INFO - Filling up the DagBag from /home/airflow/.local/lib/python3.12/site-packages/airflow/example_dags/example_python_decorator.py
[2025-04-21T11:08:17.383+0000] {processor.py:925} INFO - DAG(s) 'example_python_decorator' retrieved from /home/airflow/.local/lib/python3.12/site-packages/airflow/example_dags/example_python_decorator.py
[2025-04-21T11:08:17.398+0000] {logging_mixin.py:190} INFO - [2025-04-21T11:08:17.398+0000] {dag.py:3239} INFO - Sync 1 DAGs
[2025-04-21T11:08:17.408+0000] {logging_mixin.py:190} INFO - [2025-04-21T11:08:17.408+0000] {dag.py:4180} INFO - Setting next_dagrun for example_python_decorator to None, run_after=None
[2025-04-21T11:08:17.424+0000] {processor.py:208} INFO - Processing /home/airflow/.local/lib/python3.12/site-packages/airflow/example_dags/example_python_decorator.py took 0.062 seconds
[2025-04-21T11:08:47.973+0000] {processor.py:186} INFO - Started process (PID=2045) to work on /home/airflow/.local/lib/python3.12/site-packages/airflow/example_dags/example_python_decorator.py
[2025-04-21T11:08:47.973+0000] {processor.py:914} INFO - Processing file /home/airflow/.local/lib/python3.12/site-packages/airflow/example_dags/example_python_decorator.py for tasks to queue
[2025-04-21T11:08:47.975+0000] {logging_mixin.py:190} INFO - [2025-04-21T11:08:47.975+0000] {dagbag.py:588} INFO - Filling up the DagBag from /home/airflow/.local/lib/python3.12/site-packages/airflow/example_dags/example_python_decorator.py
[2025-04-21T11:08:47.986+0000] {processor.py:925} INFO - DAG(s) 'example_python_decorator' retrieved from /home/airflow/.local/lib/python3.12/site-packages/airflow/example_dags/example_python_decorator.py
[2025-04-21T11:08:48.003+0000] {logging_mixin.py:190} INFO - [2025-04-21T11:08:48.003+0000] {dag.py:3239} INFO - Sync 1 DAGs
[2025-04-21T11:08:48.014+0000] {logging_mixin.py:190} INFO - [2025-04-21T11:08:48.013+0000] {dag.py:4180} INFO - Setting next_dagrun for example_python_decorator to None, run_after=None
[2025-04-21T11:08:48.032+0000] {processor.py:208} INFO - Processing /home/airflow/.local/lib/python3.12/site-packages/airflow/example_dags/example_python_decorator.py took 0.064 seconds
[2025-04-21T11:09:18.864+0000] {processor.py:186} INFO - Started process (PID=2108) to work on /home/airflow/.local/lib/python3.12/site-packages/airflow/example_dags/example_python_decorator.py
[2025-04-21T11:09:18.864+0000] {processor.py:914} INFO - Processing file /home/airflow/.local/lib/python3.12/site-packages/airflow/example_dags/example_python_decorator.py for tasks to queue
[2025-04-21T11:09:18.867+0000] {logging_mixin.py:190} INFO - [2025-04-21T11:09:18.866+0000] {dagbag.py:588} INFO - Filling up the DagBag from /home/airflow/.local/lib/python3.12/site-packages/airflow/example_dags/example_python_decorator.py
[2025-04-21T11:09:18.878+0000] {processor.py:925} INFO - DAG(s) 'example_python_decorator' retrieved from /home/airflow/.local/lib/python3.12/site-packages/airflow/example_dags/example_python_decorator.py
[2025-04-21T11:09:18.895+0000] {logging_mixin.py:190} INFO - [2025-04-21T11:09:18.894+0000] {dag.py:3239} INFO - Sync 1 DAGs
[2025-04-21T11:09:18.906+0000] {logging_mixin.py:190} INFO - [2025-04-21T11:09:18.906+0000] {dag.py:4180} INFO - Setting next_dagrun for example_python_decorator to None, run_after=None
[2025-04-21T11:09:18.923+0000] {processor.py:208} INFO - Processing /home/airflow/.local/lib/python3.12/site-packages/airflow/example_dags/example_python_decorator.py took 0.064 seconds
[2025-04-21T11:09:49.778+0000] {processor.py:186} INFO - Started process (PID=2171) to work on /home/airflow/.local/lib/python3.12/site-packages/airflow/example_dags/example_python_decorator.py
[2025-04-21T11:09:49.779+0000] {processor.py:914} INFO - Processing file /home/airflow/.local/lib/python3.12/site-packages/airflow/example_dags/example_python_decorator.py for tasks to queue
[2025-04-21T11:09:49.781+0000] {logging_mixin.py:190} INFO - [2025-04-21T11:09:49.781+0000] {dagbag.py:588} INFO - Filling up the DagBag from /home/airflow/.local/lib/python3.12/site-packages/airflow/example_dags/example_python_decorator.py
[2025-04-21T11:09:49.791+0000] {processor.py:925} INFO - DAG(s) 'example_python_decorator' retrieved from /home/airflow/.local/lib/python3.12/site-packages/airflow/example_dags/example_python_decorator.py
[2025-04-21T11:09:49.812+0000] {logging_mixin.py:190} INFO - [2025-04-21T11:09:49.812+0000] {dag.py:3239} INFO - Sync 1 DAGs
[2025-04-21T11:09:49.824+0000] {logging_mixin.py:190} INFO - [2025-04-21T11:09:49.824+0000] {dag.py:4180} INFO - Setting next_dagrun for example_python_decorator to None, run_after=None
[2025-04-21T11:09:49.843+0000] {processor.py:208} INFO - Processing /home/airflow/.local/lib/python3.12/site-packages/airflow/example_dags/example_python_decorator.py took 0.070 seconds
[2025-04-21T11:10:20.109+0000] {processor.py:186} INFO - Started process (PID=2234) to work on /home/airflow/.local/lib/python3.12/site-packages/airflow/example_dags/example_python_decorator.py
[2025-04-21T11:10:20.110+0000] {processor.py:914} INFO - Processing file /home/airflow/.local/lib/python3.12/site-packages/airflow/example_dags/example_python_decorator.py for tasks to queue
[2025-04-21T11:10:20.112+0000] {logging_mixin.py:190} INFO - [2025-04-21T11:10:20.112+0000] {dagbag.py:588} INFO - Filling up the DagBag from /home/airflow/.local/lib/python3.12/site-packages/airflow/example_dags/example_python_decorator.py
[2025-04-21T11:10:20.123+0000] {processor.py:925} INFO - DAG(s) 'example_python_decorator' retrieved from /home/airflow/.local/lib/python3.12/site-packages/airflow/example_dags/example_python_decorator.py
[2025-04-21T11:10:20.140+0000] {logging_mixin.py:190} INFO - [2025-04-21T11:10:20.139+0000] {dag.py:3239} INFO - Sync 1 DAGs
[2025-04-21T11:10:20.150+0000] {logging_mixin.py:190} INFO - [2025-04-21T11:10:20.150+0000] {dag.py:4180} INFO - Setting next_dagrun for example_python_decorator to None, run_after=None
[2025-04-21T11:10:20.167+0000] {processor.py:208} INFO - Processing /home/airflow/.local/lib/python3.12/site-packages/airflow/example_dags/example_python_decorator.py took 0.061 seconds
[2025-04-21T11:10:50.853+0000] {processor.py:186} INFO - Started process (PID=2297) to work on /home/airflow/.local/lib/python3.12/site-packages/airflow/example_dags/example_python_decorator.py
[2025-04-21T11:10:50.853+0000] {processor.py:914} INFO - Processing file /home/airflow/.local/lib/python3.12/site-packages/airflow/example_dags/example_python_decorator.py for tasks to queue
[2025-04-21T11:10:50.855+0000] {logging_mixin.py:190} INFO - [2025-04-21T11:10:50.855+0000] {dagbag.py:588} INFO - Filling up the DagBag from /home/airflow/.local/lib/python3.12/site-packages/airflow/example_dags/example_python_decorator.py
[2025-04-21T11:10:50.868+0000] {processor.py:925} INFO - DAG(s) 'example_python_decorator' retrieved from /home/airflow/.local/lib/python3.12/site-packages/airflow/example_dags/example_python_decorator.py
[2025-04-21T11:10:50.882+0000] {logging_mixin.py:190} INFO - [2025-04-21T11:10:50.882+0000] {dag.py:3239} INFO - Sync 1 DAGs
[2025-04-21T11:10:50.892+0000] {logging_mixin.py:190} INFO - [2025-04-21T11:10:50.892+0000] {dag.py:4180} INFO - Setting next_dagrun for example_python_decorator to None, run_after=None
[2025-04-21T11:10:50.906+0000] {processor.py:208} INFO - Processing /home/airflow/.local/lib/python3.12/site-packages/airflow/example_dags/example_python_decorator.py took 0.056 seconds
[2025-04-21T11:11:21.512+0000] {processor.py:186} INFO - Started process (PID=2360) to work on /home/airflow/.local/lib/python3.12/site-packages/airflow/example_dags/example_python_decorator.py
[2025-04-21T11:11:21.513+0000] {processor.py:914} INFO - Processing file /home/airflow/.local/lib/python3.12/site-packages/airflow/example_dags/example_python_decorator.py for tasks to queue
[2025-04-21T11:11:21.515+0000] {logging_mixin.py:190} INFO - [2025-04-21T11:11:21.515+0000] {dagbag.py:588} INFO - Filling up the DagBag from /home/airflow/.local/lib/python3.12/site-packages/airflow/example_dags/example_python_decorator.py
[2025-04-21T11:11:21.525+0000] {processor.py:925} INFO - DAG(s) 'example_python_decorator' retrieved from /home/airflow/.local/lib/python3.12/site-packages/airflow/example_dags/example_python_decorator.py
[2025-04-21T11:11:21.545+0000] {logging_mixin.py:190} INFO - [2025-04-21T11:11:21.545+0000] {dag.py:3239} INFO - Sync 1 DAGs
[2025-04-21T11:11:21.556+0000] {logging_mixin.py:190} INFO - [2025-04-21T11:11:21.556+0000] {dag.py:4180} INFO - Setting next_dagrun for example_python_decorator to None, run_after=None
[2025-04-21T11:11:21.572+0000] {processor.py:208} INFO - Processing /home/airflow/.local/lib/python3.12/site-packages/airflow/example_dags/example_python_decorator.py took 0.063 seconds
[2025-04-21T11:11:52.154+0000] {processor.py:186} INFO - Started process (PID=2423) to work on /home/airflow/.local/lib/python3.12/site-packages/airflow/example_dags/example_python_decorator.py
[2025-04-21T11:11:52.158+0000] {processor.py:914} INFO - Processing file /home/airflow/.local/lib/python3.12/site-packages/airflow/example_dags/example_python_decorator.py for tasks to queue
[2025-04-21T11:11:52.160+0000] {logging_mixin.py:190} INFO - [2025-04-21T11:11:52.159+0000] {dagbag.py:588} INFO - Filling up the DagBag from /home/airflow/.local/lib/python3.12/site-packages/airflow/example_dags/example_python_decorator.py
[2025-04-21T11:11:52.170+0000] {processor.py:925} INFO - DAG(s) 'example_python_decorator' retrieved from /home/airflow/.local/lib/python3.12/site-packages/airflow/example_dags/example_python_decorator.py
[2025-04-21T11:11:52.185+0000] {logging_mixin.py:190} INFO - [2025-04-21T11:11:52.185+0000] {dag.py:3239} INFO - Sync 1 DAGs
[2025-04-21T11:11:52.196+0000] {logging_mixin.py:190} INFO - [2025-04-21T11:11:52.196+0000] {dag.py:4180} INFO - Setting next_dagrun for example_python_decorator to None, run_after=None
[2025-04-21T11:11:52.211+0000] {processor.py:208} INFO - Processing /home/airflow/.local/lib/python3.12/site-packages/airflow/example_dags/example_python_decorator.py took 0.061 seconds
[2025-04-21T11:12:23.003+0000] {processor.py:186} INFO - Started process (PID=2486) to work on /home/airflow/.local/lib/python3.12/site-packages/airflow/example_dags/example_python_decorator.py
[2025-04-21T11:12:23.004+0000] {processor.py:914} INFO - Processing file /home/airflow/.local/lib/python3.12/site-packages/airflow/example_dags/example_python_decorator.py for tasks to queue
[2025-04-21T11:12:23.006+0000] {logging_mixin.py:190} INFO - [2025-04-21T11:12:23.005+0000] {dagbag.py:588} INFO - Filling up the DagBag from /home/airflow/.local/lib/python3.12/site-packages/airflow/example_dags/example_python_decorator.py
[2025-04-21T11:12:23.015+0000] {processor.py:925} INFO - DAG(s) 'example_python_decorator' retrieved from /home/airflow/.local/lib/python3.12/site-packages/airflow/example_dags/example_python_decorator.py
[2025-04-21T11:12:23.032+0000] {logging_mixin.py:190} INFO - [2025-04-21T11:12:23.032+0000] {dag.py:3239} INFO - Sync 1 DAGs
[2025-04-21T11:12:23.042+0000] {logging_mixin.py:190} INFO - [2025-04-21T11:12:23.042+0000] {dag.py:4180} INFO - Setting next_dagrun for example_python_decorator to None, run_after=None
[2025-04-21T11:12:23.057+0000] {processor.py:208} INFO - Processing /home/airflow/.local/lib/python3.12/site-packages/airflow/example_dags/example_python_decorator.py took 0.058 seconds
[2025-04-21T11:12:53.117+0000] {processor.py:186} INFO - Started process (PID=2549) to work on /home/airflow/.local/lib/python3.12/site-packages/airflow/example_dags/example_python_decorator.py
[2025-04-21T11:12:53.118+0000] {processor.py:914} INFO - Processing file /home/airflow/.local/lib/python3.12/site-packages/airflow/example_dags/example_python_decorator.py for tasks to queue
[2025-04-21T11:12:53.120+0000] {logging_mixin.py:190} INFO - [2025-04-21T11:12:53.119+0000] {dagbag.py:588} INFO - Filling up the DagBag from /home/airflow/.local/lib/python3.12/site-packages/airflow/example_dags/example_python_decorator.py
[2025-04-21T11:12:53.130+0000] {processor.py:925} INFO - DAG(s) 'example_python_decorator' retrieved from /home/airflow/.local/lib/python3.12/site-packages/airflow/example_dags/example_python_decorator.py
[2025-04-21T11:12:53.146+0000] {logging_mixin.py:190} INFO - [2025-04-21T11:12:53.146+0000] {dag.py:3239} INFO - Sync 1 DAGs
[2025-04-21T11:12:53.160+0000] {logging_mixin.py:190} INFO - [2025-04-21T11:12:53.160+0000] {dag.py:4180} INFO - Setting next_dagrun for example_python_decorator to None, run_after=None
[2025-04-21T11:12:53.175+0000] {processor.py:208} INFO - Processing /home/airflow/.local/lib/python3.12/site-packages/airflow/example_dags/example_python_decorator.py took 0.061 seconds
[2025-04-21T11:13:23.198+0000] {processor.py:186} INFO - Started process (PID=2612) to work on /home/airflow/.local/lib/python3.12/site-packages/airflow/example_dags/example_python_decorator.py
[2025-04-21T11:13:23.199+0000] {processor.py:914} INFO - Processing file /home/airflow/.local/lib/python3.12/site-packages/airflow/example_dags/example_python_decorator.py for tasks to queue
[2025-04-21T11:13:23.200+0000] {logging_mixin.py:190} INFO - [2025-04-21T11:13:23.200+0000] {dagbag.py:588} INFO - Filling up the DagBag from /home/airflow/.local/lib/python3.12/site-packages/airflow/example_dags/example_python_decorator.py
[2025-04-21T11:13:23.211+0000] {processor.py:925} INFO - DAG(s) 'example_python_decorator' retrieved from /home/airflow/.local/lib/python3.12/site-packages/airflow/example_dags/example_python_decorator.py
[2025-04-21T11:13:23.228+0000] {logging_mixin.py:190} INFO - [2025-04-21T11:13:23.228+0000] {dag.py:3239} INFO - Sync 1 DAGs
[2025-04-21T11:13:23.241+0000] {logging_mixin.py:190} INFO - [2025-04-21T11:13:23.240+0000] {dag.py:4180} INFO - Setting next_dagrun for example_python_decorator to None, run_after=None
[2025-04-21T11:13:23.255+0000] {processor.py:208} INFO - Processing /home/airflow/.local/lib/python3.12/site-packages/airflow/example_dags/example_python_decorator.py took 0.061 seconds
[2025-04-21T11:13:53.421+0000] {processor.py:186} INFO - Started process (PID=2675) to work on /home/airflow/.local/lib/python3.12/site-packages/airflow/example_dags/example_python_decorator.py
[2025-04-21T11:13:53.421+0000] {processor.py:914} INFO - Processing file /home/airflow/.local/lib/python3.12/site-packages/airflow/example_dags/example_python_decorator.py for tasks to queue
[2025-04-21T11:13:53.423+0000] {logging_mixin.py:190} INFO - [2025-04-21T11:13:53.423+0000] {dagbag.py:588} INFO - Filling up the DagBag from /home/airflow/.local/lib/python3.12/site-packages/airflow/example_dags/example_python_decorator.py
[2025-04-21T11:13:53.433+0000] {processor.py:925} INFO - DAG(s) 'example_python_decorator' retrieved from /home/airflow/.local/lib/python3.12/site-packages/airflow/example_dags/example_python_decorator.py
[2025-04-21T11:13:53.450+0000] {logging_mixin.py:190} INFO - [2025-04-21T11:13:53.450+0000] {dag.py:3239} INFO - Sync 1 DAGs
[2025-04-21T11:13:53.462+0000] {logging_mixin.py:190} INFO - [2025-04-21T11:13:53.462+0000] {dag.py:4180} INFO - Setting next_dagrun for example_python_decorator to None, run_after=None
[2025-04-21T11:13:53.479+0000] {processor.py:208} INFO - Processing /home/airflow/.local/lib/python3.12/site-packages/airflow/example_dags/example_python_decorator.py took 0.062 seconds
[2025-04-21T11:14:23.674+0000] {processor.py:186} INFO - Started process (PID=2738) to work on /home/airflow/.local/lib/python3.12/site-packages/airflow/example_dags/example_python_decorator.py
[2025-04-21T11:14:23.675+0000] {processor.py:914} INFO - Processing file /home/airflow/.local/lib/python3.12/site-packages/airflow/example_dags/example_python_decorator.py for tasks to queue
[2025-04-21T11:14:23.677+0000] {logging_mixin.py:190} INFO - [2025-04-21T11:14:23.677+0000] {dagbag.py:588} INFO - Filling up the DagBag from /home/airflow/.local/lib/python3.12/site-packages/airflow/example_dags/example_python_decorator.py
[2025-04-21T11:14:23.689+0000] {processor.py:925} INFO - DAG(s) 'example_python_decorator' retrieved from /home/airflow/.local/lib/python3.12/site-packages/airflow/example_dags/example_python_decorator.py
[2025-04-21T11:14:23.708+0000] {logging_mixin.py:190} INFO - [2025-04-21T11:14:23.708+0000] {dag.py:3239} INFO - Sync 1 DAGs
[2025-04-21T11:14:23.719+0000] {logging_mixin.py:190} INFO - [2025-04-21T11:14:23.719+0000] {dag.py:4180} INFO - Setting next_dagrun for example_python_decorator to None, run_after=None
[2025-04-21T11:14:23.734+0000] {processor.py:208} INFO - Processing /home/airflow/.local/lib/python3.12/site-packages/airflow/example_dags/example_python_decorator.py took 0.064 seconds
[2025-04-21T11:14:54.186+0000] {processor.py:186} INFO - Started process (PID=2801) to work on /home/airflow/.local/lib/python3.12/site-packages/airflow/example_dags/example_python_decorator.py
[2025-04-21T11:14:54.187+0000] {processor.py:914} INFO - Processing file /home/airflow/.local/lib/python3.12/site-packages/airflow/example_dags/example_python_decorator.py for tasks to queue
[2025-04-21T11:14:54.189+0000] {logging_mixin.py:190} INFO - [2025-04-21T11:14:54.189+0000] {dagbag.py:588} INFO - Filling up the DagBag from /home/airflow/.local/lib/python3.12/site-packages/airflow/example_dags/example_python_decorator.py
[2025-04-21T11:14:54.199+0000] {processor.py:925} INFO - DAG(s) 'example_python_decorator' retrieved from /home/airflow/.local/lib/python3.12/site-packages/airflow/example_dags/example_python_decorator.py
[2025-04-21T11:14:54.217+0000] {logging_mixin.py:190} INFO - [2025-04-21T11:14:54.217+0000] {dag.py:3239} INFO - Sync 1 DAGs
[2025-04-21T11:14:54.231+0000] {logging_mixin.py:190} INFO - [2025-04-21T11:14:54.231+0000] {dag.py:4180} INFO - Setting next_dagrun for example_python_decorator to None, run_after=None
[2025-04-21T11:14:54.248+0000] {processor.py:208} INFO - Processing /home/airflow/.local/lib/python3.12/site-packages/airflow/example_dags/example_python_decorator.py took 0.066 seconds
[2025-04-21T11:15:24.690+0000] {processor.py:186} INFO - Started process (PID=2864) to work on /home/airflow/.local/lib/python3.12/site-packages/airflow/example_dags/example_python_decorator.py
[2025-04-21T11:15:24.691+0000] {processor.py:914} INFO - Processing file /home/airflow/.local/lib/python3.12/site-packages/airflow/example_dags/example_python_decorator.py for tasks to queue
[2025-04-21T11:15:24.693+0000] {logging_mixin.py:190} INFO - [2025-04-21T11:15:24.693+0000] {dagbag.py:588} INFO - Filling up the DagBag from /home/airflow/.local/lib/python3.12/site-packages/airflow/example_dags/example_python_decorator.py
[2025-04-21T11:15:24.705+0000] {processor.py:925} INFO - DAG(s) 'example_python_decorator' retrieved from /home/airflow/.local/lib/python3.12/site-packages/airflow/example_dags/example_python_decorator.py
[2025-04-21T11:15:24.724+0000] {logging_mixin.py:190} INFO - [2025-04-21T11:15:24.723+0000] {dag.py:3239} INFO - Sync 1 DAGs
[2025-04-21T11:15:24.735+0000] {logging_mixin.py:190} INFO - [2025-04-21T11:15:24.734+0000] {dag.py:4180} INFO - Setting next_dagrun for example_python_decorator to None, run_after=None
[2025-04-21T11:15:24.755+0000] {processor.py:208} INFO - Processing /home/airflow/.local/lib/python3.12/site-packages/airflow/example_dags/example_python_decorator.py took 0.069 seconds
[2025-04-21T11:15:55.196+0000] {processor.py:186} INFO - Started process (PID=2927) to work on /home/airflow/.local/lib/python3.12/site-packages/airflow/example_dags/example_python_decorator.py
[2025-04-21T11:15:55.197+0000] {processor.py:914} INFO - Processing file /home/airflow/.local/lib/python3.12/site-packages/airflow/example_dags/example_python_decorator.py for tasks to queue
[2025-04-21T11:15:55.200+0000] {logging_mixin.py:190} INFO - [2025-04-21T11:15:55.199+0000] {dagbag.py:588} INFO - Filling up the DagBag from /home/airflow/.local/lib/python3.12/site-packages/airflow/example_dags/example_python_decorator.py
[2025-04-21T11:15:55.211+0000] {processor.py:925} INFO - DAG(s) 'example_python_decorator' retrieved from /home/airflow/.local/lib/python3.12/site-packages/airflow/example_dags/example_python_decorator.py
[2025-04-21T11:15:55.229+0000] {logging_mixin.py:190} INFO - [2025-04-21T11:15:55.229+0000] {dag.py:3239} INFO - Sync 1 DAGs
[2025-04-21T11:15:55.240+0000] {logging_mixin.py:190} INFO - [2025-04-21T11:15:55.240+0000] {dag.py:4180} INFO - Setting next_dagrun for example_python_decorator to None, run_after=None
[2025-04-21T11:15:55.255+0000] {processor.py:208} INFO - Processing /home/airflow/.local/lib/python3.12/site-packages/airflow/example_dags/example_python_decorator.py took 0.063 seconds
[2025-04-21T11:16:25.338+0000] {processor.py:186} INFO - Started process (PID=2990) to work on /home/airflow/.local/lib/python3.12/site-packages/airflow/example_dags/example_python_decorator.py
[2025-04-21T11:16:25.339+0000] {processor.py:914} INFO - Processing file /home/airflow/.local/lib/python3.12/site-packages/airflow/example_dags/example_python_decorator.py for tasks to queue
[2025-04-21T11:16:25.341+0000] {logging_mixin.py:190} INFO - [2025-04-21T11:16:25.341+0000] {dagbag.py:588} INFO - Filling up the DagBag from /home/airflow/.local/lib/python3.12/site-packages/airflow/example_dags/example_python_decorator.py
[2025-04-21T11:16:25.351+0000] {processor.py:925} INFO - DAG(s) 'example_python_decorator' retrieved from /home/airflow/.local/lib/python3.12/site-packages/airflow/example_dags/example_python_decorator.py
[2025-04-21T11:16:25.369+0000] {logging_mixin.py:190} INFO - [2025-04-21T11:16:25.369+0000] {dag.py:3239} INFO - Sync 1 DAGs
[2025-04-21T11:16:25.380+0000] {logging_mixin.py:190} INFO - [2025-04-21T11:16:25.380+0000] {dag.py:4180} INFO - Setting next_dagrun for example_python_decorator to None, run_after=None
[2025-04-21T11:16:25.395+0000] {processor.py:208} INFO - Processing /home/airflow/.local/lib/python3.12/site-packages/airflow/example_dags/example_python_decorator.py took 0.062 seconds
[2025-04-21T11:16:55.589+0000] {processor.py:186} INFO - Started process (PID=3053) to work on /home/airflow/.local/lib/python3.12/site-packages/airflow/example_dags/example_python_decorator.py
[2025-04-21T11:16:55.590+0000] {processor.py:914} INFO - Processing file /home/airflow/.local/lib/python3.12/site-packages/airflow/example_dags/example_python_decorator.py for tasks to queue
[2025-04-21T11:16:55.592+0000] {logging_mixin.py:190} INFO - [2025-04-21T11:16:55.592+0000] {dagbag.py:588} INFO - Filling up the DagBag from /home/airflow/.local/lib/python3.12/site-packages/airflow/example_dags/example_python_decorator.py
[2025-04-21T11:16:55.603+0000] {processor.py:925} INFO - DAG(s) 'example_python_decorator' retrieved from /home/airflow/.local/lib/python3.12/site-packages/airflow/example_dags/example_python_decorator.py
[2025-04-21T11:16:55.620+0000] {logging_mixin.py:190} INFO - [2025-04-21T11:16:55.620+0000] {dag.py:3239} INFO - Sync 1 DAGs
[2025-04-21T11:16:55.632+0000] {logging_mixin.py:190} INFO - [2025-04-21T11:16:55.632+0000] {dag.py:4180} INFO - Setting next_dagrun for example_python_decorator to None, run_after=None
[2025-04-21T11:16:55.647+0000] {processor.py:208} INFO - Processing /home/airflow/.local/lib/python3.12/site-packages/airflow/example_dags/example_python_decorator.py took 0.063 seconds
[2025-04-21T11:17:26.160+0000] {processor.py:186} INFO - Started process (PID=3116) to work on /home/airflow/.local/lib/python3.12/site-packages/airflow/example_dags/example_python_decorator.py
[2025-04-21T11:17:26.161+0000] {processor.py:914} INFO - Processing file /home/airflow/.local/lib/python3.12/site-packages/airflow/example_dags/example_python_decorator.py for tasks to queue
[2025-04-21T11:17:26.163+0000] {logging_mixin.py:190} INFO - [2025-04-21T11:17:26.163+0000] {dagbag.py:588} INFO - Filling up the DagBag from /home/airflow/.local/lib/python3.12/site-packages/airflow/example_dags/example_python_decorator.py
[2025-04-21T11:17:26.174+0000] {processor.py:925} INFO - DAG(s) 'example_python_decorator' retrieved from /home/airflow/.local/lib/python3.12/site-packages/airflow/example_dags/example_python_decorator.py
[2025-04-21T11:17:26.190+0000] {logging_mixin.py:190} INFO - [2025-04-21T11:17:26.190+0000] {dag.py:3239} INFO - Sync 1 DAGs
[2025-04-21T11:17:26.202+0000] {logging_mixin.py:190} INFO - [2025-04-21T11:17:26.201+0000] {dag.py:4180} INFO - Setting next_dagrun for example_python_decorator to None, run_after=None
[2025-04-21T11:17:26.216+0000] {processor.py:208} INFO - Processing /home/airflow/.local/lib/python3.12/site-packages/airflow/example_dags/example_python_decorator.py took 0.060 seconds
[2025-04-21T11:17:56.834+0000] {processor.py:186} INFO - Started process (PID=3179) to work on /home/airflow/.local/lib/python3.12/site-packages/airflow/example_dags/example_python_decorator.py
[2025-04-21T11:17:56.834+0000] {processor.py:914} INFO - Processing file /home/airflow/.local/lib/python3.12/site-packages/airflow/example_dags/example_python_decorator.py for tasks to queue
[2025-04-21T11:17:56.836+0000] {logging_mixin.py:190} INFO - [2025-04-21T11:17:56.836+0000] {dagbag.py:588} INFO - Filling up the DagBag from /home/airflow/.local/lib/python3.12/site-packages/airflow/example_dags/example_python_decorator.py
[2025-04-21T11:17:56.846+0000] {processor.py:925} INFO - DAG(s) 'example_python_decorator' retrieved from /home/airflow/.local/lib/python3.12/site-packages/airflow/example_dags/example_python_decorator.py
[2025-04-21T11:17:56.864+0000] {logging_mixin.py:190} INFO - [2025-04-21T11:17:56.863+0000] {dag.py:3239} INFO - Sync 1 DAGs
[2025-04-21T11:17:56.876+0000] {logging_mixin.py:190} INFO - [2025-04-21T11:17:56.876+0000] {dag.py:4180} INFO - Setting next_dagrun for example_python_decorator to None, run_after=None
[2025-04-21T11:17:56.889+0000] {processor.py:208} INFO - Processing /home/airflow/.local/lib/python3.12/site-packages/airflow/example_dags/example_python_decorator.py took 0.060 seconds
[2025-04-21T11:18:27.381+0000] {processor.py:186} INFO - Started process (PID=3242) to work on /home/airflow/.local/lib/python3.12/site-packages/airflow/example_dags/example_python_decorator.py
[2025-04-21T11:18:27.381+0000] {processor.py:914} INFO - Processing file /home/airflow/.local/lib/python3.12/site-packages/airflow/example_dags/example_python_decorator.py for tasks to queue
[2025-04-21T11:18:27.384+0000] {logging_mixin.py:190} INFO - [2025-04-21T11:18:27.383+0000] {dagbag.py:588} INFO - Filling up the DagBag from /home/airflow/.local/lib/python3.12/site-packages/airflow/example_dags/example_python_decorator.py
[2025-04-21T11:18:27.394+0000] {processor.py:925} INFO - DAG(s) 'example_python_decorator' retrieved from /home/airflow/.local/lib/python3.12/site-packages/airflow/example_dags/example_python_decorator.py
[2025-04-21T11:18:27.409+0000] {logging_mixin.py:190} INFO - [2025-04-21T11:18:27.409+0000] {dag.py:3239} INFO - Sync 1 DAGs
[2025-04-21T11:18:27.418+0000] {logging_mixin.py:190} INFO - [2025-04-21T11:18:27.418+0000] {dag.py:4180} INFO - Setting next_dagrun for example_python_decorator to None, run_after=None
[2025-04-21T11:18:27.431+0000] {processor.py:208} INFO - Processing /home/airflow/.local/lib/python3.12/site-packages/airflow/example_dags/example_python_decorator.py took 0.054 seconds
[2025-04-21T11:18:57.947+0000] {processor.py:186} INFO - Started process (PID=3305) to work on /home/airflow/.local/lib/python3.12/site-packages/airflow/example_dags/example_python_decorator.py
[2025-04-21T11:18:57.948+0000] {processor.py:914} INFO - Processing file /home/airflow/.local/lib/python3.12/site-packages/airflow/example_dags/example_python_decorator.py for tasks to queue
[2025-04-21T11:18:57.950+0000] {logging_mixin.py:190} INFO - [2025-04-21T11:18:57.950+0000] {dagbag.py:588} INFO - Filling up the DagBag from /home/airflow/.local/lib/python3.12/site-packages/airflow/example_dags/example_python_decorator.py
[2025-04-21T11:18:57.961+0000] {processor.py:925} INFO - DAG(s) 'example_python_decorator' retrieved from /home/airflow/.local/lib/python3.12/site-packages/airflow/example_dags/example_python_decorator.py
[2025-04-21T11:18:57.980+0000] {logging_mixin.py:190} INFO - [2025-04-21T11:18:57.980+0000] {dag.py:3239} INFO - Sync 1 DAGs
[2025-04-21T11:18:57.990+0000] {logging_mixin.py:190} INFO - [2025-04-21T11:18:57.990+0000] {dag.py:4180} INFO - Setting next_dagrun for example_python_decorator to None, run_after=None
[2025-04-21T11:18:58.010+0000] {processor.py:208} INFO - Processing /home/airflow/.local/lib/python3.12/site-packages/airflow/example_dags/example_python_decorator.py took 0.068 seconds
[2025-04-21T11:19:28.194+0000] {processor.py:186} INFO - Started process (PID=3368) to work on /home/airflow/.local/lib/python3.12/site-packages/airflow/example_dags/example_python_decorator.py
[2025-04-21T11:19:28.195+0000] {processor.py:914} INFO - Processing file /home/airflow/.local/lib/python3.12/site-packages/airflow/example_dags/example_python_decorator.py for tasks to queue
[2025-04-21T11:19:28.197+0000] {logging_mixin.py:190} INFO - [2025-04-21T11:19:28.197+0000] {dagbag.py:588} INFO - Filling up the DagBag from /home/airflow/.local/lib/python3.12/site-packages/airflow/example_dags/example_python_decorator.py
[2025-04-21T11:19:28.207+0000] {processor.py:925} INFO - DAG(s) 'example_python_decorator' retrieved from /home/airflow/.local/lib/python3.12/site-packages/airflow/example_dags/example_python_decorator.py
[2025-04-21T11:19:28.223+0000] {logging_mixin.py:190} INFO - [2025-04-21T11:19:28.223+0000] {dag.py:3239} INFO - Sync 1 DAGs
[2025-04-21T11:19:28.237+0000] {logging_mixin.py:190} INFO - [2025-04-21T11:19:28.237+0000] {dag.py:4180} INFO - Setting next_dagrun for example_python_decorator to None, run_after=None
[2025-04-21T11:19:28.253+0000] {processor.py:208} INFO - Processing /home/airflow/.local/lib/python3.12/site-packages/airflow/example_dags/example_python_decorator.py took 0.063 seconds
[2025-04-21T11:19:58.524+0000] {processor.py:186} INFO - Started process (PID=3431) to work on /home/airflow/.local/lib/python3.12/site-packages/airflow/example_dags/example_python_decorator.py
[2025-04-21T11:19:58.525+0000] {processor.py:914} INFO - Processing file /home/airflow/.local/lib/python3.12/site-packages/airflow/example_dags/example_python_decorator.py for tasks to queue
[2025-04-21T11:19:58.527+0000] {logging_mixin.py:190} INFO - [2025-04-21T11:19:58.526+0000] {dagbag.py:588} INFO - Filling up the DagBag from /home/airflow/.local/lib/python3.12/site-packages/airflow/example_dags/example_python_decorator.py
[2025-04-21T11:19:58.539+0000] {processor.py:925} INFO - DAG(s) 'example_python_decorator' retrieved from /home/airflow/.local/lib/python3.12/site-packages/airflow/example_dags/example_python_decorator.py
[2025-04-21T11:19:58.556+0000] {logging_mixin.py:190} INFO - [2025-04-21T11:19:58.555+0000] {dag.py:3239} INFO - Sync 1 DAGs
[2025-04-21T11:19:58.567+0000] {logging_mixin.py:190} INFO - [2025-04-21T11:19:58.566+0000] {dag.py:4180} INFO - Setting next_dagrun for example_python_decorator to None, run_after=None
[2025-04-21T11:19:58.580+0000] {processor.py:208} INFO - Processing /home/airflow/.local/lib/python3.12/site-packages/airflow/example_dags/example_python_decorator.py took 0.060 seconds
[2025-04-21T11:20:28.742+0000] {processor.py:186} INFO - Started process (PID=3494) to work on /home/airflow/.local/lib/python3.12/site-packages/airflow/example_dags/example_python_decorator.py
[2025-04-21T11:20:28.743+0000] {processor.py:914} INFO - Processing file /home/airflow/.local/lib/python3.12/site-packages/airflow/example_dags/example_python_decorator.py for tasks to queue
[2025-04-21T11:20:28.746+0000] {logging_mixin.py:190} INFO - [2025-04-21T11:20:28.745+0000] {dagbag.py:588} INFO - Filling up the DagBag from /home/airflow/.local/lib/python3.12/site-packages/airflow/example_dags/example_python_decorator.py
[2025-04-21T11:20:28.755+0000] {processor.py:925} INFO - DAG(s) 'example_python_decorator' retrieved from /home/airflow/.local/lib/python3.12/site-packages/airflow/example_dags/example_python_decorator.py
[2025-04-21T11:20:28.770+0000] {logging_mixin.py:190} INFO - [2025-04-21T11:20:28.770+0000] {dag.py:3239} INFO - Sync 1 DAGs
[2025-04-21T11:20:28.782+0000] {logging_mixin.py:190} INFO - [2025-04-21T11:20:28.781+0000] {dag.py:4180} INFO - Setting next_dagrun for example_python_decorator to None, run_after=None
[2025-04-21T11:20:28.795+0000] {processor.py:208} INFO - Processing /home/airflow/.local/lib/python3.12/site-packages/airflow/example_dags/example_python_decorator.py took 0.057 seconds
[2025-04-21T11:20:59.431+0000] {processor.py:186} INFO - Started process (PID=3557) to work on /home/airflow/.local/lib/python3.12/site-packages/airflow/example_dags/example_python_decorator.py
[2025-04-21T11:20:59.432+0000] {processor.py:914} INFO - Processing file /home/airflow/.local/lib/python3.12/site-packages/airflow/example_dags/example_python_decorator.py for tasks to queue
[2025-04-21T11:20:59.433+0000] {logging_mixin.py:190} INFO - [2025-04-21T11:20:59.433+0000] {dagbag.py:588} INFO - Filling up the DagBag from /home/airflow/.local/lib/python3.12/site-packages/airflow/example_dags/example_python_decorator.py
[2025-04-21T11:20:59.444+0000] {processor.py:925} INFO - DAG(s) 'example_python_decorator' retrieved from /home/airflow/.local/lib/python3.12/site-packages/airflow/example_dags/example_python_decorator.py
[2025-04-21T11:20:59.461+0000] {logging_mixin.py:190} INFO - [2025-04-21T11:20:59.461+0000] {dag.py:3239} INFO - Sync 1 DAGs
[2025-04-21T11:20:59.472+0000] {logging_mixin.py:190} INFO - [2025-04-21T11:20:59.472+0000] {dag.py:4180} INFO - Setting next_dagrun for example_python_decorator to None, run_after=None
[2025-04-21T11:20:59.491+0000] {processor.py:208} INFO - Processing /home/airflow/.local/lib/python3.12/site-packages/airflow/example_dags/example_python_decorator.py took 0.065 seconds
[2025-04-21T11:21:29.631+0000] {processor.py:186} INFO - Started process (PID=3620) to work on /home/airflow/.local/lib/python3.12/site-packages/airflow/example_dags/example_python_decorator.py
[2025-04-21T11:21:29.632+0000] {processor.py:914} INFO - Processing file /home/airflow/.local/lib/python3.12/site-packages/airflow/example_dags/example_python_decorator.py for tasks to queue
[2025-04-21T11:21:29.635+0000] {logging_mixin.py:190} INFO - [2025-04-21T11:21:29.634+0000] {dagbag.py:588} INFO - Filling up the DagBag from /home/airflow/.local/lib/python3.12/site-packages/airflow/example_dags/example_python_decorator.py
[2025-04-21T11:21:29.645+0000] {processor.py:925} INFO - DAG(s) 'example_python_decorator' retrieved from /home/airflow/.local/lib/python3.12/site-packages/airflow/example_dags/example_python_decorator.py
[2025-04-21T11:21:29.666+0000] {logging_mixin.py:190} INFO - [2025-04-21T11:21:29.666+0000] {dag.py:3239} INFO - Sync 1 DAGs
[2025-04-21T11:21:29.677+0000] {logging_mixin.py:190} INFO - [2025-04-21T11:21:29.677+0000] {dag.py:4180} INFO - Setting next_dagrun for example_python_decorator to None, run_after=None
[2025-04-21T11:21:29.692+0000] {processor.py:208} INFO - Processing /home/airflow/.local/lib/python3.12/site-packages/airflow/example_dags/example_python_decorator.py took 0.064 seconds
[2025-04-21T11:22:00.181+0000] {processor.py:186} INFO - Started process (PID=3683) to work on /home/airflow/.local/lib/python3.12/site-packages/airflow/example_dags/example_python_decorator.py
[2025-04-21T11:22:00.182+0000] {processor.py:914} INFO - Processing file /home/airflow/.local/lib/python3.12/site-packages/airflow/example_dags/example_python_decorator.py for tasks to queue
[2025-04-21T11:22:00.184+0000] {logging_mixin.py:190} INFO - [2025-04-21T11:22:00.184+0000] {dagbag.py:588} INFO - Filling up the DagBag from /home/airflow/.local/lib/python3.12/site-packages/airflow/example_dags/example_python_decorator.py
[2025-04-21T11:22:00.197+0000] {processor.py:925} INFO - DAG(s) 'example_python_decorator' retrieved from /home/airflow/.local/lib/python3.12/site-packages/airflow/example_dags/example_python_decorator.py
[2025-04-21T11:22:00.214+0000] {logging_mixin.py:190} INFO - [2025-04-21T11:22:00.214+0000] {dag.py:3239} INFO - Sync 1 DAGs
[2025-04-21T11:22:00.226+0000] {logging_mixin.py:190} INFO - [2025-04-21T11:22:00.225+0000] {dag.py:4180} INFO - Setting next_dagrun for example_python_decorator to None, run_after=None
[2025-04-21T11:22:00.244+0000] {processor.py:208} INFO - Processing /home/airflow/.local/lib/python3.12/site-packages/airflow/example_dags/example_python_decorator.py took 0.067 seconds
[2025-04-21T11:22:31.308+0000] {processor.py:186} INFO - Started process (PID=3746) to work on /home/airflow/.local/lib/python3.12/site-packages/airflow/example_dags/example_python_decorator.py
[2025-04-21T11:22:31.309+0000] {processor.py:914} INFO - Processing file /home/airflow/.local/lib/python3.12/site-packages/airflow/example_dags/example_python_decorator.py for tasks to queue
[2025-04-21T11:22:31.311+0000] {logging_mixin.py:190} INFO - [2025-04-21T11:22:31.310+0000] {dagbag.py:588} INFO - Filling up the DagBag from /home/airflow/.local/lib/python3.12/site-packages/airflow/example_dags/example_python_decorator.py
[2025-04-21T11:22:31.322+0000] {processor.py:925} INFO - DAG(s) 'example_python_decorator' retrieved from /home/airflow/.local/lib/python3.12/site-packages/airflow/example_dags/example_python_decorator.py
[2025-04-21T11:22:31.340+0000] {logging_mixin.py:190} INFO - [2025-04-21T11:22:31.340+0000] {dag.py:3239} INFO - Sync 1 DAGs
[2025-04-21T11:22:31.353+0000] {logging_mixin.py:190} INFO - [2025-04-21T11:22:31.353+0000] {dag.py:4180} INFO - Setting next_dagrun for example_python_decorator to None, run_after=None
[2025-04-21T11:22:31.370+0000] {processor.py:208} INFO - Processing /home/airflow/.local/lib/python3.12/site-packages/airflow/example_dags/example_python_decorator.py took 0.066 seconds
[2025-04-21T11:23:02.900+0000] {processor.py:186} INFO - Started process (PID=3809) to work on /home/airflow/.local/lib/python3.12/site-packages/airflow/example_dags/example_python_decorator.py
[2025-04-21T11:23:02.900+0000] {processor.py:914} INFO - Processing file /home/airflow/.local/lib/python3.12/site-packages/airflow/example_dags/example_python_decorator.py for tasks to queue
[2025-04-21T11:23:02.902+0000] {logging_mixin.py:190} INFO - [2025-04-21T11:23:02.902+0000] {dagbag.py:588} INFO - Filling up the DagBag from /home/airflow/.local/lib/python3.12/site-packages/airflow/example_dags/example_python_decorator.py
[2025-04-21T11:23:02.913+0000] {processor.py:925} INFO - DAG(s) 'example_python_decorator' retrieved from /home/airflow/.local/lib/python3.12/site-packages/airflow/example_dags/example_python_decorator.py
[2025-04-21T11:23:02.931+0000] {logging_mixin.py:190} INFO - [2025-04-21T11:23:02.931+0000] {dag.py:3239} INFO - Sync 1 DAGs
[2025-04-21T11:23:02.943+0000] {logging_mixin.py:190} INFO - [2025-04-21T11:23:02.942+0000] {dag.py:4180} INFO - Setting next_dagrun for example_python_decorator to None, run_after=None
[2025-04-21T11:23:02.958+0000] {processor.py:208} INFO - Processing /home/airflow/.local/lib/python3.12/site-packages/airflow/example_dags/example_python_decorator.py took 0.064 seconds
[2025-04-21T11:23:34.059+0000] {processor.py:186} INFO - Started process (PID=3872) to work on /home/airflow/.local/lib/python3.12/site-packages/airflow/example_dags/example_python_decorator.py
[2025-04-21T11:23:34.060+0000] {processor.py:914} INFO - Processing file /home/airflow/.local/lib/python3.12/site-packages/airflow/example_dags/example_python_decorator.py for tasks to queue
[2025-04-21T11:23:34.061+0000] {logging_mixin.py:190} INFO - [2025-04-21T11:23:34.061+0000] {dagbag.py:588} INFO - Filling up the DagBag from /home/airflow/.local/lib/python3.12/site-packages/airflow/example_dags/example_python_decorator.py
[2025-04-21T11:23:34.072+0000] {processor.py:925} INFO - DAG(s) 'example_python_decorator' retrieved from /home/airflow/.local/lib/python3.12/site-packages/airflow/example_dags/example_python_decorator.py
[2025-04-21T11:23:34.093+0000] {logging_mixin.py:190} INFO - [2025-04-21T11:23:34.093+0000] {dag.py:3239} INFO - Sync 1 DAGs
[2025-04-21T11:23:34.251+0000] {logging_mixin.py:190} INFO - [2025-04-21T11:23:34.250+0000] {dag.py:4180} INFO - Setting next_dagrun for example_python_decorator to None, run_after=None
[2025-04-21T11:23:34.263+0000] {processor.py:208} INFO - Processing /home/airflow/.local/lib/python3.12/site-packages/airflow/example_dags/example_python_decorator.py took 0.208 seconds
[2025-04-21T11:24:04.888+0000] {processor.py:186} INFO - Started process (PID=3934) to work on /home/airflow/.local/lib/python3.12/site-packages/airflow/example_dags/example_python_decorator.py
[2025-04-21T11:24:04.889+0000] {processor.py:914} INFO - Processing file /home/airflow/.local/lib/python3.12/site-packages/airflow/example_dags/example_python_decorator.py for tasks to queue
[2025-04-21T11:24:04.890+0000] {logging_mixin.py:190} INFO - [2025-04-21T11:24:04.890+0000] {dagbag.py:588} INFO - Filling up the DagBag from /home/airflow/.local/lib/python3.12/site-packages/airflow/example_dags/example_python_decorator.py
[2025-04-21T11:24:04.901+0000] {processor.py:925} INFO - DAG(s) 'example_python_decorator' retrieved from /home/airflow/.local/lib/python3.12/site-packages/airflow/example_dags/example_python_decorator.py
[2025-04-21T11:24:04.917+0000] {logging_mixin.py:190} INFO - [2025-04-21T11:24:04.916+0000] {dag.py:3239} INFO - Sync 1 DAGs
[2025-04-21T11:24:04.929+0000] {logging_mixin.py:190} INFO - [2025-04-21T11:24:04.929+0000] {dag.py:4180} INFO - Setting next_dagrun for example_python_decorator to None, run_after=None
[2025-04-21T11:24:04.946+0000] {processor.py:208} INFO - Processing /home/airflow/.local/lib/python3.12/site-packages/airflow/example_dags/example_python_decorator.py took 0.062 seconds
[2025-04-21T11:24:35.526+0000] {processor.py:186} INFO - Started process (PID=3997) to work on /home/airflow/.local/lib/python3.12/site-packages/airflow/example_dags/example_python_decorator.py
[2025-04-21T11:24:35.526+0000] {processor.py:914} INFO - Processing file /home/airflow/.local/lib/python3.12/site-packages/airflow/example_dags/example_python_decorator.py for tasks to queue
[2025-04-21T11:24:35.528+0000] {logging_mixin.py:190} INFO - [2025-04-21T11:24:35.528+0000] {dagbag.py:588} INFO - Filling up the DagBag from /home/airflow/.local/lib/python3.12/site-packages/airflow/example_dags/example_python_decorator.py
[2025-04-21T11:24:35.538+0000] {processor.py:925} INFO - DAG(s) 'example_python_decorator' retrieved from /home/airflow/.local/lib/python3.12/site-packages/airflow/example_dags/example_python_decorator.py
[2025-04-21T11:24:35.553+0000] {logging_mixin.py:190} INFO - [2025-04-21T11:24:35.553+0000] {dag.py:3239} INFO - Sync 1 DAGs
[2025-04-21T11:24:35.564+0000] {logging_mixin.py:190} INFO - [2025-04-21T11:24:35.564+0000] {dag.py:4180} INFO - Setting next_dagrun for example_python_decorator to None, run_after=None
[2025-04-21T11:24:35.578+0000] {processor.py:208} INFO - Processing /home/airflow/.local/lib/python3.12/site-packages/airflow/example_dags/example_python_decorator.py took 0.056 seconds
[2025-04-21T11:25:05.984+0000] {processor.py:186} INFO - Started process (PID=4060) to work on /home/airflow/.local/lib/python3.12/site-packages/airflow/example_dags/example_python_decorator.py
[2025-04-21T11:25:05.984+0000] {processor.py:914} INFO - Processing file /home/airflow/.local/lib/python3.12/site-packages/airflow/example_dags/example_python_decorator.py for tasks to queue
[2025-04-21T11:25:05.986+0000] {logging_mixin.py:190} INFO - [2025-04-21T11:25:05.986+0000] {dagbag.py:588} INFO - Filling up the DagBag from /home/airflow/.local/lib/python3.12/site-packages/airflow/example_dags/example_python_decorator.py
[2025-04-21T11:25:05.999+0000] {processor.py:925} INFO - DAG(s) 'example_python_decorator' retrieved from /home/airflow/.local/lib/python3.12/site-packages/airflow/example_dags/example_python_decorator.py
[2025-04-21T11:25:06.015+0000] {logging_mixin.py:190} INFO - [2025-04-21T11:25:06.014+0000] {dag.py:3239} INFO - Sync 1 DAGs
[2025-04-21T11:25:06.026+0000] {logging_mixin.py:190} INFO - [2025-04-21T11:25:06.026+0000] {dag.py:4180} INFO - Setting next_dagrun for example_python_decorator to None, run_after=None
[2025-04-21T11:25:06.038+0000] {processor.py:208} INFO - Processing /home/airflow/.local/lib/python3.12/site-packages/airflow/example_dags/example_python_decorator.py took 0.059 seconds
[2025-04-21T11:25:36.674+0000] {processor.py:186} INFO - Started process (PID=4129) to work on /home/airflow/.local/lib/python3.12/site-packages/airflow/example_dags/example_python_decorator.py
[2025-04-21T11:25:36.677+0000] {processor.py:914} INFO - Processing file /home/airflow/.local/lib/python3.12/site-packages/airflow/example_dags/example_python_decorator.py for tasks to queue
[2025-04-21T11:25:36.679+0000] {logging_mixin.py:190} INFO - [2025-04-21T11:25:36.679+0000] {dagbag.py:588} INFO - Filling up the DagBag from /home/airflow/.local/lib/python3.12/site-packages/airflow/example_dags/example_python_decorator.py
[2025-04-21T11:25:36.689+0000] {processor.py:925} INFO - DAG(s) 'example_python_decorator' retrieved from /home/airflow/.local/lib/python3.12/site-packages/airflow/example_dags/example_python_decorator.py
[2025-04-21T11:25:36.706+0000] {logging_mixin.py:190} INFO - [2025-04-21T11:25:36.706+0000] {dag.py:3239} INFO - Sync 1 DAGs
[2025-04-21T11:25:36.718+0000] {logging_mixin.py:190} INFO - [2025-04-21T11:25:36.717+0000] {dag.py:4180} INFO - Setting next_dagrun for example_python_decorator to None, run_after=None
[2025-04-21T11:25:36.734+0000] {processor.py:208} INFO - Processing /home/airflow/.local/lib/python3.12/site-packages/airflow/example_dags/example_python_decorator.py took 0.064 seconds
[2025-04-21T11:26:07.396+0000] {processor.py:186} INFO - Started process (PID=4192) to work on /home/airflow/.local/lib/python3.12/site-packages/airflow/example_dags/example_python_decorator.py
[2025-04-21T11:26:07.397+0000] {processor.py:914} INFO - Processing file /home/airflow/.local/lib/python3.12/site-packages/airflow/example_dags/example_python_decorator.py for tasks to queue
[2025-04-21T11:26:07.399+0000] {logging_mixin.py:190} INFO - [2025-04-21T11:26:07.399+0000] {dagbag.py:588} INFO - Filling up the DagBag from /home/airflow/.local/lib/python3.12/site-packages/airflow/example_dags/example_python_decorator.py
[2025-04-21T11:26:07.409+0000] {processor.py:925} INFO - DAG(s) 'example_python_decorator' retrieved from /home/airflow/.local/lib/python3.12/site-packages/airflow/example_dags/example_python_decorator.py
[2025-04-21T11:26:07.427+0000] {logging_mixin.py:190} INFO - [2025-04-21T11:26:07.427+0000] {dag.py:3239} INFO - Sync 1 DAGs
[2025-04-21T11:26:07.440+0000] {logging_mixin.py:190} INFO - [2025-04-21T11:26:07.440+0000] {dag.py:4180} INFO - Setting next_dagrun for example_python_decorator to None, run_after=None
[2025-04-21T11:26:07.454+0000] {processor.py:208} INFO - Processing /home/airflow/.local/lib/python3.12/site-packages/airflow/example_dags/example_python_decorator.py took 0.063 seconds
[2025-04-21T11:26:38.183+0000] {processor.py:186} INFO - Started process (PID=4255) to work on /home/airflow/.local/lib/python3.12/site-packages/airflow/example_dags/example_python_decorator.py
[2025-04-21T11:26:38.183+0000] {processor.py:914} INFO - Processing file /home/airflow/.local/lib/python3.12/site-packages/airflow/example_dags/example_python_decorator.py for tasks to queue
[2025-04-21T11:26:38.185+0000] {logging_mixin.py:190} INFO - [2025-04-21T11:26:38.185+0000] {dagbag.py:588} INFO - Filling up the DagBag from /home/airflow/.local/lib/python3.12/site-packages/airflow/example_dags/example_python_decorator.py
[2025-04-21T11:26:38.195+0000] {processor.py:925} INFO - DAG(s) 'example_python_decorator' retrieved from /home/airflow/.local/lib/python3.12/site-packages/airflow/example_dags/example_python_decorator.py
[2025-04-21T11:26:38.213+0000] {logging_mixin.py:190} INFO - [2025-04-21T11:26:38.213+0000] {dag.py:3239} INFO - Sync 1 DAGs
[2025-04-21T11:26:38.225+0000] {logging_mixin.py:190} INFO - [2025-04-21T11:26:38.225+0000] {dag.py:4180} INFO - Setting next_dagrun for example_python_decorator to None, run_after=None
[2025-04-21T11:26:38.240+0000] {processor.py:208} INFO - Processing /home/airflow/.local/lib/python3.12/site-packages/airflow/example_dags/example_python_decorator.py took 0.061 seconds
[2025-04-21T11:27:09.013+0000] {processor.py:186} INFO - Started process (PID=4318) to work on /home/airflow/.local/lib/python3.12/site-packages/airflow/example_dags/example_python_decorator.py
[2025-04-21T11:27:09.014+0000] {processor.py:914} INFO - Processing file /home/airflow/.local/lib/python3.12/site-packages/airflow/example_dags/example_python_decorator.py for tasks to queue
[2025-04-21T11:27:09.016+0000] {logging_mixin.py:190} INFO - [2025-04-21T11:27:09.015+0000] {dagbag.py:588} INFO - Filling up the DagBag from /home/airflow/.local/lib/python3.12/site-packages/airflow/example_dags/example_python_decorator.py
[2025-04-21T11:27:09.027+0000] {processor.py:925} INFO - DAG(s) 'example_python_decorator' retrieved from /home/airflow/.local/lib/python3.12/site-packages/airflow/example_dags/example_python_decorator.py
[2025-04-21T11:27:09.048+0000] {logging_mixin.py:190} INFO - [2025-04-21T11:27:09.048+0000] {dag.py:3239} INFO - Sync 1 DAGs
[2025-04-21T11:27:09.061+0000] {logging_mixin.py:190} INFO - [2025-04-21T11:27:09.060+0000] {dag.py:4180} INFO - Setting next_dagrun for example_python_decorator to None, run_after=None
[2025-04-21T11:27:09.082+0000] {processor.py:208} INFO - Processing /home/airflow/.local/lib/python3.12/site-packages/airflow/example_dags/example_python_decorator.py took 0.073 seconds
[2025-04-21T11:27:39.798+0000] {processor.py:186} INFO - Started process (PID=4381) to work on /home/airflow/.local/lib/python3.12/site-packages/airflow/example_dags/example_python_decorator.py
[2025-04-21T11:27:39.799+0000] {processor.py:914} INFO - Processing file /home/airflow/.local/lib/python3.12/site-packages/airflow/example_dags/example_python_decorator.py for tasks to queue
[2025-04-21T11:27:39.801+0000] {logging_mixin.py:190} INFO - [2025-04-21T11:27:39.800+0000] {dagbag.py:588} INFO - Filling up the DagBag from /home/airflow/.local/lib/python3.12/site-packages/airflow/example_dags/example_python_decorator.py
[2025-04-21T11:27:39.811+0000] {processor.py:925} INFO - DAG(s) 'example_python_decorator' retrieved from /home/airflow/.local/lib/python3.12/site-packages/airflow/example_dags/example_python_decorator.py
[2025-04-21T11:27:39.829+0000] {logging_mixin.py:190} INFO - [2025-04-21T11:27:39.829+0000] {dag.py:3239} INFO - Sync 1 DAGs
[2025-04-21T11:27:39.842+0000] {logging_mixin.py:190} INFO - [2025-04-21T11:27:39.841+0000] {dag.py:4180} INFO - Setting next_dagrun for example_python_decorator to None, run_after=None
[2025-04-21T11:27:39.856+0000] {processor.py:208} INFO - Processing /home/airflow/.local/lib/python3.12/site-packages/airflow/example_dags/example_python_decorator.py took 0.062 seconds
[2025-04-21T11:28:10.427+0000] {processor.py:186} INFO - Started process (PID=4444) to work on /home/airflow/.local/lib/python3.12/site-packages/airflow/example_dags/example_python_decorator.py
[2025-04-21T11:28:10.427+0000] {processor.py:914} INFO - Processing file /home/airflow/.local/lib/python3.12/site-packages/airflow/example_dags/example_python_decorator.py for tasks to queue
[2025-04-21T11:28:10.430+0000] {logging_mixin.py:190} INFO - [2025-04-21T11:28:10.429+0000] {dagbag.py:588} INFO - Filling up the DagBag from /home/airflow/.local/lib/python3.12/site-packages/airflow/example_dags/example_python_decorator.py
[2025-04-21T11:28:10.440+0000] {processor.py:925} INFO - DAG(s) 'example_python_decorator' retrieved from /home/airflow/.local/lib/python3.12/site-packages/airflow/example_dags/example_python_decorator.py
[2025-04-21T11:28:10.459+0000] {logging_mixin.py:190} INFO - [2025-04-21T11:28:10.458+0000] {dag.py:3239} INFO - Sync 1 DAGs
[2025-04-21T11:28:10.470+0000] {logging_mixin.py:190} INFO - [2025-04-21T11:28:10.470+0000] {dag.py:4180} INFO - Setting next_dagrun for example_python_decorator to None, run_after=None
[2025-04-21T11:28:10.483+0000] {processor.py:208} INFO - Processing /home/airflow/.local/lib/python3.12/site-packages/airflow/example_dags/example_python_decorator.py took 0.061 seconds
[2025-04-21T11:28:40.952+0000] {processor.py:186} INFO - Started process (PID=4507) to work on /home/airflow/.local/lib/python3.12/site-packages/airflow/example_dags/example_python_decorator.py
[2025-04-21T11:28:40.953+0000] {processor.py:914} INFO - Processing file /home/airflow/.local/lib/python3.12/site-packages/airflow/example_dags/example_python_decorator.py for tasks to queue
[2025-04-21T11:28:40.955+0000] {logging_mixin.py:190} INFO - [2025-04-21T11:28:40.955+0000] {dagbag.py:588} INFO - Filling up the DagBag from /home/airflow/.local/lib/python3.12/site-packages/airflow/example_dags/example_python_decorator.py
[2025-04-21T11:28:40.966+0000] {processor.py:925} INFO - DAG(s) 'example_python_decorator' retrieved from /home/airflow/.local/lib/python3.12/site-packages/airflow/example_dags/example_python_decorator.py
[2025-04-21T11:28:40.983+0000] {logging_mixin.py:190} INFO - [2025-04-21T11:28:40.983+0000] {dag.py:3239} INFO - Sync 1 DAGs
[2025-04-21T11:28:40.995+0000] {logging_mixin.py:190} INFO - [2025-04-21T11:28:40.995+0000] {dag.py:4180} INFO - Setting next_dagrun for example_python_decorator to None, run_after=None
[2025-04-21T11:28:41.011+0000] {processor.py:208} INFO - Processing /home/airflow/.local/lib/python3.12/site-packages/airflow/example_dags/example_python_decorator.py took 0.063 seconds
[2025-04-21T11:29:11.378+0000] {processor.py:186} INFO - Started process (PID=4569) to work on /home/airflow/.local/lib/python3.12/site-packages/airflow/example_dags/example_python_decorator.py
[2025-04-21T11:29:11.379+0000] {processor.py:914} INFO - Processing file /home/airflow/.local/lib/python3.12/site-packages/airflow/example_dags/example_python_decorator.py for tasks to queue
[2025-04-21T11:29:11.382+0000] {logging_mixin.py:190} INFO - [2025-04-21T11:29:11.381+0000] {dagbag.py:588} INFO - Filling up the DagBag from /home/airflow/.local/lib/python3.12/site-packages/airflow/example_dags/example_python_decorator.py
[2025-04-21T11:29:11.392+0000] {processor.py:925} INFO - DAG(s) 'example_python_decorator' retrieved from /home/airflow/.local/lib/python3.12/site-packages/airflow/example_dags/example_python_decorator.py
[2025-04-21T11:29:11.408+0000] {logging_mixin.py:190} INFO - [2025-04-21T11:29:11.408+0000] {dag.py:3239} INFO - Sync 1 DAGs
[2025-04-21T11:29:11.420+0000] {logging_mixin.py:190} INFO - [2025-04-21T11:29:11.419+0000] {dag.py:4180} INFO - Setting next_dagrun for example_python_decorator to None, run_after=None
[2025-04-21T11:29:11.434+0000] {processor.py:208} INFO - Processing /home/airflow/.local/lib/python3.12/site-packages/airflow/example_dags/example_python_decorator.py took 0.059 seconds
[2025-04-21T11:29:41.847+0000] {processor.py:186} INFO - Started process (PID=4633) to work on /home/airflow/.local/lib/python3.12/site-packages/airflow/example_dags/example_python_decorator.py
[2025-04-21T11:29:41.848+0000] {processor.py:914} INFO - Processing file /home/airflow/.local/lib/python3.12/site-packages/airflow/example_dags/example_python_decorator.py for tasks to queue
[2025-04-21T11:29:41.850+0000] {logging_mixin.py:190} INFO - [2025-04-21T11:29:41.850+0000] {dagbag.py:588} INFO - Filling up the DagBag from /home/airflow/.local/lib/python3.12/site-packages/airflow/example_dags/example_python_decorator.py
[2025-04-21T11:29:41.860+0000] {processor.py:925} INFO - DAG(s) 'example_python_decorator' retrieved from /home/airflow/.local/lib/python3.12/site-packages/airflow/example_dags/example_python_decorator.py
[2025-04-21T11:29:41.876+0000] {logging_mixin.py:190} INFO - [2025-04-21T11:29:41.875+0000] {dag.py:3239} INFO - Sync 1 DAGs
[2025-04-21T11:29:41.886+0000] {logging_mixin.py:190} INFO - [2025-04-21T11:29:41.885+0000] {dag.py:4180} INFO - Setting next_dagrun for example_python_decorator to None, run_after=None
[2025-04-21T11:29:41.898+0000] {processor.py:208} INFO - Processing /home/airflow/.local/lib/python3.12/site-packages/airflow/example_dags/example_python_decorator.py took 0.055 seconds
[2025-04-21T11:30:12.357+0000] {processor.py:186} INFO - Started process (PID=4696) to work on /home/airflow/.local/lib/python3.12/site-packages/airflow/example_dags/example_python_decorator.py
[2025-04-21T11:30:12.357+0000] {processor.py:914} INFO - Processing file /home/airflow/.local/lib/python3.12/site-packages/airflow/example_dags/example_python_decorator.py for tasks to queue
[2025-04-21T11:30:12.360+0000] {logging_mixin.py:190} INFO - [2025-04-21T11:30:12.359+0000] {dagbag.py:588} INFO - Filling up the DagBag from /home/airflow/.local/lib/python3.12/site-packages/airflow/example_dags/example_python_decorator.py
[2025-04-21T11:30:12.370+0000] {processor.py:925} INFO - DAG(s) 'example_python_decorator' retrieved from /home/airflow/.local/lib/python3.12/site-packages/airflow/example_dags/example_python_decorator.py
[2025-04-21T11:30:12.387+0000] {logging_mixin.py:190} INFO - [2025-04-21T11:30:12.386+0000] {dag.py:3239} INFO - Sync 1 DAGs
[2025-04-21T11:30:12.397+0000] {logging_mixin.py:190} INFO - [2025-04-21T11:30:12.396+0000] {dag.py:4180} INFO - Setting next_dagrun for example_python_decorator to None, run_after=None
[2025-04-21T11:30:12.410+0000] {processor.py:208} INFO - Processing /home/airflow/.local/lib/python3.12/site-packages/airflow/example_dags/example_python_decorator.py took 0.058 seconds
[2025-04-21T11:30:42.706+0000] {processor.py:186} INFO - Started process (PID=4759) to work on /home/airflow/.local/lib/python3.12/site-packages/airflow/example_dags/example_python_decorator.py
[2025-04-21T11:30:42.707+0000] {processor.py:914} INFO - Processing file /home/airflow/.local/lib/python3.12/site-packages/airflow/example_dags/example_python_decorator.py for tasks to queue
[2025-04-21T11:30:42.709+0000] {logging_mixin.py:190} INFO - [2025-04-21T11:30:42.708+0000] {dagbag.py:588} INFO - Filling up the DagBag from /home/airflow/.local/lib/python3.12/site-packages/airflow/example_dags/example_python_decorator.py
[2025-04-21T11:30:42.719+0000] {processor.py:925} INFO - DAG(s) 'example_python_decorator' retrieved from /home/airflow/.local/lib/python3.12/site-packages/airflow/example_dags/example_python_decorator.py
[2025-04-21T11:30:42.737+0000] {logging_mixin.py:190} INFO - [2025-04-21T11:30:42.737+0000] {dag.py:3239} INFO - Sync 1 DAGs
[2025-04-21T11:30:42.749+0000] {logging_mixin.py:190} INFO - [2025-04-21T11:30:42.749+0000] {dag.py:4180} INFO - Setting next_dagrun for example_python_decorator to None, run_after=None
[2025-04-21T11:30:42.763+0000] {processor.py:208} INFO - Processing /home/airflow/.local/lib/python3.12/site-packages/airflow/example_dags/example_python_decorator.py took 0.062 seconds
[2025-04-21T11:31:13.236+0000] {processor.py:186} INFO - Started process (PID=4821) to work on /home/airflow/.local/lib/python3.12/site-packages/airflow/example_dags/example_python_decorator.py
[2025-04-21T11:31:13.237+0000] {processor.py:914} INFO - Processing file /home/airflow/.local/lib/python3.12/site-packages/airflow/example_dags/example_python_decorator.py for tasks to queue
[2025-04-21T11:31:13.239+0000] {logging_mixin.py:190} INFO - [2025-04-21T11:31:13.238+0000] {dagbag.py:588} INFO - Filling up the DagBag from /home/airflow/.local/lib/python3.12/site-packages/airflow/example_dags/example_python_decorator.py
[2025-04-21T11:31:13.249+0000] {processor.py:925} INFO - DAG(s) 'example_python_decorator' retrieved from /home/airflow/.local/lib/python3.12/site-packages/airflow/example_dags/example_python_decorator.py
[2025-04-21T11:31:13.266+0000] {logging_mixin.py:190} INFO - [2025-04-21T11:31:13.266+0000] {dag.py:3239} INFO - Sync 1 DAGs
[2025-04-21T11:31:13.278+0000] {logging_mixin.py:190} INFO - [2025-04-21T11:31:13.277+0000] {dag.py:4180} INFO - Setting next_dagrun for example_python_decorator to None, run_after=None
[2025-04-21T11:31:13.296+0000] {processor.py:208} INFO - Processing /home/airflow/.local/lib/python3.12/site-packages/airflow/example_dags/example_python_decorator.py took 0.064 seconds
[2025-04-21T11:31:43.889+0000] {processor.py:186} INFO - Started process (PID=4873) to work on /home/airflow/.local/lib/python3.12/site-packages/airflow/example_dags/example_python_decorator.py
[2025-04-21T11:31:43.890+0000] {processor.py:914} INFO - Processing file /home/airflow/.local/lib/python3.12/site-packages/airflow/example_dags/example_python_decorator.py for tasks to queue
[2025-04-21T11:31:43.892+0000] {logging_mixin.py:190} INFO - [2025-04-21T11:31:43.892+0000] {dagbag.py:588} INFO - Filling up the DagBag from /home/airflow/.local/lib/python3.12/site-packages/airflow/example_dags/example_python_decorator.py
[2025-04-21T11:31:43.905+0000] {processor.py:925} INFO - DAG(s) 'example_python_decorator' retrieved from /home/airflow/.local/lib/python3.12/site-packages/airflow/example_dags/example_python_decorator.py
[2025-04-21T11:31:43.923+0000] {logging_mixin.py:190} INFO - [2025-04-21T11:31:43.923+0000] {dag.py:3239} INFO - Sync 1 DAGs
[2025-04-21T11:31:43.935+0000] {logging_mixin.py:190} INFO - [2025-04-21T11:31:43.934+0000] {dag.py:4180} INFO - Setting next_dagrun for example_python_decorator to None, run_after=None
[2025-04-21T11:31:43.953+0000] {processor.py:208} INFO - Processing /home/airflow/.local/lib/python3.12/site-packages/airflow/example_dags/example_python_decorator.py took 0.069 seconds
[2025-04-21T11:32:14.791+0000] {processor.py:186} INFO - Started process (PID=4936) to work on /home/airflow/.local/lib/python3.12/site-packages/airflow/example_dags/example_python_decorator.py
[2025-04-21T11:32:14.792+0000] {processor.py:914} INFO - Processing file /home/airflow/.local/lib/python3.12/site-packages/airflow/example_dags/example_python_decorator.py for tasks to queue
[2025-04-21T11:32:14.794+0000] {logging_mixin.py:190} INFO - [2025-04-21T11:32:14.794+0000] {dagbag.py:588} INFO - Filling up the DagBag from /home/airflow/.local/lib/python3.12/site-packages/airflow/example_dags/example_python_decorator.py
[2025-04-21T11:32:14.807+0000] {processor.py:925} INFO - DAG(s) 'example_python_decorator' retrieved from /home/airflow/.local/lib/python3.12/site-packages/airflow/example_dags/example_python_decorator.py
[2025-04-21T11:32:14.828+0000] {logging_mixin.py:190} INFO - [2025-04-21T11:32:14.828+0000] {dag.py:3239} INFO - Sync 1 DAGs
[2025-04-21T11:32:14.841+0000] {logging_mixin.py:190} INFO - [2025-04-21T11:32:14.840+0000] {dag.py:4180} INFO - Setting next_dagrun for example_python_decorator to None, run_after=None
[2025-04-21T11:32:14.857+0000] {processor.py:208} INFO - Processing /home/airflow/.local/lib/python3.12/site-packages/airflow/example_dags/example_python_decorator.py took 0.071 seconds
[2025-04-21T11:32:45.548+0000] {processor.py:186} INFO - Started process (PID=4999) to work on /home/airflow/.local/lib/python3.12/site-packages/airflow/example_dags/example_python_decorator.py
[2025-04-21T11:32:45.549+0000] {processor.py:914} INFO - Processing file /home/airflow/.local/lib/python3.12/site-packages/airflow/example_dags/example_python_decorator.py for tasks to queue
[2025-04-21T11:32:45.551+0000] {logging_mixin.py:190} INFO - [2025-04-21T11:32:45.551+0000] {dagbag.py:588} INFO - Filling up the DagBag from /home/airflow/.local/lib/python3.12/site-packages/airflow/example_dags/example_python_decorator.py
[2025-04-21T11:32:45.564+0000] {processor.py:925} INFO - DAG(s) 'example_python_decorator' retrieved from /home/airflow/.local/lib/python3.12/site-packages/airflow/example_dags/example_python_decorator.py
[2025-04-21T11:32:45.585+0000] {logging_mixin.py:190} INFO - [2025-04-21T11:32:45.585+0000] {dag.py:3239} INFO - Sync 1 DAGs
[2025-04-21T11:32:45.598+0000] {logging_mixin.py:190} INFO - [2025-04-21T11:32:45.598+0000] {dag.py:4180} INFO - Setting next_dagrun for example_python_decorator to None, run_after=None
[2025-04-21T11:32:45.614+0000] {processor.py:208} INFO - Processing /home/airflow/.local/lib/python3.12/site-packages/airflow/example_dags/example_python_decorator.py took 0.070 seconds
[2025-04-21T11:33:16.215+0000] {processor.py:186} INFO - Started process (PID=5063) to work on /home/airflow/.local/lib/python3.12/site-packages/airflow/example_dags/example_python_decorator.py
[2025-04-21T11:33:16.217+0000] {processor.py:914} INFO - Processing file /home/airflow/.local/lib/python3.12/site-packages/airflow/example_dags/example_python_decorator.py for tasks to queue
[2025-04-21T11:33:16.219+0000] {logging_mixin.py:190} INFO - [2025-04-21T11:33:16.218+0000] {dagbag.py:588} INFO - Filling up the DagBag from /home/airflow/.local/lib/python3.12/site-packages/airflow/example_dags/example_python_decorator.py
[2025-04-21T11:33:16.232+0000] {processor.py:925} INFO - DAG(s) 'example_python_decorator' retrieved from /home/airflow/.local/lib/python3.12/site-packages/airflow/example_dags/example_python_decorator.py
[2025-04-21T11:33:16.249+0000] {logging_mixin.py:190} INFO - [2025-04-21T11:33:16.249+0000] {dag.py:3239} INFO - Sync 1 DAGs
[2025-04-21T11:33:16.261+0000] {logging_mixin.py:190} INFO - [2025-04-21T11:33:16.260+0000] {dag.py:4180} INFO - Setting next_dagrun for example_python_decorator to None, run_after=None
[2025-04-21T11:33:16.278+0000] {processor.py:208} INFO - Processing /home/airflow/.local/lib/python3.12/site-packages/airflow/example_dags/example_python_decorator.py took 0.068 seconds
[2025-04-21T11:33:46.381+0000] {processor.py:186} INFO - Started process (PID=5127) to work on /home/airflow/.local/lib/python3.12/site-packages/airflow/example_dags/example_python_decorator.py
[2025-04-21T11:33:46.381+0000] {processor.py:914} INFO - Processing file /home/airflow/.local/lib/python3.12/site-packages/airflow/example_dags/example_python_decorator.py for tasks to queue
[2025-04-21T11:33:46.383+0000] {logging_mixin.py:190} INFO - [2025-04-21T11:33:46.383+0000] {dagbag.py:588} INFO - Filling up the DagBag from /home/airflow/.local/lib/python3.12/site-packages/airflow/example_dags/example_python_decorator.py
[2025-04-21T11:33:46.394+0000] {processor.py:925} INFO - DAG(s) 'example_python_decorator' retrieved from /home/airflow/.local/lib/python3.12/site-packages/airflow/example_dags/example_python_decorator.py
[2025-04-21T11:33:46.410+0000] {logging_mixin.py:190} INFO - [2025-04-21T11:33:46.410+0000] {dag.py:3239} INFO - Sync 1 DAGs
[2025-04-21T11:33:46.423+0000] {logging_mixin.py:190} INFO - [2025-04-21T11:33:46.423+0000] {dag.py:4180} INFO - Setting next_dagrun for example_python_decorator to None, run_after=None
[2025-04-21T11:33:46.438+0000] {processor.py:208} INFO - Processing /home/airflow/.local/lib/python3.12/site-packages/airflow/example_dags/example_python_decorator.py took 0.061 seconds
[2025-04-21T11:34:16.614+0000] {processor.py:186} INFO - Started process (PID=5190) to work on /home/airflow/.local/lib/python3.12/site-packages/airflow/example_dags/example_python_decorator.py
[2025-04-21T11:34:16.615+0000] {processor.py:914} INFO - Processing file /home/airflow/.local/lib/python3.12/site-packages/airflow/example_dags/example_python_decorator.py for tasks to queue
[2025-04-21T11:34:16.617+0000] {logging_mixin.py:190} INFO - [2025-04-21T11:34:16.616+0000] {dagbag.py:588} INFO - Filling up the DagBag from /home/airflow/.local/lib/python3.12/site-packages/airflow/example_dags/example_python_decorator.py
[2025-04-21T11:34:16.627+0000] {processor.py:925} INFO - DAG(s) 'example_python_decorator' retrieved from /home/airflow/.local/lib/python3.12/site-packages/airflow/example_dags/example_python_decorator.py
[2025-04-21T11:34:16.642+0000] {logging_mixin.py:190} INFO - [2025-04-21T11:34:16.642+0000] {dag.py:3239} INFO - Sync 1 DAGs
[2025-04-21T11:34:16.654+0000] {logging_mixin.py:190} INFO - [2025-04-21T11:34:16.654+0000] {dag.py:4180} INFO - Setting next_dagrun for example_python_decorator to None, run_after=None
[2025-04-21T11:34:16.668+0000] {processor.py:208} INFO - Processing /home/airflow/.local/lib/python3.12/site-packages/airflow/example_dags/example_python_decorator.py took 0.059 seconds
[2025-04-21T11:34:47.057+0000] {processor.py:186} INFO - Started process (PID=5254) to work on /home/airflow/.local/lib/python3.12/site-packages/airflow/example_dags/example_python_decorator.py
[2025-04-21T11:34:47.058+0000] {processor.py:914} INFO - Processing file /home/airflow/.local/lib/python3.12/site-packages/airflow/example_dags/example_python_decorator.py for tasks to queue
[2025-04-21T11:34:47.060+0000] {logging_mixin.py:190} INFO - [2025-04-21T11:34:47.060+0000] {dagbag.py:588} INFO - Filling up the DagBag from /home/airflow/.local/lib/python3.12/site-packages/airflow/example_dags/example_python_decorator.py
[2025-04-21T11:34:47.070+0000] {processor.py:925} INFO - DAG(s) 'example_python_decorator' retrieved from /home/airflow/.local/lib/python3.12/site-packages/airflow/example_dags/example_python_decorator.py
[2025-04-21T11:34:47.089+0000] {logging_mixin.py:190} INFO - [2025-04-21T11:34:47.088+0000] {dag.py:3239} INFO - Sync 1 DAGs
[2025-04-21T11:34:47.099+0000] {logging_mixin.py:190} INFO - [2025-04-21T11:34:47.099+0000] {dag.py:4180} INFO - Setting next_dagrun for example_python_decorator to None, run_after=None
[2025-04-21T11:34:47.114+0000] {processor.py:208} INFO - Processing /home/airflow/.local/lib/python3.12/site-packages/airflow/example_dags/example_python_decorator.py took 0.061 seconds
[2025-04-21T11:35:17.479+0000] {processor.py:186} INFO - Started process (PID=5318) to work on /home/airflow/.local/lib/python3.12/site-packages/airflow/example_dags/example_python_decorator.py
[2025-04-21T11:35:17.480+0000] {processor.py:914} INFO - Processing file /home/airflow/.local/lib/python3.12/site-packages/airflow/example_dags/example_python_decorator.py for tasks to queue
[2025-04-21T11:35:17.482+0000] {logging_mixin.py:190} INFO - [2025-04-21T11:35:17.482+0000] {dagbag.py:588} INFO - Filling up the DagBag from /home/airflow/.local/lib/python3.12/site-packages/airflow/example_dags/example_python_decorator.py
[2025-04-21T11:35:17.495+0000] {processor.py:925} INFO - DAG(s) 'example_python_decorator' retrieved from /home/airflow/.local/lib/python3.12/site-packages/airflow/example_dags/example_python_decorator.py
[2025-04-21T11:35:17.515+0000] {logging_mixin.py:190} INFO - [2025-04-21T11:35:17.515+0000] {dag.py:3239} INFO - Sync 1 DAGs
[2025-04-21T11:35:17.527+0000] {logging_mixin.py:190} INFO - [2025-04-21T11:35:17.527+0000] {dag.py:4180} INFO - Setting next_dagrun for example_python_decorator to None, run_after=None
[2025-04-21T11:35:17.548+0000] {processor.py:208} INFO - Processing /home/airflow/.local/lib/python3.12/site-packages/airflow/example_dags/example_python_decorator.py took 0.074 seconds
[2025-04-21T11:35:48.476+0000] {processor.py:186} INFO - Started process (PID=5382) to work on /home/airflow/.local/lib/python3.12/site-packages/airflow/example_dags/example_python_decorator.py
[2025-04-21T11:35:48.477+0000] {processor.py:914} INFO - Processing file /home/airflow/.local/lib/python3.12/site-packages/airflow/example_dags/example_python_decorator.py for tasks to queue
[2025-04-21T11:35:48.479+0000] {logging_mixin.py:190} INFO - [2025-04-21T11:35:48.479+0000] {dagbag.py:588} INFO - Filling up the DagBag from /home/airflow/.local/lib/python3.12/site-packages/airflow/example_dags/example_python_decorator.py
[2025-04-21T11:35:48.491+0000] {processor.py:925} INFO - DAG(s) 'example_python_decorator' retrieved from /home/airflow/.local/lib/python3.12/site-packages/airflow/example_dags/example_python_decorator.py
[2025-04-21T11:35:48.511+0000] {logging_mixin.py:190} INFO - [2025-04-21T11:35:48.511+0000] {dag.py:3239} INFO - Sync 1 DAGs
[2025-04-21T11:35:48.523+0000] {logging_mixin.py:190} INFO - [2025-04-21T11:35:48.522+0000] {dag.py:4180} INFO - Setting next_dagrun for example_python_decorator to None, run_after=None
[2025-04-21T11:35:48.538+0000] {processor.py:208} INFO - Processing /home/airflow/.local/lib/python3.12/site-packages/airflow/example_dags/example_python_decorator.py took 0.067 seconds
[2025-04-21T11:36:19.311+0000] {processor.py:186} INFO - Started process (PID=5446) to work on /home/airflow/.local/lib/python3.12/site-packages/airflow/example_dags/example_python_decorator.py
[2025-04-21T11:36:19.312+0000] {processor.py:914} INFO - Processing file /home/airflow/.local/lib/python3.12/site-packages/airflow/example_dags/example_python_decorator.py for tasks to queue
[2025-04-21T11:36:19.314+0000] {logging_mixin.py:190} INFO - [2025-04-21T11:36:19.314+0000] {dagbag.py:588} INFO - Filling up the DagBag from /home/airflow/.local/lib/python3.12/site-packages/airflow/example_dags/example_python_decorator.py
[2025-04-21T11:36:19.325+0000] {processor.py:925} INFO - DAG(s) 'example_python_decorator' retrieved from /home/airflow/.local/lib/python3.12/site-packages/airflow/example_dags/example_python_decorator.py
[2025-04-21T11:36:19.341+0000] {logging_mixin.py:190} INFO - [2025-04-21T11:36:19.341+0000] {dag.py:3239} INFO - Sync 1 DAGs
[2025-04-21T11:36:19.351+0000] {logging_mixin.py:190} INFO - [2025-04-21T11:36:19.351+0000] {dag.py:4180} INFO - Setting next_dagrun for example_python_decorator to None, run_after=None
[2025-04-21T11:36:19.366+0000] {processor.py:208} INFO - Processing /home/airflow/.local/lib/python3.12/site-packages/airflow/example_dags/example_python_decorator.py took 0.059 seconds
[2025-04-21T11:36:50.018+0000] {processor.py:186} INFO - Started process (PID=5510) to work on /home/airflow/.local/lib/python3.12/site-packages/airflow/example_dags/example_python_decorator.py
[2025-04-21T11:36:50.019+0000] {processor.py:914} INFO - Processing file /home/airflow/.local/lib/python3.12/site-packages/airflow/example_dags/example_python_decorator.py for tasks to queue
[2025-04-21T11:36:50.021+0000] {logging_mixin.py:190} INFO - [2025-04-21T11:36:50.021+0000] {dagbag.py:588} INFO - Filling up the DagBag from /home/airflow/.local/lib/python3.12/site-packages/airflow/example_dags/example_python_decorator.py
[2025-04-21T11:36:50.032+0000] {processor.py:925} INFO - DAG(s) 'example_python_decorator' retrieved from /home/airflow/.local/lib/python3.12/site-packages/airflow/example_dags/example_python_decorator.py
[2025-04-21T11:36:50.050+0000] {logging_mixin.py:190} INFO - [2025-04-21T11:36:50.049+0000] {dag.py:3239} INFO - Sync 1 DAGs
[2025-04-21T11:36:50.062+0000] {logging_mixin.py:190} INFO - [2025-04-21T11:36:50.062+0000] {dag.py:4180} INFO - Setting next_dagrun for example_python_decorator to None, run_after=None
[2025-04-21T11:36:50.084+0000] {processor.py:208} INFO - Processing /home/airflow/.local/lib/python3.12/site-packages/airflow/example_dags/example_python_decorator.py took 0.069 seconds
[2025-04-21T11:37:20.616+0000] {processor.py:186} INFO - Started process (PID=5574) to work on /home/airflow/.local/lib/python3.12/site-packages/airflow/example_dags/example_python_decorator.py
[2025-04-21T11:37:20.616+0000] {processor.py:914} INFO - Processing file /home/airflow/.local/lib/python3.12/site-packages/airflow/example_dags/example_python_decorator.py for tasks to queue
[2025-04-21T11:37:20.618+0000] {logging_mixin.py:190} INFO - [2025-04-21T11:37:20.618+0000] {dagbag.py:588} INFO - Filling up the DagBag from /home/airflow/.local/lib/python3.12/site-packages/airflow/example_dags/example_python_decorator.py
[2025-04-21T11:37:20.629+0000] {processor.py:925} INFO - DAG(s) 'example_python_decorator' retrieved from /home/airflow/.local/lib/python3.12/site-packages/airflow/example_dags/example_python_decorator.py
[2025-04-21T11:37:20.645+0000] {logging_mixin.py:190} INFO - [2025-04-21T11:37:20.645+0000] {dag.py:3239} INFO - Sync 1 DAGs
[2025-04-21T11:37:20.656+0000] {logging_mixin.py:190} INFO - [2025-04-21T11:37:20.655+0000] {dag.py:4180} INFO - Setting next_dagrun for example_python_decorator to None, run_after=None
[2025-04-21T11:37:20.672+0000] {processor.py:208} INFO - Processing /home/airflow/.local/lib/python3.12/site-packages/airflow/example_dags/example_python_decorator.py took 0.060 seconds
[2025-04-21T11:37:51.013+0000] {processor.py:186} INFO - Started process (PID=5637) to work on /home/airflow/.local/lib/python3.12/site-packages/airflow/example_dags/example_python_decorator.py
[2025-04-21T11:37:51.014+0000] {processor.py:914} INFO - Processing file /home/airflow/.local/lib/python3.12/site-packages/airflow/example_dags/example_python_decorator.py for tasks to queue
[2025-04-21T11:37:51.016+0000] {logging_mixin.py:190} INFO - [2025-04-21T11:37:51.016+0000] {dagbag.py:588} INFO - Filling up the DagBag from /home/airflow/.local/lib/python3.12/site-packages/airflow/example_dags/example_python_decorator.py
[2025-04-21T11:37:51.027+0000] {processor.py:925} INFO - DAG(s) 'example_python_decorator' retrieved from /home/airflow/.local/lib/python3.12/site-packages/airflow/example_dags/example_python_decorator.py
[2025-04-21T11:37:51.044+0000] {logging_mixin.py:190} INFO - [2025-04-21T11:37:51.044+0000] {dag.py:3239} INFO - Sync 1 DAGs
[2025-04-21T11:37:51.056+0000] {logging_mixin.py:190} INFO - [2025-04-21T11:37:51.056+0000] {dag.py:4180} INFO - Setting next_dagrun for example_python_decorator to None, run_after=None
[2025-04-21T11:37:51.071+0000] {processor.py:208} INFO - Processing /home/airflow/.local/lib/python3.12/site-packages/airflow/example_dags/example_python_decorator.py took 0.061 seconds
[2025-04-21T11:38:21.190+0000] {processor.py:186} INFO - Started process (PID=5701) to work on /home/airflow/.local/lib/python3.12/site-packages/airflow/example_dags/example_python_decorator.py
[2025-04-21T11:38:21.191+0000] {processor.py:914} INFO - Processing file /home/airflow/.local/lib/python3.12/site-packages/airflow/example_dags/example_python_decorator.py for tasks to queue
[2025-04-21T11:38:21.193+0000] {logging_mixin.py:190} INFO - [2025-04-21T11:38:21.193+0000] {dagbag.py:588} INFO - Filling up the DagBag from /home/airflow/.local/lib/python3.12/site-packages/airflow/example_dags/example_python_decorator.py
[2025-04-21T11:38:21.203+0000] {processor.py:925} INFO - DAG(s) 'example_python_decorator' retrieved from /home/airflow/.local/lib/python3.12/site-packages/airflow/example_dags/example_python_decorator.py
[2025-04-21T11:38:21.222+0000] {logging_mixin.py:190} INFO - [2025-04-21T11:38:21.221+0000] {dag.py:3239} INFO - Sync 1 DAGs
[2025-04-21T11:38:21.237+0000] {logging_mixin.py:190} INFO - [2025-04-21T11:38:21.237+0000] {dag.py:4180} INFO - Setting next_dagrun for example_python_decorator to None, run_after=None
[2025-04-21T11:38:21.255+0000] {processor.py:208} INFO - Processing /home/airflow/.local/lib/python3.12/site-packages/airflow/example_dags/example_python_decorator.py took 0.069 seconds
[2025-04-21T11:38:51.509+0000] {processor.py:186} INFO - Started process (PID=5765) to work on /home/airflow/.local/lib/python3.12/site-packages/airflow/example_dags/example_python_decorator.py
[2025-04-21T11:38:51.509+0000] {processor.py:914} INFO - Processing file /home/airflow/.local/lib/python3.12/site-packages/airflow/example_dags/example_python_decorator.py for tasks to queue
[2025-04-21T11:38:51.512+0000] {logging_mixin.py:190} INFO - [2025-04-21T11:38:51.512+0000] {dagbag.py:588} INFO - Filling up the DagBag from /home/airflow/.local/lib/python3.12/site-packages/airflow/example_dags/example_python_decorator.py
[2025-04-21T11:38:51.522+0000] {processor.py:925} INFO - DAG(s) 'example_python_decorator' retrieved from /home/airflow/.local/lib/python3.12/site-packages/airflow/example_dags/example_python_decorator.py
[2025-04-21T11:38:51.539+0000] {logging_mixin.py:190} INFO - [2025-04-21T11:38:51.538+0000] {dag.py:3239} INFO - Sync 1 DAGs
[2025-04-21T11:38:51.549+0000] {logging_mixin.py:190} INFO - [2025-04-21T11:38:51.548+0000] {dag.py:4180} INFO - Setting next_dagrun for example_python_decorator to None, run_after=None
[2025-04-21T11:38:51.562+0000] {processor.py:208} INFO - Processing /home/airflow/.local/lib/python3.12/site-packages/airflow/example_dags/example_python_decorator.py took 0.057 seconds
[2025-04-21T11:39:21.612+0000] {processor.py:186} INFO - Started process (PID=5829) to work on /home/airflow/.local/lib/python3.12/site-packages/airflow/example_dags/example_python_decorator.py
[2025-04-21T11:39:21.613+0000] {processor.py:914} INFO - Processing file /home/airflow/.local/lib/python3.12/site-packages/airflow/example_dags/example_python_decorator.py for tasks to queue
[2025-04-21T11:39:21.615+0000] {logging_mixin.py:190} INFO - [2025-04-21T11:39:21.615+0000] {dagbag.py:588} INFO - Filling up the DagBag from /home/airflow/.local/lib/python3.12/site-packages/airflow/example_dags/example_python_decorator.py
[2025-04-21T11:39:21.625+0000] {processor.py:925} INFO - DAG(s) 'example_python_decorator' retrieved from /home/airflow/.local/lib/python3.12/site-packages/airflow/example_dags/example_python_decorator.py
[2025-04-21T11:39:21.642+0000] {logging_mixin.py:190} INFO - [2025-04-21T11:39:21.642+0000] {dag.py:3239} INFO - Sync 1 DAGs
[2025-04-21T11:39:21.654+0000] {logging_mixin.py:190} INFO - [2025-04-21T11:39:21.653+0000] {dag.py:4180} INFO - Setting next_dagrun for example_python_decorator to None, run_after=None
[2025-04-21T11:39:21.670+0000] {processor.py:208} INFO - Processing /home/airflow/.local/lib/python3.12/site-packages/airflow/example_dags/example_python_decorator.py took 0.063 seconds
[2025-04-21T11:39:52.423+0000] {processor.py:186} INFO - Started process (PID=5893) to work on /home/airflow/.local/lib/python3.12/site-packages/airflow/example_dags/example_python_decorator.py
[2025-04-21T11:39:52.424+0000] {processor.py:914} INFO - Processing file /home/airflow/.local/lib/python3.12/site-packages/airflow/example_dags/example_python_decorator.py for tasks to queue
[2025-04-21T11:39:52.427+0000] {logging_mixin.py:190} INFO - [2025-04-21T11:39:52.426+0000] {dagbag.py:588} INFO - Filling up the DagBag from /home/airflow/.local/lib/python3.12/site-packages/airflow/example_dags/example_python_decorator.py
[2025-04-21T11:39:52.438+0000] {processor.py:925} INFO - DAG(s) 'example_python_decorator' retrieved from /home/airflow/.local/lib/python3.12/site-packages/airflow/example_dags/example_python_decorator.py
[2025-04-21T11:39:52.456+0000] {logging_mixin.py:190} INFO - [2025-04-21T11:39:52.456+0000] {dag.py:3239} INFO - Sync 1 DAGs
[2025-04-21T11:39:52.468+0000] {logging_mixin.py:190} INFO - [2025-04-21T11:39:52.468+0000] {dag.py:4180} INFO - Setting next_dagrun for example_python_decorator to None, run_after=None
[2025-04-21T11:39:52.486+0000] {processor.py:208} INFO - Processing /home/airflow/.local/lib/python3.12/site-packages/airflow/example_dags/example_python_decorator.py took 0.066 seconds
[2025-04-21T11:40:23.294+0000] {processor.py:186} INFO - Started process (PID=5957) to work on /home/airflow/.local/lib/python3.12/site-packages/airflow/example_dags/example_python_decorator.py
[2025-04-21T11:40:23.295+0000] {processor.py:914} INFO - Processing file /home/airflow/.local/lib/python3.12/site-packages/airflow/example_dags/example_python_decorator.py for tasks to queue
[2025-04-21T11:40:23.297+0000] {logging_mixin.py:190} INFO - [2025-04-21T11:40:23.296+0000] {dagbag.py:588} INFO - Filling up the DagBag from /home/airflow/.local/lib/python3.12/site-packages/airflow/example_dags/example_python_decorator.py
[2025-04-21T11:40:23.308+0000] {processor.py:925} INFO - DAG(s) 'example_python_decorator' retrieved from /home/airflow/.local/lib/python3.12/site-packages/airflow/example_dags/example_python_decorator.py
[2025-04-21T11:40:23.325+0000] {logging_mixin.py:190} INFO - [2025-04-21T11:40:23.325+0000] {dag.py:3239} INFO - Sync 1 DAGs
[2025-04-21T11:40:23.336+0000] {logging_mixin.py:190} INFO - [2025-04-21T11:40:23.336+0000] {dag.py:4180} INFO - Setting next_dagrun for example_python_decorator to None, run_after=None
[2025-04-21T11:40:23.352+0000] {processor.py:208} INFO - Processing /home/airflow/.local/lib/python3.12/site-packages/airflow/example_dags/example_python_decorator.py took 0.063 seconds
[2025-04-21T11:40:53.515+0000] {processor.py:186} INFO - Started process (PID=6021) to work on /home/airflow/.local/lib/python3.12/site-packages/airflow/example_dags/example_python_decorator.py
[2025-04-21T11:40:53.516+0000] {processor.py:914} INFO - Processing file /home/airflow/.local/lib/python3.12/site-packages/airflow/example_dags/example_python_decorator.py for tasks to queue
[2025-04-21T11:40:53.518+0000] {logging_mixin.py:190} INFO - [2025-04-21T11:40:53.518+0000] {dagbag.py:588} INFO - Filling up the DagBag from /home/airflow/.local/lib/python3.12/site-packages/airflow/example_dags/example_python_decorator.py
[2025-04-21T11:40:53.530+0000] {processor.py:925} INFO - DAG(s) 'example_python_decorator' retrieved from /home/airflow/.local/lib/python3.12/site-packages/airflow/example_dags/example_python_decorator.py
[2025-04-21T11:40:53.549+0000] {logging_mixin.py:190} INFO - [2025-04-21T11:40:53.549+0000] {dag.py:3239} INFO - Sync 1 DAGs
[2025-04-21T11:40:53.560+0000] {logging_mixin.py:190} INFO - [2025-04-21T11:40:53.560+0000] {dag.py:4180} INFO - Setting next_dagrun for example_python_decorator to None, run_after=None
[2025-04-21T11:40:53.577+0000] {processor.py:208} INFO - Processing /home/airflow/.local/lib/python3.12/site-packages/airflow/example_dags/example_python_decorator.py took 0.068 seconds
[2025-04-21T11:41:23.681+0000] {processor.py:186} INFO - Started process (PID=6085) to work on /home/airflow/.local/lib/python3.12/site-packages/airflow/example_dags/example_python_decorator.py
[2025-04-21T11:41:23.682+0000] {processor.py:914} INFO - Processing file /home/airflow/.local/lib/python3.12/site-packages/airflow/example_dags/example_python_decorator.py for tasks to queue
[2025-04-21T11:41:23.684+0000] {logging_mixin.py:190} INFO - [2025-04-21T11:41:23.684+0000] {dagbag.py:588} INFO - Filling up the DagBag from /home/airflow/.local/lib/python3.12/site-packages/airflow/example_dags/example_python_decorator.py
[2025-04-21T11:41:23.696+0000] {processor.py:925} INFO - DAG(s) 'example_python_decorator' retrieved from /home/airflow/.local/lib/python3.12/site-packages/airflow/example_dags/example_python_decorator.py
[2025-04-21T11:41:23.714+0000] {logging_mixin.py:190} INFO - [2025-04-21T11:41:23.713+0000] {dag.py:3239} INFO - Sync 1 DAGs
[2025-04-21T11:41:23.726+0000] {logging_mixin.py:190} INFO - [2025-04-21T11:41:23.725+0000] {dag.py:4180} INFO - Setting next_dagrun for example_python_decorator to None, run_after=None
[2025-04-21T11:41:23.743+0000] {processor.py:208} INFO - Processing /home/airflow/.local/lib/python3.12/site-packages/airflow/example_dags/example_python_decorator.py took 0.066 seconds
[2025-04-21T11:41:53.999+0000] {processor.py:186} INFO - Started process (PID=6149) to work on /home/airflow/.local/lib/python3.12/site-packages/airflow/example_dags/example_python_decorator.py
[2025-04-21T11:41:53.999+0000] {processor.py:914} INFO - Processing file /home/airflow/.local/lib/python3.12/site-packages/airflow/example_dags/example_python_decorator.py for tasks to queue
[2025-04-21T11:41:54.001+0000] {logging_mixin.py:190} INFO - [2025-04-21T11:41:54.001+0000] {dagbag.py:588} INFO - Filling up the DagBag from /home/airflow/.local/lib/python3.12/site-packages/airflow/example_dags/example_python_decorator.py
[2025-04-21T11:41:54.011+0000] {processor.py:925} INFO - DAG(s) 'example_python_decorator' retrieved from /home/airflow/.local/lib/python3.12/site-packages/airflow/example_dags/example_python_decorator.py
[2025-04-21T11:41:54.031+0000] {logging_mixin.py:190} INFO - [2025-04-21T11:41:54.031+0000] {dag.py:3239} INFO - Sync 1 DAGs
[2025-04-21T11:41:54.041+0000] {logging_mixin.py:190} INFO - [2025-04-21T11:41:54.041+0000] {dag.py:4180} INFO - Setting next_dagrun for example_python_decorator to None, run_after=None
[2025-04-21T11:41:54.061+0000] {processor.py:208} INFO - Processing /home/airflow/.local/lib/python3.12/site-packages/airflow/example_dags/example_python_decorator.py took 0.066 seconds
[2025-04-21T11:42:24.816+0000] {processor.py:186} INFO - Started process (PID=6213) to work on /home/airflow/.local/lib/python3.12/site-packages/airflow/example_dags/example_python_decorator.py
[2025-04-21T11:42:24.817+0000] {processor.py:914} INFO - Processing file /home/airflow/.local/lib/python3.12/site-packages/airflow/example_dags/example_python_decorator.py for tasks to queue
[2025-04-21T11:42:24.819+0000] {logging_mixin.py:190} INFO - [2025-04-21T11:42:24.819+0000] {dagbag.py:588} INFO - Filling up the DagBag from /home/airflow/.local/lib/python3.12/site-packages/airflow/example_dags/example_python_decorator.py
[2025-04-21T11:42:24.830+0000] {processor.py:925} INFO - DAG(s) 'example_python_decorator' retrieved from /home/airflow/.local/lib/python3.12/site-packages/airflow/example_dags/example_python_decorator.py
[2025-04-21T11:42:24.847+0000] {logging_mixin.py:190} INFO - [2025-04-21T11:42:24.846+0000] {dag.py:3239} INFO - Sync 1 DAGs
[2025-04-21T11:42:24.858+0000] {logging_mixin.py:190} INFO - [2025-04-21T11:42:24.858+0000] {dag.py:4180} INFO - Setting next_dagrun for example_python_decorator to None, run_after=None
[2025-04-21T11:42:24.872+0000] {processor.py:208} INFO - Processing /home/airflow/.local/lib/python3.12/site-packages/airflow/example_dags/example_python_decorator.py took 0.060 seconds
[2025-04-21T11:42:55.978+0000] {processor.py:186} INFO - Started process (PID=6277) to work on /home/airflow/.local/lib/python3.12/site-packages/airflow/example_dags/example_python_decorator.py
[2025-04-21T11:42:55.980+0000] {processor.py:914} INFO - Processing file /home/airflow/.local/lib/python3.12/site-packages/airflow/example_dags/example_python_decorator.py for tasks to queue
[2025-04-21T11:42:55.984+0000] {logging_mixin.py:190} INFO - [2025-04-21T11:42:55.984+0000] {dagbag.py:588} INFO - Filling up the DagBag from /home/airflow/.local/lib/python3.12/site-packages/airflow/example_dags/example_python_decorator.py
[2025-04-21T11:42:56.005+0000] {processor.py:925} INFO - DAG(s) 'example_python_decorator' retrieved from /home/airflow/.local/lib/python3.12/site-packages/airflow/example_dags/example_python_decorator.py
[2025-04-21T11:42:56.038+0000] {logging_mixin.py:190} INFO - [2025-04-21T11:42:56.037+0000] {dag.py:3239} INFO - Sync 1 DAGs
[2025-04-21T11:42:56.061+0000] {logging_mixin.py:190} INFO - [2025-04-21T11:42:56.061+0000] {dag.py:4180} INFO - Setting next_dagrun for example_python_decorator to None, run_after=None
[2025-04-21T11:42:56.091+0000] {processor.py:208} INFO - Processing /home/airflow/.local/lib/python3.12/site-packages/airflow/example_dags/example_python_decorator.py took 0.123 seconds
[2025-04-21T11:43:26.734+0000] {processor.py:186} INFO - Started process (PID=6341) to work on /home/airflow/.local/lib/python3.12/site-packages/airflow/example_dags/example_python_decorator.py
[2025-04-21T11:43:26.736+0000] {processor.py:914} INFO - Processing file /home/airflow/.local/lib/python3.12/site-packages/airflow/example_dags/example_python_decorator.py for tasks to queue
[2025-04-21T11:43:26.741+0000] {logging_mixin.py:190} INFO - [2025-04-21T11:43:26.741+0000] {dagbag.py:588} INFO - Filling up the DagBag from /home/airflow/.local/lib/python3.12/site-packages/airflow/example_dags/example_python_decorator.py
[2025-04-21T11:43:26.768+0000] {processor.py:925} INFO - DAG(s) 'example_python_decorator' retrieved from /home/airflow/.local/lib/python3.12/site-packages/airflow/example_dags/example_python_decorator.py
[2025-04-21T11:43:26.810+0000] {logging_mixin.py:190} INFO - [2025-04-21T11:43:26.810+0000] {dag.py:3239} INFO - Sync 1 DAGs
[2025-04-21T11:43:26.842+0000] {logging_mixin.py:190} INFO - [2025-04-21T11:43:26.841+0000] {dag.py:4180} INFO - Setting next_dagrun for example_python_decorator to None, run_after=None
[2025-04-21T11:43:26.879+0000] {processor.py:208} INFO - Processing /home/airflow/.local/lib/python3.12/site-packages/airflow/example_dags/example_python_decorator.py took 0.157 seconds
[2025-04-21T11:43:57.285+0000] {processor.py:186} INFO - Started process (PID=6405) to work on /home/airflow/.local/lib/python3.12/site-packages/airflow/example_dags/example_python_decorator.py
[2025-04-21T11:43:57.286+0000] {processor.py:914} INFO - Processing file /home/airflow/.local/lib/python3.12/site-packages/airflow/example_dags/example_python_decorator.py for tasks to queue
[2025-04-21T11:43:57.290+0000] {logging_mixin.py:190} INFO - [2025-04-21T11:43:57.290+0000] {dagbag.py:588} INFO - Filling up the DagBag from /home/airflow/.local/lib/python3.12/site-packages/airflow/example_dags/example_python_decorator.py
[2025-04-21T11:43:57.311+0000] {processor.py:925} INFO - DAG(s) 'example_python_decorator' retrieved from /home/airflow/.local/lib/python3.12/site-packages/airflow/example_dags/example_python_decorator.py
[2025-04-21T11:43:57.340+0000] {logging_mixin.py:190} INFO - [2025-04-21T11:43:57.340+0000] {dag.py:3239} INFO - Sync 1 DAGs
[2025-04-21T11:43:57.362+0000] {logging_mixin.py:190} INFO - [2025-04-21T11:43:57.361+0000] {dag.py:4180} INFO - Setting next_dagrun for example_python_decorator to None, run_after=None
[2025-04-21T11:43:57.397+0000] {processor.py:208} INFO - Processing /home/airflow/.local/lib/python3.12/site-packages/airflow/example_dags/example_python_decorator.py took 0.121 seconds
[2025-04-21T11:44:28.063+0000] {processor.py:186} INFO - Started process (PID=6469) to work on /home/airflow/.local/lib/python3.12/site-packages/airflow/example_dags/example_python_decorator.py
[2025-04-21T11:44:28.065+0000] {processor.py:914} INFO - Processing file /home/airflow/.local/lib/python3.12/site-packages/airflow/example_dags/example_python_decorator.py for tasks to queue
[2025-04-21T11:44:28.069+0000] {logging_mixin.py:190} INFO - [2025-04-21T11:44:28.069+0000] {dagbag.py:588} INFO - Filling up the DagBag from /home/airflow/.local/lib/python3.12/site-packages/airflow/example_dags/example_python_decorator.py
[2025-04-21T11:44:28.101+0000] {processor.py:925} INFO - DAG(s) 'example_python_decorator' retrieved from /home/airflow/.local/lib/python3.12/site-packages/airflow/example_dags/example_python_decorator.py
[2025-04-21T11:44:28.135+0000] {logging_mixin.py:190} INFO - [2025-04-21T11:44:28.135+0000] {dag.py:3239} INFO - Sync 1 DAGs
[2025-04-21T11:44:28.158+0000] {logging_mixin.py:190} INFO - [2025-04-21T11:44:28.158+0000] {dag.py:4180} INFO - Setting next_dagrun for example_python_decorator to None, run_after=None
[2025-04-21T11:44:28.196+0000] {processor.py:208} INFO - Processing /home/airflow/.local/lib/python3.12/site-packages/airflow/example_dags/example_python_decorator.py took 0.145 seconds
[2025-04-21T11:44:58.526+0000] {processor.py:186} INFO - Started process (PID=6533) to work on /home/airflow/.local/lib/python3.12/site-packages/airflow/example_dags/example_python_decorator.py
[2025-04-21T11:44:58.528+0000] {processor.py:914} INFO - Processing file /home/airflow/.local/lib/python3.12/site-packages/airflow/example_dags/example_python_decorator.py for tasks to queue
[2025-04-21T11:44:58.533+0000] {logging_mixin.py:190} INFO - [2025-04-21T11:44:58.532+0000] {dagbag.py:588} INFO - Filling up the DagBag from /home/airflow/.local/lib/python3.12/site-packages/airflow/example_dags/example_python_decorator.py
[2025-04-21T11:44:58.558+0000] {processor.py:925} INFO - DAG(s) 'example_python_decorator' retrieved from /home/airflow/.local/lib/python3.12/site-packages/airflow/example_dags/example_python_decorator.py
[2025-04-21T11:44:58.606+0000] {logging_mixin.py:190} INFO - [2025-04-21T11:44:58.605+0000] {dag.py:3239} INFO - Sync 1 DAGs
[2025-04-21T11:44:58.637+0000] {logging_mixin.py:190} INFO - [2025-04-21T11:44:58.636+0000] {dag.py:4180} INFO - Setting next_dagrun for example_python_decorator to None, run_after=None
[2025-04-21T11:44:58.674+0000] {processor.py:208} INFO - Processing /home/airflow/.local/lib/python3.12/site-packages/airflow/example_dags/example_python_decorator.py took 0.161 seconds
[2025-04-21T11:45:29.089+0000] {processor.py:186} INFO - Started process (PID=6597) to work on /home/airflow/.local/lib/python3.12/site-packages/airflow/example_dags/example_python_decorator.py
[2025-04-21T11:45:29.091+0000] {processor.py:914} INFO - Processing file /home/airflow/.local/lib/python3.12/site-packages/airflow/example_dags/example_python_decorator.py for tasks to queue
[2025-04-21T11:45:29.094+0000] {logging_mixin.py:190} INFO - [2025-04-21T11:45:29.094+0000] {dagbag.py:588} INFO - Filling up the DagBag from /home/airflow/.local/lib/python3.12/site-packages/airflow/example_dags/example_python_decorator.py
[2025-04-21T11:45:29.116+0000] {processor.py:925} INFO - DAG(s) 'example_python_decorator' retrieved from /home/airflow/.local/lib/python3.12/site-packages/airflow/example_dags/example_python_decorator.py
[2025-04-21T11:45:29.159+0000] {logging_mixin.py:190} INFO - [2025-04-21T11:45:29.158+0000] {dag.py:3239} INFO - Sync 1 DAGs
[2025-04-21T11:45:29.187+0000] {logging_mixin.py:190} INFO - [2025-04-21T11:45:29.187+0000] {dag.py:4180} INFO - Setting next_dagrun for example_python_decorator to None, run_after=None
[2025-04-21T11:45:29.221+0000] {processor.py:208} INFO - Processing /home/airflow/.local/lib/python3.12/site-packages/airflow/example_dags/example_python_decorator.py took 0.143 seconds
[2025-04-21T11:45:59.482+0000] {processor.py:186} INFO - Started process (PID=6661) to work on /home/airflow/.local/lib/python3.12/site-packages/airflow/example_dags/example_python_decorator.py
[2025-04-21T11:45:59.483+0000] {processor.py:914} INFO - Processing file /home/airflow/.local/lib/python3.12/site-packages/airflow/example_dags/example_python_decorator.py for tasks to queue
[2025-04-21T11:45:59.487+0000] {logging_mixin.py:190} INFO - [2025-04-21T11:45:59.486+0000] {dagbag.py:588} INFO - Filling up the DagBag from /home/airflow/.local/lib/python3.12/site-packages/airflow/example_dags/example_python_decorator.py
[2025-04-21T11:45:59.510+0000] {processor.py:925} INFO - DAG(s) 'example_python_decorator' retrieved from /home/airflow/.local/lib/python3.12/site-packages/airflow/example_dags/example_python_decorator.py
[2025-04-21T11:45:59.552+0000] {logging_mixin.py:190} INFO - [2025-04-21T11:45:59.551+0000] {dag.py:3239} INFO - Sync 1 DAGs
[2025-04-21T11:45:59.573+0000] {logging_mixin.py:190} INFO - [2025-04-21T11:45:59.573+0000] {dag.py:4180} INFO - Setting next_dagrun for example_python_decorator to None, run_after=None
[2025-04-21T11:45:59.605+0000] {processor.py:208} INFO - Processing /home/airflow/.local/lib/python3.12/site-packages/airflow/example_dags/example_python_decorator.py took 0.131 seconds
[2025-04-21T11:46:30.188+0000] {processor.py:186} INFO - Started process (PID=6725) to work on /home/airflow/.local/lib/python3.12/site-packages/airflow/example_dags/example_python_decorator.py
[2025-04-21T11:46:30.189+0000] {processor.py:914} INFO - Processing file /home/airflow/.local/lib/python3.12/site-packages/airflow/example_dags/example_python_decorator.py for tasks to queue
[2025-04-21T11:46:30.192+0000] {logging_mixin.py:190} INFO - [2025-04-21T11:46:30.192+0000] {dagbag.py:588} INFO - Filling up the DagBag from /home/airflow/.local/lib/python3.12/site-packages/airflow/example_dags/example_python_decorator.py
[2025-04-21T11:46:30.216+0000] {processor.py:925} INFO - DAG(s) 'example_python_decorator' retrieved from /home/airflow/.local/lib/python3.12/site-packages/airflow/example_dags/example_python_decorator.py
[2025-04-21T11:46:30.253+0000] {logging_mixin.py:190} INFO - [2025-04-21T11:46:30.253+0000] {dag.py:3239} INFO - Sync 1 DAGs
[2025-04-21T11:46:30.285+0000] {logging_mixin.py:190} INFO - [2025-04-21T11:46:30.285+0000] {dag.py:4180} INFO - Setting next_dagrun for example_python_decorator to None, run_after=None
[2025-04-21T11:46:30.323+0000] {processor.py:208} INFO - Processing /home/airflow/.local/lib/python3.12/site-packages/airflow/example_dags/example_python_decorator.py took 0.143 seconds
[2025-04-21T11:47:00.580+0000] {processor.py:186} INFO - Started process (PID=6789) to work on /home/airflow/.local/lib/python3.12/site-packages/airflow/example_dags/example_python_decorator.py
[2025-04-21T11:47:00.581+0000] {processor.py:914} INFO - Processing file /home/airflow/.local/lib/python3.12/site-packages/airflow/example_dags/example_python_decorator.py for tasks to queue
[2025-04-21T11:47:00.585+0000] {logging_mixin.py:190} INFO - [2025-04-21T11:47:00.585+0000] {dagbag.py:588} INFO - Filling up the DagBag from /home/airflow/.local/lib/python3.12/site-packages/airflow/example_dags/example_python_decorator.py
[2025-04-21T11:47:00.607+0000] {processor.py:925} INFO - DAG(s) 'example_python_decorator' retrieved from /home/airflow/.local/lib/python3.12/site-packages/airflow/example_dags/example_python_decorator.py
[2025-04-21T11:47:00.649+0000] {logging_mixin.py:190} INFO - [2025-04-21T11:47:00.648+0000] {dag.py:3239} INFO - Sync 1 DAGs
[2025-04-21T11:47:00.682+0000] {logging_mixin.py:190} INFO - [2025-04-21T11:47:00.681+0000] {dag.py:4180} INFO - Setting next_dagrun for example_python_decorator to None, run_after=None
[2025-04-21T11:47:00.719+0000] {processor.py:208} INFO - Processing /home/airflow/.local/lib/python3.12/site-packages/airflow/example_dags/example_python_decorator.py took 0.150 seconds
[2025-04-21T11:47:30.973+0000] {processor.py:186} INFO - Started process (PID=6853) to work on /home/airflow/.local/lib/python3.12/site-packages/airflow/example_dags/example_python_decorator.py
[2025-04-21T11:47:30.975+0000] {processor.py:914} INFO - Processing file /home/airflow/.local/lib/python3.12/site-packages/airflow/example_dags/example_python_decorator.py for tasks to queue
[2025-04-21T11:47:30.981+0000] {logging_mixin.py:190} INFO - [2025-04-21T11:47:30.980+0000] {dagbag.py:588} INFO - Filling up the DagBag from /home/airflow/.local/lib/python3.12/site-packages/airflow/example_dags/example_python_decorator.py
[2025-04-21T11:47:31.007+0000] {processor.py:925} INFO - DAG(s) 'example_python_decorator' retrieved from /home/airflow/.local/lib/python3.12/site-packages/airflow/example_dags/example_python_decorator.py
[2025-04-21T11:47:31.046+0000] {logging_mixin.py:190} INFO - [2025-04-21T11:47:31.045+0000] {dag.py:3239} INFO - Sync 1 DAGs
[2025-04-21T11:47:31.067+0000] {logging_mixin.py:190} INFO - [2025-04-21T11:47:31.066+0000] {dag.py:4180} INFO - Setting next_dagrun for example_python_decorator to None, run_after=None
[2025-04-21T11:47:31.106+0000] {processor.py:208} INFO - Processing /home/airflow/.local/lib/python3.12/site-packages/airflow/example_dags/example_python_decorator.py took 0.145 seconds
[2025-04-21T11:48:01.388+0000] {processor.py:186} INFO - Started process (PID=6917) to work on /home/airflow/.local/lib/python3.12/site-packages/airflow/example_dags/example_python_decorator.py
[2025-04-21T11:48:01.390+0000] {processor.py:914} INFO - Processing file /home/airflow/.local/lib/python3.12/site-packages/airflow/example_dags/example_python_decorator.py for tasks to queue
[2025-04-21T11:48:01.395+0000] {logging_mixin.py:190} INFO - [2025-04-21T11:48:01.395+0000] {dagbag.py:588} INFO - Filling up the DagBag from /home/airflow/.local/lib/python3.12/site-packages/airflow/example_dags/example_python_decorator.py
[2025-04-21T11:48:01.427+0000] {processor.py:925} INFO - DAG(s) 'example_python_decorator' retrieved from /home/airflow/.local/lib/python3.12/site-packages/airflow/example_dags/example_python_decorator.py
[2025-04-21T11:48:01.477+0000] {logging_mixin.py:190} INFO - [2025-04-21T11:48:01.477+0000] {dag.py:3239} INFO - Sync 1 DAGs
[2025-04-21T11:48:01.510+0000] {logging_mixin.py:190} INFO - [2025-04-21T11:48:01.509+0000] {dag.py:4180} INFO - Setting next_dagrun for example_python_decorator to None, run_after=None
[2025-04-21T11:48:01.549+0000] {processor.py:208} INFO - Processing /home/airflow/.local/lib/python3.12/site-packages/airflow/example_dags/example_python_decorator.py took 0.174 seconds
[2025-04-21T11:48:32.033+0000] {processor.py:186} INFO - Started process (PID=6981) to work on /home/airflow/.local/lib/python3.12/site-packages/airflow/example_dags/example_python_decorator.py
[2025-04-21T11:48:32.034+0000] {processor.py:914} INFO - Processing file /home/airflow/.local/lib/python3.12/site-packages/airflow/example_dags/example_python_decorator.py for tasks to queue
[2025-04-21T11:48:32.040+0000] {logging_mixin.py:190} INFO - [2025-04-21T11:48:32.040+0000] {dagbag.py:588} INFO - Filling up the DagBag from /home/airflow/.local/lib/python3.12/site-packages/airflow/example_dags/example_python_decorator.py
[2025-04-21T11:48:32.068+0000] {processor.py:925} INFO - DAG(s) 'example_python_decorator' retrieved from /home/airflow/.local/lib/python3.12/site-packages/airflow/example_dags/example_python_decorator.py
[2025-04-21T11:48:32.118+0000] {logging_mixin.py:190} INFO - [2025-04-21T11:48:32.117+0000] {dag.py:3239} INFO - Sync 1 DAGs
[2025-04-21T11:48:32.151+0000] {logging_mixin.py:190} INFO - [2025-04-21T11:48:32.150+0000] {dag.py:4180} INFO - Setting next_dagrun for example_python_decorator to None, run_after=None
[2025-04-21T11:48:32.191+0000] {processor.py:208} INFO - Processing /home/airflow/.local/lib/python3.12/site-packages/airflow/example_dags/example_python_decorator.py took 0.168 seconds
[2025-04-21T11:49:02.840+0000] {processor.py:186} INFO - Started process (PID=7045) to work on /home/airflow/.local/lib/python3.12/site-packages/airflow/example_dags/example_python_decorator.py
[2025-04-21T11:49:02.842+0000] {processor.py:914} INFO - Processing file /home/airflow/.local/lib/python3.12/site-packages/airflow/example_dags/example_python_decorator.py for tasks to queue
[2025-04-21T11:49:02.847+0000] {logging_mixin.py:190} INFO - [2025-04-21T11:49:02.846+0000] {dagbag.py:588} INFO - Filling up the DagBag from /home/airflow/.local/lib/python3.12/site-packages/airflow/example_dags/example_python_decorator.py
[2025-04-21T11:49:02.876+0000] {processor.py:925} INFO - DAG(s) 'example_python_decorator' retrieved from /home/airflow/.local/lib/python3.12/site-packages/airflow/example_dags/example_python_decorator.py
[2025-04-21T11:49:02.917+0000] {logging_mixin.py:190} INFO - [2025-04-21T11:49:02.916+0000] {dag.py:3239} INFO - Sync 1 DAGs
[2025-04-21T11:49:02.948+0000] {logging_mixin.py:190} INFO - [2025-04-21T11:49:02.948+0000] {dag.py:4180} INFO - Setting next_dagrun for example_python_decorator to None, run_after=None
[2025-04-21T11:49:02.990+0000] {processor.py:208} INFO - Processing /home/airflow/.local/lib/python3.12/site-packages/airflow/example_dags/example_python_decorator.py took 0.162 seconds
[2025-04-21T11:49:33.219+0000] {processor.py:186} INFO - Started process (PID=7109) to work on /home/airflow/.local/lib/python3.12/site-packages/airflow/example_dags/example_python_decorator.py
[2025-04-21T11:49:33.221+0000] {processor.py:914} INFO - Processing file /home/airflow/.local/lib/python3.12/site-packages/airflow/example_dags/example_python_decorator.py for tasks to queue
[2025-04-21T11:49:33.224+0000] {logging_mixin.py:190} INFO - [2025-04-21T11:49:33.224+0000] {dagbag.py:588} INFO - Filling up the DagBag from /home/airflow/.local/lib/python3.12/site-packages/airflow/example_dags/example_python_decorator.py
[2025-04-21T11:49:33.249+0000] {processor.py:925} INFO - DAG(s) 'example_python_decorator' retrieved from /home/airflow/.local/lib/python3.12/site-packages/airflow/example_dags/example_python_decorator.py
[2025-04-21T11:49:33.285+0000] {logging_mixin.py:190} INFO - [2025-04-21T11:49:33.285+0000] {dag.py:3239} INFO - Sync 1 DAGs
[2025-04-21T11:49:33.309+0000] {logging_mixin.py:190} INFO - [2025-04-21T11:49:33.309+0000] {dag.py:4180} INFO - Setting next_dagrun for example_python_decorator to None, run_after=None
[2025-04-21T11:49:33.351+0000] {processor.py:208} INFO - Processing /home/airflow/.local/lib/python3.12/site-packages/airflow/example_dags/example_python_decorator.py took 0.140 seconds
[2025-04-21T11:50:04.270+0000] {processor.py:186} INFO - Started process (PID=7173) to work on /home/airflow/.local/lib/python3.12/site-packages/airflow/example_dags/example_python_decorator.py
[2025-04-21T11:50:04.272+0000] {processor.py:914} INFO - Processing file /home/airflow/.local/lib/python3.12/site-packages/airflow/example_dags/example_python_decorator.py for tasks to queue
[2025-04-21T11:50:04.277+0000] {logging_mixin.py:190} INFO - [2025-04-21T11:50:04.276+0000] {dagbag.py:588} INFO - Filling up the DagBag from /home/airflow/.local/lib/python3.12/site-packages/airflow/example_dags/example_python_decorator.py
[2025-04-21T11:50:04.309+0000] {processor.py:925} INFO - DAG(s) 'example_python_decorator' retrieved from /home/airflow/.local/lib/python3.12/site-packages/airflow/example_dags/example_python_decorator.py
[2025-04-21T11:50:04.353+0000] {logging_mixin.py:190} INFO - [2025-04-21T11:50:04.353+0000] {dag.py:3239} INFO - Sync 1 DAGs
[2025-04-21T11:50:04.383+0000] {logging_mixin.py:190} INFO - [2025-04-21T11:50:04.383+0000] {dag.py:4180} INFO - Setting next_dagrun for example_python_decorator to None, run_after=None
[2025-04-21T11:50:04.421+0000] {processor.py:208} INFO - Processing /home/airflow/.local/lib/python3.12/site-packages/airflow/example_dags/example_python_decorator.py took 0.163 seconds
[2025-04-21T11:50:34.545+0000] {processor.py:186} INFO - Started process (PID=7237) to work on /home/airflow/.local/lib/python3.12/site-packages/airflow/example_dags/example_python_decorator.py
[2025-04-21T11:50:34.546+0000] {processor.py:914} INFO - Processing file /home/airflow/.local/lib/python3.12/site-packages/airflow/example_dags/example_python_decorator.py for tasks to queue
[2025-04-21T11:50:34.549+0000] {logging_mixin.py:190} INFO - [2025-04-21T11:50:34.549+0000] {dagbag.py:588} INFO - Filling up the DagBag from /home/airflow/.local/lib/python3.12/site-packages/airflow/example_dags/example_python_decorator.py
[2025-04-21T11:50:34.569+0000] {processor.py:925} INFO - DAG(s) 'example_python_decorator' retrieved from /home/airflow/.local/lib/python3.12/site-packages/airflow/example_dags/example_python_decorator.py
[2025-04-21T11:50:34.603+0000] {logging_mixin.py:190} INFO - [2025-04-21T11:50:34.602+0000] {dag.py:3239} INFO - Sync 1 DAGs
[2025-04-21T11:50:34.625+0000] {logging_mixin.py:190} INFO - [2025-04-21T11:50:34.624+0000] {dag.py:4180} INFO - Setting next_dagrun for example_python_decorator to None, run_after=None
[2025-04-21T11:50:34.651+0000] {processor.py:208} INFO - Processing /home/airflow/.local/lib/python3.12/site-packages/airflow/example_dags/example_python_decorator.py took 0.113 seconds
[2025-04-21T11:51:06.127+0000] {processor.py:186} INFO - Started process (PID=7301) to work on /home/airflow/.local/lib/python3.12/site-packages/airflow/example_dags/example_python_decorator.py
[2025-04-21T11:51:06.129+0000] {processor.py:914} INFO - Processing file /home/airflow/.local/lib/python3.12/site-packages/airflow/example_dags/example_python_decorator.py for tasks to queue
[2025-04-21T11:51:06.132+0000] {logging_mixin.py:190} INFO - [2025-04-21T11:51:06.132+0000] {dagbag.py:588} INFO - Filling up the DagBag from /home/airflow/.local/lib/python3.12/site-packages/airflow/example_dags/example_python_decorator.py
[2025-04-21T11:51:06.153+0000] {processor.py:925} INFO - DAG(s) 'example_python_decorator' retrieved from /home/airflow/.local/lib/python3.12/site-packages/airflow/example_dags/example_python_decorator.py
[2025-04-21T11:51:06.199+0000] {logging_mixin.py:190} INFO - [2025-04-21T11:51:06.198+0000] {dag.py:3239} INFO - Sync 1 DAGs
[2025-04-21T11:51:06.219+0000] {logging_mixin.py:190} INFO - [2025-04-21T11:51:06.219+0000] {dag.py:4180} INFO - Setting next_dagrun for example_python_decorator to None, run_after=None
[2025-04-21T11:51:06.246+0000] {processor.py:208} INFO - Processing /home/airflow/.local/lib/python3.12/site-packages/airflow/example_dags/example_python_decorator.py took 0.126 seconds
[2025-04-21T11:51:38.595+0000] {processor.py:186} INFO - Started process (PID=7365) to work on /home/airflow/.local/lib/python3.12/site-packages/airflow/example_dags/example_python_decorator.py
[2025-04-21T11:51:38.596+0000] {processor.py:914} INFO - Processing file /home/airflow/.local/lib/python3.12/site-packages/airflow/example_dags/example_python_decorator.py for tasks to queue
[2025-04-21T11:51:38.602+0000] {logging_mixin.py:190} INFO - [2025-04-21T11:51:38.601+0000] {dagbag.py:588} INFO - Filling up the DagBag from /home/airflow/.local/lib/python3.12/site-packages/airflow/example_dags/example_python_decorator.py
[2025-04-21T11:51:38.632+0000] {processor.py:925} INFO - DAG(s) 'example_python_decorator' retrieved from /home/airflow/.local/lib/python3.12/site-packages/airflow/example_dags/example_python_decorator.py
[2025-04-21T11:51:38.663+0000] {logging_mixin.py:190} INFO - [2025-04-21T11:51:38.663+0000] {dag.py:3239} INFO - Sync 1 DAGs
[2025-04-21T11:51:38.693+0000] {logging_mixin.py:190} INFO - [2025-04-21T11:51:38.693+0000] {dag.py:4180} INFO - Setting next_dagrun for example_python_decorator to None, run_after=None
[2025-04-21T11:51:38.723+0000] {processor.py:208} INFO - Processing /home/airflow/.local/lib/python3.12/site-packages/airflow/example_dags/example_python_decorator.py took 0.136 seconds
[2025-04-21T11:52:10.498+0000] {processor.py:186} INFO - Started process (PID=7435) to work on /home/airflow/.local/lib/python3.12/site-packages/airflow/example_dags/example_python_decorator.py
[2025-04-21T11:52:10.500+0000] {processor.py:914} INFO - Processing file /home/airflow/.local/lib/python3.12/site-packages/airflow/example_dags/example_python_decorator.py for tasks to queue
[2025-04-21T11:52:10.505+0000] {logging_mixin.py:190} INFO - [2025-04-21T11:52:10.505+0000] {dagbag.py:588} INFO - Filling up the DagBag from /home/airflow/.local/lib/python3.12/site-packages/airflow/example_dags/example_python_decorator.py
[2025-04-21T11:52:10.535+0000] {processor.py:925} INFO - DAG(s) 'example_python_decorator' retrieved from /home/airflow/.local/lib/python3.12/site-packages/airflow/example_dags/example_python_decorator.py
[2025-04-21T11:52:10.578+0000] {logging_mixin.py:190} INFO - [2025-04-21T11:52:10.577+0000] {dag.py:3239} INFO - Sync 1 DAGs
[2025-04-21T11:52:10.608+0000] {logging_mixin.py:190} INFO - [2025-04-21T11:52:10.607+0000] {dag.py:4180} INFO - Setting next_dagrun for example_python_decorator to None, run_after=None
[2025-04-21T11:52:10.646+0000] {processor.py:208} INFO - Processing /home/airflow/.local/lib/python3.12/site-packages/airflow/example_dags/example_python_decorator.py took 0.159 seconds
[2025-04-21T11:52:41.593+0000] {processor.py:186} INFO - Started process (PID=7498) to work on /home/airflow/.local/lib/python3.12/site-packages/airflow/example_dags/example_python_decorator.py
[2025-04-21T11:52:41.595+0000] {processor.py:914} INFO - Processing file /home/airflow/.local/lib/python3.12/site-packages/airflow/example_dags/example_python_decorator.py for tasks to queue
[2025-04-21T11:52:41.600+0000] {logging_mixin.py:190} INFO - [2025-04-21T11:52:41.600+0000] {dagbag.py:588} INFO - Filling up the DagBag from /home/airflow/.local/lib/python3.12/site-packages/airflow/example_dags/example_python_decorator.py
[2025-04-21T11:52:41.630+0000] {processor.py:925} INFO - DAG(s) 'example_python_decorator' retrieved from /home/airflow/.local/lib/python3.12/site-packages/airflow/example_dags/example_python_decorator.py
[2025-04-21T11:52:41.677+0000] {logging_mixin.py:190} INFO - [2025-04-21T11:52:41.677+0000] {dag.py:3239} INFO - Sync 1 DAGs
[2025-04-21T11:52:41.706+0000] {logging_mixin.py:190} INFO - [2025-04-21T11:52:41.706+0000] {dag.py:4180} INFO - Setting next_dagrun for example_python_decorator to None, run_after=None
[2025-04-21T11:52:41.747+0000] {processor.py:208} INFO - Processing /home/airflow/.local/lib/python3.12/site-packages/airflow/example_dags/example_python_decorator.py took 0.166 seconds
[2025-04-21T11:53:12.549+0000] {processor.py:186} INFO - Started process (PID=7562) to work on /home/airflow/.local/lib/python3.12/site-packages/airflow/example_dags/example_python_decorator.py
[2025-04-21T11:53:12.551+0000] {processor.py:914} INFO - Processing file /home/airflow/.local/lib/python3.12/site-packages/airflow/example_dags/example_python_decorator.py for tasks to queue
[2025-04-21T11:53:12.556+0000] {logging_mixin.py:190} INFO - [2025-04-21T11:53:12.556+0000] {dagbag.py:588} INFO - Filling up the DagBag from /home/airflow/.local/lib/python3.12/site-packages/airflow/example_dags/example_python_decorator.py
[2025-04-21T11:53:12.587+0000] {processor.py:925} INFO - DAG(s) 'example_python_decorator' retrieved from /home/airflow/.local/lib/python3.12/site-packages/airflow/example_dags/example_python_decorator.py
[2025-04-21T11:53:12.633+0000] {logging_mixin.py:190} INFO - [2025-04-21T11:53:12.632+0000] {dag.py:3239} INFO - Sync 1 DAGs
[2025-04-21T11:53:12.662+0000] {logging_mixin.py:190} INFO - [2025-04-21T11:53:12.661+0000] {dag.py:4180} INFO - Setting next_dagrun for example_python_decorator to None, run_after=None
[2025-04-21T11:53:12.701+0000] {processor.py:208} INFO - Processing /home/airflow/.local/lib/python3.12/site-packages/airflow/example_dags/example_python_decorator.py took 0.163 seconds
[2025-04-21T11:53:43.450+0000] {processor.py:186} INFO - Started process (PID=7625) to work on /home/airflow/.local/lib/python3.12/site-packages/airflow/example_dags/example_python_decorator.py
[2025-04-21T11:53:43.452+0000] {processor.py:914} INFO - Processing file /home/airflow/.local/lib/python3.12/site-packages/airflow/example_dags/example_python_decorator.py for tasks to queue
[2025-04-21T11:53:43.458+0000] {logging_mixin.py:190} INFO - [2025-04-21T11:53:43.457+0000] {dagbag.py:588} INFO - Filling up the DagBag from /home/airflow/.local/lib/python3.12/site-packages/airflow/example_dags/example_python_decorator.py
[2025-04-21T11:53:43.486+0000] {processor.py:925} INFO - DAG(s) 'example_python_decorator' retrieved from /home/airflow/.local/lib/python3.12/site-packages/airflow/example_dags/example_python_decorator.py
[2025-04-21T11:53:43.543+0000] {logging_mixin.py:190} INFO - [2025-04-21T11:53:43.542+0000] {dag.py:3239} INFO - Sync 1 DAGs
[2025-04-21T11:53:43.574+0000] {logging_mixin.py:190} INFO - [2025-04-21T11:53:43.574+0000] {dag.py:4180} INFO - Setting next_dagrun for example_python_decorator to None, run_after=None
[2025-04-21T11:53:43.623+0000] {processor.py:208} INFO - Processing /home/airflow/.local/lib/python3.12/site-packages/airflow/example_dags/example_python_decorator.py took 0.186 seconds
[2025-04-21T11:54:14.356+0000] {processor.py:186} INFO - Started process (PID=7689) to work on /home/airflow/.local/lib/python3.12/site-packages/airflow/example_dags/example_python_decorator.py
[2025-04-21T11:54:14.358+0000] {processor.py:914} INFO - Processing file /home/airflow/.local/lib/python3.12/site-packages/airflow/example_dags/example_python_decorator.py for tasks to queue
[2025-04-21T11:54:14.364+0000] {logging_mixin.py:190} INFO - [2025-04-21T11:54:14.363+0000] {dagbag.py:588} INFO - Filling up the DagBag from /home/airflow/.local/lib/python3.12/site-packages/airflow/example_dags/example_python_decorator.py
[2025-04-21T11:54:14.398+0000] {processor.py:925} INFO - DAG(s) 'example_python_decorator' retrieved from /home/airflow/.local/lib/python3.12/site-packages/airflow/example_dags/example_python_decorator.py
[2025-04-21T11:54:14.447+0000] {logging_mixin.py:190} INFO - [2025-04-21T11:54:14.446+0000] {dag.py:3239} INFO - Sync 1 DAGs
[2025-04-21T11:54:14.482+0000] {logging_mixin.py:190} INFO - [2025-04-21T11:54:14.481+0000] {dag.py:4180} INFO - Setting next_dagrun for example_python_decorator to None, run_after=None
[2025-04-21T11:54:14.529+0000] {processor.py:208} INFO - Processing /home/airflow/.local/lib/python3.12/site-packages/airflow/example_dags/example_python_decorator.py took 0.186 seconds
[2025-04-21T11:54:45.189+0000] {processor.py:186} INFO - Started process (PID=7753) to work on /home/airflow/.local/lib/python3.12/site-packages/airflow/example_dags/example_python_decorator.py
[2025-04-21T11:54:45.191+0000] {processor.py:914} INFO - Processing file /home/airflow/.local/lib/python3.12/site-packages/airflow/example_dags/example_python_decorator.py for tasks to queue
[2025-04-21T11:54:45.196+0000] {logging_mixin.py:190} INFO - [2025-04-21T11:54:45.195+0000] {dagbag.py:588} INFO - Filling up the DagBag from /home/airflow/.local/lib/python3.12/site-packages/airflow/example_dags/example_python_decorator.py
[2025-04-21T11:54:45.222+0000] {processor.py:925} INFO - DAG(s) 'example_python_decorator' retrieved from /home/airflow/.local/lib/python3.12/site-packages/airflow/example_dags/example_python_decorator.py
[2025-04-21T11:54:45.255+0000] {logging_mixin.py:190} INFO - [2025-04-21T11:54:45.255+0000] {dag.py:3239} INFO - Sync 1 DAGs
[2025-04-21T11:54:45.274+0000] {logging_mixin.py:190} INFO - [2025-04-21T11:54:45.274+0000] {dag.py:4180} INFO - Setting next_dagrun for example_python_decorator to None, run_after=None
[2025-04-21T11:54:45.309+0000] {processor.py:208} INFO - Processing /home/airflow/.local/lib/python3.12/site-packages/airflow/example_dags/example_python_decorator.py took 0.130 seconds
[2025-04-21T11:55:15.475+0000] {processor.py:186} INFO - Started process (PID=7817) to work on /home/airflow/.local/lib/python3.12/site-packages/airflow/example_dags/example_python_decorator.py
[2025-04-21T11:55:15.476+0000] {processor.py:914} INFO - Processing file /home/airflow/.local/lib/python3.12/site-packages/airflow/example_dags/example_python_decorator.py for tasks to queue
[2025-04-21T11:55:15.480+0000] {logging_mixin.py:190} INFO - [2025-04-21T11:55:15.480+0000] {dagbag.py:588} INFO - Filling up the DagBag from /home/airflow/.local/lib/python3.12/site-packages/airflow/example_dags/example_python_decorator.py
[2025-04-21T11:55:15.511+0000] {processor.py:925} INFO - DAG(s) 'example_python_decorator' retrieved from /home/airflow/.local/lib/python3.12/site-packages/airflow/example_dags/example_python_decorator.py
[2025-04-21T11:55:15.551+0000] {logging_mixin.py:190} INFO - [2025-04-21T11:55:15.551+0000] {dag.py:3239} INFO - Sync 1 DAGs
[2025-04-21T11:55:15.570+0000] {logging_mixin.py:190} INFO - [2025-04-21T11:55:15.570+0000] {dag.py:4180} INFO - Setting next_dagrun for example_python_decorator to None, run_after=None
[2025-04-21T11:55:15.604+0000] {processor.py:208} INFO - Processing /home/airflow/.local/lib/python3.12/site-packages/airflow/example_dags/example_python_decorator.py took 0.137 seconds
[2025-04-21T11:55:45.754+0000] {processor.py:186} INFO - Started process (PID=7880) to work on /home/airflow/.local/lib/python3.12/site-packages/airflow/example_dags/example_python_decorator.py
[2025-04-21T11:55:45.757+0000] {processor.py:914} INFO - Processing file /home/airflow/.local/lib/python3.12/site-packages/airflow/example_dags/example_python_decorator.py for tasks to queue
[2025-04-21T11:55:45.762+0000] {logging_mixin.py:190} INFO - [2025-04-21T11:55:45.762+0000] {dagbag.py:588} INFO - Filling up the DagBag from /home/airflow/.local/lib/python3.12/site-packages/airflow/example_dags/example_python_decorator.py
[2025-04-21T11:55:45.793+0000] {processor.py:925} INFO - DAG(s) 'example_python_decorator' retrieved from /home/airflow/.local/lib/python3.12/site-packages/airflow/example_dags/example_python_decorator.py
[2025-04-21T11:55:45.844+0000] {logging_mixin.py:190} INFO - [2025-04-21T11:55:45.843+0000] {dag.py:3239} INFO - Sync 1 DAGs
[2025-04-21T11:55:45.877+0000] {logging_mixin.py:190} INFO - [2025-04-21T11:55:45.876+0000] {dag.py:4180} INFO - Setting next_dagrun for example_python_decorator to None, run_after=None
[2025-04-21T11:55:45.916+0000] {processor.py:208} INFO - Processing /home/airflow/.local/lib/python3.12/site-packages/airflow/example_dags/example_python_decorator.py took 0.173 seconds
[2025-04-21T11:56:16.120+0000] {processor.py:186} INFO - Started process (PID=7944) to work on /home/airflow/.local/lib/python3.12/site-packages/airflow/example_dags/example_python_decorator.py
[2025-04-21T11:56:16.121+0000] {processor.py:914} INFO - Processing file /home/airflow/.local/lib/python3.12/site-packages/airflow/example_dags/example_python_decorator.py for tasks to queue
[2025-04-21T11:56:16.127+0000] {logging_mixin.py:190} INFO - [2025-04-21T11:56:16.126+0000] {dagbag.py:588} INFO - Filling up the DagBag from /home/airflow/.local/lib/python3.12/site-packages/airflow/example_dags/example_python_decorator.py
[2025-04-21T11:56:16.157+0000] {processor.py:925} INFO - DAG(s) 'example_python_decorator' retrieved from /home/airflow/.local/lib/python3.12/site-packages/airflow/example_dags/example_python_decorator.py
[2025-04-21T11:56:16.205+0000] {logging_mixin.py:190} INFO - [2025-04-21T11:56:16.204+0000] {dag.py:3239} INFO - Sync 1 DAGs
[2025-04-21T11:56:16.234+0000] {logging_mixin.py:190} INFO - [2025-04-21T11:56:16.233+0000] {dag.py:4180} INFO - Setting next_dagrun for example_python_decorator to None, run_after=None
[2025-04-21T11:56:16.275+0000] {processor.py:208} INFO - Processing /home/airflow/.local/lib/python3.12/site-packages/airflow/example_dags/example_python_decorator.py took 0.162 seconds
[2025-04-21T11:56:46.971+0000] {processor.py:186} INFO - Started process (PID=8007) to work on /home/airflow/.local/lib/python3.12/site-packages/airflow/example_dags/example_python_decorator.py
[2025-04-21T11:56:46.972+0000] {processor.py:914} INFO - Processing file /home/airflow/.local/lib/python3.12/site-packages/airflow/example_dags/example_python_decorator.py for tasks to queue
[2025-04-21T11:56:46.978+0000] {logging_mixin.py:190} INFO - [2025-04-21T11:56:46.977+0000] {dagbag.py:588} INFO - Filling up the DagBag from /home/airflow/.local/lib/python3.12/site-packages/airflow/example_dags/example_python_decorator.py
[2025-04-21T11:56:47.006+0000] {processor.py:925} INFO - DAG(s) 'example_python_decorator' retrieved from /home/airflow/.local/lib/python3.12/site-packages/airflow/example_dags/example_python_decorator.py
[2025-04-21T11:56:47.055+0000] {logging_mixin.py:190} INFO - [2025-04-21T11:56:47.054+0000] {dag.py:3239} INFO - Sync 1 DAGs
[2025-04-21T11:56:47.088+0000] {logging_mixin.py:190} INFO - [2025-04-21T11:56:47.088+0000] {dag.py:4180} INFO - Setting next_dagrun for example_python_decorator to None, run_after=None
[2025-04-21T11:56:47.122+0000] {processor.py:208} INFO - Processing /home/airflow/.local/lib/python3.12/site-packages/airflow/example_dags/example_python_decorator.py took 0.163 seconds
[2025-04-21T11:57:17.417+0000] {processor.py:186} INFO - Started process (PID=8071) to work on /home/airflow/.local/lib/python3.12/site-packages/airflow/example_dags/example_python_decorator.py
[2025-04-21T11:57:17.418+0000] {processor.py:914} INFO - Processing file /home/airflow/.local/lib/python3.12/site-packages/airflow/example_dags/example_python_decorator.py for tasks to queue
[2025-04-21T11:57:17.424+0000] {logging_mixin.py:190} INFO - [2025-04-21T11:57:17.423+0000] {dagbag.py:588} INFO - Filling up the DagBag from /home/airflow/.local/lib/python3.12/site-packages/airflow/example_dags/example_python_decorator.py
[2025-04-21T11:57:17.455+0000] {processor.py:925} INFO - DAG(s) 'example_python_decorator' retrieved from /home/airflow/.local/lib/python3.12/site-packages/airflow/example_dags/example_python_decorator.py
[2025-04-21T11:57:17.495+0000] {logging_mixin.py:190} INFO - [2025-04-21T11:57:17.495+0000] {dag.py:3239} INFO - Sync 1 DAGs
[2025-04-21T11:57:17.526+0000] {logging_mixin.py:190} INFO - [2025-04-21T11:57:17.526+0000] {dag.py:4180} INFO - Setting next_dagrun for example_python_decorator to None, run_after=None
[2025-04-21T11:57:17.569+0000] {processor.py:208} INFO - Processing /home/airflow/.local/lib/python3.12/site-packages/airflow/example_dags/example_python_decorator.py took 0.160 seconds
[2025-04-21T11:57:48.027+0000] {processor.py:186} INFO - Started process (PID=8134) to work on /home/airflow/.local/lib/python3.12/site-packages/airflow/example_dags/example_python_decorator.py
[2025-04-21T11:57:48.029+0000] {processor.py:914} INFO - Processing file /home/airflow/.local/lib/python3.12/site-packages/airflow/example_dags/example_python_decorator.py for tasks to queue
[2025-04-21T11:57:48.034+0000] {logging_mixin.py:190} INFO - [2025-04-21T11:57:48.034+0000] {dagbag.py:588} INFO - Filling up the DagBag from /home/airflow/.local/lib/python3.12/site-packages/airflow/example_dags/example_python_decorator.py
[2025-04-21T11:57:48.060+0000] {processor.py:925} INFO - DAG(s) 'example_python_decorator' retrieved from /home/airflow/.local/lib/python3.12/site-packages/airflow/example_dags/example_python_decorator.py
[2025-04-21T11:57:48.109+0000] {logging_mixin.py:190} INFO - [2025-04-21T11:57:48.108+0000] {dag.py:3239} INFO - Sync 1 DAGs
[2025-04-21T11:57:48.135+0000] {logging_mixin.py:190} INFO - [2025-04-21T11:57:48.135+0000] {dag.py:4180} INFO - Setting next_dagrun for example_python_decorator to None, run_after=None
[2025-04-21T11:57:48.177+0000] {processor.py:208} INFO - Processing /home/airflow/.local/lib/python3.12/site-packages/airflow/example_dags/example_python_decorator.py took 0.162 seconds
[2025-04-21T11:58:18.912+0000] {processor.py:186} INFO - Started process (PID=8198) to work on /home/airflow/.local/lib/python3.12/site-packages/airflow/example_dags/example_python_decorator.py
[2025-04-21T11:58:18.914+0000] {processor.py:914} INFO - Processing file /home/airflow/.local/lib/python3.12/site-packages/airflow/example_dags/example_python_decorator.py for tasks to queue
[2025-04-21T11:58:18.920+0000] {logging_mixin.py:190} INFO - [2025-04-21T11:58:18.919+0000] {dagbag.py:588} INFO - Filling up the DagBag from /home/airflow/.local/lib/python3.12/site-packages/airflow/example_dags/example_python_decorator.py
[2025-04-21T11:58:18.953+0000] {processor.py:925} INFO - DAG(s) 'example_python_decorator' retrieved from /home/airflow/.local/lib/python3.12/site-packages/airflow/example_dags/example_python_decorator.py
[2025-04-21T11:58:19.006+0000] {logging_mixin.py:190} INFO - [2025-04-21T11:58:19.005+0000] {dag.py:3239} INFO - Sync 1 DAGs
[2025-04-21T11:58:19.039+0000] {logging_mixin.py:190} INFO - [2025-04-21T11:58:19.038+0000] {dag.py:4180} INFO - Setting next_dagrun for example_python_decorator to None, run_after=None
[2025-04-21T11:58:19.073+0000] {processor.py:208} INFO - Processing /home/airflow/.local/lib/python3.12/site-packages/airflow/example_dags/example_python_decorator.py took 0.174 seconds
[2025-04-21T11:58:49.337+0000] {processor.py:186} INFO - Started process (PID=8262) to work on /home/airflow/.local/lib/python3.12/site-packages/airflow/example_dags/example_python_decorator.py
[2025-04-21T11:58:49.339+0000] {processor.py:914} INFO - Processing file /home/airflow/.local/lib/python3.12/site-packages/airflow/example_dags/example_python_decorator.py for tasks to queue
[2025-04-21T11:58:49.344+0000] {logging_mixin.py:190} INFO - [2025-04-21T11:58:49.344+0000] {dagbag.py:588} INFO - Filling up the DagBag from /home/airflow/.local/lib/python3.12/site-packages/airflow/example_dags/example_python_decorator.py
[2025-04-21T11:58:49.373+0000] {processor.py:925} INFO - DAG(s) 'example_python_decorator' retrieved from /home/airflow/.local/lib/python3.12/site-packages/airflow/example_dags/example_python_decorator.py
[2025-04-21T11:58:49.407+0000] {logging_mixin.py:190} INFO - [2025-04-21T11:58:49.407+0000] {dag.py:3239} INFO - Sync 1 DAGs
[2025-04-21T11:58:49.429+0000] {logging_mixin.py:190} INFO - [2025-04-21T11:58:49.429+0000] {dag.py:4180} INFO - Setting next_dagrun for example_python_decorator to None, run_after=None
[2025-04-21T11:58:49.455+0000] {processor.py:208} INFO - Processing /home/airflow/.local/lib/python3.12/site-packages/airflow/example_dags/example_python_decorator.py took 0.129 seconds
[2025-04-21T11:59:19.671+0000] {processor.py:186} INFO - Started process (PID=8326) to work on /home/airflow/.local/lib/python3.12/site-packages/airflow/example_dags/example_python_decorator.py
[2025-04-21T11:59:19.673+0000] {processor.py:914} INFO - Processing file /home/airflow/.local/lib/python3.12/site-packages/airflow/example_dags/example_python_decorator.py for tasks to queue
[2025-04-21T11:59:19.679+0000] {logging_mixin.py:190} INFO - [2025-04-21T11:59:19.678+0000] {dagbag.py:588} INFO - Filling up the DagBag from /home/airflow/.local/lib/python3.12/site-packages/airflow/example_dags/example_python_decorator.py
[2025-04-21T11:59:19.704+0000] {processor.py:925} INFO - DAG(s) 'example_python_decorator' retrieved from /home/airflow/.local/lib/python3.12/site-packages/airflow/example_dags/example_python_decorator.py
[2025-04-21T11:59:19.754+0000] {logging_mixin.py:190} INFO - [2025-04-21T11:59:19.753+0000] {dag.py:3239} INFO - Sync 1 DAGs
[2025-04-21T11:59:19.785+0000] {logging_mixin.py:190} INFO - [2025-04-21T11:59:19.784+0000] {dag.py:4180} INFO - Setting next_dagrun for example_python_decorator to None, run_after=None
[2025-04-21T11:59:19.822+0000] {processor.py:208} INFO - Processing /home/airflow/.local/lib/python3.12/site-packages/airflow/example_dags/example_python_decorator.py took 0.164 seconds
[2025-04-21T11:59:50.236+0000] {processor.py:186} INFO - Started process (PID=8390) to work on /home/airflow/.local/lib/python3.12/site-packages/airflow/example_dags/example_python_decorator.py
[2025-04-21T11:59:50.238+0000] {processor.py:914} INFO - Processing file /home/airflow/.local/lib/python3.12/site-packages/airflow/example_dags/example_python_decorator.py for tasks to queue
[2025-04-21T11:59:50.243+0000] {logging_mixin.py:190} INFO - [2025-04-21T11:59:50.243+0000] {dagbag.py:588} INFO - Filling up the DagBag from /home/airflow/.local/lib/python3.12/site-packages/airflow/example_dags/example_python_decorator.py
[2025-04-21T11:59:50.266+0000] {processor.py:925} INFO - DAG(s) 'example_python_decorator' retrieved from /home/airflow/.local/lib/python3.12/site-packages/airflow/example_dags/example_python_decorator.py
[2025-04-21T11:59:50.311+0000] {logging_mixin.py:190} INFO - [2025-04-21T11:59:50.310+0000] {dag.py:3239} INFO - Sync 1 DAGs
[2025-04-21T11:59:50.336+0000] {logging_mixin.py:190} INFO - [2025-04-21T11:59:50.336+0000] {dag.py:4180} INFO - Setting next_dagrun for example_python_decorator to None, run_after=None
[2025-04-21T11:59:50.371+0000] {processor.py:208} INFO - Processing /home/airflow/.local/lib/python3.12/site-packages/airflow/example_dags/example_python_decorator.py took 0.148 seconds
[2025-04-21T12:00:20.806+0000] {processor.py:186} INFO - Started process (PID=8454) to work on /home/airflow/.local/lib/python3.12/site-packages/airflow/example_dags/example_python_decorator.py
[2025-04-21T12:00:20.808+0000] {processor.py:914} INFO - Processing file /home/airflow/.local/lib/python3.12/site-packages/airflow/example_dags/example_python_decorator.py for tasks to queue
[2025-04-21T12:00:20.814+0000] {logging_mixin.py:190} INFO - [2025-04-21T12:00:20.813+0000] {dagbag.py:588} INFO - Filling up the DagBag from /home/airflow/.local/lib/python3.12/site-packages/airflow/example_dags/example_python_decorator.py
[2025-04-21T12:00:20.837+0000] {processor.py:925} INFO - DAG(s) 'example_python_decorator' retrieved from /home/airflow/.local/lib/python3.12/site-packages/airflow/example_dags/example_python_decorator.py
[2025-04-21T12:00:20.883+0000] {logging_mixin.py:190} INFO - [2025-04-21T12:00:20.882+0000] {dag.py:3239} INFO - Sync 1 DAGs
[2025-04-21T12:00:20.913+0000] {logging_mixin.py:190} INFO - [2025-04-21T12:00:20.913+0000] {dag.py:4180} INFO - Setting next_dagrun for example_python_decorator to None, run_after=None
[2025-04-21T12:00:20.951+0000] {processor.py:208} INFO - Processing /home/airflow/.local/lib/python3.12/site-packages/airflow/example_dags/example_python_decorator.py took 0.158 seconds
[2025-04-21T12:00:51.097+0000] {processor.py:186} INFO - Started process (PID=8518) to work on /home/airflow/.local/lib/python3.12/site-packages/airflow/example_dags/example_python_decorator.py
[2025-04-21T12:00:51.099+0000] {processor.py:914} INFO - Processing file /home/airflow/.local/lib/python3.12/site-packages/airflow/example_dags/example_python_decorator.py for tasks to queue
[2025-04-21T12:00:51.105+0000] {logging_mixin.py:190} INFO - [2025-04-21T12:00:51.104+0000] {dagbag.py:588} INFO - Filling up the DagBag from /home/airflow/.local/lib/python3.12/site-packages/airflow/example_dags/example_python_decorator.py
[2025-04-21T12:00:51.138+0000] {processor.py:925} INFO - DAG(s) 'example_python_decorator' retrieved from /home/airflow/.local/lib/python3.12/site-packages/airflow/example_dags/example_python_decorator.py
[2025-04-21T12:00:51.180+0000] {logging_mixin.py:190} INFO - [2025-04-21T12:00:51.180+0000] {dag.py:3239} INFO - Sync 1 DAGs
[2025-04-21T12:00:51.213+0000] {logging_mixin.py:190} INFO - [2025-04-21T12:00:51.213+0000] {dag.py:4180} INFO - Setting next_dagrun for example_python_decorator to None, run_after=None
[2025-04-21T12:00:51.254+0000] {processor.py:208} INFO - Processing /home/airflow/.local/lib/python3.12/site-packages/airflow/example_dags/example_python_decorator.py took 0.169 seconds
[2025-04-21T12:01:21.779+0000] {processor.py:186} INFO - Started process (PID=8582) to work on /home/airflow/.local/lib/python3.12/site-packages/airflow/example_dags/example_python_decorator.py
[2025-04-21T12:01:21.781+0000] {processor.py:914} INFO - Processing file /home/airflow/.local/lib/python3.12/site-packages/airflow/example_dags/example_python_decorator.py for tasks to queue
[2025-04-21T12:01:21.787+0000] {logging_mixin.py:190} INFO - [2025-04-21T12:01:21.786+0000] {dagbag.py:588} INFO - Filling up the DagBag from /home/airflow/.local/lib/python3.12/site-packages/airflow/example_dags/example_python_decorator.py
[2025-04-21T12:01:21.820+0000] {processor.py:925} INFO - DAG(s) 'example_python_decorator' retrieved from /home/airflow/.local/lib/python3.12/site-packages/airflow/example_dags/example_python_decorator.py
[2025-04-21T12:01:21.859+0000] {logging_mixin.py:190} INFO - [2025-04-21T12:01:21.858+0000] {dag.py:3239} INFO - Sync 1 DAGs
[2025-04-21T12:01:21.882+0000] {logging_mixin.py:190} INFO - [2025-04-21T12:01:21.881+0000] {dag.py:4180} INFO - Setting next_dagrun for example_python_decorator to None, run_after=None
[2025-04-21T12:01:21.910+0000] {processor.py:208} INFO - Processing /home/airflow/.local/lib/python3.12/site-packages/airflow/example_dags/example_python_decorator.py took 0.144 seconds
[2025-04-21T12:01:52.053+0000] {processor.py:186} INFO - Started process (PID=8646) to work on /home/airflow/.local/lib/python3.12/site-packages/airflow/example_dags/example_python_decorator.py
[2025-04-21T12:01:52.055+0000] {processor.py:914} INFO - Processing file /home/airflow/.local/lib/python3.12/site-packages/airflow/example_dags/example_python_decorator.py for tasks to queue
[2025-04-21T12:01:52.061+0000] {logging_mixin.py:190} INFO - [2025-04-21T12:01:52.060+0000] {dagbag.py:588} INFO - Filling up the DagBag from /home/airflow/.local/lib/python3.12/site-packages/airflow/example_dags/example_python_decorator.py
[2025-04-21T12:01:52.084+0000] {processor.py:925} INFO - DAG(s) 'example_python_decorator' retrieved from /home/airflow/.local/lib/python3.12/site-packages/airflow/example_dags/example_python_decorator.py
[2025-04-21T12:01:52.121+0000] {logging_mixin.py:190} INFO - [2025-04-21T12:01:52.120+0000] {dag.py:3239} INFO - Sync 1 DAGs
[2025-04-21T12:01:52.143+0000] {logging_mixin.py:190} INFO - [2025-04-21T12:01:52.143+0000] {dag.py:4180} INFO - Setting next_dagrun for example_python_decorator to None, run_after=None
[2025-04-21T12:01:52.173+0000] {processor.py:208} INFO - Processing /home/airflow/.local/lib/python3.12/site-packages/airflow/example_dags/example_python_decorator.py took 0.132 seconds
[2025-04-21T12:02:22.756+0000] {processor.py:186} INFO - Started process (PID=8710) to work on /home/airflow/.local/lib/python3.12/site-packages/airflow/example_dags/example_python_decorator.py
[2025-04-21T12:02:22.757+0000] {processor.py:914} INFO - Processing file /home/airflow/.local/lib/python3.12/site-packages/airflow/example_dags/example_python_decorator.py for tasks to queue
[2025-04-21T12:02:22.762+0000] {logging_mixin.py:190} INFO - [2025-04-21T12:02:22.761+0000] {dagbag.py:588} INFO - Filling up the DagBag from /home/airflow/.local/lib/python3.12/site-packages/airflow/example_dags/example_python_decorator.py
[2025-04-21T12:02:22.784+0000] {processor.py:925} INFO - DAG(s) 'example_python_decorator' retrieved from /home/airflow/.local/lib/python3.12/site-packages/airflow/example_dags/example_python_decorator.py
[2025-04-21T12:02:22.818+0000] {logging_mixin.py:190} INFO - [2025-04-21T12:02:22.818+0000] {dag.py:3239} INFO - Sync 1 DAGs
[2025-04-21T12:02:22.842+0000] {logging_mixin.py:190} INFO - [2025-04-21T12:02:22.841+0000] {dag.py:4180} INFO - Setting next_dagrun for example_python_decorator to None, run_after=None
[2025-04-21T12:02:22.880+0000] {processor.py:208} INFO - Processing /home/airflow/.local/lib/python3.12/site-packages/airflow/example_dags/example_python_decorator.py took 0.133 seconds
[2025-04-21T12:02:53.284+0000] {processor.py:186} INFO - Started process (PID=8774) to work on /home/airflow/.local/lib/python3.12/site-packages/airflow/example_dags/example_python_decorator.py
[2025-04-21T12:02:53.286+0000] {processor.py:914} INFO - Processing file /home/airflow/.local/lib/python3.12/site-packages/airflow/example_dags/example_python_decorator.py for tasks to queue
[2025-04-21T12:02:53.291+0000] {logging_mixin.py:190} INFO - [2025-04-21T12:02:53.291+0000] {dagbag.py:588} INFO - Filling up the DagBag from /home/airflow/.local/lib/python3.12/site-packages/airflow/example_dags/example_python_decorator.py
[2025-04-21T12:02:53.315+0000] {processor.py:925} INFO - DAG(s) 'example_python_decorator' retrieved from /home/airflow/.local/lib/python3.12/site-packages/airflow/example_dags/example_python_decorator.py
[2025-04-21T12:02:53.355+0000] {logging_mixin.py:190} INFO - [2025-04-21T12:02:53.355+0000] {dag.py:3239} INFO - Sync 1 DAGs
[2025-04-21T12:02:53.378+0000] {logging_mixin.py:190} INFO - [2025-04-21T12:02:53.377+0000] {dag.py:4180} INFO - Setting next_dagrun for example_python_decorator to None, run_after=None
[2025-04-21T12:02:53.417+0000] {processor.py:208} INFO - Processing /home/airflow/.local/lib/python3.12/site-packages/airflow/example_dags/example_python_decorator.py took 0.146 seconds
[2025-04-21T12:03:23.854+0000] {processor.py:186} INFO - Started process (PID=8838) to work on /home/airflow/.local/lib/python3.12/site-packages/airflow/example_dags/example_python_decorator.py
[2025-04-21T12:03:23.856+0000] {processor.py:914} INFO - Processing file /home/airflow/.local/lib/python3.12/site-packages/airflow/example_dags/example_python_decorator.py for tasks to queue
[2025-04-21T12:03:23.862+0000] {logging_mixin.py:190} INFO - [2025-04-21T12:03:23.862+0000] {dagbag.py:588} INFO - Filling up the DagBag from /home/airflow/.local/lib/python3.12/site-packages/airflow/example_dags/example_python_decorator.py
[2025-04-21T12:03:23.885+0000] {processor.py:925} INFO - DAG(s) 'example_python_decorator' retrieved from /home/airflow/.local/lib/python3.12/site-packages/airflow/example_dags/example_python_decorator.py
[2025-04-21T12:03:23.929+0000] {logging_mixin.py:190} INFO - [2025-04-21T12:03:23.929+0000] {dag.py:3239} INFO - Sync 1 DAGs
[2025-04-21T12:03:23.955+0000] {logging_mixin.py:190} INFO - [2025-04-21T12:03:23.954+0000] {dag.py:4180} INFO - Setting next_dagrun for example_python_decorator to None, run_after=None
[2025-04-21T12:03:23.992+0000] {processor.py:208} INFO - Processing /home/airflow/.local/lib/python3.12/site-packages/airflow/example_dags/example_python_decorator.py took 0.153 seconds
