[2025-04-21T10:53:01.023+0000] {processor.py:186} INFO - Started process (PID=80) to work on /home/airflow/.local/lib/python3.12/site-packages/airflow/example_dags/example_sensor_decorator.py
[2025-04-21T10:53:01.024+0000] {processor.py:914} INFO - Processing file /home/airflow/.local/lib/python3.12/site-packages/airflow/example_dags/example_sensor_decorator.py for tasks to queue
[2025-04-21T10:53:01.026+0000] {logging_mixin.py:190} INFO - [2025-04-21T10:53:01.026+0000] {dagbag.py:588} INFO - Filling up the DagBag from /home/airflow/.local/lib/python3.12/site-packages/airflow/example_dags/example_sensor_decorator.py
[2025-04-21T10:53:01.034+0000] {processor.py:925} INFO - DAG(s) 'example_sensor_decorator' retrieved from /home/airflow/.local/lib/python3.12/site-packages/airflow/example_dags/example_sensor_decorator.py
[2025-04-21T10:53:01.124+0000] {logging_mixin.py:190} INFO - [2025-04-21T10:53:01.123+0000] {override.py:1912} INFO - Created Permission View: can edit on DAG:example_sensor_decorator
[2025-04-21T10:53:01.132+0000] {logging_mixin.py:190} INFO - [2025-04-21T10:53:01.131+0000] {override.py:1912} INFO - Created Permission View: can read on DAG:example_sensor_decorator
[2025-04-21T10:53:01.138+0000] {logging_mixin.py:190} INFO - [2025-04-21T10:53:01.137+0000] {override.py:1912} INFO - Created Permission View: can delete on DAG:example_sensor_decorator
[2025-04-21T10:53:01.145+0000] {logging_mixin.py:190} INFO - [2025-04-21T10:53:01.144+0000] {override.py:1912} INFO - Created Permission View: menu access on DAG Run:example_sensor_decorator
[2025-04-21T10:53:01.150+0000] {logging_mixin.py:190} INFO - [2025-04-21T10:53:01.150+0000] {override.py:1912} INFO - Created Permission View: can create on DAG Run:example_sensor_decorator
[2025-04-21T10:53:01.156+0000] {logging_mixin.py:190} INFO - [2025-04-21T10:53:01.156+0000] {override.py:1912} INFO - Created Permission View: can read on DAG Run:example_sensor_decorator
[2025-04-21T10:53:01.162+0000] {logging_mixin.py:190} INFO - [2025-04-21T10:53:01.162+0000] {override.py:1912} INFO - Created Permission View: can delete on DAG Run:example_sensor_decorator
[2025-04-21T10:53:01.163+0000] {logging_mixin.py:190} INFO - [2025-04-21T10:53:01.163+0000] {dag.py:3239} INFO - Sync 1 DAGs
[2025-04-21T10:53:01.175+0000] {logging_mixin.py:190} INFO - [2025-04-21T10:53:01.175+0000] {dag.py:3262} INFO - Creating ORM DAG for example_sensor_decorator
[2025-04-21T10:53:01.176+0000] {logging_mixin.py:190} INFO - [2025-04-21T10:53:01.176+0000] {dag.py:4180} INFO - Setting next_dagrun for example_sensor_decorator to None, run_after=None
[2025-04-21T10:53:01.189+0000] {processor.py:208} INFO - Processing /home/airflow/.local/lib/python3.12/site-packages/airflow/example_dags/example_sensor_decorator.py took 0.172 seconds
[2025-04-21T10:53:31.914+0000] {processor.py:186} INFO - Started process (PID=143) to work on /home/airflow/.local/lib/python3.12/site-packages/airflow/example_dags/example_sensor_decorator.py
[2025-04-21T10:53:31.915+0000] {processor.py:914} INFO - Processing file /home/airflow/.local/lib/python3.12/site-packages/airflow/example_dags/example_sensor_decorator.py for tasks to queue
[2025-04-21T10:53:31.919+0000] {logging_mixin.py:190} INFO - [2025-04-21T10:53:31.918+0000] {dagbag.py:588} INFO - Filling up the DagBag from /home/airflow/.local/lib/python3.12/site-packages/airflow/example_dags/example_sensor_decorator.py
[2025-04-21T10:53:31.928+0000] {processor.py:925} INFO - DAG(s) 'example_sensor_decorator' retrieved from /home/airflow/.local/lib/python3.12/site-packages/airflow/example_dags/example_sensor_decorator.py
[2025-04-21T10:53:31.952+0000] {logging_mixin.py:190} INFO - [2025-04-21T10:53:31.952+0000] {dag.py:3239} INFO - Sync 1 DAGs
[2025-04-21T10:53:31.968+0000] {logging_mixin.py:190} INFO - [2025-04-21T10:53:31.968+0000] {dag.py:4180} INFO - Setting next_dagrun for example_sensor_decorator to None, run_after=None
[2025-04-21T10:53:31.988+0000] {processor.py:208} INFO - Processing /home/airflow/.local/lib/python3.12/site-packages/airflow/example_dags/example_sensor_decorator.py took 0.081 seconds
[2025-04-21T10:54:02.452+0000] {processor.py:186} INFO - Started process (PID=205) to work on /home/airflow/.local/lib/python3.12/site-packages/airflow/example_dags/example_sensor_decorator.py
[2025-04-21T10:54:02.453+0000] {processor.py:914} INFO - Processing file /home/airflow/.local/lib/python3.12/site-packages/airflow/example_dags/example_sensor_decorator.py for tasks to queue
[2025-04-21T10:54:02.455+0000] {logging_mixin.py:190} INFO - [2025-04-21T10:54:02.455+0000] {dagbag.py:588} INFO - Filling up the DagBag from /home/airflow/.local/lib/python3.12/site-packages/airflow/example_dags/example_sensor_decorator.py
[2025-04-21T10:54:02.461+0000] {processor.py:925} INFO - DAG(s) 'example_sensor_decorator' retrieved from /home/airflow/.local/lib/python3.12/site-packages/airflow/example_dags/example_sensor_decorator.py
[2025-04-21T10:54:02.475+0000] {logging_mixin.py:190} INFO - [2025-04-21T10:54:02.474+0000] {dag.py:3239} INFO - Sync 1 DAGs
[2025-04-21T10:54:02.484+0000] {logging_mixin.py:190} INFO - [2025-04-21T10:54:02.484+0000] {dag.py:4180} INFO - Setting next_dagrun for example_sensor_decorator to None, run_after=None
[2025-04-21T10:54:02.498+0000] {processor.py:208} INFO - Processing /home/airflow/.local/lib/python3.12/site-packages/airflow/example_dags/example_sensor_decorator.py took 0.049 seconds
[2025-04-21T10:54:33.242+0000] {processor.py:186} INFO - Started process (PID=273) to work on /home/airflow/.local/lib/python3.12/site-packages/airflow/example_dags/example_sensor_decorator.py
[2025-04-21T10:54:33.243+0000] {processor.py:914} INFO - Processing file /home/airflow/.local/lib/python3.12/site-packages/airflow/example_dags/example_sensor_decorator.py for tasks to queue
[2025-04-21T10:54:33.246+0000] {logging_mixin.py:190} INFO - [2025-04-21T10:54:33.245+0000] {dagbag.py:588} INFO - Filling up the DagBag from /home/airflow/.local/lib/python3.12/site-packages/airflow/example_dags/example_sensor_decorator.py
[2025-04-21T10:54:33.253+0000] {processor.py:925} INFO - DAG(s) 'example_sensor_decorator' retrieved from /home/airflow/.local/lib/python3.12/site-packages/airflow/example_dags/example_sensor_decorator.py
[2025-04-21T10:54:33.268+0000] {logging_mixin.py:190} INFO - [2025-04-21T10:54:33.268+0000] {dag.py:3239} INFO - Sync 1 DAGs
[2025-04-21T10:54:33.278+0000] {logging_mixin.py:190} INFO - [2025-04-21T10:54:33.278+0000] {dag.py:4180} INFO - Setting next_dagrun for example_sensor_decorator to None, run_after=None
[2025-04-21T10:54:33.293+0000] {processor.py:208} INFO - Processing /home/airflow/.local/lib/python3.12/site-packages/airflow/example_dags/example_sensor_decorator.py took 0.056 seconds
[2025-04-21T10:55:03.595+0000] {processor.py:186} INFO - Started process (PID=336) to work on /home/airflow/.local/lib/python3.12/site-packages/airflow/example_dags/example_sensor_decorator.py
[2025-04-21T10:55:03.595+0000] {processor.py:914} INFO - Processing file /home/airflow/.local/lib/python3.12/site-packages/airflow/example_dags/example_sensor_decorator.py for tasks to queue
[2025-04-21T10:55:03.597+0000] {logging_mixin.py:190} INFO - [2025-04-21T10:55:03.597+0000] {dagbag.py:588} INFO - Filling up the DagBag from /home/airflow/.local/lib/python3.12/site-packages/airflow/example_dags/example_sensor_decorator.py
[2025-04-21T10:55:03.604+0000] {processor.py:925} INFO - DAG(s) 'example_sensor_decorator' retrieved from /home/airflow/.local/lib/python3.12/site-packages/airflow/example_dags/example_sensor_decorator.py
[2025-04-21T10:55:03.620+0000] {logging_mixin.py:190} INFO - [2025-04-21T10:55:03.619+0000] {dag.py:3239} INFO - Sync 1 DAGs
[2025-04-21T10:55:03.632+0000] {logging_mixin.py:190} INFO - [2025-04-21T10:55:03.632+0000] {dag.py:4180} INFO - Setting next_dagrun for example_sensor_decorator to None, run_after=None
[2025-04-21T10:55:03.646+0000] {processor.py:208} INFO - Processing /home/airflow/.local/lib/python3.12/site-packages/airflow/example_dags/example_sensor_decorator.py took 0.056 seconds
[2025-04-21T10:55:33.974+0000] {processor.py:186} INFO - Started process (PID=399) to work on /home/airflow/.local/lib/python3.12/site-packages/airflow/example_dags/example_sensor_decorator.py
[2025-04-21T10:55:33.976+0000] {processor.py:914} INFO - Processing file /home/airflow/.local/lib/python3.12/site-packages/airflow/example_dags/example_sensor_decorator.py for tasks to queue
[2025-04-21T10:55:33.978+0000] {logging_mixin.py:190} INFO - [2025-04-21T10:55:33.978+0000] {dagbag.py:588} INFO - Filling up the DagBag from /home/airflow/.local/lib/python3.12/site-packages/airflow/example_dags/example_sensor_decorator.py
[2025-04-21T10:55:33.985+0000] {processor.py:925} INFO - DAG(s) 'example_sensor_decorator' retrieved from /home/airflow/.local/lib/python3.12/site-packages/airflow/example_dags/example_sensor_decorator.py
[2025-04-21T10:55:34.002+0000] {logging_mixin.py:190} INFO - [2025-04-21T10:55:34.002+0000] {dag.py:3239} INFO - Sync 1 DAGs
[2025-04-21T10:55:34.014+0000] {logging_mixin.py:190} INFO - [2025-04-21T10:55:34.014+0000] {dag.py:4180} INFO - Setting next_dagrun for example_sensor_decorator to None, run_after=None
[2025-04-21T10:55:34.030+0000] {processor.py:208} INFO - Processing /home/airflow/.local/lib/python3.12/site-packages/airflow/example_dags/example_sensor_decorator.py took 0.060 seconds
[2025-04-21T10:56:04.227+0000] {processor.py:186} INFO - Started process (PID=462) to work on /home/airflow/.local/lib/python3.12/site-packages/airflow/example_dags/example_sensor_decorator.py
[2025-04-21T10:56:04.227+0000] {processor.py:914} INFO - Processing file /home/airflow/.local/lib/python3.12/site-packages/airflow/example_dags/example_sensor_decorator.py for tasks to queue
[2025-04-21T10:56:04.229+0000] {logging_mixin.py:190} INFO - [2025-04-21T10:56:04.228+0000] {dagbag.py:588} INFO - Filling up the DagBag from /home/airflow/.local/lib/python3.12/site-packages/airflow/example_dags/example_sensor_decorator.py
[2025-04-21T10:56:04.235+0000] {processor.py:925} INFO - DAG(s) 'example_sensor_decorator' retrieved from /home/airflow/.local/lib/python3.12/site-packages/airflow/example_dags/example_sensor_decorator.py
[2025-04-21T10:56:04.249+0000] {logging_mixin.py:190} INFO - [2025-04-21T10:56:04.249+0000] {dag.py:3239} INFO - Sync 1 DAGs
[2025-04-21T10:56:04.261+0000] {logging_mixin.py:190} INFO - [2025-04-21T10:56:04.261+0000] {dag.py:4180} INFO - Setting next_dagrun for example_sensor_decorator to None, run_after=None
[2025-04-21T10:56:04.274+0000] {processor.py:208} INFO - Processing /home/airflow/.local/lib/python3.12/site-packages/airflow/example_dags/example_sensor_decorator.py took 0.052 seconds
[2025-04-21T10:56:34.530+0000] {processor.py:186} INFO - Started process (PID=525) to work on /home/airflow/.local/lib/python3.12/site-packages/airflow/example_dags/example_sensor_decorator.py
[2025-04-21T10:56:34.531+0000] {processor.py:914} INFO - Processing file /home/airflow/.local/lib/python3.12/site-packages/airflow/example_dags/example_sensor_decorator.py for tasks to queue
[2025-04-21T10:56:34.533+0000] {logging_mixin.py:190} INFO - [2025-04-21T10:56:34.533+0000] {dagbag.py:588} INFO - Filling up the DagBag from /home/airflow/.local/lib/python3.12/site-packages/airflow/example_dags/example_sensor_decorator.py
[2025-04-21T10:56:34.539+0000] {processor.py:925} INFO - DAG(s) 'example_sensor_decorator' retrieved from /home/airflow/.local/lib/python3.12/site-packages/airflow/example_dags/example_sensor_decorator.py
[2025-04-21T10:56:34.554+0000] {logging_mixin.py:190} INFO - [2025-04-21T10:56:34.554+0000] {dag.py:3239} INFO - Sync 1 DAGs
[2025-04-21T10:56:34.565+0000] {logging_mixin.py:190} INFO - [2025-04-21T10:56:34.565+0000] {dag.py:4180} INFO - Setting next_dagrun for example_sensor_decorator to None, run_after=None
[2025-04-21T10:56:34.579+0000] {processor.py:208} INFO - Processing /home/airflow/.local/lib/python3.12/site-packages/airflow/example_dags/example_sensor_decorator.py took 0.052 seconds
[2025-04-21T10:57:05.039+0000] {processor.py:186} INFO - Started process (PID=587) to work on /home/airflow/.local/lib/python3.12/site-packages/airflow/example_dags/example_sensor_decorator.py
[2025-04-21T10:57:05.040+0000] {processor.py:914} INFO - Processing file /home/airflow/.local/lib/python3.12/site-packages/airflow/example_dags/example_sensor_decorator.py for tasks to queue
[2025-04-21T10:57:05.042+0000] {logging_mixin.py:190} INFO - [2025-04-21T10:57:05.042+0000] {dagbag.py:588} INFO - Filling up the DagBag from /home/airflow/.local/lib/python3.12/site-packages/airflow/example_dags/example_sensor_decorator.py
[2025-04-21T10:57:05.048+0000] {processor.py:925} INFO - DAG(s) 'example_sensor_decorator' retrieved from /home/airflow/.local/lib/python3.12/site-packages/airflow/example_dags/example_sensor_decorator.py
[2025-04-21T10:57:05.062+0000] {logging_mixin.py:190} INFO - [2025-04-21T10:57:05.062+0000] {dag.py:3239} INFO - Sync 1 DAGs
[2025-04-21T10:57:05.072+0000] {logging_mixin.py:190} INFO - [2025-04-21T10:57:05.072+0000] {dag.py:4180} INFO - Setting next_dagrun for example_sensor_decorator to None, run_after=None
[2025-04-21T10:57:05.086+0000] {processor.py:208} INFO - Processing /home/airflow/.local/lib/python3.12/site-packages/airflow/example_dags/example_sensor_decorator.py took 0.050 seconds
[2025-04-21T10:57:35.184+0000] {processor.py:186} INFO - Started process (PID=650) to work on /home/airflow/.local/lib/python3.12/site-packages/airflow/example_dags/example_sensor_decorator.py
[2025-04-21T10:57:35.184+0000] {processor.py:914} INFO - Processing file /home/airflow/.local/lib/python3.12/site-packages/airflow/example_dags/example_sensor_decorator.py for tasks to queue
[2025-04-21T10:57:35.187+0000] {logging_mixin.py:190} INFO - [2025-04-21T10:57:35.186+0000] {dagbag.py:588} INFO - Filling up the DagBag from /home/airflow/.local/lib/python3.12/site-packages/airflow/example_dags/example_sensor_decorator.py
[2025-04-21T10:57:35.192+0000] {processor.py:925} INFO - DAG(s) 'example_sensor_decorator' retrieved from /home/airflow/.local/lib/python3.12/site-packages/airflow/example_dags/example_sensor_decorator.py
[2025-04-21T10:57:35.208+0000] {logging_mixin.py:190} INFO - [2025-04-21T10:57:35.207+0000] {dag.py:3239} INFO - Sync 1 DAGs
[2025-04-21T10:57:35.218+0000] {logging_mixin.py:190} INFO - [2025-04-21T10:57:35.218+0000] {dag.py:4180} INFO - Setting next_dagrun for example_sensor_decorator to None, run_after=None
[2025-04-21T10:57:35.232+0000] {processor.py:208} INFO - Processing /home/airflow/.local/lib/python3.12/site-packages/airflow/example_dags/example_sensor_decorator.py took 0.052 seconds
[2025-04-21T10:58:05.299+0000] {processor.py:186} INFO - Started process (PID=713) to work on /home/airflow/.local/lib/python3.12/site-packages/airflow/example_dags/example_sensor_decorator.py
[2025-04-21T10:58:05.299+0000] {processor.py:914} INFO - Processing file /home/airflow/.local/lib/python3.12/site-packages/airflow/example_dags/example_sensor_decorator.py for tasks to queue
[2025-04-21T10:58:05.301+0000] {logging_mixin.py:190} INFO - [2025-04-21T10:58:05.301+0000] {dagbag.py:588} INFO - Filling up the DagBag from /home/airflow/.local/lib/python3.12/site-packages/airflow/example_dags/example_sensor_decorator.py
[2025-04-21T10:58:05.307+0000] {processor.py:925} INFO - DAG(s) 'example_sensor_decorator' retrieved from /home/airflow/.local/lib/python3.12/site-packages/airflow/example_dags/example_sensor_decorator.py
[2025-04-21T10:58:05.320+0000] {logging_mixin.py:190} INFO - [2025-04-21T10:58:05.319+0000] {dag.py:3239} INFO - Sync 1 DAGs
[2025-04-21T10:58:05.331+0000] {logging_mixin.py:190} INFO - [2025-04-21T10:58:05.331+0000] {dag.py:4180} INFO - Setting next_dagrun for example_sensor_decorator to None, run_after=None
[2025-04-21T10:58:05.346+0000] {processor.py:208} INFO - Processing /home/airflow/.local/lib/python3.12/site-packages/airflow/example_dags/example_sensor_decorator.py took 0.051 seconds
[2025-04-21T10:58:35.468+0000] {processor.py:186} INFO - Started process (PID=776) to work on /home/airflow/.local/lib/python3.12/site-packages/airflow/example_dags/example_sensor_decorator.py
[2025-04-21T10:58:35.469+0000] {processor.py:914} INFO - Processing file /home/airflow/.local/lib/python3.12/site-packages/airflow/example_dags/example_sensor_decorator.py for tasks to queue
[2025-04-21T10:58:35.471+0000] {logging_mixin.py:190} INFO - [2025-04-21T10:58:35.471+0000] {dagbag.py:588} INFO - Filling up the DagBag from /home/airflow/.local/lib/python3.12/site-packages/airflow/example_dags/example_sensor_decorator.py
[2025-04-21T10:58:35.477+0000] {processor.py:925} INFO - DAG(s) 'example_sensor_decorator' retrieved from /home/airflow/.local/lib/python3.12/site-packages/airflow/example_dags/example_sensor_decorator.py
[2025-04-21T10:58:35.491+0000] {logging_mixin.py:190} INFO - [2025-04-21T10:58:35.491+0000] {dag.py:3239} INFO - Sync 1 DAGs
[2025-04-21T10:58:35.501+0000] {logging_mixin.py:190} INFO - [2025-04-21T10:58:35.501+0000] {dag.py:4180} INFO - Setting next_dagrun for example_sensor_decorator to None, run_after=None
[2025-04-21T10:58:35.515+0000] {processor.py:208} INFO - Processing /home/airflow/.local/lib/python3.12/site-packages/airflow/example_dags/example_sensor_decorator.py took 0.051 seconds
[2025-04-21T10:59:05.892+0000] {processor.py:186} INFO - Started process (PID=839) to work on /home/airflow/.local/lib/python3.12/site-packages/airflow/example_dags/example_sensor_decorator.py
[2025-04-21T10:59:05.893+0000] {processor.py:914} INFO - Processing file /home/airflow/.local/lib/python3.12/site-packages/airflow/example_dags/example_sensor_decorator.py for tasks to queue
[2025-04-21T10:59:05.895+0000] {logging_mixin.py:190} INFO - [2025-04-21T10:59:05.894+0000] {dagbag.py:588} INFO - Filling up the DagBag from /home/airflow/.local/lib/python3.12/site-packages/airflow/example_dags/example_sensor_decorator.py
[2025-04-21T10:59:05.901+0000] {processor.py:925} INFO - DAG(s) 'example_sensor_decorator' retrieved from /home/airflow/.local/lib/python3.12/site-packages/airflow/example_dags/example_sensor_decorator.py
[2025-04-21T10:59:05.914+0000] {logging_mixin.py:190} INFO - [2025-04-21T10:59:05.914+0000] {dag.py:3239} INFO - Sync 1 DAGs
[2025-04-21T10:59:05.924+0000] {logging_mixin.py:190} INFO - [2025-04-21T10:59:05.924+0000] {dag.py:4180} INFO - Setting next_dagrun for example_sensor_decorator to None, run_after=None
[2025-04-21T10:59:05.937+0000] {processor.py:208} INFO - Processing /home/airflow/.local/lib/python3.12/site-packages/airflow/example_dags/example_sensor_decorator.py took 0.050 seconds
[2025-04-21T10:59:36.308+0000] {processor.py:186} INFO - Started process (PID=902) to work on /home/airflow/.local/lib/python3.12/site-packages/airflow/example_dags/example_sensor_decorator.py
[2025-04-21T10:59:36.309+0000] {processor.py:914} INFO - Processing file /home/airflow/.local/lib/python3.12/site-packages/airflow/example_dags/example_sensor_decorator.py for tasks to queue
[2025-04-21T10:59:36.310+0000] {logging_mixin.py:190} INFO - [2025-04-21T10:59:36.310+0000] {dagbag.py:588} INFO - Filling up the DagBag from /home/airflow/.local/lib/python3.12/site-packages/airflow/example_dags/example_sensor_decorator.py
[2025-04-21T10:59:36.316+0000] {processor.py:925} INFO - DAG(s) 'example_sensor_decorator' retrieved from /home/airflow/.local/lib/python3.12/site-packages/airflow/example_dags/example_sensor_decorator.py
[2025-04-21T10:59:36.331+0000] {logging_mixin.py:190} INFO - [2025-04-21T10:59:36.331+0000] {dag.py:3239} INFO - Sync 1 DAGs
[2025-04-21T10:59:36.342+0000] {logging_mixin.py:190} INFO - [2025-04-21T10:59:36.342+0000] {dag.py:4180} INFO - Setting next_dagrun for example_sensor_decorator to None, run_after=None
[2025-04-21T10:59:36.355+0000] {processor.py:208} INFO - Processing /home/airflow/.local/lib/python3.12/site-packages/airflow/example_dags/example_sensor_decorator.py took 0.053 seconds
[2025-04-21T11:00:06.666+0000] {processor.py:186} INFO - Started process (PID=965) to work on /home/airflow/.local/lib/python3.12/site-packages/airflow/example_dags/example_sensor_decorator.py
[2025-04-21T11:00:06.666+0000] {processor.py:914} INFO - Processing file /home/airflow/.local/lib/python3.12/site-packages/airflow/example_dags/example_sensor_decorator.py for tasks to queue
[2025-04-21T11:00:06.669+0000] {logging_mixin.py:190} INFO - [2025-04-21T11:00:06.668+0000] {dagbag.py:588} INFO - Filling up the DagBag from /home/airflow/.local/lib/python3.12/site-packages/airflow/example_dags/example_sensor_decorator.py
[2025-04-21T11:00:06.675+0000] {processor.py:925} INFO - DAG(s) 'example_sensor_decorator' retrieved from /home/airflow/.local/lib/python3.12/site-packages/airflow/example_dags/example_sensor_decorator.py
[2025-04-21T11:00:06.691+0000] {logging_mixin.py:190} INFO - [2025-04-21T11:00:06.691+0000] {dag.py:3239} INFO - Sync 1 DAGs
[2025-04-21T11:00:06.703+0000] {logging_mixin.py:190} INFO - [2025-04-21T11:00:06.703+0000] {dag.py:4180} INFO - Setting next_dagrun for example_sensor_decorator to None, run_after=None
[2025-04-21T11:00:06.718+0000] {processor.py:208} INFO - Processing /home/airflow/.local/lib/python3.12/site-packages/airflow/example_dags/example_sensor_decorator.py took 0.056 seconds
[2025-04-21T11:00:37.082+0000] {processor.py:186} INFO - Started process (PID=1028) to work on /home/airflow/.local/lib/python3.12/site-packages/airflow/example_dags/example_sensor_decorator.py
[2025-04-21T11:00:37.082+0000] {processor.py:914} INFO - Processing file /home/airflow/.local/lib/python3.12/site-packages/airflow/example_dags/example_sensor_decorator.py for tasks to queue
[2025-04-21T11:00:37.085+0000] {logging_mixin.py:190} INFO - [2025-04-21T11:00:37.085+0000] {dagbag.py:588} INFO - Filling up the DagBag from /home/airflow/.local/lib/python3.12/site-packages/airflow/example_dags/example_sensor_decorator.py
[2025-04-21T11:00:37.093+0000] {processor.py:925} INFO - DAG(s) 'example_sensor_decorator' retrieved from /home/airflow/.local/lib/python3.12/site-packages/airflow/example_dags/example_sensor_decorator.py
[2025-04-21T11:00:37.111+0000] {logging_mixin.py:190} INFO - [2025-04-21T11:00:37.111+0000] {dag.py:3239} INFO - Sync 1 DAGs
[2025-04-21T11:00:37.125+0000] {logging_mixin.py:190} INFO - [2025-04-21T11:00:37.124+0000] {dag.py:4180} INFO - Setting next_dagrun for example_sensor_decorator to None, run_after=None
[2025-04-21T11:00:37.145+0000] {processor.py:208} INFO - Processing /home/airflow/.local/lib/python3.12/site-packages/airflow/example_dags/example_sensor_decorator.py took 0.068 seconds
[2025-04-21T11:01:07.787+0000] {processor.py:186} INFO - Started process (PID=1091) to work on /home/airflow/.local/lib/python3.12/site-packages/airflow/example_dags/example_sensor_decorator.py
[2025-04-21T11:01:07.787+0000] {processor.py:914} INFO - Processing file /home/airflow/.local/lib/python3.12/site-packages/airflow/example_dags/example_sensor_decorator.py for tasks to queue
[2025-04-21T11:01:07.790+0000] {logging_mixin.py:190} INFO - [2025-04-21T11:01:07.790+0000] {dagbag.py:588} INFO - Filling up the DagBag from /home/airflow/.local/lib/python3.12/site-packages/airflow/example_dags/example_sensor_decorator.py
[2025-04-21T11:01:07.800+0000] {processor.py:925} INFO - DAG(s) 'example_sensor_decorator' retrieved from /home/airflow/.local/lib/python3.12/site-packages/airflow/example_dags/example_sensor_decorator.py
[2025-04-21T11:01:07.816+0000] {logging_mixin.py:190} INFO - [2025-04-21T11:01:07.816+0000] {dag.py:3239} INFO - Sync 1 DAGs
[2025-04-21T11:01:07.828+0000] {logging_mixin.py:190} INFO - [2025-04-21T11:01:07.827+0000] {dag.py:4180} INFO - Setting next_dagrun for example_sensor_decorator to None, run_after=None
[2025-04-21T11:01:07.842+0000] {processor.py:208} INFO - Processing /home/airflow/.local/lib/python3.12/site-packages/airflow/example_dags/example_sensor_decorator.py took 0.060 seconds
[2025-04-21T11:01:38.091+0000] {processor.py:186} INFO - Started process (PID=1154) to work on /home/airflow/.local/lib/python3.12/site-packages/airflow/example_dags/example_sensor_decorator.py
[2025-04-21T11:01:38.092+0000] {processor.py:914} INFO - Processing file /home/airflow/.local/lib/python3.12/site-packages/airflow/example_dags/example_sensor_decorator.py for tasks to queue
[2025-04-21T11:01:38.095+0000] {logging_mixin.py:190} INFO - [2025-04-21T11:01:38.094+0000] {dagbag.py:588} INFO - Filling up the DagBag from /home/airflow/.local/lib/python3.12/site-packages/airflow/example_dags/example_sensor_decorator.py
[2025-04-21T11:01:38.101+0000] {processor.py:925} INFO - DAG(s) 'example_sensor_decorator' retrieved from /home/airflow/.local/lib/python3.12/site-packages/airflow/example_dags/example_sensor_decorator.py
[2025-04-21T11:01:38.117+0000] {logging_mixin.py:190} INFO - [2025-04-21T11:01:38.117+0000] {dag.py:3239} INFO - Sync 1 DAGs
[2025-04-21T11:01:38.129+0000] {logging_mixin.py:190} INFO - [2025-04-21T11:01:38.129+0000] {dag.py:4180} INFO - Setting next_dagrun for example_sensor_decorator to None, run_after=None
[2025-04-21T11:01:38.144+0000] {processor.py:208} INFO - Processing /home/airflow/.local/lib/python3.12/site-packages/airflow/example_dags/example_sensor_decorator.py took 0.058 seconds
[2025-04-21T11:02:08.458+0000] {processor.py:186} INFO - Started process (PID=1217) to work on /home/airflow/.local/lib/python3.12/site-packages/airflow/example_dags/example_sensor_decorator.py
[2025-04-21T11:02:08.459+0000] {processor.py:914} INFO - Processing file /home/airflow/.local/lib/python3.12/site-packages/airflow/example_dags/example_sensor_decorator.py for tasks to queue
[2025-04-21T11:02:08.461+0000] {logging_mixin.py:190} INFO - [2025-04-21T11:02:08.461+0000] {dagbag.py:588} INFO - Filling up the DagBag from /home/airflow/.local/lib/python3.12/site-packages/airflow/example_dags/example_sensor_decorator.py
[2025-04-21T11:02:08.467+0000] {processor.py:925} INFO - DAG(s) 'example_sensor_decorator' retrieved from /home/airflow/.local/lib/python3.12/site-packages/airflow/example_dags/example_sensor_decorator.py
[2025-04-21T11:02:08.482+0000] {logging_mixin.py:190} INFO - [2025-04-21T11:02:08.482+0000] {dag.py:3239} INFO - Sync 1 DAGs
[2025-04-21T11:02:08.494+0000] {logging_mixin.py:190} INFO - [2025-04-21T11:02:08.493+0000] {dag.py:4180} INFO - Setting next_dagrun for example_sensor_decorator to None, run_after=None
[2025-04-21T11:02:08.508+0000] {processor.py:208} INFO - Processing /home/airflow/.local/lib/python3.12/site-packages/airflow/example_dags/example_sensor_decorator.py took 0.054 seconds
[2025-04-21T11:02:38.817+0000] {processor.py:186} INFO - Started process (PID=1280) to work on /home/airflow/.local/lib/python3.12/site-packages/airflow/example_dags/example_sensor_decorator.py
[2025-04-21T11:02:38.817+0000] {processor.py:914} INFO - Processing file /home/airflow/.local/lib/python3.12/site-packages/airflow/example_dags/example_sensor_decorator.py for tasks to queue
[2025-04-21T11:02:38.820+0000] {logging_mixin.py:190} INFO - [2025-04-21T11:02:38.819+0000] {dagbag.py:588} INFO - Filling up the DagBag from /home/airflow/.local/lib/python3.12/site-packages/airflow/example_dags/example_sensor_decorator.py
[2025-04-21T11:02:38.825+0000] {processor.py:925} INFO - DAG(s) 'example_sensor_decorator' retrieved from /home/airflow/.local/lib/python3.12/site-packages/airflow/example_dags/example_sensor_decorator.py
[2025-04-21T11:02:38.840+0000] {logging_mixin.py:190} INFO - [2025-04-21T11:02:38.840+0000] {dag.py:3239} INFO - Sync 1 DAGs
[2025-04-21T11:02:38.850+0000] {logging_mixin.py:190} INFO - [2025-04-21T11:02:38.850+0000] {dag.py:4180} INFO - Setting next_dagrun for example_sensor_decorator to None, run_after=None
[2025-04-21T11:02:38.864+0000] {processor.py:208} INFO - Processing /home/airflow/.local/lib/python3.12/site-packages/airflow/example_dags/example_sensor_decorator.py took 0.051 seconds
[2025-04-21T11:03:09.234+0000] {processor.py:186} INFO - Started process (PID=1343) to work on /home/airflow/.local/lib/python3.12/site-packages/airflow/example_dags/example_sensor_decorator.py
[2025-04-21T11:03:09.235+0000] {processor.py:914} INFO - Processing file /home/airflow/.local/lib/python3.12/site-packages/airflow/example_dags/example_sensor_decorator.py for tasks to queue
[2025-04-21T11:03:09.237+0000] {logging_mixin.py:190} INFO - [2025-04-21T11:03:09.237+0000] {dagbag.py:588} INFO - Filling up the DagBag from /home/airflow/.local/lib/python3.12/site-packages/airflow/example_dags/example_sensor_decorator.py
[2025-04-21T11:03:09.244+0000] {processor.py:925} INFO - DAG(s) 'example_sensor_decorator' retrieved from /home/airflow/.local/lib/python3.12/site-packages/airflow/example_dags/example_sensor_decorator.py
[2025-04-21T11:03:09.259+0000] {logging_mixin.py:190} INFO - [2025-04-21T11:03:09.259+0000] {dag.py:3239} INFO - Sync 1 DAGs
[2025-04-21T11:03:09.270+0000] {logging_mixin.py:190} INFO - [2025-04-21T11:03:09.270+0000] {dag.py:4180} INFO - Setting next_dagrun for example_sensor_decorator to None, run_after=None
[2025-04-21T11:03:09.285+0000] {processor.py:208} INFO - Processing /home/airflow/.local/lib/python3.12/site-packages/airflow/example_dags/example_sensor_decorator.py took 0.055 seconds
[2025-04-21T11:03:40.124+0000] {processor.py:186} INFO - Started process (PID=1406) to work on /home/airflow/.local/lib/python3.12/site-packages/airflow/example_dags/example_sensor_decorator.py
[2025-04-21T11:03:40.125+0000] {processor.py:914} INFO - Processing file /home/airflow/.local/lib/python3.12/site-packages/airflow/example_dags/example_sensor_decorator.py for tasks to queue
[2025-04-21T11:03:40.127+0000] {logging_mixin.py:190} INFO - [2025-04-21T11:03:40.127+0000] {dagbag.py:588} INFO - Filling up the DagBag from /home/airflow/.local/lib/python3.12/site-packages/airflow/example_dags/example_sensor_decorator.py
[2025-04-21T11:03:40.133+0000] {processor.py:925} INFO - DAG(s) 'example_sensor_decorator' retrieved from /home/airflow/.local/lib/python3.12/site-packages/airflow/example_dags/example_sensor_decorator.py
[2025-04-21T11:03:40.148+0000] {logging_mixin.py:190} INFO - [2025-04-21T11:03:40.147+0000] {dag.py:3239} INFO - Sync 1 DAGs
[2025-04-21T11:03:40.159+0000] {logging_mixin.py:190} INFO - [2025-04-21T11:03:40.159+0000] {dag.py:4180} INFO - Setting next_dagrun for example_sensor_decorator to None, run_after=None
[2025-04-21T11:03:40.173+0000] {processor.py:208} INFO - Processing /home/airflow/.local/lib/python3.12/site-packages/airflow/example_dags/example_sensor_decorator.py took 0.052 seconds
[2025-04-21T11:04:10.918+0000] {processor.py:186} INFO - Started process (PID=1469) to work on /home/airflow/.local/lib/python3.12/site-packages/airflow/example_dags/example_sensor_decorator.py
[2025-04-21T11:04:10.918+0000] {processor.py:914} INFO - Processing file /home/airflow/.local/lib/python3.12/site-packages/airflow/example_dags/example_sensor_decorator.py for tasks to queue
[2025-04-21T11:04:10.920+0000] {logging_mixin.py:190} INFO - [2025-04-21T11:04:10.920+0000] {dagbag.py:588} INFO - Filling up the DagBag from /home/airflow/.local/lib/python3.12/site-packages/airflow/example_dags/example_sensor_decorator.py
[2025-04-21T11:04:10.926+0000] {processor.py:925} INFO - DAG(s) 'example_sensor_decorator' retrieved from /home/airflow/.local/lib/python3.12/site-packages/airflow/example_dags/example_sensor_decorator.py
[2025-04-21T11:04:10.940+0000] {logging_mixin.py:190} INFO - [2025-04-21T11:04:10.940+0000] {dag.py:3239} INFO - Sync 1 DAGs
[2025-04-21T11:04:10.951+0000] {logging_mixin.py:190} INFO - [2025-04-21T11:04:10.951+0000] {dag.py:4180} INFO - Setting next_dagrun for example_sensor_decorator to None, run_after=None
[2025-04-21T11:04:10.964+0000] {processor.py:208} INFO - Processing /home/airflow/.local/lib/python3.12/site-packages/airflow/example_dags/example_sensor_decorator.py took 0.050 seconds
[2025-04-21T11:04:41.555+0000] {processor.py:186} INFO - Started process (PID=1532) to work on /home/airflow/.local/lib/python3.12/site-packages/airflow/example_dags/example_sensor_decorator.py
[2025-04-21T11:04:41.556+0000] {processor.py:914} INFO - Processing file /home/airflow/.local/lib/python3.12/site-packages/airflow/example_dags/example_sensor_decorator.py for tasks to queue
[2025-04-21T11:04:41.558+0000] {logging_mixin.py:190} INFO - [2025-04-21T11:04:41.558+0000] {dagbag.py:588} INFO - Filling up the DagBag from /home/airflow/.local/lib/python3.12/site-packages/airflow/example_dags/example_sensor_decorator.py
[2025-04-21T11:04:41.564+0000] {processor.py:925} INFO - DAG(s) 'example_sensor_decorator' retrieved from /home/airflow/.local/lib/python3.12/site-packages/airflow/example_dags/example_sensor_decorator.py
[2025-04-21T11:04:41.579+0000] {logging_mixin.py:190} INFO - [2025-04-21T11:04:41.579+0000] {dag.py:3239} INFO - Sync 1 DAGs
[2025-04-21T11:04:41.589+0000] {logging_mixin.py:190} INFO - [2025-04-21T11:04:41.588+0000] {dag.py:4180} INFO - Setting next_dagrun for example_sensor_decorator to None, run_after=None
[2025-04-21T11:04:41.603+0000] {processor.py:208} INFO - Processing /home/airflow/.local/lib/python3.12/site-packages/airflow/example_dags/example_sensor_decorator.py took 0.051 seconds
[2025-04-21T11:05:12.225+0000] {processor.py:186} INFO - Started process (PID=1595) to work on /home/airflow/.local/lib/python3.12/site-packages/airflow/example_dags/example_sensor_decorator.py
[2025-04-21T11:05:12.226+0000] {processor.py:914} INFO - Processing file /home/airflow/.local/lib/python3.12/site-packages/airflow/example_dags/example_sensor_decorator.py for tasks to queue
[2025-04-21T11:05:12.228+0000] {logging_mixin.py:190} INFO - [2025-04-21T11:05:12.228+0000] {dagbag.py:588} INFO - Filling up the DagBag from /home/airflow/.local/lib/python3.12/site-packages/airflow/example_dags/example_sensor_decorator.py
[2025-04-21T11:05:12.234+0000] {processor.py:925} INFO - DAG(s) 'example_sensor_decorator' retrieved from /home/airflow/.local/lib/python3.12/site-packages/airflow/example_dags/example_sensor_decorator.py
[2025-04-21T11:05:12.248+0000] {logging_mixin.py:190} INFO - [2025-04-21T11:05:12.247+0000] {dag.py:3239} INFO - Sync 1 DAGs
[2025-04-21T11:05:12.258+0000] {logging_mixin.py:190} INFO - [2025-04-21T11:05:12.258+0000] {dag.py:4180} INFO - Setting next_dagrun for example_sensor_decorator to None, run_after=None
[2025-04-21T11:05:12.272+0000] {processor.py:208} INFO - Processing /home/airflow/.local/lib/python3.12/site-packages/airflow/example_dags/example_sensor_decorator.py took 0.050 seconds
[2025-04-21T11:05:42.813+0000] {processor.py:186} INFO - Started process (PID=1658) to work on /home/airflow/.local/lib/python3.12/site-packages/airflow/example_dags/example_sensor_decorator.py
[2025-04-21T11:05:42.813+0000] {processor.py:914} INFO - Processing file /home/airflow/.local/lib/python3.12/site-packages/airflow/example_dags/example_sensor_decorator.py for tasks to queue
[2025-04-21T11:05:42.815+0000] {logging_mixin.py:190} INFO - [2025-04-21T11:05:42.815+0000] {dagbag.py:588} INFO - Filling up the DagBag from /home/airflow/.local/lib/python3.12/site-packages/airflow/example_dags/example_sensor_decorator.py
[2025-04-21T11:05:42.822+0000] {processor.py:925} INFO - DAG(s) 'example_sensor_decorator' retrieved from /home/airflow/.local/lib/python3.12/site-packages/airflow/example_dags/example_sensor_decorator.py
[2025-04-21T11:05:42.836+0000] {logging_mixin.py:190} INFO - [2025-04-21T11:05:42.836+0000] {dag.py:3239} INFO - Sync 1 DAGs
[2025-04-21T11:05:42.846+0000] {logging_mixin.py:190} INFO - [2025-04-21T11:05:42.846+0000] {dag.py:4180} INFO - Setting next_dagrun for example_sensor_decorator to None, run_after=None
[2025-04-21T11:05:42.859+0000] {processor.py:208} INFO - Processing /home/airflow/.local/lib/python3.12/site-packages/airflow/example_dags/example_sensor_decorator.py took 0.051 seconds
[2025-04-21T11:06:13.303+0000] {processor.py:186} INFO - Started process (PID=1721) to work on /home/airflow/.local/lib/python3.12/site-packages/airflow/example_dags/example_sensor_decorator.py
[2025-04-21T11:06:13.304+0000] {processor.py:914} INFO - Processing file /home/airflow/.local/lib/python3.12/site-packages/airflow/example_dags/example_sensor_decorator.py for tasks to queue
[2025-04-21T11:06:13.306+0000] {logging_mixin.py:190} INFO - [2025-04-21T11:06:13.306+0000] {dagbag.py:588} INFO - Filling up the DagBag from /home/airflow/.local/lib/python3.12/site-packages/airflow/example_dags/example_sensor_decorator.py
[2025-04-21T11:06:13.312+0000] {processor.py:925} INFO - DAG(s) 'example_sensor_decorator' retrieved from /home/airflow/.local/lib/python3.12/site-packages/airflow/example_dags/example_sensor_decorator.py
[2025-04-21T11:06:13.328+0000] {logging_mixin.py:190} INFO - [2025-04-21T11:06:13.328+0000] {dag.py:3239} INFO - Sync 1 DAGs
[2025-04-21T11:06:13.341+0000] {logging_mixin.py:190} INFO - [2025-04-21T11:06:13.340+0000] {dag.py:4180} INFO - Setting next_dagrun for example_sensor_decorator to None, run_after=None
[2025-04-21T11:06:13.355+0000] {processor.py:208} INFO - Processing /home/airflow/.local/lib/python3.12/site-packages/airflow/example_dags/example_sensor_decorator.py took 0.056 seconds
[2025-04-21T11:06:43.850+0000] {processor.py:186} INFO - Started process (PID=1784) to work on /home/airflow/.local/lib/python3.12/site-packages/airflow/example_dags/example_sensor_decorator.py
[2025-04-21T11:06:43.850+0000] {processor.py:914} INFO - Processing file /home/airflow/.local/lib/python3.12/site-packages/airflow/example_dags/example_sensor_decorator.py for tasks to queue
[2025-04-21T11:06:43.853+0000] {logging_mixin.py:190} INFO - [2025-04-21T11:06:43.852+0000] {dagbag.py:588} INFO - Filling up the DagBag from /home/airflow/.local/lib/python3.12/site-packages/airflow/example_dags/example_sensor_decorator.py
[2025-04-21T11:06:43.859+0000] {processor.py:925} INFO - DAG(s) 'example_sensor_decorator' retrieved from /home/airflow/.local/lib/python3.12/site-packages/airflow/example_dags/example_sensor_decorator.py
[2025-04-21T11:06:43.874+0000] {logging_mixin.py:190} INFO - [2025-04-21T11:06:43.874+0000] {dag.py:3239} INFO - Sync 1 DAGs
[2025-04-21T11:06:43.885+0000] {logging_mixin.py:190} INFO - [2025-04-21T11:06:43.885+0000] {dag.py:4180} INFO - Setting next_dagrun for example_sensor_decorator to None, run_after=None
[2025-04-21T11:06:43.900+0000] {processor.py:208} INFO - Processing /home/airflow/.local/lib/python3.12/site-packages/airflow/example_dags/example_sensor_decorator.py took 0.054 seconds
[2025-04-21T11:07:14.011+0000] {processor.py:186} INFO - Started process (PID=1847) to work on /home/airflow/.local/lib/python3.12/site-packages/airflow/example_dags/example_sensor_decorator.py
[2025-04-21T11:07:14.012+0000] {processor.py:914} INFO - Processing file /home/airflow/.local/lib/python3.12/site-packages/airflow/example_dags/example_sensor_decorator.py for tasks to queue
[2025-04-21T11:07:14.014+0000] {logging_mixin.py:190} INFO - [2025-04-21T11:07:14.014+0000] {dagbag.py:588} INFO - Filling up the DagBag from /home/airflow/.local/lib/python3.12/site-packages/airflow/example_dags/example_sensor_decorator.py
[2025-04-21T11:07:14.021+0000] {processor.py:925} INFO - DAG(s) 'example_sensor_decorator' retrieved from /home/airflow/.local/lib/python3.12/site-packages/airflow/example_dags/example_sensor_decorator.py
[2025-04-21T11:07:14.037+0000] {logging_mixin.py:190} INFO - [2025-04-21T11:07:14.037+0000] {dag.py:3239} INFO - Sync 1 DAGs
[2025-04-21T11:07:14.050+0000] {logging_mixin.py:190} INFO - [2025-04-21T11:07:14.050+0000] {dag.py:4180} INFO - Setting next_dagrun for example_sensor_decorator to None, run_after=None
[2025-04-21T11:07:14.065+0000] {processor.py:208} INFO - Processing /home/airflow/.local/lib/python3.12/site-packages/airflow/example_dags/example_sensor_decorator.py took 0.057 seconds
[2025-04-21T11:07:44.179+0000] {processor.py:186} INFO - Started process (PID=1910) to work on /home/airflow/.local/lib/python3.12/site-packages/airflow/example_dags/example_sensor_decorator.py
[2025-04-21T11:07:44.180+0000] {processor.py:914} INFO - Processing file /home/airflow/.local/lib/python3.12/site-packages/airflow/example_dags/example_sensor_decorator.py for tasks to queue
[2025-04-21T11:07:44.182+0000] {logging_mixin.py:190} INFO - [2025-04-21T11:07:44.182+0000] {dagbag.py:588} INFO - Filling up the DagBag from /home/airflow/.local/lib/python3.12/site-packages/airflow/example_dags/example_sensor_decorator.py
[2025-04-21T11:07:44.188+0000] {processor.py:925} INFO - DAG(s) 'example_sensor_decorator' retrieved from /home/airflow/.local/lib/python3.12/site-packages/airflow/example_dags/example_sensor_decorator.py
[2025-04-21T11:07:44.204+0000] {logging_mixin.py:190} INFO - [2025-04-21T11:07:44.204+0000] {dag.py:3239} INFO - Sync 1 DAGs
[2025-04-21T11:07:44.216+0000] {logging_mixin.py:190} INFO - [2025-04-21T11:07:44.216+0000] {dag.py:4180} INFO - Setting next_dagrun for example_sensor_decorator to None, run_after=None
[2025-04-21T11:07:44.231+0000] {processor.py:208} INFO - Processing /home/airflow/.local/lib/python3.12/site-packages/airflow/example_dags/example_sensor_decorator.py took 0.056 seconds
[2025-04-21T11:08:14.929+0000] {processor.py:186} INFO - Started process (PID=1973) to work on /home/airflow/.local/lib/python3.12/site-packages/airflow/example_dags/example_sensor_decorator.py
[2025-04-21T11:08:14.930+0000] {processor.py:914} INFO - Processing file /home/airflow/.local/lib/python3.12/site-packages/airflow/example_dags/example_sensor_decorator.py for tasks to queue
[2025-04-21T11:08:14.931+0000] {logging_mixin.py:190} INFO - [2025-04-21T11:08:14.931+0000] {dagbag.py:588} INFO - Filling up the DagBag from /home/airflow/.local/lib/python3.12/site-packages/airflow/example_dags/example_sensor_decorator.py
[2025-04-21T11:08:14.937+0000] {processor.py:925} INFO - DAG(s) 'example_sensor_decorator' retrieved from /home/airflow/.local/lib/python3.12/site-packages/airflow/example_dags/example_sensor_decorator.py
[2025-04-21T11:08:14.951+0000] {logging_mixin.py:190} INFO - [2025-04-21T11:08:14.951+0000] {dag.py:3239} INFO - Sync 1 DAGs
[2025-04-21T11:08:14.963+0000] {logging_mixin.py:190} INFO - [2025-04-21T11:08:14.962+0000] {dag.py:4180} INFO - Setting next_dagrun for example_sensor_decorator to None, run_after=None
[2025-04-21T11:08:14.977+0000] {processor.py:208} INFO - Processing /home/airflow/.local/lib/python3.12/site-packages/airflow/example_dags/example_sensor_decorator.py took 0.052 seconds
[2025-04-21T11:08:45.610+0000] {processor.py:186} INFO - Started process (PID=2036) to work on /home/airflow/.local/lib/python3.12/site-packages/airflow/example_dags/example_sensor_decorator.py
[2025-04-21T11:08:45.611+0000] {processor.py:914} INFO - Processing file /home/airflow/.local/lib/python3.12/site-packages/airflow/example_dags/example_sensor_decorator.py for tasks to queue
[2025-04-21T11:08:45.613+0000] {logging_mixin.py:190} INFO - [2025-04-21T11:08:45.613+0000] {dagbag.py:588} INFO - Filling up the DagBag from /home/airflow/.local/lib/python3.12/site-packages/airflow/example_dags/example_sensor_decorator.py
[2025-04-21T11:08:45.619+0000] {processor.py:925} INFO - DAG(s) 'example_sensor_decorator' retrieved from /home/airflow/.local/lib/python3.12/site-packages/airflow/example_dags/example_sensor_decorator.py
[2025-04-21T11:08:45.634+0000] {logging_mixin.py:190} INFO - [2025-04-21T11:08:45.634+0000] {dag.py:3239} INFO - Sync 1 DAGs
[2025-04-21T11:08:45.645+0000] {logging_mixin.py:190} INFO - [2025-04-21T11:08:45.645+0000] {dag.py:4180} INFO - Setting next_dagrun for example_sensor_decorator to None, run_after=None
[2025-04-21T11:08:45.657+0000] {processor.py:208} INFO - Processing /home/airflow/.local/lib/python3.12/site-packages/airflow/example_dags/example_sensor_decorator.py took 0.052 seconds
[2025-04-21T11:09:16.493+0000] {processor.py:186} INFO - Started process (PID=2099) to work on /home/airflow/.local/lib/python3.12/site-packages/airflow/example_dags/example_sensor_decorator.py
[2025-04-21T11:09:16.494+0000] {processor.py:914} INFO - Processing file /home/airflow/.local/lib/python3.12/site-packages/airflow/example_dags/example_sensor_decorator.py for tasks to queue
[2025-04-21T11:09:16.496+0000] {logging_mixin.py:190} INFO - [2025-04-21T11:09:16.496+0000] {dagbag.py:588} INFO - Filling up the DagBag from /home/airflow/.local/lib/python3.12/site-packages/airflow/example_dags/example_sensor_decorator.py
[2025-04-21T11:09:16.502+0000] {processor.py:925} INFO - DAG(s) 'example_sensor_decorator' retrieved from /home/airflow/.local/lib/python3.12/site-packages/airflow/example_dags/example_sensor_decorator.py
[2025-04-21T11:09:16.518+0000] {logging_mixin.py:190} INFO - [2025-04-21T11:09:16.518+0000] {dag.py:3239} INFO - Sync 1 DAGs
[2025-04-21T11:09:16.530+0000] {logging_mixin.py:190} INFO - [2025-04-21T11:09:16.530+0000] {dag.py:4180} INFO - Setting next_dagrun for example_sensor_decorator to None, run_after=None
[2025-04-21T11:09:16.551+0000] {processor.py:208} INFO - Processing /home/airflow/.local/lib/python3.12/site-packages/airflow/example_dags/example_sensor_decorator.py took 0.061 seconds
[2025-04-21T11:09:47.408+0000] {processor.py:186} INFO - Started process (PID=2162) to work on /home/airflow/.local/lib/python3.12/site-packages/airflow/example_dags/example_sensor_decorator.py
[2025-04-21T11:09:47.409+0000] {processor.py:914} INFO - Processing file /home/airflow/.local/lib/python3.12/site-packages/airflow/example_dags/example_sensor_decorator.py for tasks to queue
[2025-04-21T11:09:47.410+0000] {logging_mixin.py:190} INFO - [2025-04-21T11:09:47.410+0000] {dagbag.py:588} INFO - Filling up the DagBag from /home/airflow/.local/lib/python3.12/site-packages/airflow/example_dags/example_sensor_decorator.py
[2025-04-21T11:09:47.416+0000] {processor.py:925} INFO - DAG(s) 'example_sensor_decorator' retrieved from /home/airflow/.local/lib/python3.12/site-packages/airflow/example_dags/example_sensor_decorator.py
[2025-04-21T11:09:47.430+0000] {logging_mixin.py:190} INFO - [2025-04-21T11:09:47.430+0000] {dag.py:3239} INFO - Sync 1 DAGs
[2025-04-21T11:09:47.442+0000] {logging_mixin.py:190} INFO - [2025-04-21T11:09:47.442+0000] {dag.py:4180} INFO - Setting next_dagrun for example_sensor_decorator to None, run_after=None
[2025-04-21T11:09:47.455+0000] {processor.py:208} INFO - Processing /home/airflow/.local/lib/python3.12/site-packages/airflow/example_dags/example_sensor_decorator.py took 0.051 seconds
[2025-04-21T11:10:17.660+0000] {processor.py:186} INFO - Started process (PID=2225) to work on /home/airflow/.local/lib/python3.12/site-packages/airflow/example_dags/example_sensor_decorator.py
[2025-04-21T11:10:17.661+0000] {processor.py:914} INFO - Processing file /home/airflow/.local/lib/python3.12/site-packages/airflow/example_dags/example_sensor_decorator.py for tasks to queue
[2025-04-21T11:10:17.662+0000] {logging_mixin.py:190} INFO - [2025-04-21T11:10:17.662+0000] {dagbag.py:588} INFO - Filling up the DagBag from /home/airflow/.local/lib/python3.12/site-packages/airflow/example_dags/example_sensor_decorator.py
[2025-04-21T11:10:17.668+0000] {processor.py:925} INFO - DAG(s) 'example_sensor_decorator' retrieved from /home/airflow/.local/lib/python3.12/site-packages/airflow/example_dags/example_sensor_decorator.py
[2025-04-21T11:10:17.682+0000] {logging_mixin.py:190} INFO - [2025-04-21T11:10:17.681+0000] {dag.py:3239} INFO - Sync 1 DAGs
[2025-04-21T11:10:17.693+0000] {logging_mixin.py:190} INFO - [2025-04-21T11:10:17.692+0000] {dag.py:4180} INFO - Setting next_dagrun for example_sensor_decorator to None, run_after=None
[2025-04-21T11:10:17.711+0000] {processor.py:208} INFO - Processing /home/airflow/.local/lib/python3.12/site-packages/airflow/example_dags/example_sensor_decorator.py took 0.056 seconds
[2025-04-21T11:10:48.479+0000] {processor.py:186} INFO - Started process (PID=2288) to work on /home/airflow/.local/lib/python3.12/site-packages/airflow/example_dags/example_sensor_decorator.py
[2025-04-21T11:10:48.480+0000] {processor.py:914} INFO - Processing file /home/airflow/.local/lib/python3.12/site-packages/airflow/example_dags/example_sensor_decorator.py for tasks to queue
[2025-04-21T11:10:48.482+0000] {logging_mixin.py:190} INFO - [2025-04-21T11:10:48.482+0000] {dagbag.py:588} INFO - Filling up the DagBag from /home/airflow/.local/lib/python3.12/site-packages/airflow/example_dags/example_sensor_decorator.py
[2025-04-21T11:10:48.488+0000] {processor.py:925} INFO - DAG(s) 'example_sensor_decorator' retrieved from /home/airflow/.local/lib/python3.12/site-packages/airflow/example_dags/example_sensor_decorator.py
[2025-04-21T11:10:48.504+0000] {logging_mixin.py:190} INFO - [2025-04-21T11:10:48.504+0000] {dag.py:3239} INFO - Sync 1 DAGs
[2025-04-21T11:10:48.515+0000] {logging_mixin.py:190} INFO - [2025-04-21T11:10:48.515+0000] {dag.py:4180} INFO - Setting next_dagrun for example_sensor_decorator to None, run_after=None
[2025-04-21T11:10:48.529+0000] {processor.py:208} INFO - Processing /home/airflow/.local/lib/python3.12/site-packages/airflow/example_dags/example_sensor_decorator.py took 0.054 seconds
[2025-04-21T11:11:19.137+0000] {processor.py:186} INFO - Started process (PID=2351) to work on /home/airflow/.local/lib/python3.12/site-packages/airflow/example_dags/example_sensor_decorator.py
[2025-04-21T11:11:19.138+0000] {processor.py:914} INFO - Processing file /home/airflow/.local/lib/python3.12/site-packages/airflow/example_dags/example_sensor_decorator.py for tasks to queue
[2025-04-21T11:11:19.141+0000] {logging_mixin.py:190} INFO - [2025-04-21T11:11:19.141+0000] {dagbag.py:588} INFO - Filling up the DagBag from /home/airflow/.local/lib/python3.12/site-packages/airflow/example_dags/example_sensor_decorator.py
[2025-04-21T11:11:19.148+0000] {processor.py:925} INFO - DAG(s) 'example_sensor_decorator' retrieved from /home/airflow/.local/lib/python3.12/site-packages/airflow/example_dags/example_sensor_decorator.py
[2025-04-21T11:11:19.163+0000] {logging_mixin.py:190} INFO - [2025-04-21T11:11:19.163+0000] {dag.py:3239} INFO - Sync 1 DAGs
[2025-04-21T11:11:19.174+0000] {logging_mixin.py:190} INFO - [2025-04-21T11:11:19.174+0000] {dag.py:4180} INFO - Setting next_dagrun for example_sensor_decorator to None, run_after=None
[2025-04-21T11:11:19.188+0000] {processor.py:208} INFO - Processing /home/airflow/.local/lib/python3.12/site-packages/airflow/example_dags/example_sensor_decorator.py took 0.054 seconds
[2025-04-21T11:11:49.779+0000] {processor.py:186} INFO - Started process (PID=2414) to work on /home/airflow/.local/lib/python3.12/site-packages/airflow/example_dags/example_sensor_decorator.py
[2025-04-21T11:11:49.780+0000] {processor.py:914} INFO - Processing file /home/airflow/.local/lib/python3.12/site-packages/airflow/example_dags/example_sensor_decorator.py for tasks to queue
[2025-04-21T11:11:49.783+0000] {logging_mixin.py:190} INFO - [2025-04-21T11:11:49.783+0000] {dagbag.py:588} INFO - Filling up the DagBag from /home/airflow/.local/lib/python3.12/site-packages/airflow/example_dags/example_sensor_decorator.py
[2025-04-21T11:11:49.789+0000] {processor.py:925} INFO - DAG(s) 'example_sensor_decorator' retrieved from /home/airflow/.local/lib/python3.12/site-packages/airflow/example_dags/example_sensor_decorator.py
[2025-04-21T11:11:49.805+0000] {logging_mixin.py:190} INFO - [2025-04-21T11:11:49.804+0000] {dag.py:3239} INFO - Sync 1 DAGs
[2025-04-21T11:11:49.816+0000] {logging_mixin.py:190} INFO - [2025-04-21T11:11:49.816+0000] {dag.py:4180} INFO - Setting next_dagrun for example_sensor_decorator to None, run_after=None
[2025-04-21T11:11:49.833+0000] {processor.py:208} INFO - Processing /home/airflow/.local/lib/python3.12/site-packages/airflow/example_dags/example_sensor_decorator.py took 0.058 seconds
[2025-04-21T11:12:20.635+0000] {processor.py:186} INFO - Started process (PID=2477) to work on /home/airflow/.local/lib/python3.12/site-packages/airflow/example_dags/example_sensor_decorator.py
[2025-04-21T11:12:20.636+0000] {processor.py:914} INFO - Processing file /home/airflow/.local/lib/python3.12/site-packages/airflow/example_dags/example_sensor_decorator.py for tasks to queue
[2025-04-21T11:12:20.638+0000] {logging_mixin.py:190} INFO - [2025-04-21T11:12:20.638+0000] {dagbag.py:588} INFO - Filling up the DagBag from /home/airflow/.local/lib/python3.12/site-packages/airflow/example_dags/example_sensor_decorator.py
[2025-04-21T11:12:20.643+0000] {processor.py:925} INFO - DAG(s) 'example_sensor_decorator' retrieved from /home/airflow/.local/lib/python3.12/site-packages/airflow/example_dags/example_sensor_decorator.py
[2025-04-21T11:12:20.657+0000] {logging_mixin.py:190} INFO - [2025-04-21T11:12:20.657+0000] {dag.py:3239} INFO - Sync 1 DAGs
[2025-04-21T11:12:20.668+0000] {logging_mixin.py:190} INFO - [2025-04-21T11:12:20.668+0000] {dag.py:4180} INFO - Setting next_dagrun for example_sensor_decorator to None, run_after=None
[2025-04-21T11:12:20.680+0000] {processor.py:208} INFO - Processing /home/airflow/.local/lib/python3.12/site-packages/airflow/example_dags/example_sensor_decorator.py took 0.049 seconds
[2025-04-21T11:12:51.590+0000] {processor.py:186} INFO - Started process (PID=2540) to work on /home/airflow/.local/lib/python3.12/site-packages/airflow/example_dags/example_sensor_decorator.py
[2025-04-21T11:12:51.591+0000] {processor.py:914} INFO - Processing file /home/airflow/.local/lib/python3.12/site-packages/airflow/example_dags/example_sensor_decorator.py for tasks to queue
[2025-04-21T11:12:51.593+0000] {logging_mixin.py:190} INFO - [2025-04-21T11:12:51.593+0000] {dagbag.py:588} INFO - Filling up the DagBag from /home/airflow/.local/lib/python3.12/site-packages/airflow/example_dags/example_sensor_decorator.py
[2025-04-21T11:12:51.599+0000] {processor.py:925} INFO - DAG(s) 'example_sensor_decorator' retrieved from /home/airflow/.local/lib/python3.12/site-packages/airflow/example_dags/example_sensor_decorator.py
[2025-04-21T11:12:51.614+0000] {logging_mixin.py:190} INFO - [2025-04-21T11:12:51.614+0000] {dag.py:3239} INFO - Sync 1 DAGs
[2025-04-21T11:12:51.626+0000] {logging_mixin.py:190} INFO - [2025-04-21T11:12:51.626+0000] {dag.py:4180} INFO - Setting next_dagrun for example_sensor_decorator to None, run_after=None
[2025-04-21T11:12:51.640+0000] {processor.py:208} INFO - Processing /home/airflow/.local/lib/python3.12/site-packages/airflow/example_dags/example_sensor_decorator.py took 0.054 seconds
[2025-04-21T11:13:21.751+0000] {processor.py:186} INFO - Started process (PID=2603) to work on /home/airflow/.local/lib/python3.12/site-packages/airflow/example_dags/example_sensor_decorator.py
[2025-04-21T11:13:21.751+0000] {processor.py:914} INFO - Processing file /home/airflow/.local/lib/python3.12/site-packages/airflow/example_dags/example_sensor_decorator.py for tasks to queue
[2025-04-21T11:13:21.753+0000] {logging_mixin.py:190} INFO - [2025-04-21T11:13:21.753+0000] {dagbag.py:588} INFO - Filling up the DagBag from /home/airflow/.local/lib/python3.12/site-packages/airflow/example_dags/example_sensor_decorator.py
[2025-04-21T11:13:21.759+0000] {processor.py:925} INFO - DAG(s) 'example_sensor_decorator' retrieved from /home/airflow/.local/lib/python3.12/site-packages/airflow/example_dags/example_sensor_decorator.py
[2025-04-21T11:13:21.773+0000] {logging_mixin.py:190} INFO - [2025-04-21T11:13:21.773+0000] {dag.py:3239} INFO - Sync 1 DAGs
[2025-04-21T11:13:21.784+0000] {logging_mixin.py:190} INFO - [2025-04-21T11:13:21.784+0000] {dag.py:4180} INFO - Setting next_dagrun for example_sensor_decorator to None, run_after=None
[2025-04-21T11:13:21.799+0000] {processor.py:208} INFO - Processing /home/airflow/.local/lib/python3.12/site-packages/airflow/example_dags/example_sensor_decorator.py took 0.053 seconds
[2025-04-21T11:13:52.004+0000] {processor.py:186} INFO - Started process (PID=2666) to work on /home/airflow/.local/lib/python3.12/site-packages/airflow/example_dags/example_sensor_decorator.py
[2025-04-21T11:13:52.005+0000] {processor.py:914} INFO - Processing file /home/airflow/.local/lib/python3.12/site-packages/airflow/example_dags/example_sensor_decorator.py for tasks to queue
[2025-04-21T11:13:52.007+0000] {logging_mixin.py:190} INFO - [2025-04-21T11:13:52.007+0000] {dagbag.py:588} INFO - Filling up the DagBag from /home/airflow/.local/lib/python3.12/site-packages/airflow/example_dags/example_sensor_decorator.py
[2025-04-21T11:13:52.013+0000] {processor.py:925} INFO - DAG(s) 'example_sensor_decorator' retrieved from /home/airflow/.local/lib/python3.12/site-packages/airflow/example_dags/example_sensor_decorator.py
[2025-04-21T11:13:52.027+0000] {logging_mixin.py:190} INFO - [2025-04-21T11:13:52.027+0000] {dag.py:3239} INFO - Sync 1 DAGs
[2025-04-21T11:13:52.039+0000] {logging_mixin.py:190} INFO - [2025-04-21T11:13:52.039+0000] {dag.py:4180} INFO - Setting next_dagrun for example_sensor_decorator to None, run_after=None
[2025-04-21T11:13:52.052+0000] {processor.py:208} INFO - Processing /home/airflow/.local/lib/python3.12/site-packages/airflow/example_dags/example_sensor_decorator.py took 0.051 seconds
[2025-04-21T11:14:22.318+0000] {processor.py:186} INFO - Started process (PID=2729) to work on /home/airflow/.local/lib/python3.12/site-packages/airflow/example_dags/example_sensor_decorator.py
[2025-04-21T11:14:22.319+0000] {processor.py:914} INFO - Processing file /home/airflow/.local/lib/python3.12/site-packages/airflow/example_dags/example_sensor_decorator.py for tasks to queue
[2025-04-21T11:14:22.320+0000] {logging_mixin.py:190} INFO - [2025-04-21T11:14:22.320+0000] {dagbag.py:588} INFO - Filling up the DagBag from /home/airflow/.local/lib/python3.12/site-packages/airflow/example_dags/example_sensor_decorator.py
[2025-04-21T11:14:22.326+0000] {processor.py:925} INFO - DAG(s) 'example_sensor_decorator' retrieved from /home/airflow/.local/lib/python3.12/site-packages/airflow/example_dags/example_sensor_decorator.py
[2025-04-21T11:14:22.340+0000] {logging_mixin.py:190} INFO - [2025-04-21T11:14:22.340+0000] {dag.py:3239} INFO - Sync 1 DAGs
[2025-04-21T11:14:22.350+0000] {logging_mixin.py:190} INFO - [2025-04-21T11:14:22.350+0000] {dag.py:4180} INFO - Setting next_dagrun for example_sensor_decorator to None, run_after=None
[2025-04-21T11:14:22.364+0000] {processor.py:208} INFO - Processing /home/airflow/.local/lib/python3.12/site-packages/airflow/example_dags/example_sensor_decorator.py took 0.050 seconds
[2025-04-21T11:14:52.825+0000] {processor.py:186} INFO - Started process (PID=2792) to work on /home/airflow/.local/lib/python3.12/site-packages/airflow/example_dags/example_sensor_decorator.py
[2025-04-21T11:14:52.826+0000] {processor.py:914} INFO - Processing file /home/airflow/.local/lib/python3.12/site-packages/airflow/example_dags/example_sensor_decorator.py for tasks to queue
[2025-04-21T11:14:52.828+0000] {logging_mixin.py:190} INFO - [2025-04-21T11:14:52.828+0000] {dagbag.py:588} INFO - Filling up the DagBag from /home/airflow/.local/lib/python3.12/site-packages/airflow/example_dags/example_sensor_decorator.py
[2025-04-21T11:14:52.834+0000] {processor.py:925} INFO - DAG(s) 'example_sensor_decorator' retrieved from /home/airflow/.local/lib/python3.12/site-packages/airflow/example_dags/example_sensor_decorator.py
[2025-04-21T11:14:52.849+0000] {logging_mixin.py:190} INFO - [2025-04-21T11:14:52.849+0000] {dag.py:3239} INFO - Sync 1 DAGs
[2025-04-21T11:14:52.861+0000] {logging_mixin.py:190} INFO - [2025-04-21T11:14:52.860+0000] {dag.py:4180} INFO - Setting next_dagrun for example_sensor_decorator to None, run_after=None
[2025-04-21T11:14:52.875+0000] {processor.py:208} INFO - Processing /home/airflow/.local/lib/python3.12/site-packages/airflow/example_dags/example_sensor_decorator.py took 0.053 seconds
[2025-04-21T11:15:23.265+0000] {processor.py:186} INFO - Started process (PID=2855) to work on /home/airflow/.local/lib/python3.12/site-packages/airflow/example_dags/example_sensor_decorator.py
[2025-04-21T11:15:23.266+0000] {processor.py:914} INFO - Processing file /home/airflow/.local/lib/python3.12/site-packages/airflow/example_dags/example_sensor_decorator.py for tasks to queue
[2025-04-21T11:15:23.268+0000] {logging_mixin.py:190} INFO - [2025-04-21T11:15:23.268+0000] {dagbag.py:588} INFO - Filling up the DagBag from /home/airflow/.local/lib/python3.12/site-packages/airflow/example_dags/example_sensor_decorator.py
[2025-04-21T11:15:23.274+0000] {processor.py:925} INFO - DAG(s) 'example_sensor_decorator' retrieved from /home/airflow/.local/lib/python3.12/site-packages/airflow/example_dags/example_sensor_decorator.py
[2025-04-21T11:15:23.288+0000] {logging_mixin.py:190} INFO - [2025-04-21T11:15:23.288+0000] {dag.py:3239} INFO - Sync 1 DAGs
[2025-04-21T11:15:23.298+0000] {logging_mixin.py:190} INFO - [2025-04-21T11:15:23.298+0000] {dag.py:4180} INFO - Setting next_dagrun for example_sensor_decorator to None, run_after=None
[2025-04-21T11:15:23.312+0000] {processor.py:208} INFO - Processing /home/airflow/.local/lib/python3.12/site-packages/airflow/example_dags/example_sensor_decorator.py took 0.052 seconds
[2025-04-21T11:15:53.758+0000] {processor.py:186} INFO - Started process (PID=2918) to work on /home/airflow/.local/lib/python3.12/site-packages/airflow/example_dags/example_sensor_decorator.py
[2025-04-21T11:15:53.758+0000] {processor.py:914} INFO - Processing file /home/airflow/.local/lib/python3.12/site-packages/airflow/example_dags/example_sensor_decorator.py for tasks to queue
[2025-04-21T11:15:53.761+0000] {logging_mixin.py:190} INFO - [2025-04-21T11:15:53.760+0000] {dagbag.py:588} INFO - Filling up the DagBag from /home/airflow/.local/lib/python3.12/site-packages/airflow/example_dags/example_sensor_decorator.py
[2025-04-21T11:15:53.767+0000] {processor.py:925} INFO - DAG(s) 'example_sensor_decorator' retrieved from /home/airflow/.local/lib/python3.12/site-packages/airflow/example_dags/example_sensor_decorator.py
[2025-04-21T11:15:53.781+0000] {logging_mixin.py:190} INFO - [2025-04-21T11:15:53.781+0000] {dag.py:3239} INFO - Sync 1 DAGs
[2025-04-21T11:15:53.791+0000] {logging_mixin.py:190} INFO - [2025-04-21T11:15:53.791+0000] {dag.py:4180} INFO - Setting next_dagrun for example_sensor_decorator to None, run_after=None
[2025-04-21T11:15:53.804+0000] {processor.py:208} INFO - Processing /home/airflow/.local/lib/python3.12/site-packages/airflow/example_dags/example_sensor_decorator.py took 0.051 seconds
[2025-04-21T11:16:23.892+0000] {processor.py:186} INFO - Started process (PID=2981) to work on /home/airflow/.local/lib/python3.12/site-packages/airflow/example_dags/example_sensor_decorator.py
[2025-04-21T11:16:23.893+0000] {processor.py:914} INFO - Processing file /home/airflow/.local/lib/python3.12/site-packages/airflow/example_dags/example_sensor_decorator.py for tasks to queue
[2025-04-21T11:16:23.895+0000] {logging_mixin.py:190} INFO - [2025-04-21T11:16:23.895+0000] {dagbag.py:588} INFO - Filling up the DagBag from /home/airflow/.local/lib/python3.12/site-packages/airflow/example_dags/example_sensor_decorator.py
[2025-04-21T11:16:23.901+0000] {processor.py:925} INFO - DAG(s) 'example_sensor_decorator' retrieved from /home/airflow/.local/lib/python3.12/site-packages/airflow/example_dags/example_sensor_decorator.py
[2025-04-21T11:16:23.915+0000] {logging_mixin.py:190} INFO - [2025-04-21T11:16:23.915+0000] {dag.py:3239} INFO - Sync 1 DAGs
[2025-04-21T11:16:23.926+0000] {logging_mixin.py:190} INFO - [2025-04-21T11:16:23.925+0000] {dag.py:4180} INFO - Setting next_dagrun for example_sensor_decorator to None, run_after=None
[2025-04-21T11:16:23.940+0000] {processor.py:208} INFO - Processing /home/airflow/.local/lib/python3.12/site-packages/airflow/example_dags/example_sensor_decorator.py took 0.051 seconds
[2025-04-21T11:16:54.134+0000] {processor.py:186} INFO - Started process (PID=3044) to work on /home/airflow/.local/lib/python3.12/site-packages/airflow/example_dags/example_sensor_decorator.py
[2025-04-21T11:16:54.135+0000] {processor.py:914} INFO - Processing file /home/airflow/.local/lib/python3.12/site-packages/airflow/example_dags/example_sensor_decorator.py for tasks to queue
[2025-04-21T11:16:54.137+0000] {logging_mixin.py:190} INFO - [2025-04-21T11:16:54.137+0000] {dagbag.py:588} INFO - Filling up the DagBag from /home/airflow/.local/lib/python3.12/site-packages/airflow/example_dags/example_sensor_decorator.py
[2025-04-21T11:16:54.143+0000] {processor.py:925} INFO - DAG(s) 'example_sensor_decorator' retrieved from /home/airflow/.local/lib/python3.12/site-packages/airflow/example_dags/example_sensor_decorator.py
[2025-04-21T11:16:54.156+0000] {logging_mixin.py:190} INFO - [2025-04-21T11:16:54.156+0000] {dag.py:3239} INFO - Sync 1 DAGs
[2025-04-21T11:16:54.167+0000] {logging_mixin.py:190} INFO - [2025-04-21T11:16:54.167+0000] {dag.py:4180} INFO - Setting next_dagrun for example_sensor_decorator to None, run_after=None
[2025-04-21T11:16:54.181+0000] {processor.py:208} INFO - Processing /home/airflow/.local/lib/python3.12/site-packages/airflow/example_dags/example_sensor_decorator.py took 0.051 seconds
[2025-04-21T11:17:24.789+0000] {processor.py:186} INFO - Started process (PID=3107) to work on /home/airflow/.local/lib/python3.12/site-packages/airflow/example_dags/example_sensor_decorator.py
[2025-04-21T11:17:24.790+0000] {processor.py:914} INFO - Processing file /home/airflow/.local/lib/python3.12/site-packages/airflow/example_dags/example_sensor_decorator.py for tasks to queue
[2025-04-21T11:17:24.791+0000] {logging_mixin.py:190} INFO - [2025-04-21T11:17:24.791+0000] {dagbag.py:588} INFO - Filling up the DagBag from /home/airflow/.local/lib/python3.12/site-packages/airflow/example_dags/example_sensor_decorator.py
[2025-04-21T11:17:24.797+0000] {processor.py:925} INFO - DAG(s) 'example_sensor_decorator' retrieved from /home/airflow/.local/lib/python3.12/site-packages/airflow/example_dags/example_sensor_decorator.py
[2025-04-21T11:17:24.812+0000] {logging_mixin.py:190} INFO - [2025-04-21T11:17:24.812+0000] {dag.py:3239} INFO - Sync 1 DAGs
[2025-04-21T11:17:24.823+0000] {logging_mixin.py:190} INFO - [2025-04-21T11:17:24.823+0000] {dag.py:4180} INFO - Setting next_dagrun for example_sensor_decorator to None, run_after=None
[2025-04-21T11:17:24.837+0000] {processor.py:208} INFO - Processing /home/airflow/.local/lib/python3.12/site-packages/airflow/example_dags/example_sensor_decorator.py took 0.051 seconds
[2025-04-21T11:17:55.385+0000] {processor.py:186} INFO - Started process (PID=3170) to work on /home/airflow/.local/lib/python3.12/site-packages/airflow/example_dags/example_sensor_decorator.py
[2025-04-21T11:17:55.386+0000] {processor.py:914} INFO - Processing file /home/airflow/.local/lib/python3.12/site-packages/airflow/example_dags/example_sensor_decorator.py for tasks to queue
[2025-04-21T11:17:55.388+0000] {logging_mixin.py:190} INFO - [2025-04-21T11:17:55.388+0000] {dagbag.py:588} INFO - Filling up the DagBag from /home/airflow/.local/lib/python3.12/site-packages/airflow/example_dags/example_sensor_decorator.py
[2025-04-21T11:17:55.395+0000] {processor.py:925} INFO - DAG(s) 'example_sensor_decorator' retrieved from /home/airflow/.local/lib/python3.12/site-packages/airflow/example_dags/example_sensor_decorator.py
[2025-04-21T11:17:55.412+0000] {logging_mixin.py:190} INFO - [2025-04-21T11:17:55.412+0000] {dag.py:3239} INFO - Sync 1 DAGs
[2025-04-21T11:17:55.423+0000] {logging_mixin.py:190} INFO - [2025-04-21T11:17:55.423+0000] {dag.py:4180} INFO - Setting next_dagrun for example_sensor_decorator to None, run_after=None
[2025-04-21T11:17:55.441+0000] {processor.py:208} INFO - Processing /home/airflow/.local/lib/python3.12/site-packages/airflow/example_dags/example_sensor_decorator.py took 0.061 seconds
[2025-04-21T11:18:26.018+0000] {processor.py:186} INFO - Started process (PID=3233) to work on /home/airflow/.local/lib/python3.12/site-packages/airflow/example_dags/example_sensor_decorator.py
[2025-04-21T11:18:26.019+0000] {processor.py:914} INFO - Processing file /home/airflow/.local/lib/python3.12/site-packages/airflow/example_dags/example_sensor_decorator.py for tasks to queue
[2025-04-21T11:18:26.021+0000] {logging_mixin.py:190} INFO - [2025-04-21T11:18:26.021+0000] {dagbag.py:588} INFO - Filling up the DagBag from /home/airflow/.local/lib/python3.12/site-packages/airflow/example_dags/example_sensor_decorator.py
[2025-04-21T11:18:26.028+0000] {processor.py:925} INFO - DAG(s) 'example_sensor_decorator' retrieved from /home/airflow/.local/lib/python3.12/site-packages/airflow/example_dags/example_sensor_decorator.py
[2025-04-21T11:18:26.043+0000] {logging_mixin.py:190} INFO - [2025-04-21T11:18:26.042+0000] {dag.py:3239} INFO - Sync 1 DAGs
[2025-04-21T11:18:26.054+0000] {logging_mixin.py:190} INFO - [2025-04-21T11:18:26.054+0000] {dag.py:4180} INFO - Setting next_dagrun for example_sensor_decorator to None, run_after=None
[2025-04-21T11:18:26.068+0000] {processor.py:208} INFO - Processing /home/airflow/.local/lib/python3.12/site-packages/airflow/example_dags/example_sensor_decorator.py took 0.054 seconds
[2025-04-21T11:18:56.516+0000] {processor.py:186} INFO - Started process (PID=3296) to work on /home/airflow/.local/lib/python3.12/site-packages/airflow/example_dags/example_sensor_decorator.py
[2025-04-21T11:18:56.516+0000] {processor.py:914} INFO - Processing file /home/airflow/.local/lib/python3.12/site-packages/airflow/example_dags/example_sensor_decorator.py for tasks to queue
[2025-04-21T11:18:56.519+0000] {logging_mixin.py:190} INFO - [2025-04-21T11:18:56.518+0000] {dagbag.py:588} INFO - Filling up the DagBag from /home/airflow/.local/lib/python3.12/site-packages/airflow/example_dags/example_sensor_decorator.py
[2025-04-21T11:18:56.525+0000] {processor.py:925} INFO - DAG(s) 'example_sensor_decorator' retrieved from /home/airflow/.local/lib/python3.12/site-packages/airflow/example_dags/example_sensor_decorator.py
[2025-04-21T11:18:56.539+0000] {logging_mixin.py:190} INFO - [2025-04-21T11:18:56.539+0000] {dag.py:3239} INFO - Sync 1 DAGs
[2025-04-21T11:18:56.549+0000] {logging_mixin.py:190} INFO - [2025-04-21T11:18:56.549+0000] {dag.py:4180} INFO - Setting next_dagrun for example_sensor_decorator to None, run_after=None
[2025-04-21T11:18:56.563+0000] {processor.py:208} INFO - Processing /home/airflow/.local/lib/python3.12/site-packages/airflow/example_dags/example_sensor_decorator.py took 0.051 seconds
[2025-04-21T11:19:27.762+0000] {processor.py:186} INFO - Started process (PID=3359) to work on /home/airflow/.local/lib/python3.12/site-packages/airflow/example_dags/example_sensor_decorator.py
[2025-04-21T11:19:27.763+0000] {processor.py:914} INFO - Processing file /home/airflow/.local/lib/python3.12/site-packages/airflow/example_dags/example_sensor_decorator.py for tasks to queue
[2025-04-21T11:19:27.765+0000] {logging_mixin.py:190} INFO - [2025-04-21T11:19:27.764+0000] {dagbag.py:588} INFO - Filling up the DagBag from /home/airflow/.local/lib/python3.12/site-packages/airflow/example_dags/example_sensor_decorator.py
[2025-04-21T11:19:27.773+0000] {processor.py:925} INFO - DAG(s) 'example_sensor_decorator' retrieved from /home/airflow/.local/lib/python3.12/site-packages/airflow/example_dags/example_sensor_decorator.py
[2025-04-21T11:19:27.789+0000] {logging_mixin.py:190} INFO - [2025-04-21T11:19:27.789+0000] {dag.py:3239} INFO - Sync 1 DAGs
[2025-04-21T11:19:27.802+0000] {logging_mixin.py:190} INFO - [2025-04-21T11:19:27.802+0000] {dag.py:4180} INFO - Setting next_dagrun for example_sensor_decorator to None, run_after=None
[2025-04-21T11:19:27.819+0000] {processor.py:208} INFO - Processing /home/airflow/.local/lib/python3.12/site-packages/airflow/example_dags/example_sensor_decorator.py took 0.062 seconds
[2025-04-21T11:19:58.104+0000] {processor.py:186} INFO - Started process (PID=3422) to work on /home/airflow/.local/lib/python3.12/site-packages/airflow/example_dags/example_sensor_decorator.py
[2025-04-21T11:19:58.105+0000] {processor.py:914} INFO - Processing file /home/airflow/.local/lib/python3.12/site-packages/airflow/example_dags/example_sensor_decorator.py for tasks to queue
[2025-04-21T11:19:58.107+0000] {logging_mixin.py:190} INFO - [2025-04-21T11:19:58.107+0000] {dagbag.py:588} INFO - Filling up the DagBag from /home/airflow/.local/lib/python3.12/site-packages/airflow/example_dags/example_sensor_decorator.py
[2025-04-21T11:19:58.113+0000] {processor.py:925} INFO - DAG(s) 'example_sensor_decorator' retrieved from /home/airflow/.local/lib/python3.12/site-packages/airflow/example_dags/example_sensor_decorator.py
[2025-04-21T11:19:58.134+0000] {logging_mixin.py:190} INFO - [2025-04-21T11:19:58.134+0000] {dag.py:3239} INFO - Sync 1 DAGs
[2025-04-21T11:19:58.146+0000] {logging_mixin.py:190} INFO - [2025-04-21T11:19:58.145+0000] {dag.py:4180} INFO - Setting next_dagrun for example_sensor_decorator to None, run_after=None
[2025-04-21T11:19:58.165+0000] {processor.py:208} INFO - Processing /home/airflow/.local/lib/python3.12/site-packages/airflow/example_dags/example_sensor_decorator.py took 0.064 seconds
[2025-04-21T11:20:28.254+0000] {processor.py:186} INFO - Started process (PID=3485) to work on /home/airflow/.local/lib/python3.12/site-packages/airflow/example_dags/example_sensor_decorator.py
[2025-04-21T11:20:28.254+0000] {processor.py:914} INFO - Processing file /home/airflow/.local/lib/python3.12/site-packages/airflow/example_dags/example_sensor_decorator.py for tasks to queue
[2025-04-21T11:20:28.256+0000] {logging_mixin.py:190} INFO - [2025-04-21T11:20:28.256+0000] {dagbag.py:588} INFO - Filling up the DagBag from /home/airflow/.local/lib/python3.12/site-packages/airflow/example_dags/example_sensor_decorator.py
[2025-04-21T11:20:28.263+0000] {processor.py:925} INFO - DAG(s) 'example_sensor_decorator' retrieved from /home/airflow/.local/lib/python3.12/site-packages/airflow/example_dags/example_sensor_decorator.py
[2025-04-21T11:20:28.279+0000] {logging_mixin.py:190} INFO - [2025-04-21T11:20:28.279+0000] {dag.py:3239} INFO - Sync 1 DAGs
[2025-04-21T11:20:28.290+0000] {logging_mixin.py:190} INFO - [2025-04-21T11:20:28.290+0000] {dag.py:4180} INFO - Setting next_dagrun for example_sensor_decorator to None, run_after=None
[2025-04-21T11:20:28.304+0000] {processor.py:208} INFO - Processing /home/airflow/.local/lib/python3.12/site-packages/airflow/example_dags/example_sensor_decorator.py took 0.055 seconds
[2025-04-21T11:20:59.061+0000] {processor.py:186} INFO - Started process (PID=3548) to work on /home/airflow/.local/lib/python3.12/site-packages/airflow/example_dags/example_sensor_decorator.py
[2025-04-21T11:20:59.062+0000] {processor.py:914} INFO - Processing file /home/airflow/.local/lib/python3.12/site-packages/airflow/example_dags/example_sensor_decorator.py for tasks to queue
[2025-04-21T11:20:59.064+0000] {logging_mixin.py:190} INFO - [2025-04-21T11:20:59.064+0000] {dagbag.py:588} INFO - Filling up the DagBag from /home/airflow/.local/lib/python3.12/site-packages/airflow/example_dags/example_sensor_decorator.py
[2025-04-21T11:20:59.070+0000] {processor.py:925} INFO - DAG(s) 'example_sensor_decorator' retrieved from /home/airflow/.local/lib/python3.12/site-packages/airflow/example_dags/example_sensor_decorator.py
[2025-04-21T11:20:59.085+0000] {logging_mixin.py:190} INFO - [2025-04-21T11:20:59.085+0000] {dag.py:3239} INFO - Sync 1 DAGs
[2025-04-21T11:20:59.096+0000] {logging_mixin.py:190} INFO - [2025-04-21T11:20:59.096+0000] {dag.py:4180} INFO - Setting next_dagrun for example_sensor_decorator to None, run_after=None
[2025-04-21T11:20:59.113+0000] {processor.py:208} INFO - Processing /home/airflow/.local/lib/python3.12/site-packages/airflow/example_dags/example_sensor_decorator.py took 0.055 seconds
[2025-04-21T11:21:29.207+0000] {processor.py:186} INFO - Started process (PID=3611) to work on /home/airflow/.local/lib/python3.12/site-packages/airflow/example_dags/example_sensor_decorator.py
[2025-04-21T11:21:29.208+0000] {processor.py:914} INFO - Processing file /home/airflow/.local/lib/python3.12/site-packages/airflow/example_dags/example_sensor_decorator.py for tasks to queue
[2025-04-21T11:21:29.210+0000] {logging_mixin.py:190} INFO - [2025-04-21T11:21:29.209+0000] {dagbag.py:588} INFO - Filling up the DagBag from /home/airflow/.local/lib/python3.12/site-packages/airflow/example_dags/example_sensor_decorator.py
[2025-04-21T11:21:29.216+0000] {processor.py:925} INFO - DAG(s) 'example_sensor_decorator' retrieved from /home/airflow/.local/lib/python3.12/site-packages/airflow/example_dags/example_sensor_decorator.py
[2025-04-21T11:21:29.233+0000] {logging_mixin.py:190} INFO - [2025-04-21T11:21:29.233+0000] {dag.py:3239} INFO - Sync 1 DAGs
[2025-04-21T11:21:29.244+0000] {logging_mixin.py:190} INFO - [2025-04-21T11:21:29.243+0000] {dag.py:4180} INFO - Setting next_dagrun for example_sensor_decorator to None, run_after=None
[2025-04-21T11:21:29.258+0000] {processor.py:208} INFO - Processing /home/airflow/.local/lib/python3.12/site-packages/airflow/example_dags/example_sensor_decorator.py took 0.055 seconds
[2025-04-21T11:21:59.770+0000] {processor.py:186} INFO - Started process (PID=3674) to work on /home/airflow/.local/lib/python3.12/site-packages/airflow/example_dags/example_sensor_decorator.py
[2025-04-21T11:21:59.771+0000] {processor.py:914} INFO - Processing file /home/airflow/.local/lib/python3.12/site-packages/airflow/example_dags/example_sensor_decorator.py for tasks to queue
[2025-04-21T11:21:59.773+0000] {logging_mixin.py:190} INFO - [2025-04-21T11:21:59.773+0000] {dagbag.py:588} INFO - Filling up the DagBag from /home/airflow/.local/lib/python3.12/site-packages/airflow/example_dags/example_sensor_decorator.py
[2025-04-21T11:21:59.784+0000] {processor.py:925} INFO - DAG(s) 'example_sensor_decorator' retrieved from /home/airflow/.local/lib/python3.12/site-packages/airflow/example_dags/example_sensor_decorator.py
[2025-04-21T11:21:59.801+0000] {logging_mixin.py:190} INFO - [2025-04-21T11:21:59.801+0000] {dag.py:3239} INFO - Sync 1 DAGs
[2025-04-21T11:21:59.813+0000] {logging_mixin.py:190} INFO - [2025-04-21T11:21:59.812+0000] {dag.py:4180} INFO - Setting next_dagrun for example_sensor_decorator to None, run_after=None
[2025-04-21T11:21:59.826+0000] {processor.py:208} INFO - Processing /home/airflow/.local/lib/python3.12/site-packages/airflow/example_dags/example_sensor_decorator.py took 0.060 seconds
[2025-04-21T11:22:30.185+0000] {processor.py:186} INFO - Started process (PID=3730) to work on /home/airflow/.local/lib/python3.12/site-packages/airflow/example_dags/example_sensor_decorator.py
[2025-04-21T11:22:30.186+0000] {processor.py:914} INFO - Processing file /home/airflow/.local/lib/python3.12/site-packages/airflow/example_dags/example_sensor_decorator.py for tasks to queue
[2025-04-21T11:22:30.188+0000] {logging_mixin.py:190} INFO - [2025-04-21T11:22:30.188+0000] {dagbag.py:588} INFO - Filling up the DagBag from /home/airflow/.local/lib/python3.12/site-packages/airflow/example_dags/example_sensor_decorator.py
[2025-04-21T11:22:30.195+0000] {processor.py:925} INFO - DAG(s) 'example_sensor_decorator' retrieved from /home/airflow/.local/lib/python3.12/site-packages/airflow/example_dags/example_sensor_decorator.py
[2025-04-21T11:22:30.211+0000] {logging_mixin.py:190} INFO - [2025-04-21T11:22:30.211+0000] {dag.py:3239} INFO - Sync 1 DAGs
[2025-04-21T11:22:30.223+0000] {logging_mixin.py:190} INFO - [2025-04-21T11:22:30.223+0000] {dag.py:4180} INFO - Setting next_dagrun for example_sensor_decorator to None, run_after=None
[2025-04-21T11:22:30.396+0000] {processor.py:208} INFO - Processing /home/airflow/.local/lib/python3.12/site-packages/airflow/example_dags/example_sensor_decorator.py took 0.216 seconds
[2025-04-21T11:23:01.237+0000] {processor.py:186} INFO - Started process (PID=3793) to work on /home/airflow/.local/lib/python3.12/site-packages/airflow/example_dags/example_sensor_decorator.py
[2025-04-21T11:23:01.238+0000] {processor.py:914} INFO - Processing file /home/airflow/.local/lib/python3.12/site-packages/airflow/example_dags/example_sensor_decorator.py for tasks to queue
[2025-04-21T11:23:01.240+0000] {logging_mixin.py:190} INFO - [2025-04-21T11:23:01.240+0000] {dagbag.py:588} INFO - Filling up the DagBag from /home/airflow/.local/lib/python3.12/site-packages/airflow/example_dags/example_sensor_decorator.py
[2025-04-21T11:23:01.247+0000] {processor.py:925} INFO - DAG(s) 'example_sensor_decorator' retrieved from /home/airflow/.local/lib/python3.12/site-packages/airflow/example_dags/example_sensor_decorator.py
[2025-04-21T11:23:01.262+0000] {logging_mixin.py:190} INFO - [2025-04-21T11:23:01.262+0000] {dag.py:3239} INFO - Sync 1 DAGs
[2025-04-21T11:23:01.274+0000] {logging_mixin.py:190} INFO - [2025-04-21T11:23:01.274+0000] {dag.py:4180} INFO - Setting next_dagrun for example_sensor_decorator to None, run_after=None
[2025-04-21T11:23:01.435+0000] {processor.py:208} INFO - Processing /home/airflow/.local/lib/python3.12/site-packages/airflow/example_dags/example_sensor_decorator.py took 0.202 seconds
[2025-04-21T11:23:31.853+0000] {processor.py:186} INFO - Started process (PID=3856) to work on /home/airflow/.local/lib/python3.12/site-packages/airflow/example_dags/example_sensor_decorator.py
[2025-04-21T11:23:31.854+0000] {processor.py:914} INFO - Processing file /home/airflow/.local/lib/python3.12/site-packages/airflow/example_dags/example_sensor_decorator.py for tasks to queue
[2025-04-21T11:23:31.857+0000] {logging_mixin.py:190} INFO - [2025-04-21T11:23:31.857+0000] {dagbag.py:588} INFO - Filling up the DagBag from /home/airflow/.local/lib/python3.12/site-packages/airflow/example_dags/example_sensor_decorator.py
[2025-04-21T11:23:31.863+0000] {processor.py:925} INFO - DAG(s) 'example_sensor_decorator' retrieved from /home/airflow/.local/lib/python3.12/site-packages/airflow/example_dags/example_sensor_decorator.py
[2025-04-21T11:23:31.878+0000] {logging_mixin.py:190} INFO - [2025-04-21T11:23:31.878+0000] {dag.py:3239} INFO - Sync 1 DAGs
[2025-04-21T11:23:31.889+0000] {logging_mixin.py:190} INFO - [2025-04-21T11:23:31.889+0000] {dag.py:4180} INFO - Setting next_dagrun for example_sensor_decorator to None, run_after=None
[2025-04-21T11:23:31.906+0000] {processor.py:208} INFO - Processing /home/airflow/.local/lib/python3.12/site-packages/airflow/example_dags/example_sensor_decorator.py took 0.057 seconds
[2025-04-21T11:24:02.176+0000] {processor.py:186} INFO - Started process (PID=3918) to work on /home/airflow/.local/lib/python3.12/site-packages/airflow/example_dags/example_sensor_decorator.py
[2025-04-21T11:24:02.177+0000] {processor.py:914} INFO - Processing file /home/airflow/.local/lib/python3.12/site-packages/airflow/example_dags/example_sensor_decorator.py for tasks to queue
[2025-04-21T11:24:02.179+0000] {logging_mixin.py:190} INFO - [2025-04-21T11:24:02.179+0000] {dagbag.py:588} INFO - Filling up the DagBag from /home/airflow/.local/lib/python3.12/site-packages/airflow/example_dags/example_sensor_decorator.py
[2025-04-21T11:24:02.186+0000] {processor.py:925} INFO - DAG(s) 'example_sensor_decorator' retrieved from /home/airflow/.local/lib/python3.12/site-packages/airflow/example_dags/example_sensor_decorator.py
[2025-04-21T11:24:02.202+0000] {logging_mixin.py:190} INFO - [2025-04-21T11:24:02.202+0000] {dag.py:3239} INFO - Sync 1 DAGs
[2025-04-21T11:24:02.214+0000] {logging_mixin.py:190} INFO - [2025-04-21T11:24:02.213+0000] {dag.py:4180} INFO - Setting next_dagrun for example_sensor_decorator to None, run_after=None
[2025-04-21T11:24:02.227+0000] {processor.py:208} INFO - Processing /home/airflow/.local/lib/python3.12/site-packages/airflow/example_dags/example_sensor_decorator.py took 0.055 seconds
[2025-04-21T11:24:32.856+0000] {processor.py:186} INFO - Started process (PID=3981) to work on /home/airflow/.local/lib/python3.12/site-packages/airflow/example_dags/example_sensor_decorator.py
[2025-04-21T11:24:32.856+0000] {processor.py:914} INFO - Processing file /home/airflow/.local/lib/python3.12/site-packages/airflow/example_dags/example_sensor_decorator.py for tasks to queue
[2025-04-21T11:24:32.858+0000] {logging_mixin.py:190} INFO - [2025-04-21T11:24:32.858+0000] {dagbag.py:588} INFO - Filling up the DagBag from /home/airflow/.local/lib/python3.12/site-packages/airflow/example_dags/example_sensor_decorator.py
[2025-04-21T11:24:32.865+0000] {processor.py:925} INFO - DAG(s) 'example_sensor_decorator' retrieved from /home/airflow/.local/lib/python3.12/site-packages/airflow/example_dags/example_sensor_decorator.py
[2025-04-21T11:24:32.880+0000] {logging_mixin.py:190} INFO - [2025-04-21T11:24:32.880+0000] {dag.py:3239} INFO - Sync 1 DAGs
[2025-04-21T11:24:32.894+0000] {logging_mixin.py:190} INFO - [2025-04-21T11:24:32.893+0000] {dag.py:4180} INFO - Setting next_dagrun for example_sensor_decorator to None, run_after=None
[2025-04-21T11:24:32.912+0000] {processor.py:208} INFO - Processing /home/airflow/.local/lib/python3.12/site-packages/airflow/example_dags/example_sensor_decorator.py took 0.060 seconds
[2025-04-21T11:25:02.954+0000] {processor.py:186} INFO - Started process (PID=4041) to work on /home/airflow/.local/lib/python3.12/site-packages/airflow/example_dags/example_sensor_decorator.py
[2025-04-21T11:25:02.955+0000] {processor.py:914} INFO - Processing file /home/airflow/.local/lib/python3.12/site-packages/airflow/example_dags/example_sensor_decorator.py for tasks to queue
[2025-04-21T11:25:02.956+0000] {logging_mixin.py:190} INFO - [2025-04-21T11:25:02.956+0000] {dagbag.py:588} INFO - Filling up the DagBag from /home/airflow/.local/lib/python3.12/site-packages/airflow/example_dags/example_sensor_decorator.py
[2025-04-21T11:25:02.963+0000] {processor.py:925} INFO - DAG(s) 'example_sensor_decorator' retrieved from /home/airflow/.local/lib/python3.12/site-packages/airflow/example_dags/example_sensor_decorator.py
[2025-04-21T11:25:02.978+0000] {logging_mixin.py:190} INFO - [2025-04-21T11:25:02.978+0000] {dag.py:3239} INFO - Sync 1 DAGs
[2025-04-21T11:25:02.990+0000] {logging_mixin.py:190} INFO - [2025-04-21T11:25:02.990+0000] {dag.py:4180} INFO - Setting next_dagrun for example_sensor_decorator to None, run_after=None
[2025-04-21T11:25:03.003+0000] {processor.py:208} INFO - Processing /home/airflow/.local/lib/python3.12/site-packages/airflow/example_dags/example_sensor_decorator.py took 0.053 seconds
[2025-04-21T11:25:33.789+0000] {processor.py:186} INFO - Started process (PID=4101) to work on /home/airflow/.local/lib/python3.12/site-packages/airflow/example_dags/example_sensor_decorator.py
[2025-04-21T11:25:33.789+0000] {processor.py:914} INFO - Processing file /home/airflow/.local/lib/python3.12/site-packages/airflow/example_dags/example_sensor_decorator.py for tasks to queue
[2025-04-21T11:25:33.791+0000] {logging_mixin.py:190} INFO - [2025-04-21T11:25:33.791+0000] {dagbag.py:588} INFO - Filling up the DagBag from /home/airflow/.local/lib/python3.12/site-packages/airflow/example_dags/example_sensor_decorator.py
[2025-04-21T11:25:33.797+0000] {processor.py:925} INFO - DAG(s) 'example_sensor_decorator' retrieved from /home/airflow/.local/lib/python3.12/site-packages/airflow/example_dags/example_sensor_decorator.py
[2025-04-21T11:25:33.811+0000] {logging_mixin.py:190} INFO - [2025-04-21T11:25:33.811+0000] {dag.py:3239} INFO - Sync 1 DAGs
[2025-04-21T11:25:33.825+0000] {logging_mixin.py:190} INFO - [2025-04-21T11:25:33.824+0000] {dag.py:4180} INFO - Setting next_dagrun for example_sensor_decorator to None, run_after=None
[2025-04-21T11:25:33.841+0000] {processor.py:208} INFO - Processing /home/airflow/.local/lib/python3.12/site-packages/airflow/example_dags/example_sensor_decorator.py took 0.057 seconds
[2025-04-21T11:26:04.606+0000] {processor.py:186} INFO - Started process (PID=4164) to work on /home/airflow/.local/lib/python3.12/site-packages/airflow/example_dags/example_sensor_decorator.py
[2025-04-21T11:26:04.607+0000] {processor.py:914} INFO - Processing file /home/airflow/.local/lib/python3.12/site-packages/airflow/example_dags/example_sensor_decorator.py for tasks to queue
[2025-04-21T11:26:04.609+0000] {logging_mixin.py:190} INFO - [2025-04-21T11:26:04.608+0000] {dagbag.py:588} INFO - Filling up the DagBag from /home/airflow/.local/lib/python3.12/site-packages/airflow/example_dags/example_sensor_decorator.py
[2025-04-21T11:26:04.615+0000] {processor.py:925} INFO - DAG(s) 'example_sensor_decorator' retrieved from /home/airflow/.local/lib/python3.12/site-packages/airflow/example_dags/example_sensor_decorator.py
[2025-04-21T11:26:04.630+0000] {logging_mixin.py:190} INFO - [2025-04-21T11:26:04.630+0000] {dag.py:3239} INFO - Sync 1 DAGs
[2025-04-21T11:26:04.645+0000] {logging_mixin.py:190} INFO - [2025-04-21T11:26:04.645+0000] {dag.py:4180} INFO - Setting next_dagrun for example_sensor_decorator to None, run_after=None
[2025-04-21T11:26:04.660+0000] {processor.py:208} INFO - Processing /home/airflow/.local/lib/python3.12/site-packages/airflow/example_dags/example_sensor_decorator.py took 0.058 seconds
[2025-04-21T11:26:35.342+0000] {processor.py:186} INFO - Started process (PID=4227) to work on /home/airflow/.local/lib/python3.12/site-packages/airflow/example_dags/example_sensor_decorator.py
[2025-04-21T11:26:35.343+0000] {processor.py:914} INFO - Processing file /home/airflow/.local/lib/python3.12/site-packages/airflow/example_dags/example_sensor_decorator.py for tasks to queue
[2025-04-21T11:26:35.345+0000] {logging_mixin.py:190} INFO - [2025-04-21T11:26:35.344+0000] {dagbag.py:588} INFO - Filling up the DagBag from /home/airflow/.local/lib/python3.12/site-packages/airflow/example_dags/example_sensor_decorator.py
[2025-04-21T11:26:35.351+0000] {processor.py:925} INFO - DAG(s) 'example_sensor_decorator' retrieved from /home/airflow/.local/lib/python3.12/site-packages/airflow/example_dags/example_sensor_decorator.py
[2025-04-21T11:26:35.369+0000] {logging_mixin.py:190} INFO - [2025-04-21T11:26:35.369+0000] {dag.py:3239} INFO - Sync 1 DAGs
[2025-04-21T11:26:35.381+0000] {logging_mixin.py:190} INFO - [2025-04-21T11:26:35.381+0000] {dag.py:4180} INFO - Setting next_dagrun for example_sensor_decorator to None, run_after=None
[2025-04-21T11:26:35.398+0000] {processor.py:208} INFO - Processing /home/airflow/.local/lib/python3.12/site-packages/airflow/example_dags/example_sensor_decorator.py took 0.061 seconds
[2025-04-21T11:27:06.147+0000] {processor.py:186} INFO - Started process (PID=4290) to work on /home/airflow/.local/lib/python3.12/site-packages/airflow/example_dags/example_sensor_decorator.py
[2025-04-21T11:27:06.148+0000] {processor.py:914} INFO - Processing file /home/airflow/.local/lib/python3.12/site-packages/airflow/example_dags/example_sensor_decorator.py for tasks to queue
[2025-04-21T11:27:06.150+0000] {logging_mixin.py:190} INFO - [2025-04-21T11:27:06.150+0000] {dagbag.py:588} INFO - Filling up the DagBag from /home/airflow/.local/lib/python3.12/site-packages/airflow/example_dags/example_sensor_decorator.py
[2025-04-21T11:27:06.157+0000] {processor.py:925} INFO - DAG(s) 'example_sensor_decorator' retrieved from /home/airflow/.local/lib/python3.12/site-packages/airflow/example_dags/example_sensor_decorator.py
[2025-04-21T11:27:06.174+0000] {logging_mixin.py:190} INFO - [2025-04-21T11:27:06.174+0000] {dag.py:3239} INFO - Sync 1 DAGs
[2025-04-21T11:27:06.184+0000] {logging_mixin.py:190} INFO - [2025-04-21T11:27:06.184+0000] {dag.py:4180} INFO - Setting next_dagrun for example_sensor_decorator to None, run_after=None
[2025-04-21T11:27:06.203+0000] {processor.py:208} INFO - Processing /home/airflow/.local/lib/python3.12/site-packages/airflow/example_dags/example_sensor_decorator.py took 0.061 seconds
[2025-04-21T11:27:36.255+0000] {processor.py:186} INFO - Started process (PID=4353) to work on /home/airflow/.local/lib/python3.12/site-packages/airflow/example_dags/example_sensor_decorator.py
[2025-04-21T11:27:36.255+0000] {processor.py:914} INFO - Processing file /home/airflow/.local/lib/python3.12/site-packages/airflow/example_dags/example_sensor_decorator.py for tasks to queue
[2025-04-21T11:27:36.257+0000] {logging_mixin.py:190} INFO - [2025-04-21T11:27:36.257+0000] {dagbag.py:588} INFO - Filling up the DagBag from /home/airflow/.local/lib/python3.12/site-packages/airflow/example_dags/example_sensor_decorator.py
[2025-04-21T11:27:36.263+0000] {processor.py:925} INFO - DAG(s) 'example_sensor_decorator' retrieved from /home/airflow/.local/lib/python3.12/site-packages/airflow/example_dags/example_sensor_decorator.py
[2025-04-21T11:27:36.279+0000] {logging_mixin.py:190} INFO - [2025-04-21T11:27:36.279+0000] {dag.py:3239} INFO - Sync 1 DAGs
[2025-04-21T11:27:36.292+0000] {logging_mixin.py:190} INFO - [2025-04-21T11:27:36.292+0000] {dag.py:4180} INFO - Setting next_dagrun for example_sensor_decorator to None, run_after=None
[2025-04-21T11:27:36.308+0000] {processor.py:208} INFO - Processing /home/airflow/.local/lib/python3.12/site-packages/airflow/example_dags/example_sensor_decorator.py took 0.058 seconds
[2025-04-21T11:28:06.711+0000] {processor.py:186} INFO - Started process (PID=4422) to work on /home/airflow/.local/lib/python3.12/site-packages/airflow/example_dags/example_sensor_decorator.py
[2025-04-21T11:28:06.712+0000] {processor.py:914} INFO - Processing file /home/airflow/.local/lib/python3.12/site-packages/airflow/example_dags/example_sensor_decorator.py for tasks to queue
[2025-04-21T11:28:06.714+0000] {logging_mixin.py:190} INFO - [2025-04-21T11:28:06.714+0000] {dagbag.py:588} INFO - Filling up the DagBag from /home/airflow/.local/lib/python3.12/site-packages/airflow/example_dags/example_sensor_decorator.py
[2025-04-21T11:28:06.721+0000] {processor.py:925} INFO - DAG(s) 'example_sensor_decorator' retrieved from /home/airflow/.local/lib/python3.12/site-packages/airflow/example_dags/example_sensor_decorator.py
[2025-04-21T11:28:06.735+0000] {logging_mixin.py:190} INFO - [2025-04-21T11:28:06.735+0000] {dag.py:3239} INFO - Sync 1 DAGs
[2025-04-21T11:28:06.746+0000] {logging_mixin.py:190} INFO - [2025-04-21T11:28:06.746+0000] {dag.py:4180} INFO - Setting next_dagrun for example_sensor_decorator to None, run_after=None
[2025-04-21T11:28:06.762+0000] {processor.py:208} INFO - Processing /home/airflow/.local/lib/python3.12/site-packages/airflow/example_dags/example_sensor_decorator.py took 0.055 seconds
[2025-04-21T11:28:37.418+0000] {processor.py:186} INFO - Started process (PID=4485) to work on /home/airflow/.local/lib/python3.12/site-packages/airflow/example_dags/example_sensor_decorator.py
[2025-04-21T11:28:37.419+0000] {processor.py:914} INFO - Processing file /home/airflow/.local/lib/python3.12/site-packages/airflow/example_dags/example_sensor_decorator.py for tasks to queue
[2025-04-21T11:28:37.421+0000] {logging_mixin.py:190} INFO - [2025-04-21T11:28:37.421+0000] {dagbag.py:588} INFO - Filling up the DagBag from /home/airflow/.local/lib/python3.12/site-packages/airflow/example_dags/example_sensor_decorator.py
[2025-04-21T11:28:37.429+0000] {processor.py:925} INFO - DAG(s) 'example_sensor_decorator' retrieved from /home/airflow/.local/lib/python3.12/site-packages/airflow/example_dags/example_sensor_decorator.py
[2025-04-21T11:28:37.444+0000] {logging_mixin.py:190} INFO - [2025-04-21T11:28:37.444+0000] {dag.py:3239} INFO - Sync 1 DAGs
[2025-04-21T11:28:37.457+0000] {logging_mixin.py:190} INFO - [2025-04-21T11:28:37.457+0000] {dag.py:4180} INFO - Setting next_dagrun for example_sensor_decorator to None, run_after=None
[2025-04-21T11:28:37.473+0000] {processor.py:208} INFO - Processing /home/airflow/.local/lib/python3.12/site-packages/airflow/example_dags/example_sensor_decorator.py took 0.059 seconds
[2025-04-21T11:29:07.862+0000] {processor.py:186} INFO - Started process (PID=4547) to work on /home/airflow/.local/lib/python3.12/site-packages/airflow/example_dags/example_sensor_decorator.py
[2025-04-21T11:29:07.863+0000] {processor.py:914} INFO - Processing file /home/airflow/.local/lib/python3.12/site-packages/airflow/example_dags/example_sensor_decorator.py for tasks to queue
[2025-04-21T11:29:07.864+0000] {logging_mixin.py:190} INFO - [2025-04-21T11:29:07.864+0000] {dagbag.py:588} INFO - Filling up the DagBag from /home/airflow/.local/lib/python3.12/site-packages/airflow/example_dags/example_sensor_decorator.py
[2025-04-21T11:29:07.871+0000] {processor.py:925} INFO - DAG(s) 'example_sensor_decorator' retrieved from /home/airflow/.local/lib/python3.12/site-packages/airflow/example_dags/example_sensor_decorator.py
[2025-04-21T11:29:07.888+0000] {logging_mixin.py:190} INFO - [2025-04-21T11:29:07.888+0000] {dag.py:3239} INFO - Sync 1 DAGs
[2025-04-21T11:29:07.901+0000] {logging_mixin.py:190} INFO - [2025-04-21T11:29:07.901+0000] {dag.py:4180} INFO - Setting next_dagrun for example_sensor_decorator to None, run_after=None
[2025-04-21T11:29:07.917+0000] {processor.py:208} INFO - Processing /home/airflow/.local/lib/python3.12/site-packages/airflow/example_dags/example_sensor_decorator.py took 0.059 seconds
[2025-04-21T11:29:38.318+0000] {processor.py:186} INFO - Started process (PID=4611) to work on /home/airflow/.local/lib/python3.12/site-packages/airflow/example_dags/example_sensor_decorator.py
[2025-04-21T11:29:38.319+0000] {processor.py:914} INFO - Processing file /home/airflow/.local/lib/python3.12/site-packages/airflow/example_dags/example_sensor_decorator.py for tasks to queue
[2025-04-21T11:29:38.321+0000] {logging_mixin.py:190} INFO - [2025-04-21T11:29:38.321+0000] {dagbag.py:588} INFO - Filling up the DagBag from /home/airflow/.local/lib/python3.12/site-packages/airflow/example_dags/example_sensor_decorator.py
[2025-04-21T11:29:38.329+0000] {processor.py:925} INFO - DAG(s) 'example_sensor_decorator' retrieved from /home/airflow/.local/lib/python3.12/site-packages/airflow/example_dags/example_sensor_decorator.py
[2025-04-21T11:29:38.346+0000] {logging_mixin.py:190} INFO - [2025-04-21T11:29:38.346+0000] {dag.py:3239} INFO - Sync 1 DAGs
[2025-04-21T11:29:38.358+0000] {logging_mixin.py:190} INFO - [2025-04-21T11:29:38.358+0000] {dag.py:4180} INFO - Setting next_dagrun for example_sensor_decorator to None, run_after=None
[2025-04-21T11:29:38.377+0000] {processor.py:208} INFO - Processing /home/airflow/.local/lib/python3.12/site-packages/airflow/example_dags/example_sensor_decorator.py took 0.063 seconds
[2025-04-21T11:30:08.947+0000] {processor.py:186} INFO - Started process (PID=4674) to work on /home/airflow/.local/lib/python3.12/site-packages/airflow/example_dags/example_sensor_decorator.py
[2025-04-21T11:30:08.948+0000] {processor.py:914} INFO - Processing file /home/airflow/.local/lib/python3.12/site-packages/airflow/example_dags/example_sensor_decorator.py for tasks to queue
[2025-04-21T11:30:08.951+0000] {logging_mixin.py:190} INFO - [2025-04-21T11:30:08.951+0000] {dagbag.py:588} INFO - Filling up the DagBag from /home/airflow/.local/lib/python3.12/site-packages/airflow/example_dags/example_sensor_decorator.py
[2025-04-21T11:30:08.957+0000] {processor.py:925} INFO - DAG(s) 'example_sensor_decorator' retrieved from /home/airflow/.local/lib/python3.12/site-packages/airflow/example_dags/example_sensor_decorator.py
[2025-04-21T11:30:08.973+0000] {logging_mixin.py:190} INFO - [2025-04-21T11:30:08.973+0000] {dag.py:3239} INFO - Sync 1 DAGs
[2025-04-21T11:30:08.985+0000] {logging_mixin.py:190} INFO - [2025-04-21T11:30:08.985+0000] {dag.py:4180} INFO - Setting next_dagrun for example_sensor_decorator to None, run_after=None
[2025-04-21T11:30:09.000+0000] {processor.py:208} INFO - Processing /home/airflow/.local/lib/python3.12/site-packages/airflow/example_dags/example_sensor_decorator.py took 0.057 seconds
[2025-04-21T11:30:39.155+0000] {processor.py:186} INFO - Started process (PID=4737) to work on /home/airflow/.local/lib/python3.12/site-packages/airflow/example_dags/example_sensor_decorator.py
[2025-04-21T11:30:39.156+0000] {processor.py:914} INFO - Processing file /home/airflow/.local/lib/python3.12/site-packages/airflow/example_dags/example_sensor_decorator.py for tasks to queue
[2025-04-21T11:30:39.158+0000] {logging_mixin.py:190} INFO - [2025-04-21T11:30:39.158+0000] {dagbag.py:588} INFO - Filling up the DagBag from /home/airflow/.local/lib/python3.12/site-packages/airflow/example_dags/example_sensor_decorator.py
[2025-04-21T11:30:39.165+0000] {processor.py:925} INFO - DAG(s) 'example_sensor_decorator' retrieved from /home/airflow/.local/lib/python3.12/site-packages/airflow/example_dags/example_sensor_decorator.py
[2025-04-21T11:30:39.179+0000] {logging_mixin.py:190} INFO - [2025-04-21T11:30:39.179+0000] {dag.py:3239} INFO - Sync 1 DAGs
[2025-04-21T11:30:39.190+0000] {logging_mixin.py:190} INFO - [2025-04-21T11:30:39.190+0000] {dag.py:4180} INFO - Setting next_dagrun for example_sensor_decorator to None, run_after=None
[2025-04-21T11:30:39.206+0000] {processor.py:208} INFO - Processing /home/airflow/.local/lib/python3.12/site-packages/airflow/example_dags/example_sensor_decorator.py took 0.056 seconds
[2025-04-21T11:31:09.554+0000] {processor.py:186} INFO - Started process (PID=4799) to work on /home/airflow/.local/lib/python3.12/site-packages/airflow/example_dags/example_sensor_decorator.py
[2025-04-21T11:31:09.554+0000] {processor.py:914} INFO - Processing file /home/airflow/.local/lib/python3.12/site-packages/airflow/example_dags/example_sensor_decorator.py for tasks to queue
[2025-04-21T11:31:09.557+0000] {logging_mixin.py:190} INFO - [2025-04-21T11:31:09.556+0000] {dagbag.py:588} INFO - Filling up the DagBag from /home/airflow/.local/lib/python3.12/site-packages/airflow/example_dags/example_sensor_decorator.py
[2025-04-21T11:31:09.564+0000] {processor.py:925} INFO - DAG(s) 'example_sensor_decorator' retrieved from /home/airflow/.local/lib/python3.12/site-packages/airflow/example_dags/example_sensor_decorator.py
[2025-04-21T11:31:09.583+0000] {logging_mixin.py:190} INFO - [2025-04-21T11:31:09.583+0000] {dag.py:3239} INFO - Sync 1 DAGs
[2025-04-21T11:31:09.594+0000] {logging_mixin.py:190} INFO - [2025-04-21T11:31:09.594+0000] {dag.py:4180} INFO - Setting next_dagrun for example_sensor_decorator to None, run_after=None
[2025-04-21T11:31:09.612+0000] {processor.py:208} INFO - Processing /home/airflow/.local/lib/python3.12/site-packages/airflow/example_dags/example_sensor_decorator.py took 0.062 seconds
[2025-04-21T11:31:40.115+0000] {processor.py:186} INFO - Started process (PID=4862) to work on /home/airflow/.local/lib/python3.12/site-packages/airflow/example_dags/example_sensor_decorator.py
[2025-04-21T11:31:40.116+0000] {processor.py:914} INFO - Processing file /home/airflow/.local/lib/python3.12/site-packages/airflow/example_dags/example_sensor_decorator.py for tasks to queue
[2025-04-21T11:31:40.118+0000] {logging_mixin.py:190} INFO - [2025-04-21T11:31:40.117+0000] {dagbag.py:588} INFO - Filling up the DagBag from /home/airflow/.local/lib/python3.12/site-packages/airflow/example_dags/example_sensor_decorator.py
[2025-04-21T11:31:40.124+0000] {processor.py:925} INFO - DAG(s) 'example_sensor_decorator' retrieved from /home/airflow/.local/lib/python3.12/site-packages/airflow/example_dags/example_sensor_decorator.py
[2025-04-21T11:31:40.140+0000] {logging_mixin.py:190} INFO - [2025-04-21T11:31:40.140+0000] {dag.py:3239} INFO - Sync 1 DAGs
[2025-04-21T11:31:40.151+0000] {logging_mixin.py:190} INFO - [2025-04-21T11:31:40.151+0000] {dag.py:4180} INFO - Setting next_dagrun for example_sensor_decorator to None, run_after=None
[2025-04-21T11:31:40.166+0000] {processor.py:208} INFO - Processing /home/airflow/.local/lib/python3.12/site-packages/airflow/example_dags/example_sensor_decorator.py took 0.056 seconds
[2025-04-21T11:32:10.605+0000] {processor.py:186} INFO - Started process (PID=4925) to work on /home/airflow/.local/lib/python3.12/site-packages/airflow/example_dags/example_sensor_decorator.py
[2025-04-21T11:32:10.607+0000] {processor.py:914} INFO - Processing file /home/airflow/.local/lib/python3.12/site-packages/airflow/example_dags/example_sensor_decorator.py for tasks to queue
[2025-04-21T11:32:10.609+0000] {logging_mixin.py:190} INFO - [2025-04-21T11:32:10.609+0000] {dagbag.py:588} INFO - Filling up the DagBag from /home/airflow/.local/lib/python3.12/site-packages/airflow/example_dags/example_sensor_decorator.py
[2025-04-21T11:32:10.618+0000] {processor.py:925} INFO - DAG(s) 'example_sensor_decorator' retrieved from /home/airflow/.local/lib/python3.12/site-packages/airflow/example_dags/example_sensor_decorator.py
[2025-04-21T11:32:10.639+0000] {logging_mixin.py:190} INFO - [2025-04-21T11:32:10.639+0000] {dag.py:3239} INFO - Sync 1 DAGs
[2025-04-21T11:32:10.654+0000] {logging_mixin.py:190} INFO - [2025-04-21T11:32:10.653+0000] {dag.py:4180} INFO - Setting next_dagrun for example_sensor_decorator to None, run_after=None
[2025-04-21T11:32:10.676+0000] {processor.py:208} INFO - Processing /home/airflow/.local/lib/python3.12/site-packages/airflow/example_dags/example_sensor_decorator.py took 0.079 seconds
[2025-04-21T11:32:40.852+0000] {processor.py:186} INFO - Started process (PID=4988) to work on /home/airflow/.local/lib/python3.12/site-packages/airflow/example_dags/example_sensor_decorator.py
[2025-04-21T11:32:40.853+0000] {processor.py:914} INFO - Processing file /home/airflow/.local/lib/python3.12/site-packages/airflow/example_dags/example_sensor_decorator.py for tasks to queue
[2025-04-21T11:32:40.855+0000] {logging_mixin.py:190} INFO - [2025-04-21T11:32:40.855+0000] {dagbag.py:588} INFO - Filling up the DagBag from /home/airflow/.local/lib/python3.12/site-packages/airflow/example_dags/example_sensor_decorator.py
[2025-04-21T11:32:40.861+0000] {processor.py:925} INFO - DAG(s) 'example_sensor_decorator' retrieved from /home/airflow/.local/lib/python3.12/site-packages/airflow/example_dags/example_sensor_decorator.py
[2025-04-21T11:32:40.875+0000] {logging_mixin.py:190} INFO - [2025-04-21T11:32:40.875+0000] {dag.py:3239} INFO - Sync 1 DAGs
[2025-04-21T11:32:40.886+0000] {logging_mixin.py:190} INFO - [2025-04-21T11:32:40.886+0000] {dag.py:4180} INFO - Setting next_dagrun for example_sensor_decorator to None, run_after=None
[2025-04-21T11:32:40.900+0000] {processor.py:208} INFO - Processing /home/airflow/.local/lib/python3.12/site-packages/airflow/example_dags/example_sensor_decorator.py took 0.052 seconds
[2025-04-21T11:33:11.457+0000] {processor.py:186} INFO - Started process (PID=5052) to work on /home/airflow/.local/lib/python3.12/site-packages/airflow/example_dags/example_sensor_decorator.py
[2025-04-21T11:33:11.458+0000] {processor.py:914} INFO - Processing file /home/airflow/.local/lib/python3.12/site-packages/airflow/example_dags/example_sensor_decorator.py for tasks to queue
[2025-04-21T11:33:11.460+0000] {logging_mixin.py:190} INFO - [2025-04-21T11:33:11.460+0000] {dagbag.py:588} INFO - Filling up the DagBag from /home/airflow/.local/lib/python3.12/site-packages/airflow/example_dags/example_sensor_decorator.py
[2025-04-21T11:33:11.468+0000] {processor.py:925} INFO - DAG(s) 'example_sensor_decorator' retrieved from /home/airflow/.local/lib/python3.12/site-packages/airflow/example_dags/example_sensor_decorator.py
[2025-04-21T11:33:11.484+0000] {logging_mixin.py:190} INFO - [2025-04-21T11:33:11.484+0000] {dag.py:3239} INFO - Sync 1 DAGs
[2025-04-21T11:33:11.497+0000] {logging_mixin.py:190} INFO - [2025-04-21T11:33:11.497+0000] {dag.py:4180} INFO - Setting next_dagrun for example_sensor_decorator to None, run_after=None
[2025-04-21T11:33:11.519+0000] {processor.py:208} INFO - Processing /home/airflow/.local/lib/python3.12/site-packages/airflow/example_dags/example_sensor_decorator.py took 0.066 seconds
[2025-04-21T11:33:41.714+0000] {processor.py:186} INFO - Started process (PID=5116) to work on /home/airflow/.local/lib/python3.12/site-packages/airflow/example_dags/example_sensor_decorator.py
[2025-04-21T11:33:41.714+0000] {processor.py:914} INFO - Processing file /home/airflow/.local/lib/python3.12/site-packages/airflow/example_dags/example_sensor_decorator.py for tasks to queue
[2025-04-21T11:33:41.716+0000] {logging_mixin.py:190} INFO - [2025-04-21T11:33:41.716+0000] {dagbag.py:588} INFO - Filling up the DagBag from /home/airflow/.local/lib/python3.12/site-packages/airflow/example_dags/example_sensor_decorator.py
[2025-04-21T11:33:41.722+0000] {processor.py:925} INFO - DAG(s) 'example_sensor_decorator' retrieved from /home/airflow/.local/lib/python3.12/site-packages/airflow/example_dags/example_sensor_decorator.py
[2025-04-21T11:33:41.736+0000] {logging_mixin.py:190} INFO - [2025-04-21T11:33:41.736+0000] {dag.py:3239} INFO - Sync 1 DAGs
[2025-04-21T11:33:41.750+0000] {logging_mixin.py:190} INFO - [2025-04-21T11:33:41.750+0000] {dag.py:4180} INFO - Setting next_dagrun for example_sensor_decorator to None, run_after=None
[2025-04-21T11:33:41.766+0000] {processor.py:208} INFO - Processing /home/airflow/.local/lib/python3.12/site-packages/airflow/example_dags/example_sensor_decorator.py took 0.058 seconds
[2025-04-21T11:34:12.210+0000] {processor.py:186} INFO - Started process (PID=5180) to work on /home/airflow/.local/lib/python3.12/site-packages/airflow/example_dags/example_sensor_decorator.py
[2025-04-21T11:34:12.212+0000] {processor.py:914} INFO - Processing file /home/airflow/.local/lib/python3.12/site-packages/airflow/example_dags/example_sensor_decorator.py for tasks to queue
[2025-04-21T11:34:12.214+0000] {logging_mixin.py:190} INFO - [2025-04-21T11:34:12.214+0000] {dagbag.py:588} INFO - Filling up the DagBag from /home/airflow/.local/lib/python3.12/site-packages/airflow/example_dags/example_sensor_decorator.py
[2025-04-21T11:34:12.220+0000] {processor.py:925} INFO - DAG(s) 'example_sensor_decorator' retrieved from /home/airflow/.local/lib/python3.12/site-packages/airflow/example_dags/example_sensor_decorator.py
[2025-04-21T11:34:12.236+0000] {logging_mixin.py:190} INFO - [2025-04-21T11:34:12.236+0000] {dag.py:3239} INFO - Sync 1 DAGs
[2025-04-21T11:34:12.247+0000] {logging_mixin.py:190} INFO - [2025-04-21T11:34:12.247+0000] {dag.py:4180} INFO - Setting next_dagrun for example_sensor_decorator to None, run_after=None
[2025-04-21T11:34:12.263+0000] {processor.py:208} INFO - Processing /home/airflow/.local/lib/python3.12/site-packages/airflow/example_dags/example_sensor_decorator.py took 0.058 seconds
[2025-04-21T11:34:42.452+0000] {processor.py:186} INFO - Started process (PID=5244) to work on /home/airflow/.local/lib/python3.12/site-packages/airflow/example_dags/example_sensor_decorator.py
[2025-04-21T11:34:42.452+0000] {processor.py:914} INFO - Processing file /home/airflow/.local/lib/python3.12/site-packages/airflow/example_dags/example_sensor_decorator.py for tasks to queue
[2025-04-21T11:34:42.455+0000] {logging_mixin.py:190} INFO - [2025-04-21T11:34:42.454+0000] {dagbag.py:588} INFO - Filling up the DagBag from /home/airflow/.local/lib/python3.12/site-packages/airflow/example_dags/example_sensor_decorator.py
[2025-04-21T11:34:42.461+0000] {processor.py:925} INFO - DAG(s) 'example_sensor_decorator' retrieved from /home/airflow/.local/lib/python3.12/site-packages/airflow/example_dags/example_sensor_decorator.py
[2025-04-21T11:34:42.477+0000] {logging_mixin.py:190} INFO - [2025-04-21T11:34:42.477+0000] {dag.py:3239} INFO - Sync 1 DAGs
[2025-04-21T11:34:42.487+0000] {logging_mixin.py:190} INFO - [2025-04-21T11:34:42.487+0000] {dag.py:4180} INFO - Setting next_dagrun for example_sensor_decorator to None, run_after=None
[2025-04-21T11:34:42.504+0000] {processor.py:208} INFO - Processing /home/airflow/.local/lib/python3.12/site-packages/airflow/example_dags/example_sensor_decorator.py took 0.057 seconds
[2025-04-21T11:35:12.865+0000] {processor.py:186} INFO - Started process (PID=5308) to work on /home/airflow/.local/lib/python3.12/site-packages/airflow/example_dags/example_sensor_decorator.py
[2025-04-21T11:35:12.865+0000] {processor.py:914} INFO - Processing file /home/airflow/.local/lib/python3.12/site-packages/airflow/example_dags/example_sensor_decorator.py for tasks to queue
[2025-04-21T11:35:12.868+0000] {logging_mixin.py:190} INFO - [2025-04-21T11:35:12.868+0000] {dagbag.py:588} INFO - Filling up the DagBag from /home/airflow/.local/lib/python3.12/site-packages/airflow/example_dags/example_sensor_decorator.py
[2025-04-21T11:35:12.875+0000] {processor.py:925} INFO - DAG(s) 'example_sensor_decorator' retrieved from /home/airflow/.local/lib/python3.12/site-packages/airflow/example_dags/example_sensor_decorator.py
[2025-04-21T11:35:12.891+0000] {logging_mixin.py:190} INFO - [2025-04-21T11:35:12.891+0000] {dag.py:3239} INFO - Sync 1 DAGs
[2025-04-21T11:35:12.906+0000] {logging_mixin.py:190} INFO - [2025-04-21T11:35:12.905+0000] {dag.py:4180} INFO - Setting next_dagrun for example_sensor_decorator to None, run_after=None
[2025-04-21T11:35:12.923+0000] {processor.py:208} INFO - Processing /home/airflow/.local/lib/python3.12/site-packages/airflow/example_dags/example_sensor_decorator.py took 0.063 seconds
[2025-04-21T11:35:43.043+0000] {processor.py:186} INFO - Started process (PID=5372) to work on /home/airflow/.local/lib/python3.12/site-packages/airflow/example_dags/example_sensor_decorator.py
[2025-04-21T11:35:43.044+0000] {processor.py:914} INFO - Processing file /home/airflow/.local/lib/python3.12/site-packages/airflow/example_dags/example_sensor_decorator.py for tasks to queue
[2025-04-21T11:35:43.046+0000] {logging_mixin.py:190} INFO - [2025-04-21T11:35:43.045+0000] {dagbag.py:588} INFO - Filling up the DagBag from /home/airflow/.local/lib/python3.12/site-packages/airflow/example_dags/example_sensor_decorator.py
[2025-04-21T11:35:43.051+0000] {processor.py:925} INFO - DAG(s) 'example_sensor_decorator' retrieved from /home/airflow/.local/lib/python3.12/site-packages/airflow/example_dags/example_sensor_decorator.py
[2025-04-21T11:35:43.066+0000] {logging_mixin.py:190} INFO - [2025-04-21T11:35:43.066+0000] {dag.py:3239} INFO - Sync 1 DAGs
[2025-04-21T11:35:43.077+0000] {logging_mixin.py:190} INFO - [2025-04-21T11:35:43.077+0000] {dag.py:4180} INFO - Setting next_dagrun for example_sensor_decorator to None, run_after=None
[2025-04-21T11:35:43.091+0000] {processor.py:208} INFO - Processing /home/airflow/.local/lib/python3.12/site-packages/airflow/example_dags/example_sensor_decorator.py took 0.052 seconds
[2025-04-21T11:36:13.753+0000] {processor.py:186} INFO - Started process (PID=5436) to work on /home/airflow/.local/lib/python3.12/site-packages/airflow/example_dags/example_sensor_decorator.py
[2025-04-21T11:36:13.754+0000] {processor.py:914} INFO - Processing file /home/airflow/.local/lib/python3.12/site-packages/airflow/example_dags/example_sensor_decorator.py for tasks to queue
[2025-04-21T11:36:13.756+0000] {logging_mixin.py:190} INFO - [2025-04-21T11:36:13.756+0000] {dagbag.py:588} INFO - Filling up the DagBag from /home/airflow/.local/lib/python3.12/site-packages/airflow/example_dags/example_sensor_decorator.py
[2025-04-21T11:36:13.762+0000] {processor.py:925} INFO - DAG(s) 'example_sensor_decorator' retrieved from /home/airflow/.local/lib/python3.12/site-packages/airflow/example_dags/example_sensor_decorator.py
[2025-04-21T11:36:13.781+0000] {logging_mixin.py:190} INFO - [2025-04-21T11:36:13.781+0000] {dag.py:3239} INFO - Sync 1 DAGs
[2025-04-21T11:36:13.793+0000] {logging_mixin.py:190} INFO - [2025-04-21T11:36:13.793+0000] {dag.py:4180} INFO - Setting next_dagrun for example_sensor_decorator to None, run_after=None
[2025-04-21T11:36:13.807+0000] {processor.py:208} INFO - Processing /home/airflow/.local/lib/python3.12/site-packages/airflow/example_dags/example_sensor_decorator.py took 0.059 seconds
[2025-04-21T11:36:44.535+0000] {processor.py:186} INFO - Started process (PID=5500) to work on /home/airflow/.local/lib/python3.12/site-packages/airflow/example_dags/example_sensor_decorator.py
[2025-04-21T11:36:44.535+0000] {processor.py:914} INFO - Processing file /home/airflow/.local/lib/python3.12/site-packages/airflow/example_dags/example_sensor_decorator.py for tasks to queue
[2025-04-21T11:36:44.537+0000] {logging_mixin.py:190} INFO - [2025-04-21T11:36:44.537+0000] {dagbag.py:588} INFO - Filling up the DagBag from /home/airflow/.local/lib/python3.12/site-packages/airflow/example_dags/example_sensor_decorator.py
[2025-04-21T11:36:44.543+0000] {processor.py:925} INFO - DAG(s) 'example_sensor_decorator' retrieved from /home/airflow/.local/lib/python3.12/site-packages/airflow/example_dags/example_sensor_decorator.py
[2025-04-21T11:36:44.557+0000] {logging_mixin.py:190} INFO - [2025-04-21T11:36:44.557+0000] {dag.py:3239} INFO - Sync 1 DAGs
[2025-04-21T11:36:44.568+0000] {logging_mixin.py:190} INFO - [2025-04-21T11:36:44.567+0000] {dag.py:4180} INFO - Setting next_dagrun for example_sensor_decorator to None, run_after=None
[2025-04-21T11:36:44.581+0000] {processor.py:208} INFO - Processing /home/airflow/.local/lib/python3.12/site-packages/airflow/example_dags/example_sensor_decorator.py took 0.051 seconds
[2025-04-21T11:37:15.124+0000] {processor.py:186} INFO - Started process (PID=5564) to work on /home/airflow/.local/lib/python3.12/site-packages/airflow/example_dags/example_sensor_decorator.py
[2025-04-21T11:37:15.124+0000] {processor.py:914} INFO - Processing file /home/airflow/.local/lib/python3.12/site-packages/airflow/example_dags/example_sensor_decorator.py for tasks to queue
[2025-04-21T11:37:15.126+0000] {logging_mixin.py:190} INFO - [2025-04-21T11:37:15.126+0000] {dagbag.py:588} INFO - Filling up the DagBag from /home/airflow/.local/lib/python3.12/site-packages/airflow/example_dags/example_sensor_decorator.py
[2025-04-21T11:37:15.133+0000] {processor.py:925} INFO - DAG(s) 'example_sensor_decorator' retrieved from /home/airflow/.local/lib/python3.12/site-packages/airflow/example_dags/example_sensor_decorator.py
[2025-04-21T11:37:15.151+0000] {logging_mixin.py:190} INFO - [2025-04-21T11:37:15.150+0000] {dag.py:3239} INFO - Sync 1 DAGs
[2025-04-21T11:37:15.162+0000] {logging_mixin.py:190} INFO - [2025-04-21T11:37:15.162+0000] {dag.py:4180} INFO - Setting next_dagrun for example_sensor_decorator to None, run_after=None
[2025-04-21T11:37:15.178+0000] {processor.py:208} INFO - Processing /home/airflow/.local/lib/python3.12/site-packages/airflow/example_dags/example_sensor_decorator.py took 0.059 seconds
[2025-04-21T11:37:45.630+0000] {processor.py:186} INFO - Started process (PID=5628) to work on /home/airflow/.local/lib/python3.12/site-packages/airflow/example_dags/example_sensor_decorator.py
[2025-04-21T11:37:45.631+0000] {processor.py:914} INFO - Processing file /home/airflow/.local/lib/python3.12/site-packages/airflow/example_dags/example_sensor_decorator.py for tasks to queue
[2025-04-21T11:37:45.633+0000] {logging_mixin.py:190} INFO - [2025-04-21T11:37:45.632+0000] {dagbag.py:588} INFO - Filling up the DagBag from /home/airflow/.local/lib/python3.12/site-packages/airflow/example_dags/example_sensor_decorator.py
[2025-04-21T11:37:45.638+0000] {processor.py:925} INFO - DAG(s) 'example_sensor_decorator' retrieved from /home/airflow/.local/lib/python3.12/site-packages/airflow/example_dags/example_sensor_decorator.py
[2025-04-21T11:37:45.652+0000] {logging_mixin.py:190} INFO - [2025-04-21T11:37:45.652+0000] {dag.py:3239} INFO - Sync 1 DAGs
[2025-04-21T11:37:45.662+0000] {logging_mixin.py:190} INFO - [2025-04-21T11:37:45.662+0000] {dag.py:4180} INFO - Setting next_dagrun for example_sensor_decorator to None, run_after=None
[2025-04-21T11:37:45.676+0000] {processor.py:208} INFO - Processing /home/airflow/.local/lib/python3.12/site-packages/airflow/example_dags/example_sensor_decorator.py took 0.050 seconds
[2025-04-21T11:38:15.798+0000] {processor.py:186} INFO - Started process (PID=5692) to work on /home/airflow/.local/lib/python3.12/site-packages/airflow/example_dags/example_sensor_decorator.py
[2025-04-21T11:38:15.799+0000] {processor.py:914} INFO - Processing file /home/airflow/.local/lib/python3.12/site-packages/airflow/example_dags/example_sensor_decorator.py for tasks to queue
[2025-04-21T11:38:15.801+0000] {logging_mixin.py:190} INFO - [2025-04-21T11:38:15.801+0000] {dagbag.py:588} INFO - Filling up the DagBag from /home/airflow/.local/lib/python3.12/site-packages/airflow/example_dags/example_sensor_decorator.py
[2025-04-21T11:38:15.808+0000] {processor.py:925} INFO - DAG(s) 'example_sensor_decorator' retrieved from /home/airflow/.local/lib/python3.12/site-packages/airflow/example_dags/example_sensor_decorator.py
[2025-04-21T11:38:15.822+0000] {logging_mixin.py:190} INFO - [2025-04-21T11:38:15.822+0000] {dag.py:3239} INFO - Sync 1 DAGs
[2025-04-21T11:38:15.833+0000] {logging_mixin.py:190} INFO - [2025-04-21T11:38:15.833+0000] {dag.py:4180} INFO - Setting next_dagrun for example_sensor_decorator to None, run_after=None
[2025-04-21T11:38:15.847+0000] {processor.py:208} INFO - Processing /home/airflow/.local/lib/python3.12/site-packages/airflow/example_dags/example_sensor_decorator.py took 0.053 seconds
[2025-04-21T11:38:46.027+0000] {processor.py:186} INFO - Started process (PID=5756) to work on /home/airflow/.local/lib/python3.12/site-packages/airflow/example_dags/example_sensor_decorator.py
[2025-04-21T11:38:46.028+0000] {processor.py:914} INFO - Processing file /home/airflow/.local/lib/python3.12/site-packages/airflow/example_dags/example_sensor_decorator.py for tasks to queue
[2025-04-21T11:38:46.030+0000] {logging_mixin.py:190} INFO - [2025-04-21T11:38:46.030+0000] {dagbag.py:588} INFO - Filling up the DagBag from /home/airflow/.local/lib/python3.12/site-packages/airflow/example_dags/example_sensor_decorator.py
[2025-04-21T11:38:46.036+0000] {processor.py:925} INFO - DAG(s) 'example_sensor_decorator' retrieved from /home/airflow/.local/lib/python3.12/site-packages/airflow/example_dags/example_sensor_decorator.py
[2025-04-21T11:38:46.052+0000] {logging_mixin.py:190} INFO - [2025-04-21T11:38:46.052+0000] {dag.py:3239} INFO - Sync 1 DAGs
[2025-04-21T11:38:46.069+0000] {logging_mixin.py:190} INFO - [2025-04-21T11:38:46.069+0000] {dag.py:4180} INFO - Setting next_dagrun for example_sensor_decorator to None, run_after=None
[2025-04-21T11:38:46.091+0000] {processor.py:208} INFO - Processing /home/airflow/.local/lib/python3.12/site-packages/airflow/example_dags/example_sensor_decorator.py took 0.068 seconds
[2025-04-21T11:39:16.229+0000] {processor.py:186} INFO - Started process (PID=5820) to work on /home/airflow/.local/lib/python3.12/site-packages/airflow/example_dags/example_sensor_decorator.py
[2025-04-21T11:39:16.230+0000] {processor.py:914} INFO - Processing file /home/airflow/.local/lib/python3.12/site-packages/airflow/example_dags/example_sensor_decorator.py for tasks to queue
[2025-04-21T11:39:16.232+0000] {logging_mixin.py:190} INFO - [2025-04-21T11:39:16.231+0000] {dagbag.py:588} INFO - Filling up the DagBag from /home/airflow/.local/lib/python3.12/site-packages/airflow/example_dags/example_sensor_decorator.py
[2025-04-21T11:39:16.238+0000] {processor.py:925} INFO - DAG(s) 'example_sensor_decorator' retrieved from /home/airflow/.local/lib/python3.12/site-packages/airflow/example_dags/example_sensor_decorator.py
[2025-04-21T11:39:16.254+0000] {logging_mixin.py:190} INFO - [2025-04-21T11:39:16.254+0000] {dag.py:3239} INFO - Sync 1 DAGs
[2025-04-21T11:39:16.266+0000] {logging_mixin.py:190} INFO - [2025-04-21T11:39:16.266+0000] {dag.py:4180} INFO - Setting next_dagrun for example_sensor_decorator to None, run_after=None
[2025-04-21T11:39:16.283+0000] {processor.py:208} INFO - Processing /home/airflow/.local/lib/python3.12/site-packages/airflow/example_dags/example_sensor_decorator.py took 0.058 seconds
[2025-04-21T11:39:47.023+0000] {processor.py:186} INFO - Started process (PID=5884) to work on /home/airflow/.local/lib/python3.12/site-packages/airflow/example_dags/example_sensor_decorator.py
[2025-04-21T11:39:47.024+0000] {processor.py:914} INFO - Processing file /home/airflow/.local/lib/python3.12/site-packages/airflow/example_dags/example_sensor_decorator.py for tasks to queue
[2025-04-21T11:39:47.026+0000] {logging_mixin.py:190} INFO - [2025-04-21T11:39:47.025+0000] {dagbag.py:588} INFO - Filling up the DagBag from /home/airflow/.local/lib/python3.12/site-packages/airflow/example_dags/example_sensor_decorator.py
[2025-04-21T11:39:47.032+0000] {processor.py:925} INFO - DAG(s) 'example_sensor_decorator' retrieved from /home/airflow/.local/lib/python3.12/site-packages/airflow/example_dags/example_sensor_decorator.py
[2025-04-21T11:39:47.048+0000] {logging_mixin.py:190} INFO - [2025-04-21T11:39:47.048+0000] {dag.py:3239} INFO - Sync 1 DAGs
[2025-04-21T11:39:47.059+0000] {logging_mixin.py:190} INFO - [2025-04-21T11:39:47.059+0000] {dag.py:4180} INFO - Setting next_dagrun for example_sensor_decorator to None, run_after=None
[2025-04-21T11:39:47.075+0000] {processor.py:208} INFO - Processing /home/airflow/.local/lib/python3.12/site-packages/airflow/example_dags/example_sensor_decorator.py took 0.056 seconds
[2025-04-21T11:40:17.872+0000] {processor.py:186} INFO - Started process (PID=5948) to work on /home/airflow/.local/lib/python3.12/site-packages/airflow/example_dags/example_sensor_decorator.py
[2025-04-21T11:40:17.873+0000] {processor.py:914} INFO - Processing file /home/airflow/.local/lib/python3.12/site-packages/airflow/example_dags/example_sensor_decorator.py for tasks to queue
[2025-04-21T11:40:17.875+0000] {logging_mixin.py:190} INFO - [2025-04-21T11:40:17.875+0000] {dagbag.py:588} INFO - Filling up the DagBag from /home/airflow/.local/lib/python3.12/site-packages/airflow/example_dags/example_sensor_decorator.py
[2025-04-21T11:40:17.882+0000] {processor.py:925} INFO - DAG(s) 'example_sensor_decorator' retrieved from /home/airflow/.local/lib/python3.12/site-packages/airflow/example_dags/example_sensor_decorator.py
[2025-04-21T11:40:17.897+0000] {logging_mixin.py:190} INFO - [2025-04-21T11:40:17.897+0000] {dag.py:3239} INFO - Sync 1 DAGs
[2025-04-21T11:40:17.909+0000] {logging_mixin.py:190} INFO - [2025-04-21T11:40:17.909+0000] {dag.py:4180} INFO - Setting next_dagrun for example_sensor_decorator to None, run_after=None
[2025-04-21T11:40:17.927+0000] {processor.py:208} INFO - Processing /home/airflow/.local/lib/python3.12/site-packages/airflow/example_dags/example_sensor_decorator.py took 0.060 seconds
[2025-04-21T11:40:48.095+0000] {processor.py:186} INFO - Started process (PID=6012) to work on /home/airflow/.local/lib/python3.12/site-packages/airflow/example_dags/example_sensor_decorator.py
[2025-04-21T11:40:48.096+0000] {processor.py:914} INFO - Processing file /home/airflow/.local/lib/python3.12/site-packages/airflow/example_dags/example_sensor_decorator.py for tasks to queue
[2025-04-21T11:40:48.098+0000] {logging_mixin.py:190} INFO - [2025-04-21T11:40:48.097+0000] {dagbag.py:588} INFO - Filling up the DagBag from /home/airflow/.local/lib/python3.12/site-packages/airflow/example_dags/example_sensor_decorator.py
[2025-04-21T11:40:48.105+0000] {processor.py:925} INFO - DAG(s) 'example_sensor_decorator' retrieved from /home/airflow/.local/lib/python3.12/site-packages/airflow/example_dags/example_sensor_decorator.py
[2025-04-21T11:40:48.122+0000] {logging_mixin.py:190} INFO - [2025-04-21T11:40:48.122+0000] {dag.py:3239} INFO - Sync 1 DAGs
[2025-04-21T11:40:48.134+0000] {logging_mixin.py:190} INFO - [2025-04-21T11:40:48.134+0000] {dag.py:4180} INFO - Setting next_dagrun for example_sensor_decorator to None, run_after=None
[2025-04-21T11:40:48.153+0000] {processor.py:208} INFO - Processing /home/airflow/.local/lib/python3.12/site-packages/airflow/example_dags/example_sensor_decorator.py took 0.062 seconds
[2025-04-21T11:41:18.261+0000] {processor.py:186} INFO - Started process (PID=6076) to work on /home/airflow/.local/lib/python3.12/site-packages/airflow/example_dags/example_sensor_decorator.py
[2025-04-21T11:41:18.261+0000] {processor.py:914} INFO - Processing file /home/airflow/.local/lib/python3.12/site-packages/airflow/example_dags/example_sensor_decorator.py for tasks to queue
[2025-04-21T11:41:18.263+0000] {logging_mixin.py:190} INFO - [2025-04-21T11:41:18.263+0000] {dagbag.py:588} INFO - Filling up the DagBag from /home/airflow/.local/lib/python3.12/site-packages/airflow/example_dags/example_sensor_decorator.py
[2025-04-21T11:41:18.271+0000] {processor.py:925} INFO - DAG(s) 'example_sensor_decorator' retrieved from /home/airflow/.local/lib/python3.12/site-packages/airflow/example_dags/example_sensor_decorator.py
[2025-04-21T11:41:18.288+0000] {logging_mixin.py:190} INFO - [2025-04-21T11:41:18.287+0000] {dag.py:3239} INFO - Sync 1 DAGs
[2025-04-21T11:41:18.300+0000] {logging_mixin.py:190} INFO - [2025-04-21T11:41:18.300+0000] {dag.py:4180} INFO - Setting next_dagrun for example_sensor_decorator to None, run_after=None
[2025-04-21T11:41:18.317+0000] {processor.py:208} INFO - Processing /home/airflow/.local/lib/python3.12/site-packages/airflow/example_dags/example_sensor_decorator.py took 0.061 seconds
[2025-04-21T11:41:48.580+0000] {processor.py:186} INFO - Started process (PID=6140) to work on /home/airflow/.local/lib/python3.12/site-packages/airflow/example_dags/example_sensor_decorator.py
[2025-04-21T11:41:48.581+0000] {processor.py:914} INFO - Processing file /home/airflow/.local/lib/python3.12/site-packages/airflow/example_dags/example_sensor_decorator.py for tasks to queue
[2025-04-21T11:41:48.583+0000] {logging_mixin.py:190} INFO - [2025-04-21T11:41:48.583+0000] {dagbag.py:588} INFO - Filling up the DagBag from /home/airflow/.local/lib/python3.12/site-packages/airflow/example_dags/example_sensor_decorator.py
[2025-04-21T11:41:48.590+0000] {processor.py:925} INFO - DAG(s) 'example_sensor_decorator' retrieved from /home/airflow/.local/lib/python3.12/site-packages/airflow/example_dags/example_sensor_decorator.py
[2025-04-21T11:41:48.608+0000] {logging_mixin.py:190} INFO - [2025-04-21T11:41:48.607+0000] {dag.py:3239} INFO - Sync 1 DAGs
[2025-04-21T11:41:48.621+0000] {logging_mixin.py:190} INFO - [2025-04-21T11:41:48.621+0000] {dag.py:4180} INFO - Setting next_dagrun for example_sensor_decorator to None, run_after=None
[2025-04-21T11:41:48.637+0000] {processor.py:208} INFO - Processing /home/airflow/.local/lib/python3.12/site-packages/airflow/example_dags/example_sensor_decorator.py took 0.062 seconds
[2025-04-21T11:42:19.403+0000] {processor.py:186} INFO - Started process (PID=6204) to work on /home/airflow/.local/lib/python3.12/site-packages/airflow/example_dags/example_sensor_decorator.py
[2025-04-21T11:42:19.404+0000] {processor.py:914} INFO - Processing file /home/airflow/.local/lib/python3.12/site-packages/airflow/example_dags/example_sensor_decorator.py for tasks to queue
[2025-04-21T11:42:19.406+0000] {logging_mixin.py:190} INFO - [2025-04-21T11:42:19.406+0000] {dagbag.py:588} INFO - Filling up the DagBag from /home/airflow/.local/lib/python3.12/site-packages/airflow/example_dags/example_sensor_decorator.py
[2025-04-21T11:42:19.412+0000] {processor.py:925} INFO - DAG(s) 'example_sensor_decorator' retrieved from /home/airflow/.local/lib/python3.12/site-packages/airflow/example_dags/example_sensor_decorator.py
[2025-04-21T11:42:19.428+0000] {logging_mixin.py:190} INFO - [2025-04-21T11:42:19.428+0000] {dag.py:3239} INFO - Sync 1 DAGs
[2025-04-21T11:42:19.440+0000] {logging_mixin.py:190} INFO - [2025-04-21T11:42:19.440+0000] {dag.py:4180} INFO - Setting next_dagrun for example_sensor_decorator to None, run_after=None
[2025-04-21T11:42:19.457+0000] {processor.py:208} INFO - Processing /home/airflow/.local/lib/python3.12/site-packages/airflow/example_dags/example_sensor_decorator.py took 0.058 seconds
[2025-04-21T11:42:50.277+0000] {processor.py:186} INFO - Started process (PID=6268) to work on /home/airflow/.local/lib/python3.12/site-packages/airflow/example_dags/example_sensor_decorator.py
[2025-04-21T11:42:50.279+0000] {processor.py:914} INFO - Processing file /home/airflow/.local/lib/python3.12/site-packages/airflow/example_dags/example_sensor_decorator.py for tasks to queue
[2025-04-21T11:42:50.281+0000] {logging_mixin.py:190} INFO - [2025-04-21T11:42:50.280+0000] {dagbag.py:588} INFO - Filling up the DagBag from /home/airflow/.local/lib/python3.12/site-packages/airflow/example_dags/example_sensor_decorator.py
[2025-04-21T11:42:50.287+0000] {processor.py:925} INFO - DAG(s) 'example_sensor_decorator' retrieved from /home/airflow/.local/lib/python3.12/site-packages/airflow/example_dags/example_sensor_decorator.py
[2025-04-21T11:42:50.300+0000] {logging_mixin.py:190} INFO - [2025-04-21T11:42:50.300+0000] {dag.py:3239} INFO - Sync 1 DAGs
[2025-04-21T11:42:50.311+0000] {logging_mixin.py:190} INFO - [2025-04-21T11:42:50.311+0000] {dag.py:4180} INFO - Setting next_dagrun for example_sensor_decorator to None, run_after=None
[2025-04-21T11:42:50.325+0000] {processor.py:208} INFO - Processing /home/airflow/.local/lib/python3.12/site-packages/airflow/example_dags/example_sensor_decorator.py took 0.051 seconds
[2025-04-21T11:43:21.644+0000] {processor.py:186} INFO - Started process (PID=6332) to work on /home/airflow/.local/lib/python3.12/site-packages/airflow/example_dags/example_sensor_decorator.py
[2025-04-21T11:43:21.647+0000] {processor.py:914} INFO - Processing file /home/airflow/.local/lib/python3.12/site-packages/airflow/example_dags/example_sensor_decorator.py for tasks to queue
[2025-04-21T11:43:21.653+0000] {logging_mixin.py:190} INFO - [2025-04-21T11:43:21.652+0000] {dagbag.py:588} INFO - Filling up the DagBag from /home/airflow/.local/lib/python3.12/site-packages/airflow/example_dags/example_sensor_decorator.py
[2025-04-21T11:43:21.670+0000] {processor.py:925} INFO - DAG(s) 'example_sensor_decorator' retrieved from /home/airflow/.local/lib/python3.12/site-packages/airflow/example_dags/example_sensor_decorator.py
[2025-04-21T11:43:21.714+0000] {logging_mixin.py:190} INFO - [2025-04-21T11:43:21.713+0000] {dag.py:3239} INFO - Sync 1 DAGs
[2025-04-21T11:43:21.745+0000] {logging_mixin.py:190} INFO - [2025-04-21T11:43:21.744+0000] {dag.py:4180} INFO - Setting next_dagrun for example_sensor_decorator to None, run_after=None
[2025-04-21T11:43:21.786+0000] {processor.py:208} INFO - Processing /home/airflow/.local/lib/python3.12/site-packages/airflow/example_dags/example_sensor_decorator.py took 0.154 seconds
[2025-04-21T11:43:52.482+0000] {processor.py:186} INFO - Started process (PID=6396) to work on /home/airflow/.local/lib/python3.12/site-packages/airflow/example_dags/example_sensor_decorator.py
[2025-04-21T11:43:52.484+0000] {processor.py:914} INFO - Processing file /home/airflow/.local/lib/python3.12/site-packages/airflow/example_dags/example_sensor_decorator.py for tasks to queue
[2025-04-21T11:43:52.488+0000] {logging_mixin.py:190} INFO - [2025-04-21T11:43:52.488+0000] {dagbag.py:588} INFO - Filling up the DagBag from /home/airflow/.local/lib/python3.12/site-packages/airflow/example_dags/example_sensor_decorator.py
[2025-04-21T11:43:52.500+0000] {processor.py:925} INFO - DAG(s) 'example_sensor_decorator' retrieved from /home/airflow/.local/lib/python3.12/site-packages/airflow/example_dags/example_sensor_decorator.py
[2025-04-21T11:43:52.537+0000] {logging_mixin.py:190} INFO - [2025-04-21T11:43:52.537+0000] {dag.py:3239} INFO - Sync 1 DAGs
[2025-04-21T11:43:52.563+0000] {logging_mixin.py:190} INFO - [2025-04-21T11:43:52.563+0000] {dag.py:4180} INFO - Setting next_dagrun for example_sensor_decorator to None, run_after=None
[2025-04-21T11:43:52.591+0000] {processor.py:208} INFO - Processing /home/airflow/.local/lib/python3.12/site-packages/airflow/example_dags/example_sensor_decorator.py took 0.122 seconds
[2025-04-21T11:44:23.070+0000] {processor.py:186} INFO - Started process (PID=6460) to work on /home/airflow/.local/lib/python3.12/site-packages/airflow/example_dags/example_sensor_decorator.py
[2025-04-21T11:44:23.072+0000] {processor.py:914} INFO - Processing file /home/airflow/.local/lib/python3.12/site-packages/airflow/example_dags/example_sensor_decorator.py for tasks to queue
[2025-04-21T11:44:23.077+0000] {logging_mixin.py:190} INFO - [2025-04-21T11:44:23.076+0000] {dagbag.py:588} INFO - Filling up the DagBag from /home/airflow/.local/lib/python3.12/site-packages/airflow/example_dags/example_sensor_decorator.py
[2025-04-21T11:44:23.088+0000] {processor.py:925} INFO - DAG(s) 'example_sensor_decorator' retrieved from /home/airflow/.local/lib/python3.12/site-packages/airflow/example_dags/example_sensor_decorator.py
[2025-04-21T11:44:23.116+0000] {logging_mixin.py:190} INFO - [2025-04-21T11:44:23.116+0000] {dag.py:3239} INFO - Sync 1 DAGs
[2025-04-21T11:44:23.139+0000] {logging_mixin.py:190} INFO - [2025-04-21T11:44:23.138+0000] {dag.py:4180} INFO - Setting next_dagrun for example_sensor_decorator to None, run_after=None
[2025-04-21T11:44:23.169+0000] {processor.py:208} INFO - Processing /home/airflow/.local/lib/python3.12/site-packages/airflow/example_dags/example_sensor_decorator.py took 0.107 seconds
[2025-04-21T11:44:53.491+0000] {processor.py:186} INFO - Started process (PID=6524) to work on /home/airflow/.local/lib/python3.12/site-packages/airflow/example_dags/example_sensor_decorator.py
[2025-04-21T11:44:53.492+0000] {processor.py:914} INFO - Processing file /home/airflow/.local/lib/python3.12/site-packages/airflow/example_dags/example_sensor_decorator.py for tasks to queue
[2025-04-21T11:44:53.496+0000] {logging_mixin.py:190} INFO - [2025-04-21T11:44:53.496+0000] {dagbag.py:588} INFO - Filling up the DagBag from /home/airflow/.local/lib/python3.12/site-packages/airflow/example_dags/example_sensor_decorator.py
[2025-04-21T11:44:53.511+0000] {processor.py:925} INFO - DAG(s) 'example_sensor_decorator' retrieved from /home/airflow/.local/lib/python3.12/site-packages/airflow/example_dags/example_sensor_decorator.py
[2025-04-21T11:44:53.549+0000] {logging_mixin.py:190} INFO - [2025-04-21T11:44:53.548+0000] {dag.py:3239} INFO - Sync 1 DAGs
[2025-04-21T11:44:53.583+0000] {logging_mixin.py:190} INFO - [2025-04-21T11:44:53.582+0000] {dag.py:4180} INFO - Setting next_dagrun for example_sensor_decorator to None, run_after=None
[2025-04-21T11:44:53.627+0000] {processor.py:208} INFO - Processing /home/airflow/.local/lib/python3.12/site-packages/airflow/example_dags/example_sensor_decorator.py took 0.145 seconds
[2025-04-21T11:45:24.355+0000] {processor.py:186} INFO - Started process (PID=6588) to work on /home/airflow/.local/lib/python3.12/site-packages/airflow/example_dags/example_sensor_decorator.py
[2025-04-21T11:45:24.356+0000] {processor.py:914} INFO - Processing file /home/airflow/.local/lib/python3.12/site-packages/airflow/example_dags/example_sensor_decorator.py for tasks to queue
[2025-04-21T11:45:24.358+0000] {logging_mixin.py:190} INFO - [2025-04-21T11:45:24.358+0000] {dagbag.py:588} INFO - Filling up the DagBag from /home/airflow/.local/lib/python3.12/site-packages/airflow/example_dags/example_sensor_decorator.py
[2025-04-21T11:45:24.365+0000] {processor.py:925} INFO - DAG(s) 'example_sensor_decorator' retrieved from /home/airflow/.local/lib/python3.12/site-packages/airflow/example_dags/example_sensor_decorator.py
[2025-04-21T11:45:24.383+0000] {logging_mixin.py:190} INFO - [2025-04-21T11:45:24.383+0000] {dag.py:3239} INFO - Sync 1 DAGs
[2025-04-21T11:45:24.395+0000] {logging_mixin.py:190} INFO - [2025-04-21T11:45:24.394+0000] {dag.py:4180} INFO - Setting next_dagrun for example_sensor_decorator to None, run_after=None
[2025-04-21T11:45:24.412+0000] {processor.py:208} INFO - Processing /home/airflow/.local/lib/python3.12/site-packages/airflow/example_dags/example_sensor_decorator.py took 0.061 seconds
[2025-04-21T11:45:55.592+0000] {processor.py:186} INFO - Started process (PID=6652) to work on /home/airflow/.local/lib/python3.12/site-packages/airflow/example_dags/example_sensor_decorator.py
[2025-04-21T11:45:55.594+0000] {processor.py:914} INFO - Processing file /home/airflow/.local/lib/python3.12/site-packages/airflow/example_dags/example_sensor_decorator.py for tasks to queue
[2025-04-21T11:45:55.597+0000] {logging_mixin.py:190} INFO - [2025-04-21T11:45:55.596+0000] {dagbag.py:588} INFO - Filling up the DagBag from /home/airflow/.local/lib/python3.12/site-packages/airflow/example_dags/example_sensor_decorator.py
[2025-04-21T11:45:55.608+0000] {processor.py:925} INFO - DAG(s) 'example_sensor_decorator' retrieved from /home/airflow/.local/lib/python3.12/site-packages/airflow/example_dags/example_sensor_decorator.py
[2025-04-21T11:45:55.635+0000] {logging_mixin.py:190} INFO - [2025-04-21T11:45:55.634+0000] {dag.py:3239} INFO - Sync 1 DAGs
[2025-04-21T11:45:55.655+0000] {logging_mixin.py:190} INFO - [2025-04-21T11:45:55.655+0000] {dag.py:4180} INFO - Setting next_dagrun for example_sensor_decorator to None, run_after=None
[2025-04-21T11:45:55.694+0000] {processor.py:208} INFO - Processing /home/airflow/.local/lib/python3.12/site-packages/airflow/example_dags/example_sensor_decorator.py took 0.109 seconds
[2025-04-21T11:46:26.317+0000] {processor.py:186} INFO - Started process (PID=6716) to work on /home/airflow/.local/lib/python3.12/site-packages/airflow/example_dags/example_sensor_decorator.py
[2025-04-21T11:46:26.319+0000] {processor.py:914} INFO - Processing file /home/airflow/.local/lib/python3.12/site-packages/airflow/example_dags/example_sensor_decorator.py for tasks to queue
[2025-04-21T11:46:26.324+0000] {logging_mixin.py:190} INFO - [2025-04-21T11:46:26.324+0000] {dagbag.py:588} INFO - Filling up the DagBag from /home/airflow/.local/lib/python3.12/site-packages/airflow/example_dags/example_sensor_decorator.py
[2025-04-21T11:46:26.342+0000] {processor.py:925} INFO - DAG(s) 'example_sensor_decorator' retrieved from /home/airflow/.local/lib/python3.12/site-packages/airflow/example_dags/example_sensor_decorator.py
[2025-04-21T11:46:26.382+0000] {logging_mixin.py:190} INFO - [2025-04-21T11:46:26.382+0000] {dag.py:3239} INFO - Sync 1 DAGs
[2025-04-21T11:46:26.411+0000] {logging_mixin.py:190} INFO - [2025-04-21T11:46:26.410+0000] {dag.py:4180} INFO - Setting next_dagrun for example_sensor_decorator to None, run_after=None
[2025-04-21T11:46:26.452+0000] {processor.py:208} INFO - Processing /home/airflow/.local/lib/python3.12/site-packages/airflow/example_dags/example_sensor_decorator.py took 0.146 seconds
[2025-04-21T11:46:56.801+0000] {processor.py:186} INFO - Started process (PID=6780) to work on /home/airflow/.local/lib/python3.12/site-packages/airflow/example_dags/example_sensor_decorator.py
[2025-04-21T11:46:56.802+0000] {processor.py:914} INFO - Processing file /home/airflow/.local/lib/python3.12/site-packages/airflow/example_dags/example_sensor_decorator.py for tasks to queue
[2025-04-21T11:46:56.805+0000] {logging_mixin.py:190} INFO - [2025-04-21T11:46:56.804+0000] {dagbag.py:588} INFO - Filling up the DagBag from /home/airflow/.local/lib/python3.12/site-packages/airflow/example_dags/example_sensor_decorator.py
[2025-04-21T11:46:56.817+0000] {processor.py:925} INFO - DAG(s) 'example_sensor_decorator' retrieved from /home/airflow/.local/lib/python3.12/site-packages/airflow/example_dags/example_sensor_decorator.py
[2025-04-21T11:46:56.847+0000] {logging_mixin.py:190} INFO - [2025-04-21T11:46:56.846+0000] {dag.py:3239} INFO - Sync 1 DAGs
[2025-04-21T11:46:56.868+0000] {logging_mixin.py:190} INFO - [2025-04-21T11:46:56.868+0000] {dag.py:4180} INFO - Setting next_dagrun for example_sensor_decorator to None, run_after=None
[2025-04-21T11:46:56.901+0000] {processor.py:208} INFO - Processing /home/airflow/.local/lib/python3.12/site-packages/airflow/example_dags/example_sensor_decorator.py took 0.109 seconds
[2025-04-21T11:47:27.103+0000] {processor.py:186} INFO - Started process (PID=6844) to work on /home/airflow/.local/lib/python3.12/site-packages/airflow/example_dags/example_sensor_decorator.py
[2025-04-21T11:47:27.105+0000] {processor.py:914} INFO - Processing file /home/airflow/.local/lib/python3.12/site-packages/airflow/example_dags/example_sensor_decorator.py for tasks to queue
[2025-04-21T11:47:27.110+0000] {logging_mixin.py:190} INFO - [2025-04-21T11:47:27.109+0000] {dagbag.py:588} INFO - Filling up the DagBag from /home/airflow/.local/lib/python3.12/site-packages/airflow/example_dags/example_sensor_decorator.py
[2025-04-21T11:47:27.127+0000] {processor.py:925} INFO - DAG(s) 'example_sensor_decorator' retrieved from /home/airflow/.local/lib/python3.12/site-packages/airflow/example_dags/example_sensor_decorator.py
[2025-04-21T11:47:27.171+0000] {logging_mixin.py:190} INFO - [2025-04-21T11:47:27.171+0000] {dag.py:3239} INFO - Sync 1 DAGs
[2025-04-21T11:47:27.197+0000] {logging_mixin.py:190} INFO - [2025-04-21T11:47:27.197+0000] {dag.py:4180} INFO - Setting next_dagrun for example_sensor_decorator to None, run_after=None
[2025-04-21T11:47:27.240+0000] {processor.py:208} INFO - Processing /home/airflow/.local/lib/python3.12/site-packages/airflow/example_dags/example_sensor_decorator.py took 0.149 seconds
[2025-04-21T11:47:57.382+0000] {processor.py:186} INFO - Started process (PID=6908) to work on /home/airflow/.local/lib/python3.12/site-packages/airflow/example_dags/example_sensor_decorator.py
[2025-04-21T11:47:57.383+0000] {processor.py:914} INFO - Processing file /home/airflow/.local/lib/python3.12/site-packages/airflow/example_dags/example_sensor_decorator.py for tasks to queue
[2025-04-21T11:47:57.388+0000] {logging_mixin.py:190} INFO - [2025-04-21T11:47:57.387+0000] {dagbag.py:588} INFO - Filling up the DagBag from /home/airflow/.local/lib/python3.12/site-packages/airflow/example_dags/example_sensor_decorator.py
[2025-04-21T11:47:57.403+0000] {processor.py:925} INFO - DAG(s) 'example_sensor_decorator' retrieved from /home/airflow/.local/lib/python3.12/site-packages/airflow/example_dags/example_sensor_decorator.py
[2025-04-21T11:47:57.439+0000] {logging_mixin.py:190} INFO - [2025-04-21T11:47:57.438+0000] {dag.py:3239} INFO - Sync 1 DAGs
[2025-04-21T11:47:57.469+0000] {logging_mixin.py:190} INFO - [2025-04-21T11:47:57.468+0000] {dag.py:4180} INFO - Setting next_dagrun for example_sensor_decorator to None, run_after=None
[2025-04-21T11:47:57.500+0000] {processor.py:208} INFO - Processing /home/airflow/.local/lib/python3.12/site-packages/airflow/example_dags/example_sensor_decorator.py took 0.127 seconds
[2025-04-21T11:48:28.177+0000] {processor.py:186} INFO - Started process (PID=6972) to work on /home/airflow/.local/lib/python3.12/site-packages/airflow/example_dags/example_sensor_decorator.py
[2025-04-21T11:48:28.179+0000] {processor.py:914} INFO - Processing file /home/airflow/.local/lib/python3.12/site-packages/airflow/example_dags/example_sensor_decorator.py for tasks to queue
[2025-04-21T11:48:28.183+0000] {logging_mixin.py:190} INFO - [2025-04-21T11:48:28.182+0000] {dagbag.py:588} INFO - Filling up the DagBag from /home/airflow/.local/lib/python3.12/site-packages/airflow/example_dags/example_sensor_decorator.py
[2025-04-21T11:48:28.193+0000] {processor.py:925} INFO - DAG(s) 'example_sensor_decorator' retrieved from /home/airflow/.local/lib/python3.12/site-packages/airflow/example_dags/example_sensor_decorator.py
[2025-04-21T11:48:28.234+0000] {logging_mixin.py:190} INFO - [2025-04-21T11:48:28.234+0000] {dag.py:3239} INFO - Sync 1 DAGs
[2025-04-21T11:48:28.266+0000] {logging_mixin.py:190} INFO - [2025-04-21T11:48:28.265+0000] {dag.py:4180} INFO - Setting next_dagrun for example_sensor_decorator to None, run_after=None
[2025-04-21T11:48:28.303+0000] {processor.py:208} INFO - Processing /home/airflow/.local/lib/python3.12/site-packages/airflow/example_dags/example_sensor_decorator.py took 0.138 seconds
[2025-04-21T11:48:59.905+0000] {processor.py:186} INFO - Started process (PID=7036) to work on /home/airflow/.local/lib/python3.12/site-packages/airflow/example_dags/example_sensor_decorator.py
[2025-04-21T11:48:59.907+0000] {processor.py:914} INFO - Processing file /home/airflow/.local/lib/python3.12/site-packages/airflow/example_dags/example_sensor_decorator.py for tasks to queue
[2025-04-21T11:48:59.913+0000] {logging_mixin.py:190} INFO - [2025-04-21T11:48:59.912+0000] {dagbag.py:588} INFO - Filling up the DagBag from /home/airflow/.local/lib/python3.12/site-packages/airflow/example_dags/example_sensor_decorator.py
[2025-04-21T11:48:59.931+0000] {processor.py:925} INFO - DAG(s) 'example_sensor_decorator' retrieved from /home/airflow/.local/lib/python3.12/site-packages/airflow/example_dags/example_sensor_decorator.py
[2025-04-21T11:48:59.963+0000] {logging_mixin.py:190} INFO - [2025-04-21T11:48:59.962+0000] {dag.py:3239} INFO - Sync 1 DAGs
[2025-04-21T11:48:59.993+0000] {logging_mixin.py:190} INFO - [2025-04-21T11:48:59.992+0000] {dag.py:4180} INFO - Setting next_dagrun for example_sensor_decorator to None, run_after=None
[2025-04-21T11:49:00.028+0000] {processor.py:208} INFO - Processing /home/airflow/.local/lib/python3.12/site-packages/airflow/example_dags/example_sensor_decorator.py took 0.136 seconds
[2025-04-21T11:49:31.174+0000] {processor.py:186} INFO - Started process (PID=7100) to work on /home/airflow/.local/lib/python3.12/site-packages/airflow/example_dags/example_sensor_decorator.py
[2025-04-21T11:49:31.175+0000] {processor.py:914} INFO - Processing file /home/airflow/.local/lib/python3.12/site-packages/airflow/example_dags/example_sensor_decorator.py for tasks to queue
[2025-04-21T11:49:31.181+0000] {logging_mixin.py:190} INFO - [2025-04-21T11:49:31.180+0000] {dagbag.py:588} INFO - Filling up the DagBag from /home/airflow/.local/lib/python3.12/site-packages/airflow/example_dags/example_sensor_decorator.py
[2025-04-21T11:49:31.197+0000] {processor.py:925} INFO - DAG(s) 'example_sensor_decorator' retrieved from /home/airflow/.local/lib/python3.12/site-packages/airflow/example_dags/example_sensor_decorator.py
[2025-04-21T11:49:31.239+0000] {logging_mixin.py:190} INFO - [2025-04-21T11:49:31.238+0000] {dag.py:3239} INFO - Sync 1 DAGs
[2025-04-21T11:49:31.268+0000] {logging_mixin.py:190} INFO - [2025-04-21T11:49:31.268+0000] {dag.py:4180} INFO - Setting next_dagrun for example_sensor_decorator to None, run_after=None
[2025-04-21T11:49:31.304+0000] {processor.py:208} INFO - Processing /home/airflow/.local/lib/python3.12/site-packages/airflow/example_dags/example_sensor_decorator.py took 0.142 seconds
[2025-04-21T11:50:02.444+0000] {processor.py:186} INFO - Started process (PID=7164) to work on /home/airflow/.local/lib/python3.12/site-packages/airflow/example_dags/example_sensor_decorator.py
[2025-04-21T11:50:02.445+0000] {processor.py:914} INFO - Processing file /home/airflow/.local/lib/python3.12/site-packages/airflow/example_dags/example_sensor_decorator.py for tasks to queue
[2025-04-21T11:50:02.449+0000] {logging_mixin.py:190} INFO - [2025-04-21T11:50:02.448+0000] {dagbag.py:588} INFO - Filling up the DagBag from /home/airflow/.local/lib/python3.12/site-packages/airflow/example_dags/example_sensor_decorator.py
[2025-04-21T11:50:02.462+0000] {processor.py:925} INFO - DAG(s) 'example_sensor_decorator' retrieved from /home/airflow/.local/lib/python3.12/site-packages/airflow/example_dags/example_sensor_decorator.py
[2025-04-21T11:50:02.493+0000] {logging_mixin.py:190} INFO - [2025-04-21T11:50:02.493+0000] {dag.py:3239} INFO - Sync 1 DAGs
[2025-04-21T11:50:02.514+0000] {logging_mixin.py:190} INFO - [2025-04-21T11:50:02.513+0000] {dag.py:4180} INFO - Setting next_dagrun for example_sensor_decorator to None, run_after=None
[2025-04-21T11:50:02.545+0000] {processor.py:208} INFO - Processing /home/airflow/.local/lib/python3.12/site-packages/airflow/example_dags/example_sensor_decorator.py took 0.109 seconds
[2025-04-21T11:50:33.779+0000] {processor.py:186} INFO - Started process (PID=7228) to work on /home/airflow/.local/lib/python3.12/site-packages/airflow/example_dags/example_sensor_decorator.py
[2025-04-21T11:50:33.781+0000] {processor.py:914} INFO - Processing file /home/airflow/.local/lib/python3.12/site-packages/airflow/example_dags/example_sensor_decorator.py for tasks to queue
[2025-04-21T11:50:33.785+0000] {logging_mixin.py:190} INFO - [2025-04-21T11:50:33.784+0000] {dagbag.py:588} INFO - Filling up the DagBag from /home/airflow/.local/lib/python3.12/site-packages/airflow/example_dags/example_sensor_decorator.py
[2025-04-21T11:50:33.797+0000] {processor.py:925} INFO - DAG(s) 'example_sensor_decorator' retrieved from /home/airflow/.local/lib/python3.12/site-packages/airflow/example_dags/example_sensor_decorator.py
[2025-04-21T11:50:33.822+0000] {logging_mixin.py:190} INFO - [2025-04-21T11:50:33.822+0000] {dag.py:3239} INFO - Sync 1 DAGs
[2025-04-21T11:50:33.844+0000] {logging_mixin.py:190} INFO - [2025-04-21T11:50:33.843+0000] {dag.py:4180} INFO - Setting next_dagrun for example_sensor_decorator to None, run_after=None
[2025-04-21T11:50:33.872+0000] {processor.py:208} INFO - Processing /home/airflow/.local/lib/python3.12/site-packages/airflow/example_dags/example_sensor_decorator.py took 0.101 seconds
[2025-04-21T11:51:05.006+0000] {processor.py:186} INFO - Started process (PID=7292) to work on /home/airflow/.local/lib/python3.12/site-packages/airflow/example_dags/example_sensor_decorator.py
[2025-04-21T11:51:05.008+0000] {processor.py:914} INFO - Processing file /home/airflow/.local/lib/python3.12/site-packages/airflow/example_dags/example_sensor_decorator.py for tasks to queue
[2025-04-21T11:51:05.011+0000] {logging_mixin.py:190} INFO - [2025-04-21T11:51:05.011+0000] {dagbag.py:588} INFO - Filling up the DagBag from /home/airflow/.local/lib/python3.12/site-packages/airflow/example_dags/example_sensor_decorator.py
[2025-04-21T11:51:05.024+0000] {processor.py:925} INFO - DAG(s) 'example_sensor_decorator' retrieved from /home/airflow/.local/lib/python3.12/site-packages/airflow/example_dags/example_sensor_decorator.py
[2025-04-21T11:51:05.052+0000] {logging_mixin.py:190} INFO - [2025-04-21T11:51:05.052+0000] {dag.py:3239} INFO - Sync 1 DAGs
[2025-04-21T11:51:05.075+0000] {logging_mixin.py:190} INFO - [2025-04-21T11:51:05.075+0000] {dag.py:4180} INFO - Setting next_dagrun for example_sensor_decorator to None, run_after=None
[2025-04-21T11:51:05.112+0000] {processor.py:208} INFO - Processing /home/airflow/.local/lib/python3.12/site-packages/airflow/example_dags/example_sensor_decorator.py took 0.114 seconds
[2025-04-21T11:51:35.860+0000] {processor.py:186} INFO - Started process (PID=7354) to work on /home/airflow/.local/lib/python3.12/site-packages/airflow/example_dags/example_sensor_decorator.py
[2025-04-21T11:51:35.862+0000] {processor.py:914} INFO - Processing file /home/airflow/.local/lib/python3.12/site-packages/airflow/example_dags/example_sensor_decorator.py for tasks to queue
[2025-04-21T11:51:35.868+0000] {logging_mixin.py:190} INFO - [2025-04-21T11:51:35.867+0000] {dagbag.py:588} INFO - Filling up the DagBag from /home/airflow/.local/lib/python3.12/site-packages/airflow/example_dags/example_sensor_decorator.py
[2025-04-21T11:51:35.888+0000] {processor.py:925} INFO - DAG(s) 'example_sensor_decorator' retrieved from /home/airflow/.local/lib/python3.12/site-packages/airflow/example_dags/example_sensor_decorator.py
[2025-04-21T11:51:35.930+0000] {logging_mixin.py:190} INFO - [2025-04-21T11:51:35.930+0000] {dag.py:3239} INFO - Sync 1 DAGs
[2025-04-21T11:51:35.956+0000] {logging_mixin.py:190} INFO - [2025-04-21T11:51:35.956+0000] {dag.py:4180} INFO - Setting next_dagrun for example_sensor_decorator to None, run_after=None
[2025-04-21T11:51:36.001+0000] {processor.py:208} INFO - Processing /home/airflow/.local/lib/python3.12/site-packages/airflow/example_dags/example_sensor_decorator.py took 0.153 seconds
[2025-04-21T11:52:06.303+0000] {processor.py:186} INFO - Started process (PID=7418) to work on /home/airflow/.local/lib/python3.12/site-packages/airflow/example_dags/example_sensor_decorator.py
[2025-04-21T11:52:06.305+0000] {processor.py:914} INFO - Processing file /home/airflow/.local/lib/python3.12/site-packages/airflow/example_dags/example_sensor_decorator.py for tasks to queue
[2025-04-21T11:52:06.310+0000] {logging_mixin.py:190} INFO - [2025-04-21T11:52:06.309+0000] {dagbag.py:588} INFO - Filling up the DagBag from /home/airflow/.local/lib/python3.12/site-packages/airflow/example_dags/example_sensor_decorator.py
[2025-04-21T11:52:06.329+0000] {processor.py:925} INFO - DAG(s) 'example_sensor_decorator' retrieved from /home/airflow/.local/lib/python3.12/site-packages/airflow/example_dags/example_sensor_decorator.py
[2025-04-21T11:52:06.371+0000] {logging_mixin.py:190} INFO - [2025-04-21T11:52:06.370+0000] {dag.py:3239} INFO - Sync 1 DAGs
[2025-04-21T11:52:06.402+0000] {logging_mixin.py:190} INFO - [2025-04-21T11:52:06.402+0000] {dag.py:4180} INFO - Setting next_dagrun for example_sensor_decorator to None, run_after=None
[2025-04-21T11:52:06.441+0000] {processor.py:208} INFO - Processing /home/airflow/.local/lib/python3.12/site-packages/airflow/example_dags/example_sensor_decorator.py took 0.147 seconds
[2025-04-21T11:52:37.383+0000] {processor.py:186} INFO - Started process (PID=7482) to work on /home/airflow/.local/lib/python3.12/site-packages/airflow/example_dags/example_sensor_decorator.py
[2025-04-21T11:52:37.384+0000] {processor.py:914} INFO - Processing file /home/airflow/.local/lib/python3.12/site-packages/airflow/example_dags/example_sensor_decorator.py for tasks to queue
[2025-04-21T11:52:37.390+0000] {logging_mixin.py:190} INFO - [2025-04-21T11:52:37.389+0000] {dagbag.py:588} INFO - Filling up the DagBag from /home/airflow/.local/lib/python3.12/site-packages/airflow/example_dags/example_sensor_decorator.py
[2025-04-21T11:52:37.405+0000] {processor.py:925} INFO - DAG(s) 'example_sensor_decorator' retrieved from /home/airflow/.local/lib/python3.12/site-packages/airflow/example_dags/example_sensor_decorator.py
[2025-04-21T11:52:37.447+0000] {logging_mixin.py:190} INFO - [2025-04-21T11:52:37.446+0000] {dag.py:3239} INFO - Sync 1 DAGs
[2025-04-21T11:52:37.475+0000] {logging_mixin.py:190} INFO - [2025-04-21T11:52:37.475+0000] {dag.py:4180} INFO - Setting next_dagrun for example_sensor_decorator to None, run_after=None
[2025-04-21T11:52:37.517+0000] {processor.py:208} INFO - Processing /home/airflow/.local/lib/python3.12/site-packages/airflow/example_dags/example_sensor_decorator.py took 0.148 seconds
[2025-04-21T11:53:08.230+0000] {processor.py:186} INFO - Started process (PID=7546) to work on /home/airflow/.local/lib/python3.12/site-packages/airflow/example_dags/example_sensor_decorator.py
[2025-04-21T11:53:08.232+0000] {processor.py:914} INFO - Processing file /home/airflow/.local/lib/python3.12/site-packages/airflow/example_dags/example_sensor_decorator.py for tasks to queue
[2025-04-21T11:53:08.237+0000] {logging_mixin.py:190} INFO - [2025-04-21T11:53:08.236+0000] {dagbag.py:588} INFO - Filling up the DagBag from /home/airflow/.local/lib/python3.12/site-packages/airflow/example_dags/example_sensor_decorator.py
[2025-04-21T11:53:08.253+0000] {processor.py:925} INFO - DAG(s) 'example_sensor_decorator' retrieved from /home/airflow/.local/lib/python3.12/site-packages/airflow/example_dags/example_sensor_decorator.py
[2025-04-21T11:53:08.298+0000] {logging_mixin.py:190} INFO - [2025-04-21T11:53:08.297+0000] {dag.py:3239} INFO - Sync 1 DAGs
[2025-04-21T11:53:08.328+0000] {logging_mixin.py:190} INFO - [2025-04-21T11:53:08.327+0000] {dag.py:4180} INFO - Setting next_dagrun for example_sensor_decorator to None, run_after=None
[2025-04-21T11:53:08.365+0000] {processor.py:208} INFO - Processing /home/airflow/.local/lib/python3.12/site-packages/airflow/example_dags/example_sensor_decorator.py took 0.144 seconds
[2025-04-21T11:53:38.461+0000] {processor.py:186} INFO - Started process (PID=7609) to work on /home/airflow/.local/lib/python3.12/site-packages/airflow/example_dags/example_sensor_decorator.py
[2025-04-21T11:53:38.463+0000] {processor.py:914} INFO - Processing file /home/airflow/.local/lib/python3.12/site-packages/airflow/example_dags/example_sensor_decorator.py for tasks to queue
[2025-04-21T11:53:38.466+0000] {logging_mixin.py:190} INFO - [2025-04-21T11:53:38.466+0000] {dagbag.py:588} INFO - Filling up the DagBag from /home/airflow/.local/lib/python3.12/site-packages/airflow/example_dags/example_sensor_decorator.py
[2025-04-21T11:53:38.477+0000] {processor.py:925} INFO - DAG(s) 'example_sensor_decorator' retrieved from /home/airflow/.local/lib/python3.12/site-packages/airflow/example_dags/example_sensor_decorator.py
[2025-04-21T11:53:38.502+0000] {logging_mixin.py:190} INFO - [2025-04-21T11:53:38.502+0000] {dag.py:3239} INFO - Sync 1 DAGs
[2025-04-21T11:53:38.520+0000] {logging_mixin.py:190} INFO - [2025-04-21T11:53:38.520+0000] {dag.py:4180} INFO - Setting next_dagrun for example_sensor_decorator to None, run_after=None
[2025-04-21T11:53:38.547+0000] {processor.py:208} INFO - Processing /home/airflow/.local/lib/python3.12/site-packages/airflow/example_dags/example_sensor_decorator.py took 0.092 seconds
[2025-04-21T11:54:09.362+0000] {processor.py:186} INFO - Started process (PID=7673) to work on /home/airflow/.local/lib/python3.12/site-packages/airflow/example_dags/example_sensor_decorator.py
[2025-04-21T11:54:09.364+0000] {processor.py:914} INFO - Processing file /home/airflow/.local/lib/python3.12/site-packages/airflow/example_dags/example_sensor_decorator.py for tasks to queue
[2025-04-21T11:54:09.370+0000] {logging_mixin.py:190} INFO - [2025-04-21T11:54:09.369+0000] {dagbag.py:588} INFO - Filling up the DagBag from /home/airflow/.local/lib/python3.12/site-packages/airflow/example_dags/example_sensor_decorator.py
[2025-04-21T11:54:09.387+0000] {processor.py:925} INFO - DAG(s) 'example_sensor_decorator' retrieved from /home/airflow/.local/lib/python3.12/site-packages/airflow/example_dags/example_sensor_decorator.py
[2025-04-21T11:54:09.420+0000] {logging_mixin.py:190} INFO - [2025-04-21T11:54:09.420+0000] {dag.py:3239} INFO - Sync 1 DAGs
[2025-04-21T11:54:09.441+0000] {logging_mixin.py:190} INFO - [2025-04-21T11:54:09.441+0000] {dag.py:4180} INFO - Setting next_dagrun for example_sensor_decorator to None, run_after=None
[2025-04-21T11:54:09.468+0000] {processor.py:208} INFO - Processing /home/airflow/.local/lib/python3.12/site-packages/airflow/example_dags/example_sensor_decorator.py took 0.117 seconds
[2025-04-21T11:54:39.924+0000] {processor.py:186} INFO - Started process (PID=7736) to work on /home/airflow/.local/lib/python3.12/site-packages/airflow/example_dags/example_sensor_decorator.py
[2025-04-21T11:54:39.926+0000] {processor.py:914} INFO - Processing file /home/airflow/.local/lib/python3.12/site-packages/airflow/example_dags/example_sensor_decorator.py for tasks to queue
[2025-04-21T11:54:39.932+0000] {logging_mixin.py:190} INFO - [2025-04-21T11:54:39.931+0000] {dagbag.py:588} INFO - Filling up the DagBag from /home/airflow/.local/lib/python3.12/site-packages/airflow/example_dags/example_sensor_decorator.py
[2025-04-21T11:54:39.950+0000] {processor.py:925} INFO - DAG(s) 'example_sensor_decorator' retrieved from /home/airflow/.local/lib/python3.12/site-packages/airflow/example_dags/example_sensor_decorator.py
[2025-04-21T11:54:39.988+0000] {logging_mixin.py:190} INFO - [2025-04-21T11:54:39.987+0000] {dag.py:3239} INFO - Sync 1 DAGs
[2025-04-21T11:54:40.021+0000] {logging_mixin.py:190} INFO - [2025-04-21T11:54:40.020+0000] {dag.py:4180} INFO - Setting next_dagrun for example_sensor_decorator to None, run_after=None
[2025-04-21T11:54:40.055+0000] {processor.py:208} INFO - Processing /home/airflow/.local/lib/python3.12/site-packages/airflow/example_dags/example_sensor_decorator.py took 0.144 seconds
[2025-04-21T11:55:10.237+0000] {processor.py:186} INFO - Started process (PID=7806) to work on /home/airflow/.local/lib/python3.12/site-packages/airflow/example_dags/example_sensor_decorator.py
[2025-04-21T11:55:10.239+0000] {processor.py:914} INFO - Processing file /home/airflow/.local/lib/python3.12/site-packages/airflow/example_dags/example_sensor_decorator.py for tasks to queue
[2025-04-21T11:55:10.243+0000] {logging_mixin.py:190} INFO - [2025-04-21T11:55:10.243+0000] {dagbag.py:588} INFO - Filling up the DagBag from /home/airflow/.local/lib/python3.12/site-packages/airflow/example_dags/example_sensor_decorator.py
[2025-04-21T11:55:10.256+0000] {processor.py:925} INFO - DAG(s) 'example_sensor_decorator' retrieved from /home/airflow/.local/lib/python3.12/site-packages/airflow/example_dags/example_sensor_decorator.py
[2025-04-21T11:55:10.296+0000] {logging_mixin.py:190} INFO - [2025-04-21T11:55:10.296+0000] {dag.py:3239} INFO - Sync 1 DAGs
[2025-04-21T11:55:10.327+0000] {logging_mixin.py:190} INFO - [2025-04-21T11:55:10.326+0000] {dag.py:4180} INFO - Setting next_dagrun for example_sensor_decorator to None, run_after=None
[2025-04-21T11:55:10.363+0000] {processor.py:208} INFO - Processing /home/airflow/.local/lib/python3.12/site-packages/airflow/example_dags/example_sensor_decorator.py took 0.138 seconds
[2025-04-21T11:55:40.546+0000] {processor.py:186} INFO - Started process (PID=7869) to work on /home/airflow/.local/lib/python3.12/site-packages/airflow/example_dags/example_sensor_decorator.py
[2025-04-21T11:55:40.548+0000] {processor.py:914} INFO - Processing file /home/airflow/.local/lib/python3.12/site-packages/airflow/example_dags/example_sensor_decorator.py for tasks to queue
[2025-04-21T11:55:40.554+0000] {logging_mixin.py:190} INFO - [2025-04-21T11:55:40.554+0000] {dagbag.py:588} INFO - Filling up the DagBag from /home/airflow/.local/lib/python3.12/site-packages/airflow/example_dags/example_sensor_decorator.py
[2025-04-21T11:55:40.572+0000] {processor.py:925} INFO - DAG(s) 'example_sensor_decorator' retrieved from /home/airflow/.local/lib/python3.12/site-packages/airflow/example_dags/example_sensor_decorator.py
[2025-04-21T11:55:40.612+0000] {logging_mixin.py:190} INFO - [2025-04-21T11:55:40.612+0000] {dag.py:3239} INFO - Sync 1 DAGs
[2025-04-21T11:55:40.642+0000] {logging_mixin.py:190} INFO - [2025-04-21T11:55:40.642+0000] {dag.py:4180} INFO - Setting next_dagrun for example_sensor_decorator to None, run_after=None
[2025-04-21T11:55:40.681+0000] {processor.py:208} INFO - Processing /home/airflow/.local/lib/python3.12/site-packages/airflow/example_dags/example_sensor_decorator.py took 0.147 seconds
[2025-04-21T11:56:11.310+0000] {processor.py:186} INFO - Started process (PID=7933) to work on /home/airflow/.local/lib/python3.12/site-packages/airflow/example_dags/example_sensor_decorator.py
[2025-04-21T11:56:11.312+0000] {processor.py:914} INFO - Processing file /home/airflow/.local/lib/python3.12/site-packages/airflow/example_dags/example_sensor_decorator.py for tasks to queue
[2025-04-21T11:56:11.317+0000] {logging_mixin.py:190} INFO - [2025-04-21T11:56:11.317+0000] {dagbag.py:588} INFO - Filling up the DagBag from /home/airflow/.local/lib/python3.12/site-packages/airflow/example_dags/example_sensor_decorator.py
[2025-04-21T11:56:11.334+0000] {processor.py:925} INFO - DAG(s) 'example_sensor_decorator' retrieved from /home/airflow/.local/lib/python3.12/site-packages/airflow/example_dags/example_sensor_decorator.py
[2025-04-21T11:56:11.369+0000] {logging_mixin.py:190} INFO - [2025-04-21T11:56:11.368+0000] {dag.py:3239} INFO - Sync 1 DAGs
[2025-04-21T11:56:11.400+0000] {logging_mixin.py:190} INFO - [2025-04-21T11:56:11.400+0000] {dag.py:4180} INFO - Setting next_dagrun for example_sensor_decorator to None, run_after=None
[2025-04-21T11:56:11.440+0000] {processor.py:208} INFO - Processing /home/airflow/.local/lib/python3.12/site-packages/airflow/example_dags/example_sensor_decorator.py took 0.143 seconds
[2025-04-21T11:56:41.735+0000] {processor.py:186} INFO - Started process (PID=7997) to work on /home/airflow/.local/lib/python3.12/site-packages/airflow/example_dags/example_sensor_decorator.py
[2025-04-21T11:56:41.737+0000] {processor.py:914} INFO - Processing file /home/airflow/.local/lib/python3.12/site-packages/airflow/example_dags/example_sensor_decorator.py for tasks to queue
[2025-04-21T11:56:41.742+0000] {logging_mixin.py:190} INFO - [2025-04-21T11:56:41.742+0000] {dagbag.py:588} INFO - Filling up the DagBag from /home/airflow/.local/lib/python3.12/site-packages/airflow/example_dags/example_sensor_decorator.py
[2025-04-21T11:56:41.761+0000] {processor.py:925} INFO - DAG(s) 'example_sensor_decorator' retrieved from /home/airflow/.local/lib/python3.12/site-packages/airflow/example_dags/example_sensor_decorator.py
[2025-04-21T11:56:41.803+0000] {logging_mixin.py:190} INFO - [2025-04-21T11:56:41.802+0000] {dag.py:3239} INFO - Sync 1 DAGs
[2025-04-21T11:56:41.836+0000] {logging_mixin.py:190} INFO - [2025-04-21T11:56:41.835+0000] {dag.py:4180} INFO - Setting next_dagrun for example_sensor_decorator to None, run_after=None
[2025-04-21T11:56:41.872+0000] {processor.py:208} INFO - Processing /home/airflow/.local/lib/python3.12/site-packages/airflow/example_dags/example_sensor_decorator.py took 0.145 seconds
[2025-04-21T11:57:12.403+0000] {processor.py:186} INFO - Started process (PID=8061) to work on /home/airflow/.local/lib/python3.12/site-packages/airflow/example_dags/example_sensor_decorator.py
[2025-04-21T11:57:12.406+0000] {processor.py:914} INFO - Processing file /home/airflow/.local/lib/python3.12/site-packages/airflow/example_dags/example_sensor_decorator.py for tasks to queue
[2025-04-21T11:57:12.411+0000] {logging_mixin.py:190} INFO - [2025-04-21T11:57:12.410+0000] {dagbag.py:588} INFO - Filling up the DagBag from /home/airflow/.local/lib/python3.12/site-packages/airflow/example_dags/example_sensor_decorator.py
[2025-04-21T11:57:12.430+0000] {processor.py:925} INFO - DAG(s) 'example_sensor_decorator' retrieved from /home/airflow/.local/lib/python3.12/site-packages/airflow/example_dags/example_sensor_decorator.py
[2025-04-21T11:57:12.472+0000] {logging_mixin.py:190} INFO - [2025-04-21T11:57:12.471+0000] {dag.py:3239} INFO - Sync 1 DAGs
[2025-04-21T11:57:12.503+0000] {logging_mixin.py:190} INFO - [2025-04-21T11:57:12.502+0000] {dag.py:4180} INFO - Setting next_dagrun for example_sensor_decorator to None, run_after=None
[2025-04-21T11:57:12.546+0000] {processor.py:208} INFO - Processing /home/airflow/.local/lib/python3.12/site-packages/airflow/example_dags/example_sensor_decorator.py took 0.155 seconds
[2025-04-21T11:57:42.684+0000] {processor.py:186} INFO - Started process (PID=8125) to work on /home/airflow/.local/lib/python3.12/site-packages/airflow/example_dags/example_sensor_decorator.py
[2025-04-21T11:57:42.686+0000] {processor.py:914} INFO - Processing file /home/airflow/.local/lib/python3.12/site-packages/airflow/example_dags/example_sensor_decorator.py for tasks to queue
[2025-04-21T11:57:42.690+0000] {logging_mixin.py:190} INFO - [2025-04-21T11:57:42.689+0000] {dagbag.py:588} INFO - Filling up the DagBag from /home/airflow/.local/lib/python3.12/site-packages/airflow/example_dags/example_sensor_decorator.py
[2025-04-21T11:57:42.704+0000] {processor.py:925} INFO - DAG(s) 'example_sensor_decorator' retrieved from /home/airflow/.local/lib/python3.12/site-packages/airflow/example_dags/example_sensor_decorator.py
[2025-04-21T11:57:42.734+0000] {logging_mixin.py:190} INFO - [2025-04-21T11:57:42.734+0000] {dag.py:3239} INFO - Sync 1 DAGs
[2025-04-21T11:57:42.756+0000] {logging_mixin.py:190} INFO - [2025-04-21T11:57:42.756+0000] {dag.py:4180} INFO - Setting next_dagrun for example_sensor_decorator to None, run_after=None
[2025-04-21T11:57:42.793+0000] {processor.py:208} INFO - Processing /home/airflow/.local/lib/python3.12/site-packages/airflow/example_dags/example_sensor_decorator.py took 0.122 seconds
[2025-04-21T11:58:12.925+0000] {processor.py:186} INFO - Started process (PID=8189) to work on /home/airflow/.local/lib/python3.12/site-packages/airflow/example_dags/example_sensor_decorator.py
[2025-04-21T11:58:12.927+0000] {processor.py:914} INFO - Processing file /home/airflow/.local/lib/python3.12/site-packages/airflow/example_dags/example_sensor_decorator.py for tasks to queue
[2025-04-21T11:58:12.932+0000] {logging_mixin.py:190} INFO - [2025-04-21T11:58:12.931+0000] {dagbag.py:588} INFO - Filling up the DagBag from /home/airflow/.local/lib/python3.12/site-packages/airflow/example_dags/example_sensor_decorator.py
[2025-04-21T11:58:12.949+0000] {processor.py:925} INFO - DAG(s) 'example_sensor_decorator' retrieved from /home/airflow/.local/lib/python3.12/site-packages/airflow/example_dags/example_sensor_decorator.py
[2025-04-21T11:58:12.989+0000] {logging_mixin.py:190} INFO - [2025-04-21T11:58:12.988+0000] {dag.py:3239} INFO - Sync 1 DAGs
[2025-04-21T11:58:13.017+0000] {logging_mixin.py:190} INFO - [2025-04-21T11:58:13.017+0000] {dag.py:4180} INFO - Setting next_dagrun for example_sensor_decorator to None, run_after=None
[2025-04-21T11:58:13.050+0000] {processor.py:208} INFO - Processing /home/airflow/.local/lib/python3.12/site-packages/airflow/example_dags/example_sensor_decorator.py took 0.136 seconds
[2025-04-21T11:58:43.253+0000] {processor.py:186} INFO - Started process (PID=8253) to work on /home/airflow/.local/lib/python3.12/site-packages/airflow/example_dags/example_sensor_decorator.py
[2025-04-21T11:58:43.255+0000] {processor.py:914} INFO - Processing file /home/airflow/.local/lib/python3.12/site-packages/airflow/example_dags/example_sensor_decorator.py for tasks to queue
[2025-04-21T11:58:43.261+0000] {logging_mixin.py:190} INFO - [2025-04-21T11:58:43.260+0000] {dagbag.py:588} INFO - Filling up the DagBag from /home/airflow/.local/lib/python3.12/site-packages/airflow/example_dags/example_sensor_decorator.py
[2025-04-21T11:58:43.279+0000] {processor.py:925} INFO - DAG(s) 'example_sensor_decorator' retrieved from /home/airflow/.local/lib/python3.12/site-packages/airflow/example_dags/example_sensor_decorator.py
[2025-04-21T11:58:43.323+0000] {logging_mixin.py:190} INFO - [2025-04-21T11:58:43.322+0000] {dag.py:3239} INFO - Sync 1 DAGs
[2025-04-21T11:58:43.354+0000] {logging_mixin.py:190} INFO - [2025-04-21T11:58:43.353+0000] {dag.py:4180} INFO - Setting next_dagrun for example_sensor_decorator to None, run_after=None
[2025-04-21T11:58:43.394+0000] {processor.py:208} INFO - Processing /home/airflow/.local/lib/python3.12/site-packages/airflow/example_dags/example_sensor_decorator.py took 0.154 seconds
[2025-04-21T11:59:13.501+0000] {processor.py:186} INFO - Started process (PID=8317) to work on /home/airflow/.local/lib/python3.12/site-packages/airflow/example_dags/example_sensor_decorator.py
[2025-04-21T11:59:13.504+0000] {processor.py:914} INFO - Processing file /home/airflow/.local/lib/python3.12/site-packages/airflow/example_dags/example_sensor_decorator.py for tasks to queue
[2025-04-21T11:59:13.509+0000] {logging_mixin.py:190} INFO - [2025-04-21T11:59:13.508+0000] {dagbag.py:588} INFO - Filling up the DagBag from /home/airflow/.local/lib/python3.12/site-packages/airflow/example_dags/example_sensor_decorator.py
[2025-04-21T11:59:13.528+0000] {processor.py:925} INFO - DAG(s) 'example_sensor_decorator' retrieved from /home/airflow/.local/lib/python3.12/site-packages/airflow/example_dags/example_sensor_decorator.py
[2025-04-21T11:59:13.574+0000] {logging_mixin.py:190} INFO - [2025-04-21T11:59:13.573+0000] {dag.py:3239} INFO - Sync 1 DAGs
[2025-04-21T11:59:13.606+0000] {logging_mixin.py:190} INFO - [2025-04-21T11:59:13.606+0000] {dag.py:4180} INFO - Setting next_dagrun for example_sensor_decorator to None, run_after=None
[2025-04-21T11:59:13.647+0000] {processor.py:208} INFO - Processing /home/airflow/.local/lib/python3.12/site-packages/airflow/example_dags/example_sensor_decorator.py took 0.159 seconds
[2025-04-21T11:59:44.008+0000] {processor.py:186} INFO - Started process (PID=8381) to work on /home/airflow/.local/lib/python3.12/site-packages/airflow/example_dags/example_sensor_decorator.py
[2025-04-21T11:59:44.010+0000] {processor.py:914} INFO - Processing file /home/airflow/.local/lib/python3.12/site-packages/airflow/example_dags/example_sensor_decorator.py for tasks to queue
[2025-04-21T11:59:44.016+0000] {logging_mixin.py:190} INFO - [2025-04-21T11:59:44.015+0000] {dagbag.py:588} INFO - Filling up the DagBag from /home/airflow/.local/lib/python3.12/site-packages/airflow/example_dags/example_sensor_decorator.py
[2025-04-21T11:59:44.035+0000] {processor.py:925} INFO - DAG(s) 'example_sensor_decorator' retrieved from /home/airflow/.local/lib/python3.12/site-packages/airflow/example_dags/example_sensor_decorator.py
[2025-04-21T11:59:44.080+0000] {logging_mixin.py:190} INFO - [2025-04-21T11:59:44.079+0000] {dag.py:3239} INFO - Sync 1 DAGs
[2025-04-21T11:59:44.111+0000] {logging_mixin.py:190} INFO - [2025-04-21T11:59:44.111+0000] {dag.py:4180} INFO - Setting next_dagrun for example_sensor_decorator to None, run_after=None
[2025-04-21T11:59:44.152+0000] {processor.py:208} INFO - Processing /home/airflow/.local/lib/python3.12/site-packages/airflow/example_dags/example_sensor_decorator.py took 0.157 seconds
[2025-04-21T12:00:14.779+0000] {processor.py:186} INFO - Started process (PID=8445) to work on /home/airflow/.local/lib/python3.12/site-packages/airflow/example_dags/example_sensor_decorator.py
[2025-04-21T12:00:14.781+0000] {processor.py:914} INFO - Processing file /home/airflow/.local/lib/python3.12/site-packages/airflow/example_dags/example_sensor_decorator.py for tasks to queue
[2025-04-21T12:00:14.787+0000] {logging_mixin.py:190} INFO - [2025-04-21T12:00:14.786+0000] {dagbag.py:588} INFO - Filling up the DagBag from /home/airflow/.local/lib/python3.12/site-packages/airflow/example_dags/example_sensor_decorator.py
[2025-04-21T12:00:14.805+0000] {processor.py:925} INFO - DAG(s) 'example_sensor_decorator' retrieved from /home/airflow/.local/lib/python3.12/site-packages/airflow/example_dags/example_sensor_decorator.py
[2025-04-21T12:00:14.850+0000] {logging_mixin.py:190} INFO - [2025-04-21T12:00:14.850+0000] {dag.py:3239} INFO - Sync 1 DAGs
[2025-04-21T12:00:14.882+0000] {logging_mixin.py:190} INFO - [2025-04-21T12:00:14.882+0000] {dag.py:4180} INFO - Setting next_dagrun for example_sensor_decorator to None, run_after=None
[2025-04-21T12:00:14.921+0000] {processor.py:208} INFO - Processing /home/airflow/.local/lib/python3.12/site-packages/airflow/example_dags/example_sensor_decorator.py took 0.155 seconds
[2025-04-21T12:00:45.060+0000] {processor.py:186} INFO - Started process (PID=8509) to work on /home/airflow/.local/lib/python3.12/site-packages/airflow/example_dags/example_sensor_decorator.py
[2025-04-21T12:00:45.062+0000] {processor.py:914} INFO - Processing file /home/airflow/.local/lib/python3.12/site-packages/airflow/example_dags/example_sensor_decorator.py for tasks to queue
[2025-04-21T12:00:45.068+0000] {logging_mixin.py:190} INFO - [2025-04-21T12:00:45.067+0000] {dagbag.py:588} INFO - Filling up the DagBag from /home/airflow/.local/lib/python3.12/site-packages/airflow/example_dags/example_sensor_decorator.py
[2025-04-21T12:00:45.087+0000] {processor.py:925} INFO - DAG(s) 'example_sensor_decorator' retrieved from /home/airflow/.local/lib/python3.12/site-packages/airflow/example_dags/example_sensor_decorator.py
[2025-04-21T12:00:45.130+0000] {logging_mixin.py:190} INFO - [2025-04-21T12:00:45.130+0000] {dag.py:3239} INFO - Sync 1 DAGs
[2025-04-21T12:00:45.161+0000] {logging_mixin.py:190} INFO - [2025-04-21T12:00:45.161+0000] {dag.py:4180} INFO - Setting next_dagrun for example_sensor_decorator to None, run_after=None
[2025-04-21T12:00:45.202+0000] {processor.py:208} INFO - Processing /home/airflow/.local/lib/python3.12/site-packages/airflow/example_dags/example_sensor_decorator.py took 0.154 seconds
[2025-04-21T12:01:15.748+0000] {processor.py:186} INFO - Started process (PID=8573) to work on /home/airflow/.local/lib/python3.12/site-packages/airflow/example_dags/example_sensor_decorator.py
[2025-04-21T12:01:15.750+0000] {processor.py:914} INFO - Processing file /home/airflow/.local/lib/python3.12/site-packages/airflow/example_dags/example_sensor_decorator.py for tasks to queue
[2025-04-21T12:01:15.754+0000] {logging_mixin.py:190} INFO - [2025-04-21T12:01:15.753+0000] {dagbag.py:588} INFO - Filling up the DagBag from /home/airflow/.local/lib/python3.12/site-packages/airflow/example_dags/example_sensor_decorator.py
[2025-04-21T12:01:15.766+0000] {processor.py:925} INFO - DAG(s) 'example_sensor_decorator' retrieved from /home/airflow/.local/lib/python3.12/site-packages/airflow/example_dags/example_sensor_decorator.py
[2025-04-21T12:01:15.801+0000] {logging_mixin.py:190} INFO - [2025-04-21T12:01:15.801+0000] {dag.py:3239} INFO - Sync 1 DAGs
[2025-04-21T12:01:15.823+0000] {logging_mixin.py:190} INFO - [2025-04-21T12:01:15.823+0000] {dag.py:4180} INFO - Setting next_dagrun for example_sensor_decorator to None, run_after=None
[2025-04-21T12:01:15.847+0000] {processor.py:208} INFO - Processing /home/airflow/.local/lib/python3.12/site-packages/airflow/example_dags/example_sensor_decorator.py took 0.107 seconds
[2025-04-21T12:01:46.107+0000] {processor.py:186} INFO - Started process (PID=8637) to work on /home/airflow/.local/lib/python3.12/site-packages/airflow/example_dags/example_sensor_decorator.py
[2025-04-21T12:01:46.109+0000] {processor.py:914} INFO - Processing file /home/airflow/.local/lib/python3.12/site-packages/airflow/example_dags/example_sensor_decorator.py for tasks to queue
[2025-04-21T12:01:46.116+0000] {logging_mixin.py:190} INFO - [2025-04-21T12:01:46.115+0000] {dagbag.py:588} INFO - Filling up the DagBag from /home/airflow/.local/lib/python3.12/site-packages/airflow/example_dags/example_sensor_decorator.py
[2025-04-21T12:01:46.133+0000] {processor.py:925} INFO - DAG(s) 'example_sensor_decorator' retrieved from /home/airflow/.local/lib/python3.12/site-packages/airflow/example_dags/example_sensor_decorator.py
[2025-04-21T12:01:46.172+0000] {logging_mixin.py:190} INFO - [2025-04-21T12:01:46.171+0000] {dag.py:3239} INFO - Sync 1 DAGs
[2025-04-21T12:01:46.199+0000] {logging_mixin.py:190} INFO - [2025-04-21T12:01:46.198+0000] {dag.py:4180} INFO - Setting next_dagrun for example_sensor_decorator to None, run_after=None
[2025-04-21T12:01:46.238+0000] {processor.py:208} INFO - Processing /home/airflow/.local/lib/python3.12/site-packages/airflow/example_dags/example_sensor_decorator.py took 0.142 seconds
[2025-04-21T12:02:16.868+0000] {processor.py:186} INFO - Started process (PID=8701) to work on /home/airflow/.local/lib/python3.12/site-packages/airflow/example_dags/example_sensor_decorator.py
[2025-04-21T12:02:16.870+0000] {processor.py:914} INFO - Processing file /home/airflow/.local/lib/python3.12/site-packages/airflow/example_dags/example_sensor_decorator.py for tasks to queue
[2025-04-21T12:02:16.875+0000] {logging_mixin.py:190} INFO - [2025-04-21T12:02:16.874+0000] {dagbag.py:588} INFO - Filling up the DagBag from /home/airflow/.local/lib/python3.12/site-packages/airflow/example_dags/example_sensor_decorator.py
[2025-04-21T12:02:16.888+0000] {processor.py:925} INFO - DAG(s) 'example_sensor_decorator' retrieved from /home/airflow/.local/lib/python3.12/site-packages/airflow/example_dags/example_sensor_decorator.py
[2025-04-21T12:02:16.926+0000] {logging_mixin.py:190} INFO - [2025-04-21T12:02:16.925+0000] {dag.py:3239} INFO - Sync 1 DAGs
[2025-04-21T12:02:16.956+0000] {logging_mixin.py:190} INFO - [2025-04-21T12:02:16.956+0000] {dag.py:4180} INFO - Setting next_dagrun for example_sensor_decorator to None, run_after=None
[2025-04-21T12:02:16.998+0000] {processor.py:208} INFO - Processing /home/airflow/.local/lib/python3.12/site-packages/airflow/example_dags/example_sensor_decorator.py took 0.143 seconds
[2025-04-21T12:02:47.091+0000] {processor.py:186} INFO - Started process (PID=8765) to work on /home/airflow/.local/lib/python3.12/site-packages/airflow/example_dags/example_sensor_decorator.py
[2025-04-21T12:02:47.093+0000] {processor.py:914} INFO - Processing file /home/airflow/.local/lib/python3.12/site-packages/airflow/example_dags/example_sensor_decorator.py for tasks to queue
[2025-04-21T12:02:47.098+0000] {logging_mixin.py:190} INFO - [2025-04-21T12:02:47.098+0000] {dagbag.py:588} INFO - Filling up the DagBag from /home/airflow/.local/lib/python3.12/site-packages/airflow/example_dags/example_sensor_decorator.py
[2025-04-21T12:02:47.117+0000] {processor.py:925} INFO - DAG(s) 'example_sensor_decorator' retrieved from /home/airflow/.local/lib/python3.12/site-packages/airflow/example_dags/example_sensor_decorator.py
[2025-04-21T12:02:47.154+0000] {logging_mixin.py:190} INFO - [2025-04-21T12:02:47.153+0000] {dag.py:3239} INFO - Sync 1 DAGs
[2025-04-21T12:02:47.186+0000] {logging_mixin.py:190} INFO - [2025-04-21T12:02:47.186+0000] {dag.py:4180} INFO - Setting next_dagrun for example_sensor_decorator to None, run_after=None
[2025-04-21T12:02:47.229+0000] {processor.py:208} INFO - Processing /home/airflow/.local/lib/python3.12/site-packages/airflow/example_dags/example_sensor_decorator.py took 0.150 seconds
[2025-04-21T12:03:17.936+0000] {processor.py:186} INFO - Started process (PID=8828) to work on /home/airflow/.local/lib/python3.12/site-packages/airflow/example_dags/example_sensor_decorator.py
[2025-04-21T12:03:17.937+0000] {processor.py:914} INFO - Processing file /home/airflow/.local/lib/python3.12/site-packages/airflow/example_dags/example_sensor_decorator.py for tasks to queue
[2025-04-21T12:03:17.941+0000] {logging_mixin.py:190} INFO - [2025-04-21T12:03:17.940+0000] {dagbag.py:588} INFO - Filling up the DagBag from /home/airflow/.local/lib/python3.12/site-packages/airflow/example_dags/example_sensor_decorator.py
[2025-04-21T12:03:17.952+0000] {processor.py:925} INFO - DAG(s) 'example_sensor_decorator' retrieved from /home/airflow/.local/lib/python3.12/site-packages/airflow/example_dags/example_sensor_decorator.py
[2025-04-21T12:03:17.985+0000] {logging_mixin.py:190} INFO - [2025-04-21T12:03:17.985+0000] {dag.py:3239} INFO - Sync 1 DAGs
[2025-04-21T12:03:18.006+0000] {logging_mixin.py:190} INFO - [2025-04-21T12:03:18.006+0000] {dag.py:4180} INFO - Setting next_dagrun for example_sensor_decorator to None, run_after=None
[2025-04-21T12:03:18.035+0000] {processor.py:208} INFO - Processing /home/airflow/.local/lib/python3.12/site-packages/airflow/example_dags/example_sensor_decorator.py took 0.111 seconds
