[2025-04-21T10:53:03.743+0000] {processor.py:186} INFO - Started process (PID=104) to work on /home/airflow/.local/lib/python3.12/site-packages/airflow/example_dags/example_dag_decorator.py
[2025-04-21T10:53:03.744+0000] {processor.py:914} INFO - Processing file /home/airflow/.local/lib/python3.12/site-packages/airflow/example_dags/example_dag_decorator.py for tasks to queue
[2025-04-21T10:53:03.746+0000] {logging_mixin.py:190} INFO - [2025-04-21T10:53:03.746+0000] {dagbag.py:588} INFO - Filling up the DagBag from /home/airflow/.local/lib/python3.12/site-packages/airflow/example_dags/example_dag_decorator.py
[2025-04-21T10:53:04.128+0000] {processor.py:925} INFO - DAG(s) 'example_dag_decorator' retrieved from /home/airflow/.local/lib/python3.12/site-packages/airflow/example_dags/example_dag_decorator.py
[2025-04-21T10:53:04.206+0000] {logging_mixin.py:190} INFO - [2025-04-21T10:53:04.205+0000] {override.py:1912} INFO - Created Permission View: can edit on DAG:example_dag_decorator
[2025-04-21T10:53:04.214+0000] {logging_mixin.py:190} INFO - [2025-04-21T10:53:04.214+0000] {override.py:1912} INFO - Created Permission View: can read on DAG:example_dag_decorator
[2025-04-21T10:53:04.221+0000] {logging_mixin.py:190} INFO - [2025-04-21T10:53:04.220+0000] {override.py:1912} INFO - Created Permission View: can delete on DAG:example_dag_decorator
[2025-04-21T10:53:04.230+0000] {logging_mixin.py:190} INFO - [2025-04-21T10:53:04.230+0000] {override.py:1912} INFO - Created Permission View: menu access on DAG Run:example_dag_decorator
[2025-04-21T10:53:04.236+0000] {logging_mixin.py:190} INFO - [2025-04-21T10:53:04.236+0000] {override.py:1912} INFO - Created Permission View: can create on DAG Run:example_dag_decorator
[2025-04-21T10:53:04.242+0000] {logging_mixin.py:190} INFO - [2025-04-21T10:53:04.242+0000] {override.py:1912} INFO - Created Permission View: can read on DAG Run:example_dag_decorator
[2025-04-21T10:53:04.248+0000] {logging_mixin.py:190} INFO - [2025-04-21T10:53:04.248+0000] {override.py:1912} INFO - Created Permission View: can delete on DAG Run:example_dag_decorator
[2025-04-21T10:53:04.249+0000] {logging_mixin.py:190} INFO - [2025-04-21T10:53:04.249+0000] {dag.py:3239} INFO - Sync 1 DAGs
[2025-04-21T10:53:04.259+0000] {logging_mixin.py:190} INFO - [2025-04-21T10:53:04.259+0000] {dag.py:3262} INFO - Creating ORM DAG for example_dag_decorator
[2025-04-21T10:53:04.260+0000] {logging_mixin.py:190} INFO - [2025-04-21T10:53:04.260+0000] {dag.py:4180} INFO - Setting next_dagrun for example_dag_decorator to None, run_after=None
[2025-04-21T10:53:04.274+0000] {processor.py:208} INFO - Processing /home/airflow/.local/lib/python3.12/site-packages/airflow/example_dags/example_dag_decorator.py took 0.535 seconds
[2025-04-21T10:53:34.448+0000] {processor.py:186} INFO - Started process (PID=167) to work on /home/airflow/.local/lib/python3.12/site-packages/airflow/example_dags/example_dag_decorator.py
[2025-04-21T10:53:34.448+0000] {processor.py:914} INFO - Processing file /home/airflow/.local/lib/python3.12/site-packages/airflow/example_dags/example_dag_decorator.py for tasks to queue
[2025-04-21T10:53:34.451+0000] {logging_mixin.py:190} INFO - [2025-04-21T10:53:34.450+0000] {dagbag.py:588} INFO - Filling up the DagBag from /home/airflow/.local/lib/python3.12/site-packages/airflow/example_dags/example_dag_decorator.py
[2025-04-21T10:53:34.544+0000] {processor.py:925} INFO - DAG(s) 'example_dag_decorator' retrieved from /home/airflow/.local/lib/python3.12/site-packages/airflow/example_dags/example_dag_decorator.py
[2025-04-21T10:53:34.566+0000] {logging_mixin.py:190} INFO - [2025-04-21T10:53:34.566+0000] {dag.py:3239} INFO - Sync 1 DAGs
[2025-04-21T10:53:34.581+0000] {logging_mixin.py:190} INFO - [2025-04-21T10:53:34.581+0000] {dag.py:4180} INFO - Setting next_dagrun for example_dag_decorator to None, run_after=None
[2025-04-21T10:53:34.595+0000] {processor.py:208} INFO - Processing /home/airflow/.local/lib/python3.12/site-packages/airflow/example_dags/example_dag_decorator.py took 0.152 seconds
[2025-04-21T10:54:05.565+0000] {processor.py:186} INFO - Started process (PID=229) to work on /home/airflow/.local/lib/python3.12/site-packages/airflow/example_dags/example_dag_decorator.py
[2025-04-21T10:54:05.565+0000] {processor.py:914} INFO - Processing file /home/airflow/.local/lib/python3.12/site-packages/airflow/example_dags/example_dag_decorator.py for tasks to queue
[2025-04-21T10:54:05.567+0000] {logging_mixin.py:190} INFO - [2025-04-21T10:54:05.567+0000] {dagbag.py:588} INFO - Filling up the DagBag from /home/airflow/.local/lib/python3.12/site-packages/airflow/example_dags/example_dag_decorator.py
[2025-04-21T10:54:05.633+0000] {processor.py:925} INFO - DAG(s) 'example_dag_decorator' retrieved from /home/airflow/.local/lib/python3.12/site-packages/airflow/example_dags/example_dag_decorator.py
[2025-04-21T10:54:05.710+0000] {logging_mixin.py:190} INFO - [2025-04-21T10:54:05.710+0000] {dag.py:3239} INFO - Sync 1 DAGs
[2025-04-21T10:54:05.719+0000] {logging_mixin.py:190} INFO - [2025-04-21T10:54:05.719+0000] {dag.py:4180} INFO - Setting next_dagrun for example_dag_decorator to None, run_after=None
[2025-04-21T10:54:05.735+0000] {processor.py:208} INFO - Processing /home/airflow/.local/lib/python3.12/site-packages/airflow/example_dags/example_dag_decorator.py took 0.174 seconds
[2025-04-21T10:54:36.609+0000] {processor.py:186} INFO - Started process (PID=292) to work on /home/airflow/.local/lib/python3.12/site-packages/airflow/example_dags/example_dag_decorator.py
[2025-04-21T10:54:36.609+0000] {processor.py:914} INFO - Processing file /home/airflow/.local/lib/python3.12/site-packages/airflow/example_dags/example_dag_decorator.py for tasks to queue
[2025-04-21T10:54:36.611+0000] {logging_mixin.py:190} INFO - [2025-04-21T10:54:36.611+0000] {dagbag.py:588} INFO - Filling up the DagBag from /home/airflow/.local/lib/python3.12/site-packages/airflow/example_dags/example_dag_decorator.py
[2025-04-21T10:54:36.678+0000] {processor.py:925} INFO - DAG(s) 'example_dag_decorator' retrieved from /home/airflow/.local/lib/python3.12/site-packages/airflow/example_dags/example_dag_decorator.py
[2025-04-21T10:54:36.759+0000] {logging_mixin.py:190} INFO - [2025-04-21T10:54:36.759+0000] {dag.py:3239} INFO - Sync 1 DAGs
[2025-04-21T10:54:36.769+0000] {logging_mixin.py:190} INFO - [2025-04-21T10:54:36.769+0000] {dag.py:4180} INFO - Setting next_dagrun for example_dag_decorator to None, run_after=None
[2025-04-21T10:54:36.785+0000] {processor.py:208} INFO - Processing /home/airflow/.local/lib/python3.12/site-packages/airflow/example_dags/example_dag_decorator.py took 0.180 seconds
[2025-04-21T10:55:07.531+0000] {processor.py:186} INFO - Started process (PID=355) to work on /home/airflow/.local/lib/python3.12/site-packages/airflow/example_dags/example_dag_decorator.py
[2025-04-21T10:55:07.532+0000] {processor.py:914} INFO - Processing file /home/airflow/.local/lib/python3.12/site-packages/airflow/example_dags/example_dag_decorator.py for tasks to queue
[2025-04-21T10:55:07.533+0000] {logging_mixin.py:190} INFO - [2025-04-21T10:55:07.533+0000] {dagbag.py:588} INFO - Filling up the DagBag from /home/airflow/.local/lib/python3.12/site-packages/airflow/example_dags/example_dag_decorator.py
[2025-04-21T10:55:07.598+0000] {processor.py:925} INFO - DAG(s) 'example_dag_decorator' retrieved from /home/airflow/.local/lib/python3.12/site-packages/airflow/example_dags/example_dag_decorator.py
[2025-04-21T10:55:07.692+0000] {logging_mixin.py:190} INFO - [2025-04-21T10:55:07.692+0000] {dag.py:3239} INFO - Sync 1 DAGs
[2025-04-21T10:55:07.704+0000] {logging_mixin.py:190} INFO - [2025-04-21T10:55:07.703+0000] {dag.py:4180} INFO - Setting next_dagrun for example_dag_decorator to None, run_after=None
[2025-04-21T10:55:07.723+0000] {processor.py:208} INFO - Processing /home/airflow/.local/lib/python3.12/site-packages/airflow/example_dags/example_dag_decorator.py took 0.196 seconds
[2025-04-21T10:55:37.878+0000] {processor.py:186} INFO - Started process (PID=417) to work on /home/airflow/.local/lib/python3.12/site-packages/airflow/example_dags/example_dag_decorator.py
[2025-04-21T10:55:37.879+0000] {processor.py:914} INFO - Processing file /home/airflow/.local/lib/python3.12/site-packages/airflow/example_dags/example_dag_decorator.py for tasks to queue
[2025-04-21T10:55:37.881+0000] {logging_mixin.py:190} INFO - [2025-04-21T10:55:37.881+0000] {dagbag.py:588} INFO - Filling up the DagBag from /home/airflow/.local/lib/python3.12/site-packages/airflow/example_dags/example_dag_decorator.py
[2025-04-21T10:55:37.952+0000] {processor.py:925} INFO - DAG(s) 'example_dag_decorator' retrieved from /home/airflow/.local/lib/python3.12/site-packages/airflow/example_dags/example_dag_decorator.py
[2025-04-21T10:55:38.035+0000] {logging_mixin.py:190} INFO - [2025-04-21T10:55:38.034+0000] {dag.py:3239} INFO - Sync 1 DAGs
[2025-04-21T10:55:38.044+0000] {logging_mixin.py:190} INFO - [2025-04-21T10:55:38.044+0000] {dag.py:4180} INFO - Setting next_dagrun for example_dag_decorator to None, run_after=None
[2025-04-21T10:55:38.059+0000] {processor.py:208} INFO - Processing /home/airflow/.local/lib/python3.12/site-packages/airflow/example_dags/example_dag_decorator.py took 0.184 seconds
[2025-04-21T10:56:08.185+0000] {processor.py:186} INFO - Started process (PID=480) to work on /home/airflow/.local/lib/python3.12/site-packages/airflow/example_dags/example_dag_decorator.py
[2025-04-21T10:56:08.186+0000] {processor.py:914} INFO - Processing file /home/airflow/.local/lib/python3.12/site-packages/airflow/example_dags/example_dag_decorator.py for tasks to queue
[2025-04-21T10:56:08.188+0000] {logging_mixin.py:190} INFO - [2025-04-21T10:56:08.188+0000] {dagbag.py:588} INFO - Filling up the DagBag from /home/airflow/.local/lib/python3.12/site-packages/airflow/example_dags/example_dag_decorator.py
[2025-04-21T10:56:08.259+0000] {processor.py:925} INFO - DAG(s) 'example_dag_decorator' retrieved from /home/airflow/.local/lib/python3.12/site-packages/airflow/example_dags/example_dag_decorator.py
[2025-04-21T10:56:08.279+0000] {logging_mixin.py:190} INFO - [2025-04-21T10:56:08.279+0000] {dag.py:3239} INFO - Sync 1 DAGs
[2025-04-21T10:56:08.290+0000] {logging_mixin.py:190} INFO - [2025-04-21T10:56:08.290+0000] {dag.py:4180} INFO - Setting next_dagrun for example_dag_decorator to None, run_after=None
[2025-04-21T10:56:08.304+0000] {processor.py:208} INFO - Processing /home/airflow/.local/lib/python3.12/site-packages/airflow/example_dags/example_dag_decorator.py took 0.123 seconds
[2025-04-21T10:56:38.371+0000] {processor.py:186} INFO - Started process (PID=544) to work on /home/airflow/.local/lib/python3.12/site-packages/airflow/example_dags/example_dag_decorator.py
[2025-04-21T10:56:38.372+0000] {processor.py:914} INFO - Processing file /home/airflow/.local/lib/python3.12/site-packages/airflow/example_dags/example_dag_decorator.py for tasks to queue
[2025-04-21T10:56:38.374+0000] {logging_mixin.py:190} INFO - [2025-04-21T10:56:38.374+0000] {dagbag.py:588} INFO - Filling up the DagBag from /home/airflow/.local/lib/python3.12/site-packages/airflow/example_dags/example_dag_decorator.py
[2025-04-21T10:56:38.441+0000] {processor.py:925} INFO - DAG(s) 'example_dag_decorator' retrieved from /home/airflow/.local/lib/python3.12/site-packages/airflow/example_dags/example_dag_decorator.py
[2025-04-21T10:56:38.459+0000] {logging_mixin.py:190} INFO - [2025-04-21T10:56:38.459+0000] {dag.py:3239} INFO - Sync 1 DAGs
[2025-04-21T10:56:38.472+0000] {logging_mixin.py:190} INFO - [2025-04-21T10:56:38.472+0000] {dag.py:4180} INFO - Setting next_dagrun for example_dag_decorator to None, run_after=None
[2025-04-21T10:56:38.490+0000] {processor.py:208} INFO - Processing /home/airflow/.local/lib/python3.12/site-packages/airflow/example_dags/example_dag_decorator.py took 0.123 seconds
[2025-04-21T10:57:08.668+0000] {processor.py:186} INFO - Started process (PID=604) to work on /home/airflow/.local/lib/python3.12/site-packages/airflow/example_dags/example_dag_decorator.py
[2025-04-21T10:57:08.668+0000] {processor.py:914} INFO - Processing file /home/airflow/.local/lib/python3.12/site-packages/airflow/example_dags/example_dag_decorator.py for tasks to queue
[2025-04-21T10:57:08.670+0000] {logging_mixin.py:190} INFO - [2025-04-21T10:57:08.670+0000] {dagbag.py:588} INFO - Filling up the DagBag from /home/airflow/.local/lib/python3.12/site-packages/airflow/example_dags/example_dag_decorator.py
[2025-04-21T10:57:08.741+0000] {processor.py:925} INFO - DAG(s) 'example_dag_decorator' retrieved from /home/airflow/.local/lib/python3.12/site-packages/airflow/example_dags/example_dag_decorator.py
[2025-04-21T10:57:08.822+0000] {logging_mixin.py:190} INFO - [2025-04-21T10:57:08.821+0000] {dag.py:3239} INFO - Sync 1 DAGs
[2025-04-21T10:57:08.831+0000] {logging_mixin.py:190} INFO - [2025-04-21T10:57:08.831+0000] {dag.py:4180} INFO - Setting next_dagrun for example_dag_decorator to None, run_after=None
[2025-04-21T10:57:08.847+0000] {processor.py:208} INFO - Processing /home/airflow/.local/lib/python3.12/site-packages/airflow/example_dags/example_dag_decorator.py took 0.184 seconds
[2025-04-21T10:57:38.970+0000] {processor.py:186} INFO - Started process (PID=667) to work on /home/airflow/.local/lib/python3.12/site-packages/airflow/example_dags/example_dag_decorator.py
[2025-04-21T10:57:38.971+0000] {processor.py:914} INFO - Processing file /home/airflow/.local/lib/python3.12/site-packages/airflow/example_dags/example_dag_decorator.py for tasks to queue
[2025-04-21T10:57:38.973+0000] {logging_mixin.py:190} INFO - [2025-04-21T10:57:38.972+0000] {dagbag.py:588} INFO - Filling up the DagBag from /home/airflow/.local/lib/python3.12/site-packages/airflow/example_dags/example_dag_decorator.py
[2025-04-21T10:57:39.043+0000] {processor.py:925} INFO - DAG(s) 'example_dag_decorator' retrieved from /home/airflow/.local/lib/python3.12/site-packages/airflow/example_dags/example_dag_decorator.py
[2025-04-21T10:57:39.124+0000] {logging_mixin.py:190} INFO - [2025-04-21T10:57:39.124+0000] {dag.py:3239} INFO - Sync 1 DAGs
[2025-04-21T10:57:39.133+0000] {logging_mixin.py:190} INFO - [2025-04-21T10:57:39.133+0000] {dag.py:4180} INFO - Setting next_dagrun for example_dag_decorator to None, run_after=None
[2025-04-21T10:57:39.148+0000] {processor.py:208} INFO - Processing /home/airflow/.local/lib/python3.12/site-packages/airflow/example_dags/example_dag_decorator.py took 0.182 seconds
[2025-04-21T10:58:09.195+0000] {processor.py:186} INFO - Started process (PID=732) to work on /home/airflow/.local/lib/python3.12/site-packages/airflow/example_dags/example_dag_decorator.py
[2025-04-21T10:58:09.196+0000] {processor.py:914} INFO - Processing file /home/airflow/.local/lib/python3.12/site-packages/airflow/example_dags/example_dag_decorator.py for tasks to queue
[2025-04-21T10:58:09.198+0000] {logging_mixin.py:190} INFO - [2025-04-21T10:58:09.198+0000] {dagbag.py:588} INFO - Filling up the DagBag from /home/airflow/.local/lib/python3.12/site-packages/airflow/example_dags/example_dag_decorator.py
[2025-04-21T10:58:09.266+0000] {processor.py:925} INFO - DAG(s) 'example_dag_decorator' retrieved from /home/airflow/.local/lib/python3.12/site-packages/airflow/example_dags/example_dag_decorator.py
[2025-04-21T10:58:09.347+0000] {logging_mixin.py:190} INFO - [2025-04-21T10:58:09.347+0000] {dag.py:3239} INFO - Sync 1 DAGs
[2025-04-21T10:58:09.357+0000] {logging_mixin.py:190} INFO - [2025-04-21T10:58:09.356+0000] {dag.py:4180} INFO - Setting next_dagrun for example_dag_decorator to None, run_after=None
[2025-04-21T10:58:09.371+0000] {processor.py:208} INFO - Processing /home/airflow/.local/lib/python3.12/site-packages/airflow/example_dags/example_dag_decorator.py took 0.180 seconds
[2025-04-21T10:58:39.393+0000] {processor.py:186} INFO - Started process (PID=796) to work on /home/airflow/.local/lib/python3.12/site-packages/airflow/example_dags/example_dag_decorator.py
[2025-04-21T10:58:39.394+0000] {processor.py:914} INFO - Processing file /home/airflow/.local/lib/python3.12/site-packages/airflow/example_dags/example_dag_decorator.py for tasks to queue
[2025-04-21T10:58:39.395+0000] {logging_mixin.py:190} INFO - [2025-04-21T10:58:39.395+0000] {dagbag.py:588} INFO - Filling up the DagBag from /home/airflow/.local/lib/python3.12/site-packages/airflow/example_dags/example_dag_decorator.py
[2025-04-21T10:58:39.464+0000] {processor.py:925} INFO - DAG(s) 'example_dag_decorator' retrieved from /home/airflow/.local/lib/python3.12/site-packages/airflow/example_dags/example_dag_decorator.py
[2025-04-21T10:58:39.547+0000] {logging_mixin.py:190} INFO - [2025-04-21T10:58:39.547+0000] {dag.py:3239} INFO - Sync 1 DAGs
[2025-04-21T10:58:39.557+0000] {logging_mixin.py:190} INFO - [2025-04-21T10:58:39.557+0000] {dag.py:4180} INFO - Setting next_dagrun for example_dag_decorator to None, run_after=None
[2025-04-21T10:58:39.571+0000] {processor.py:208} INFO - Processing /home/airflow/.local/lib/python3.12/site-packages/airflow/example_dags/example_dag_decorator.py took 0.182 seconds
[2025-04-21T10:59:09.798+0000] {processor.py:186} INFO - Started process (PID=861) to work on /home/airflow/.local/lib/python3.12/site-packages/airflow/example_dags/example_dag_decorator.py
[2025-04-21T10:59:09.799+0000] {processor.py:914} INFO - Processing file /home/airflow/.local/lib/python3.12/site-packages/airflow/example_dags/example_dag_decorator.py for tasks to queue
[2025-04-21T10:59:09.801+0000] {logging_mixin.py:190} INFO - [2025-04-21T10:59:09.800+0000] {dagbag.py:588} INFO - Filling up the DagBag from /home/airflow/.local/lib/python3.12/site-packages/airflow/example_dags/example_dag_decorator.py
[2025-04-21T10:59:09.868+0000] {processor.py:925} INFO - DAG(s) 'example_dag_decorator' retrieved from /home/airflow/.local/lib/python3.12/site-packages/airflow/example_dags/example_dag_decorator.py
[2025-04-21T10:59:09.949+0000] {logging_mixin.py:190} INFO - [2025-04-21T10:59:09.949+0000] {dag.py:3239} INFO - Sync 1 DAGs
[2025-04-21T10:59:09.958+0000] {logging_mixin.py:190} INFO - [2025-04-21T10:59:09.958+0000] {dag.py:4180} INFO - Setting next_dagrun for example_dag_decorator to None, run_after=None
[2025-04-21T10:59:09.974+0000] {processor.py:208} INFO - Processing /home/airflow/.local/lib/python3.12/site-packages/airflow/example_dags/example_dag_decorator.py took 0.180 seconds
[2025-04-21T10:59:40.046+0000] {processor.py:186} INFO - Started process (PID=919) to work on /home/airflow/.local/lib/python3.12/site-packages/airflow/example_dags/example_dag_decorator.py
[2025-04-21T10:59:40.047+0000] {processor.py:914} INFO - Processing file /home/airflow/.local/lib/python3.12/site-packages/airflow/example_dags/example_dag_decorator.py for tasks to queue
[2025-04-21T10:59:40.049+0000] {logging_mixin.py:190} INFO - [2025-04-21T10:59:40.049+0000] {dagbag.py:588} INFO - Filling up the DagBag from /home/airflow/.local/lib/python3.12/site-packages/airflow/example_dags/example_dag_decorator.py
[2025-04-21T10:59:40.116+0000] {processor.py:925} INFO - DAG(s) 'example_dag_decorator' retrieved from /home/airflow/.local/lib/python3.12/site-packages/airflow/example_dags/example_dag_decorator.py
[2025-04-21T10:59:40.198+0000] {logging_mixin.py:190} INFO - [2025-04-21T10:59:40.198+0000] {dag.py:3239} INFO - Sync 1 DAGs
[2025-04-21T10:59:40.207+0000] {logging_mixin.py:190} INFO - [2025-04-21T10:59:40.207+0000] {dag.py:4180} INFO - Setting next_dagrun for example_dag_decorator to None, run_after=None
[2025-04-21T10:59:40.222+0000] {processor.py:208} INFO - Processing /home/airflow/.local/lib/python3.12/site-packages/airflow/example_dags/example_dag_decorator.py took 0.179 seconds
[2025-04-21T11:00:10.312+0000] {processor.py:186} INFO - Started process (PID=982) to work on /home/airflow/.local/lib/python3.12/site-packages/airflow/example_dags/example_dag_decorator.py
[2025-04-21T11:00:10.313+0000] {processor.py:914} INFO - Processing file /home/airflow/.local/lib/python3.12/site-packages/airflow/example_dags/example_dag_decorator.py for tasks to queue
[2025-04-21T11:00:10.315+0000] {logging_mixin.py:190} INFO - [2025-04-21T11:00:10.315+0000] {dagbag.py:588} INFO - Filling up the DagBag from /home/airflow/.local/lib/python3.12/site-packages/airflow/example_dags/example_dag_decorator.py
[2025-04-21T11:00:10.399+0000] {processor.py:925} INFO - DAG(s) 'example_dag_decorator' retrieved from /home/airflow/.local/lib/python3.12/site-packages/airflow/example_dags/example_dag_decorator.py
[2025-04-21T11:00:10.485+0000] {logging_mixin.py:190} INFO - [2025-04-21T11:00:10.485+0000] {dag.py:3239} INFO - Sync 1 DAGs
[2025-04-21T11:00:10.494+0000] {logging_mixin.py:190} INFO - [2025-04-21T11:00:10.494+0000] {dag.py:4180} INFO - Setting next_dagrun for example_dag_decorator to None, run_after=None
[2025-04-21T11:00:10.508+0000] {processor.py:208} INFO - Processing /home/airflow/.local/lib/python3.12/site-packages/airflow/example_dags/example_dag_decorator.py took 0.201 seconds
[2025-04-21T11:00:40.888+0000] {processor.py:186} INFO - Started process (PID=1045) to work on /home/airflow/.local/lib/python3.12/site-packages/airflow/example_dags/example_dag_decorator.py
[2025-04-21T11:00:40.888+0000] {processor.py:914} INFO - Processing file /home/airflow/.local/lib/python3.12/site-packages/airflow/example_dags/example_dag_decorator.py for tasks to queue
[2025-04-21T11:00:40.890+0000] {logging_mixin.py:190} INFO - [2025-04-21T11:00:40.890+0000] {dagbag.py:588} INFO - Filling up the DagBag from /home/airflow/.local/lib/python3.12/site-packages/airflow/example_dags/example_dag_decorator.py
[2025-04-21T11:00:40.960+0000] {processor.py:925} INFO - DAG(s) 'example_dag_decorator' retrieved from /home/airflow/.local/lib/python3.12/site-packages/airflow/example_dags/example_dag_decorator.py
[2025-04-21T11:00:41.039+0000] {logging_mixin.py:190} INFO - [2025-04-21T11:00:41.039+0000] {dag.py:3239} INFO - Sync 1 DAGs
[2025-04-21T11:00:41.048+0000] {logging_mixin.py:190} INFO - [2025-04-21T11:00:41.048+0000] {dag.py:4180} INFO - Setting next_dagrun for example_dag_decorator to None, run_after=None
[2025-04-21T11:00:41.062+0000] {processor.py:208} INFO - Processing /home/airflow/.local/lib/python3.12/site-packages/airflow/example_dags/example_dag_decorator.py took 0.179 seconds
[2025-04-21T11:01:11.500+0000] {processor.py:186} INFO - Started process (PID=1108) to work on /home/airflow/.local/lib/python3.12/site-packages/airflow/example_dags/example_dag_decorator.py
[2025-04-21T11:01:11.500+0000] {processor.py:914} INFO - Processing file /home/airflow/.local/lib/python3.12/site-packages/airflow/example_dags/example_dag_decorator.py for tasks to queue
[2025-04-21T11:01:11.502+0000] {logging_mixin.py:190} INFO - [2025-04-21T11:01:11.502+0000] {dagbag.py:588} INFO - Filling up the DagBag from /home/airflow/.local/lib/python3.12/site-packages/airflow/example_dags/example_dag_decorator.py
[2025-04-21T11:01:11.570+0000] {processor.py:925} INFO - DAG(s) 'example_dag_decorator' retrieved from /home/airflow/.local/lib/python3.12/site-packages/airflow/example_dags/example_dag_decorator.py
[2025-04-21T11:01:11.651+0000] {logging_mixin.py:190} INFO - [2025-04-21T11:01:11.651+0000] {dag.py:3239} INFO - Sync 1 DAGs
[2025-04-21T11:01:11.661+0000] {logging_mixin.py:190} INFO - [2025-04-21T11:01:11.661+0000] {dag.py:4180} INFO - Setting next_dagrun for example_dag_decorator to None, run_after=None
[2025-04-21T11:01:11.675+0000] {processor.py:208} INFO - Processing /home/airflow/.local/lib/python3.12/site-packages/airflow/example_dags/example_dag_decorator.py took 0.179 seconds
[2025-04-21T11:01:41.881+0000] {processor.py:186} INFO - Started process (PID=1171) to work on /home/airflow/.local/lib/python3.12/site-packages/airflow/example_dags/example_dag_decorator.py
[2025-04-21T11:01:41.882+0000] {processor.py:914} INFO - Processing file /home/airflow/.local/lib/python3.12/site-packages/airflow/example_dags/example_dag_decorator.py for tasks to queue
[2025-04-21T11:01:41.884+0000] {logging_mixin.py:190} INFO - [2025-04-21T11:01:41.884+0000] {dagbag.py:588} INFO - Filling up the DagBag from /home/airflow/.local/lib/python3.12/site-packages/airflow/example_dags/example_dag_decorator.py
[2025-04-21T11:01:41.955+0000] {processor.py:925} INFO - DAG(s) 'example_dag_decorator' retrieved from /home/airflow/.local/lib/python3.12/site-packages/airflow/example_dags/example_dag_decorator.py
[2025-04-21T11:01:42.038+0000] {logging_mixin.py:190} INFO - [2025-04-21T11:01:42.038+0000] {dag.py:3239} INFO - Sync 1 DAGs
[2025-04-21T11:01:42.049+0000] {logging_mixin.py:190} INFO - [2025-04-21T11:01:42.049+0000] {dag.py:4180} INFO - Setting next_dagrun for example_dag_decorator to None, run_after=None
[2025-04-21T11:01:42.065+0000] {processor.py:208} INFO - Processing /home/airflow/.local/lib/python3.12/site-packages/airflow/example_dags/example_dag_decorator.py took 0.189 seconds
[2025-04-21T11:02:12.171+0000] {processor.py:186} INFO - Started process (PID=1234) to work on /home/airflow/.local/lib/python3.12/site-packages/airflow/example_dags/example_dag_decorator.py
[2025-04-21T11:02:12.171+0000] {processor.py:914} INFO - Processing file /home/airflow/.local/lib/python3.12/site-packages/airflow/example_dags/example_dag_decorator.py for tasks to queue
[2025-04-21T11:02:12.173+0000] {logging_mixin.py:190} INFO - [2025-04-21T11:02:12.173+0000] {dagbag.py:588} INFO - Filling up the DagBag from /home/airflow/.local/lib/python3.12/site-packages/airflow/example_dags/example_dag_decorator.py
[2025-04-21T11:02:12.240+0000] {processor.py:925} INFO - DAG(s) 'example_dag_decorator' retrieved from /home/airflow/.local/lib/python3.12/site-packages/airflow/example_dags/example_dag_decorator.py
[2025-04-21T11:02:12.321+0000] {logging_mixin.py:190} INFO - [2025-04-21T11:02:12.321+0000] {dag.py:3239} INFO - Sync 1 DAGs
[2025-04-21T11:02:12.332+0000] {logging_mixin.py:190} INFO - [2025-04-21T11:02:12.332+0000] {dag.py:4180} INFO - Setting next_dagrun for example_dag_decorator to None, run_after=None
[2025-04-21T11:02:12.347+0000] {processor.py:208} INFO - Processing /home/airflow/.local/lib/python3.12/site-packages/airflow/example_dags/example_dag_decorator.py took 0.180 seconds
[2025-04-21T11:02:42.577+0000] {processor.py:186} INFO - Started process (PID=1297) to work on /home/airflow/.local/lib/python3.12/site-packages/airflow/example_dags/example_dag_decorator.py
[2025-04-21T11:02:42.577+0000] {processor.py:914} INFO - Processing file /home/airflow/.local/lib/python3.12/site-packages/airflow/example_dags/example_dag_decorator.py for tasks to queue
[2025-04-21T11:02:42.579+0000] {logging_mixin.py:190} INFO - [2025-04-21T11:02:42.579+0000] {dagbag.py:588} INFO - Filling up the DagBag from /home/airflow/.local/lib/python3.12/site-packages/airflow/example_dags/example_dag_decorator.py
[2025-04-21T11:02:42.649+0000] {processor.py:925} INFO - DAG(s) 'example_dag_decorator' retrieved from /home/airflow/.local/lib/python3.12/site-packages/airflow/example_dags/example_dag_decorator.py
[2025-04-21T11:02:42.738+0000] {logging_mixin.py:190} INFO - [2025-04-21T11:02:42.738+0000] {dag.py:3239} INFO - Sync 1 DAGs
[2025-04-21T11:02:42.749+0000] {logging_mixin.py:190} INFO - [2025-04-21T11:02:42.748+0000] {dag.py:4180} INFO - Setting next_dagrun for example_dag_decorator to None, run_after=None
[2025-04-21T11:02:42.765+0000] {processor.py:208} INFO - Processing /home/airflow/.local/lib/python3.12/site-packages/airflow/example_dags/example_dag_decorator.py took 0.193 seconds
[2025-04-21T11:03:12.932+0000] {processor.py:186} INFO - Started process (PID=1360) to work on /home/airflow/.local/lib/python3.12/site-packages/airflow/example_dags/example_dag_decorator.py
[2025-04-21T11:03:12.932+0000] {processor.py:914} INFO - Processing file /home/airflow/.local/lib/python3.12/site-packages/airflow/example_dags/example_dag_decorator.py for tasks to queue
[2025-04-21T11:03:12.935+0000] {logging_mixin.py:190} INFO - [2025-04-21T11:03:12.935+0000] {dagbag.py:588} INFO - Filling up the DagBag from /home/airflow/.local/lib/python3.12/site-packages/airflow/example_dags/example_dag_decorator.py
[2025-04-21T11:03:13.014+0000] {processor.py:925} INFO - DAG(s) 'example_dag_decorator' retrieved from /home/airflow/.local/lib/python3.12/site-packages/airflow/example_dags/example_dag_decorator.py
[2025-04-21T11:03:13.105+0000] {logging_mixin.py:190} INFO - [2025-04-21T11:03:13.105+0000] {dag.py:3239} INFO - Sync 1 DAGs
[2025-04-21T11:03:13.115+0000] {logging_mixin.py:190} INFO - [2025-04-21T11:03:13.114+0000] {dag.py:4180} INFO - Setting next_dagrun for example_dag_decorator to None, run_after=None
[2025-04-21T11:03:13.131+0000] {processor.py:208} INFO - Processing /home/airflow/.local/lib/python3.12/site-packages/airflow/example_dags/example_dag_decorator.py took 0.204 seconds
[2025-04-21T11:03:43.931+0000] {processor.py:186} INFO - Started process (PID=1423) to work on /home/airflow/.local/lib/python3.12/site-packages/airflow/example_dags/example_dag_decorator.py
[2025-04-21T11:03:43.932+0000] {processor.py:914} INFO - Processing file /home/airflow/.local/lib/python3.12/site-packages/airflow/example_dags/example_dag_decorator.py for tasks to queue
[2025-04-21T11:03:43.934+0000] {logging_mixin.py:190} INFO - [2025-04-21T11:03:43.934+0000] {dagbag.py:588} INFO - Filling up the DagBag from /home/airflow/.local/lib/python3.12/site-packages/airflow/example_dags/example_dag_decorator.py
[2025-04-21T11:03:44.012+0000] {processor.py:925} INFO - DAG(s) 'example_dag_decorator' retrieved from /home/airflow/.local/lib/python3.12/site-packages/airflow/example_dags/example_dag_decorator.py
[2025-04-21T11:03:44.099+0000] {logging_mixin.py:190} INFO - [2025-04-21T11:03:44.099+0000] {dag.py:3239} INFO - Sync 1 DAGs
[2025-04-21T11:03:44.110+0000] {logging_mixin.py:190} INFO - [2025-04-21T11:03:44.110+0000] {dag.py:4180} INFO - Setting next_dagrun for example_dag_decorator to None, run_after=None
[2025-04-21T11:03:44.128+0000] {processor.py:208} INFO - Processing /home/airflow/.local/lib/python3.12/site-packages/airflow/example_dags/example_dag_decorator.py took 0.201 seconds
[2025-04-21T11:04:14.612+0000] {processor.py:186} INFO - Started process (PID=1486) to work on /home/airflow/.local/lib/python3.12/site-packages/airflow/example_dags/example_dag_decorator.py
[2025-04-21T11:04:14.613+0000] {processor.py:914} INFO - Processing file /home/airflow/.local/lib/python3.12/site-packages/airflow/example_dags/example_dag_decorator.py for tasks to queue
[2025-04-21T11:04:14.615+0000] {logging_mixin.py:190} INFO - [2025-04-21T11:04:14.614+0000] {dagbag.py:588} INFO - Filling up the DagBag from /home/airflow/.local/lib/python3.12/site-packages/airflow/example_dags/example_dag_decorator.py
[2025-04-21T11:04:14.683+0000] {processor.py:925} INFO - DAG(s) 'example_dag_decorator' retrieved from /home/airflow/.local/lib/python3.12/site-packages/airflow/example_dags/example_dag_decorator.py
[2025-04-21T11:04:14.765+0000] {logging_mixin.py:190} INFO - [2025-04-21T11:04:14.764+0000] {dag.py:3239} INFO - Sync 1 DAGs
[2025-04-21T11:04:14.775+0000] {logging_mixin.py:190} INFO - [2025-04-21T11:04:14.774+0000] {dag.py:4180} INFO - Setting next_dagrun for example_dag_decorator to None, run_after=None
[2025-04-21T11:04:14.789+0000] {processor.py:208} INFO - Processing /home/airflow/.local/lib/python3.12/site-packages/airflow/example_dags/example_dag_decorator.py took 0.181 seconds
[2025-04-21T11:04:45.350+0000] {processor.py:186} INFO - Started process (PID=1549) to work on /home/airflow/.local/lib/python3.12/site-packages/airflow/example_dags/example_dag_decorator.py
[2025-04-21T11:04:45.351+0000] {processor.py:914} INFO - Processing file /home/airflow/.local/lib/python3.12/site-packages/airflow/example_dags/example_dag_decorator.py for tasks to queue
[2025-04-21T11:04:45.353+0000] {logging_mixin.py:190} INFO - [2025-04-21T11:04:45.353+0000] {dagbag.py:588} INFO - Filling up the DagBag from /home/airflow/.local/lib/python3.12/site-packages/airflow/example_dags/example_dag_decorator.py
[2025-04-21T11:04:45.428+0000] {processor.py:925} INFO - DAG(s) 'example_dag_decorator' retrieved from /home/airflow/.local/lib/python3.12/site-packages/airflow/example_dags/example_dag_decorator.py
[2025-04-21T11:04:45.517+0000] {logging_mixin.py:190} INFO - [2025-04-21T11:04:45.516+0000] {dag.py:3239} INFO - Sync 1 DAGs
[2025-04-21T11:04:45.527+0000] {logging_mixin.py:190} INFO - [2025-04-21T11:04:45.527+0000] {dag.py:4180} INFO - Setting next_dagrun for example_dag_decorator to None, run_after=None
[2025-04-21T11:04:45.543+0000] {processor.py:208} INFO - Processing /home/airflow/.local/lib/python3.12/site-packages/airflow/example_dags/example_dag_decorator.py took 0.201 seconds
[2025-04-21T11:05:15.894+0000] {processor.py:186} INFO - Started process (PID=1612) to work on /home/airflow/.local/lib/python3.12/site-packages/airflow/example_dags/example_dag_decorator.py
[2025-04-21T11:05:15.895+0000] {processor.py:914} INFO - Processing file /home/airflow/.local/lib/python3.12/site-packages/airflow/example_dags/example_dag_decorator.py for tasks to queue
[2025-04-21T11:05:15.897+0000] {logging_mixin.py:190} INFO - [2025-04-21T11:05:15.897+0000] {dagbag.py:588} INFO - Filling up the DagBag from /home/airflow/.local/lib/python3.12/site-packages/airflow/example_dags/example_dag_decorator.py
[2025-04-21T11:05:15.975+0000] {processor.py:925} INFO - DAG(s) 'example_dag_decorator' retrieved from /home/airflow/.local/lib/python3.12/site-packages/airflow/example_dags/example_dag_decorator.py
[2025-04-21T11:05:16.055+0000] {logging_mixin.py:190} INFO - [2025-04-21T11:05:16.055+0000] {dag.py:3239} INFO - Sync 1 DAGs
[2025-04-21T11:05:16.066+0000] {logging_mixin.py:190} INFO - [2025-04-21T11:05:16.066+0000] {dag.py:4180} INFO - Setting next_dagrun for example_dag_decorator to None, run_after=None
[2025-04-21T11:05:16.082+0000] {processor.py:208} INFO - Processing /home/airflow/.local/lib/python3.12/site-packages/airflow/example_dags/example_dag_decorator.py took 0.192 seconds
[2025-04-21T11:05:46.594+0000] {processor.py:186} INFO - Started process (PID=1675) to work on /home/airflow/.local/lib/python3.12/site-packages/airflow/example_dags/example_dag_decorator.py
[2025-04-21T11:05:46.595+0000] {processor.py:914} INFO - Processing file /home/airflow/.local/lib/python3.12/site-packages/airflow/example_dags/example_dag_decorator.py for tasks to queue
[2025-04-21T11:05:46.597+0000] {logging_mixin.py:190} INFO - [2025-04-21T11:05:46.596+0000] {dagbag.py:588} INFO - Filling up the DagBag from /home/airflow/.local/lib/python3.12/site-packages/airflow/example_dags/example_dag_decorator.py
[2025-04-21T11:05:46.664+0000] {processor.py:925} INFO - DAG(s) 'example_dag_decorator' retrieved from /home/airflow/.local/lib/python3.12/site-packages/airflow/example_dags/example_dag_decorator.py
[2025-04-21T11:05:46.744+0000] {logging_mixin.py:190} INFO - [2025-04-21T11:05:46.744+0000] {dag.py:3239} INFO - Sync 1 DAGs
[2025-04-21T11:05:46.753+0000] {logging_mixin.py:190} INFO - [2025-04-21T11:05:46.753+0000] {dag.py:4180} INFO - Setting next_dagrun for example_dag_decorator to None, run_after=None
[2025-04-21T11:05:46.767+0000] {processor.py:208} INFO - Processing /home/airflow/.local/lib/python3.12/site-packages/airflow/example_dags/example_dag_decorator.py took 0.177 seconds
[2025-04-21T11:06:17.086+0000] {processor.py:186} INFO - Started process (PID=1738) to work on /home/airflow/.local/lib/python3.12/site-packages/airflow/example_dags/example_dag_decorator.py
[2025-04-21T11:06:17.087+0000] {processor.py:914} INFO - Processing file /home/airflow/.local/lib/python3.12/site-packages/airflow/example_dags/example_dag_decorator.py for tasks to queue
[2025-04-21T11:06:17.089+0000] {logging_mixin.py:190} INFO - [2025-04-21T11:06:17.089+0000] {dagbag.py:588} INFO - Filling up the DagBag from /home/airflow/.local/lib/python3.12/site-packages/airflow/example_dags/example_dag_decorator.py
[2025-04-21T11:06:17.157+0000] {processor.py:925} INFO - DAG(s) 'example_dag_decorator' retrieved from /home/airflow/.local/lib/python3.12/site-packages/airflow/example_dags/example_dag_decorator.py
[2025-04-21T11:06:17.238+0000] {logging_mixin.py:190} INFO - [2025-04-21T11:06:17.238+0000] {dag.py:3239} INFO - Sync 1 DAGs
[2025-04-21T11:06:17.248+0000] {logging_mixin.py:190} INFO - [2025-04-21T11:06:17.248+0000] {dag.py:4180} INFO - Setting next_dagrun for example_dag_decorator to None, run_after=None
[2025-04-21T11:06:17.262+0000] {processor.py:208} INFO - Processing /home/airflow/.local/lib/python3.12/site-packages/airflow/example_dags/example_dag_decorator.py took 0.180 seconds
[2025-04-21T11:06:47.564+0000] {processor.py:186} INFO - Started process (PID=1801) to work on /home/airflow/.local/lib/python3.12/site-packages/airflow/example_dags/example_dag_decorator.py
[2025-04-21T11:06:47.564+0000] {processor.py:914} INFO - Processing file /home/airflow/.local/lib/python3.12/site-packages/airflow/example_dags/example_dag_decorator.py for tasks to queue
[2025-04-21T11:06:47.566+0000] {logging_mixin.py:190} INFO - [2025-04-21T11:06:47.566+0000] {dagbag.py:588} INFO - Filling up the DagBag from /home/airflow/.local/lib/python3.12/site-packages/airflow/example_dags/example_dag_decorator.py
[2025-04-21T11:06:47.634+0000] {processor.py:925} INFO - DAG(s) 'example_dag_decorator' retrieved from /home/airflow/.local/lib/python3.12/site-packages/airflow/example_dags/example_dag_decorator.py
[2025-04-21T11:06:47.724+0000] {logging_mixin.py:190} INFO - [2025-04-21T11:06:47.724+0000] {dag.py:3239} INFO - Sync 1 DAGs
[2025-04-21T11:06:47.735+0000] {logging_mixin.py:190} INFO - [2025-04-21T11:06:47.735+0000] {dag.py:4180} INFO - Setting next_dagrun for example_dag_decorator to None, run_after=None
[2025-04-21T11:06:47.752+0000] {processor.py:208} INFO - Processing /home/airflow/.local/lib/python3.12/site-packages/airflow/example_dags/example_dag_decorator.py took 0.192 seconds
[2025-04-21T11:07:17.779+0000] {processor.py:186} INFO - Started process (PID=1866) to work on /home/airflow/.local/lib/python3.12/site-packages/airflow/example_dags/example_dag_decorator.py
[2025-04-21T11:07:17.779+0000] {processor.py:914} INFO - Processing file /home/airflow/.local/lib/python3.12/site-packages/airflow/example_dags/example_dag_decorator.py for tasks to queue
[2025-04-21T11:07:17.781+0000] {logging_mixin.py:190} INFO - [2025-04-21T11:07:17.781+0000] {dagbag.py:588} INFO - Filling up the DagBag from /home/airflow/.local/lib/python3.12/site-packages/airflow/example_dags/example_dag_decorator.py
[2025-04-21T11:07:17.862+0000] {processor.py:925} INFO - DAG(s) 'example_dag_decorator' retrieved from /home/airflow/.local/lib/python3.12/site-packages/airflow/example_dags/example_dag_decorator.py
[2025-04-21T11:07:17.940+0000] {logging_mixin.py:190} INFO - [2025-04-21T11:07:17.940+0000] {dag.py:3239} INFO - Sync 1 DAGs
[2025-04-21T11:07:17.949+0000] {logging_mixin.py:190} INFO - [2025-04-21T11:07:17.949+0000] {dag.py:4180} INFO - Setting next_dagrun for example_dag_decorator to None, run_after=None
[2025-04-21T11:07:17.965+0000] {processor.py:208} INFO - Processing /home/airflow/.local/lib/python3.12/site-packages/airflow/example_dags/example_dag_decorator.py took 0.191 seconds
[2025-04-21T11:07:48.025+0000] {processor.py:186} INFO - Started process (PID=1930) to work on /home/airflow/.local/lib/python3.12/site-packages/airflow/example_dags/example_dag_decorator.py
[2025-04-21T11:07:48.026+0000] {processor.py:914} INFO - Processing file /home/airflow/.local/lib/python3.12/site-packages/airflow/example_dags/example_dag_decorator.py for tasks to queue
[2025-04-21T11:07:48.028+0000] {logging_mixin.py:190} INFO - [2025-04-21T11:07:48.028+0000] {dagbag.py:588} INFO - Filling up the DagBag from /home/airflow/.local/lib/python3.12/site-packages/airflow/example_dags/example_dag_decorator.py
[2025-04-21T11:07:48.099+0000] {processor.py:925} INFO - DAG(s) 'example_dag_decorator' retrieved from /home/airflow/.local/lib/python3.12/site-packages/airflow/example_dags/example_dag_decorator.py
[2025-04-21T11:07:48.180+0000] {logging_mixin.py:190} INFO - [2025-04-21T11:07:48.180+0000] {dag.py:3239} INFO - Sync 1 DAGs
[2025-04-21T11:07:48.190+0000] {logging_mixin.py:190} INFO - [2025-04-21T11:07:48.189+0000] {dag.py:4180} INFO - Setting next_dagrun for example_dag_decorator to None, run_after=None
[2025-04-21T11:07:48.204+0000] {processor.py:208} INFO - Processing /home/airflow/.local/lib/python3.12/site-packages/airflow/example_dags/example_dag_decorator.py took 0.183 seconds
[2025-04-21T11:08:18.704+0000] {processor.py:186} INFO - Started process (PID=1990) to work on /home/airflow/.local/lib/python3.12/site-packages/airflow/example_dags/example_dag_decorator.py
[2025-04-21T11:08:18.705+0000] {processor.py:914} INFO - Processing file /home/airflow/.local/lib/python3.12/site-packages/airflow/example_dags/example_dag_decorator.py for tasks to queue
[2025-04-21T11:08:18.707+0000] {logging_mixin.py:190} INFO - [2025-04-21T11:08:18.707+0000] {dagbag.py:588} INFO - Filling up the DagBag from /home/airflow/.local/lib/python3.12/site-packages/airflow/example_dags/example_dag_decorator.py
[2025-04-21T11:08:18.782+0000] {processor.py:925} INFO - DAG(s) 'example_dag_decorator' retrieved from /home/airflow/.local/lib/python3.12/site-packages/airflow/example_dags/example_dag_decorator.py
[2025-04-21T11:08:18.874+0000] {logging_mixin.py:190} INFO - [2025-04-21T11:08:18.874+0000] {dag.py:3239} INFO - Sync 1 DAGs
[2025-04-21T11:08:18.886+0000] {logging_mixin.py:190} INFO - [2025-04-21T11:08:18.885+0000] {dag.py:4180} INFO - Setting next_dagrun for example_dag_decorator to None, run_after=None
[2025-04-21T11:08:18.903+0000] {processor.py:208} INFO - Processing /home/airflow/.local/lib/python3.12/site-packages/airflow/example_dags/example_dag_decorator.py took 0.202 seconds
[2025-04-21T11:08:49.309+0000] {processor.py:186} INFO - Started process (PID=2053) to work on /home/airflow/.local/lib/python3.12/site-packages/airflow/example_dags/example_dag_decorator.py
[2025-04-21T11:08:49.309+0000] {processor.py:914} INFO - Processing file /home/airflow/.local/lib/python3.12/site-packages/airflow/example_dags/example_dag_decorator.py for tasks to queue
[2025-04-21T11:08:49.311+0000] {logging_mixin.py:190} INFO - [2025-04-21T11:08:49.311+0000] {dagbag.py:588} INFO - Filling up the DagBag from /home/airflow/.local/lib/python3.12/site-packages/airflow/example_dags/example_dag_decorator.py
[2025-04-21T11:08:49.383+0000] {processor.py:925} INFO - DAG(s) 'example_dag_decorator' retrieved from /home/airflow/.local/lib/python3.12/site-packages/airflow/example_dags/example_dag_decorator.py
[2025-04-21T11:08:49.467+0000] {logging_mixin.py:190} INFO - [2025-04-21T11:08:49.467+0000] {dag.py:3239} INFO - Sync 1 DAGs
[2025-04-21T11:08:49.479+0000] {logging_mixin.py:190} INFO - [2025-04-21T11:08:49.479+0000] {dag.py:4180} INFO - Setting next_dagrun for example_dag_decorator to None, run_after=None
[2025-04-21T11:08:49.496+0000] {processor.py:208} INFO - Processing /home/airflow/.local/lib/python3.12/site-packages/airflow/example_dags/example_dag_decorator.py took 0.192 seconds
[2025-04-21T11:09:20.210+0000] {processor.py:186} INFO - Started process (PID=2116) to work on /home/airflow/.local/lib/python3.12/site-packages/airflow/example_dags/example_dag_decorator.py
[2025-04-21T11:09:20.211+0000] {processor.py:914} INFO - Processing file /home/airflow/.local/lib/python3.12/site-packages/airflow/example_dags/example_dag_decorator.py for tasks to queue
[2025-04-21T11:09:20.213+0000] {logging_mixin.py:190} INFO - [2025-04-21T11:09:20.213+0000] {dagbag.py:588} INFO - Filling up the DagBag from /home/airflow/.local/lib/python3.12/site-packages/airflow/example_dags/example_dag_decorator.py
[2025-04-21T11:09:20.287+0000] {processor.py:925} INFO - DAG(s) 'example_dag_decorator' retrieved from /home/airflow/.local/lib/python3.12/site-packages/airflow/example_dags/example_dag_decorator.py
[2025-04-21T11:09:20.385+0000] {logging_mixin.py:190} INFO - [2025-04-21T11:09:20.385+0000] {dag.py:3239} INFO - Sync 1 DAGs
[2025-04-21T11:09:20.401+0000] {logging_mixin.py:190} INFO - [2025-04-21T11:09:20.401+0000] {dag.py:4180} INFO - Setting next_dagrun for example_dag_decorator to None, run_after=None
[2025-04-21T11:09:20.421+0000] {processor.py:208} INFO - Processing /home/airflow/.local/lib/python3.12/site-packages/airflow/example_dags/example_dag_decorator.py took 0.214 seconds
[2025-04-21T11:09:51.144+0000] {processor.py:186} INFO - Started process (PID=2179) to work on /home/airflow/.local/lib/python3.12/site-packages/airflow/example_dags/example_dag_decorator.py
[2025-04-21T11:09:51.145+0000] {processor.py:914} INFO - Processing file /home/airflow/.local/lib/python3.12/site-packages/airflow/example_dags/example_dag_decorator.py for tasks to queue
[2025-04-21T11:09:51.146+0000] {logging_mixin.py:190} INFO - [2025-04-21T11:09:51.146+0000] {dagbag.py:588} INFO - Filling up the DagBag from /home/airflow/.local/lib/python3.12/site-packages/airflow/example_dags/example_dag_decorator.py
[2025-04-21T11:09:51.214+0000] {processor.py:925} INFO - DAG(s) 'example_dag_decorator' retrieved from /home/airflow/.local/lib/python3.12/site-packages/airflow/example_dags/example_dag_decorator.py
[2025-04-21T11:09:51.230+0000] {logging_mixin.py:190} INFO - [2025-04-21T11:09:51.230+0000] {dag.py:3239} INFO - Sync 1 DAGs
[2025-04-21T11:09:51.240+0000] {logging_mixin.py:190} INFO - [2025-04-21T11:09:51.240+0000] {dag.py:4180} INFO - Setting next_dagrun for example_dag_decorator to None, run_after=None
[2025-04-21T11:09:51.259+0000] {processor.py:208} INFO - Processing /home/airflow/.local/lib/python3.12/site-packages/airflow/example_dags/example_dag_decorator.py took 0.119 seconds
[2025-04-21T11:10:21.481+0000] {processor.py:186} INFO - Started process (PID=2242) to work on /home/airflow/.local/lib/python3.12/site-packages/airflow/example_dags/example_dag_decorator.py
[2025-04-21T11:10:21.482+0000] {processor.py:914} INFO - Processing file /home/airflow/.local/lib/python3.12/site-packages/airflow/example_dags/example_dag_decorator.py for tasks to queue
[2025-04-21T11:10:21.484+0000] {logging_mixin.py:190} INFO - [2025-04-21T11:10:21.484+0000] {dagbag.py:588} INFO - Filling up the DagBag from /home/airflow/.local/lib/python3.12/site-packages/airflow/example_dags/example_dag_decorator.py
[2025-04-21T11:10:21.556+0000] {processor.py:925} INFO - DAG(s) 'example_dag_decorator' retrieved from /home/airflow/.local/lib/python3.12/site-packages/airflow/example_dags/example_dag_decorator.py
[2025-04-21T11:10:21.635+0000] {logging_mixin.py:190} INFO - [2025-04-21T11:10:21.635+0000] {dag.py:3239} INFO - Sync 1 DAGs
[2025-04-21T11:10:21.644+0000] {logging_mixin.py:190} INFO - [2025-04-21T11:10:21.644+0000] {dag.py:4180} INFO - Setting next_dagrun for example_dag_decorator to None, run_after=None
[2025-04-21T11:10:21.660+0000] {processor.py:208} INFO - Processing /home/airflow/.local/lib/python3.12/site-packages/airflow/example_dags/example_dag_decorator.py took 0.183 seconds
[2025-04-21T11:10:52.180+0000] {processor.py:186} INFO - Started process (PID=2305) to work on /home/airflow/.local/lib/python3.12/site-packages/airflow/example_dags/example_dag_decorator.py
[2025-04-21T11:10:52.180+0000] {processor.py:914} INFO - Processing file /home/airflow/.local/lib/python3.12/site-packages/airflow/example_dags/example_dag_decorator.py for tasks to queue
[2025-04-21T11:10:52.182+0000] {logging_mixin.py:190} INFO - [2025-04-21T11:10:52.182+0000] {dagbag.py:588} INFO - Filling up the DagBag from /home/airflow/.local/lib/python3.12/site-packages/airflow/example_dags/example_dag_decorator.py
[2025-04-21T11:10:52.250+0000] {processor.py:925} INFO - DAG(s) 'example_dag_decorator' retrieved from /home/airflow/.local/lib/python3.12/site-packages/airflow/example_dags/example_dag_decorator.py
[2025-04-21T11:10:52.331+0000] {logging_mixin.py:190} INFO - [2025-04-21T11:10:52.331+0000] {dag.py:3239} INFO - Sync 1 DAGs
[2025-04-21T11:10:52.341+0000] {logging_mixin.py:190} INFO - [2025-04-21T11:10:52.340+0000] {dag.py:4180} INFO - Setting next_dagrun for example_dag_decorator to None, run_after=None
[2025-04-21T11:10:52.355+0000] {processor.py:208} INFO - Processing /home/airflow/.local/lib/python3.12/site-packages/airflow/example_dags/example_dag_decorator.py took 0.179 seconds
[2025-04-21T11:11:22.849+0000] {processor.py:186} INFO - Started process (PID=2368) to work on /home/airflow/.local/lib/python3.12/site-packages/airflow/example_dags/example_dag_decorator.py
[2025-04-21T11:11:22.850+0000] {processor.py:914} INFO - Processing file /home/airflow/.local/lib/python3.12/site-packages/airflow/example_dags/example_dag_decorator.py for tasks to queue
[2025-04-21T11:11:22.852+0000] {logging_mixin.py:190} INFO - [2025-04-21T11:11:22.851+0000] {dagbag.py:588} INFO - Filling up the DagBag from /home/airflow/.local/lib/python3.12/site-packages/airflow/example_dags/example_dag_decorator.py
[2025-04-21T11:11:22.919+0000] {processor.py:925} INFO - DAG(s) 'example_dag_decorator' retrieved from /home/airflow/.local/lib/python3.12/site-packages/airflow/example_dags/example_dag_decorator.py
[2025-04-21T11:11:22.998+0000] {logging_mixin.py:190} INFO - [2025-04-21T11:11:22.998+0000] {dag.py:3239} INFO - Sync 1 DAGs
[2025-04-21T11:11:23.007+0000] {logging_mixin.py:190} INFO - [2025-04-21T11:11:23.006+0000] {dag.py:4180} INFO - Setting next_dagrun for example_dag_decorator to None, run_after=None
[2025-04-21T11:11:23.023+0000] {processor.py:208} INFO - Processing /home/airflow/.local/lib/python3.12/site-packages/airflow/example_dags/example_dag_decorator.py took 0.177 seconds
[2025-04-21T11:11:53.489+0000] {processor.py:186} INFO - Started process (PID=2431) to work on /home/airflow/.local/lib/python3.12/site-packages/airflow/example_dags/example_dag_decorator.py
[2025-04-21T11:11:53.490+0000] {processor.py:914} INFO - Processing file /home/airflow/.local/lib/python3.12/site-packages/airflow/example_dags/example_dag_decorator.py for tasks to queue
[2025-04-21T11:11:53.492+0000] {logging_mixin.py:190} INFO - [2025-04-21T11:11:53.492+0000] {dagbag.py:588} INFO - Filling up the DagBag from /home/airflow/.local/lib/python3.12/site-packages/airflow/example_dags/example_dag_decorator.py
[2025-04-21T11:11:53.558+0000] {processor.py:925} INFO - DAG(s) 'example_dag_decorator' retrieved from /home/airflow/.local/lib/python3.12/site-packages/airflow/example_dags/example_dag_decorator.py
[2025-04-21T11:11:53.640+0000] {logging_mixin.py:190} INFO - [2025-04-21T11:11:53.640+0000] {dag.py:3239} INFO - Sync 1 DAGs
[2025-04-21T11:11:53.649+0000] {logging_mixin.py:190} INFO - [2025-04-21T11:11:53.649+0000] {dag.py:4180} INFO - Setting next_dagrun for example_dag_decorator to None, run_after=None
[2025-04-21T11:11:53.665+0000] {processor.py:208} INFO - Processing /home/airflow/.local/lib/python3.12/site-packages/airflow/example_dags/example_dag_decorator.py took 0.179 seconds
[2025-04-21T11:12:24.342+0000] {processor.py:186} INFO - Started process (PID=2494) to work on /home/airflow/.local/lib/python3.12/site-packages/airflow/example_dags/example_dag_decorator.py
[2025-04-21T11:12:24.343+0000] {processor.py:914} INFO - Processing file /home/airflow/.local/lib/python3.12/site-packages/airflow/example_dags/example_dag_decorator.py for tasks to queue
[2025-04-21T11:12:24.345+0000] {logging_mixin.py:190} INFO - [2025-04-21T11:12:24.345+0000] {dagbag.py:588} INFO - Filling up the DagBag from /home/airflow/.local/lib/python3.12/site-packages/airflow/example_dags/example_dag_decorator.py
[2025-04-21T11:12:24.423+0000] {processor.py:925} INFO - DAG(s) 'example_dag_decorator' retrieved from /home/airflow/.local/lib/python3.12/site-packages/airflow/example_dags/example_dag_decorator.py
[2025-04-21T11:12:24.508+0000] {logging_mixin.py:190} INFO - [2025-04-21T11:12:24.507+0000] {dag.py:3239} INFO - Sync 1 DAGs
[2025-04-21T11:12:24.518+0000] {logging_mixin.py:190} INFO - [2025-04-21T11:12:24.518+0000] {dag.py:4180} INFO - Setting next_dagrun for example_dag_decorator to None, run_after=None
[2025-04-21T11:12:24.538+0000] {processor.py:208} INFO - Processing /home/airflow/.local/lib/python3.12/site-packages/airflow/example_dags/example_dag_decorator.py took 0.200 seconds
[2025-04-21T11:12:54.594+0000] {processor.py:186} INFO - Started process (PID=2559) to work on /home/airflow/.local/lib/python3.12/site-packages/airflow/example_dags/example_dag_decorator.py
[2025-04-21T11:12:54.594+0000] {processor.py:914} INFO - Processing file /home/airflow/.local/lib/python3.12/site-packages/airflow/example_dags/example_dag_decorator.py for tasks to queue
[2025-04-21T11:12:54.597+0000] {logging_mixin.py:190} INFO - [2025-04-21T11:12:54.597+0000] {dagbag.py:588} INFO - Filling up the DagBag from /home/airflow/.local/lib/python3.12/site-packages/airflow/example_dags/example_dag_decorator.py
[2025-04-21T11:12:54.670+0000] {processor.py:925} INFO - DAG(s) 'example_dag_decorator' retrieved from /home/airflow/.local/lib/python3.12/site-packages/airflow/example_dags/example_dag_decorator.py
[2025-04-21T11:12:54.760+0000] {logging_mixin.py:190} INFO - [2025-04-21T11:12:54.760+0000] {dag.py:3239} INFO - Sync 1 DAGs
[2025-04-21T11:12:54.771+0000] {logging_mixin.py:190} INFO - [2025-04-21T11:12:54.771+0000] {dag.py:4180} INFO - Setting next_dagrun for example_dag_decorator to None, run_after=None
[2025-04-21T11:12:54.786+0000] {processor.py:208} INFO - Processing /home/airflow/.local/lib/python3.12/site-packages/airflow/example_dags/example_dag_decorator.py took 0.196 seconds
[2025-04-21T11:13:24.870+0000] {processor.py:186} INFO - Started process (PID=2624) to work on /home/airflow/.local/lib/python3.12/site-packages/airflow/example_dags/example_dag_decorator.py
[2025-04-21T11:13:24.871+0000] {processor.py:914} INFO - Processing file /home/airflow/.local/lib/python3.12/site-packages/airflow/example_dags/example_dag_decorator.py for tasks to queue
[2025-04-21T11:13:24.873+0000] {logging_mixin.py:190} INFO - [2025-04-21T11:13:24.872+0000] {dagbag.py:588} INFO - Filling up the DagBag from /home/airflow/.local/lib/python3.12/site-packages/airflow/example_dags/example_dag_decorator.py
[2025-04-21T11:13:24.944+0000] {processor.py:925} INFO - DAG(s) 'example_dag_decorator' retrieved from /home/airflow/.local/lib/python3.12/site-packages/airflow/example_dags/example_dag_decorator.py
[2025-04-21T11:13:25.194+0000] {logging_mixin.py:190} INFO - [2025-04-21T11:13:25.194+0000] {dag.py:3239} INFO - Sync 1 DAGs
[2025-04-21T11:13:25.203+0000] {logging_mixin.py:190} INFO - [2025-04-21T11:13:25.203+0000] {dag.py:4180} INFO - Setting next_dagrun for example_dag_decorator to None, run_after=None
[2025-04-21T11:13:25.223+0000] {processor.py:208} INFO - Processing /home/airflow/.local/lib/python3.12/site-packages/airflow/example_dags/example_dag_decorator.py took 0.357 seconds
[2025-04-21T11:13:55.284+0000] {processor.py:186} INFO - Started process (PID=2690) to work on /home/airflow/.local/lib/python3.12/site-packages/airflow/example_dags/example_dag_decorator.py
[2025-04-21T11:13:55.284+0000] {processor.py:914} INFO - Processing file /home/airflow/.local/lib/python3.12/site-packages/airflow/example_dags/example_dag_decorator.py for tasks to queue
[2025-04-21T11:13:55.286+0000] {logging_mixin.py:190} INFO - [2025-04-21T11:13:55.286+0000] {dagbag.py:588} INFO - Filling up the DagBag from /home/airflow/.local/lib/python3.12/site-packages/airflow/example_dags/example_dag_decorator.py
[2025-04-21T11:13:55.367+0000] {processor.py:925} INFO - DAG(s) 'example_dag_decorator' retrieved from /home/airflow/.local/lib/python3.12/site-packages/airflow/example_dags/example_dag_decorator.py
[2025-04-21T11:13:55.624+0000] {logging_mixin.py:190} INFO - [2025-04-21T11:13:55.624+0000] {dag.py:3239} INFO - Sync 1 DAGs
[2025-04-21T11:13:55.633+0000] {logging_mixin.py:190} INFO - [2025-04-21T11:13:55.632+0000] {dag.py:4180} INFO - Setting next_dagrun for example_dag_decorator to None, run_after=None
[2025-04-21T11:13:55.648+0000] {processor.py:208} INFO - Processing /home/airflow/.local/lib/python3.12/site-packages/airflow/example_dags/example_dag_decorator.py took 0.368 seconds
[2025-04-21T11:14:25.747+0000] {processor.py:186} INFO - Started process (PID=2757) to work on /home/airflow/.local/lib/python3.12/site-packages/airflow/example_dags/example_dag_decorator.py
[2025-04-21T11:14:25.748+0000] {processor.py:914} INFO - Processing file /home/airflow/.local/lib/python3.12/site-packages/airflow/example_dags/example_dag_decorator.py for tasks to queue
[2025-04-21T11:14:25.750+0000] {logging_mixin.py:190} INFO - [2025-04-21T11:14:25.750+0000] {dagbag.py:588} INFO - Filling up the DagBag from /home/airflow/.local/lib/python3.12/site-packages/airflow/example_dags/example_dag_decorator.py
[2025-04-21T11:14:25.825+0000] {processor.py:925} INFO - DAG(s) 'example_dag_decorator' retrieved from /home/airflow/.local/lib/python3.12/site-packages/airflow/example_dags/example_dag_decorator.py
[2025-04-21T11:14:26.068+0000] {logging_mixin.py:190} INFO - [2025-04-21T11:14:26.067+0000] {dag.py:3239} INFO - Sync 1 DAGs
[2025-04-21T11:14:26.077+0000] {logging_mixin.py:190} INFO - [2025-04-21T11:14:26.077+0000] {dag.py:4180} INFO - Setting next_dagrun for example_dag_decorator to None, run_after=None
[2025-04-21T11:14:26.094+0000] {processor.py:208} INFO - Processing /home/airflow/.local/lib/python3.12/site-packages/airflow/example_dags/example_dag_decorator.py took 0.351 seconds
[2025-04-21T11:14:57.029+0000] {processor.py:186} INFO - Started process (PID=2820) to work on /home/airflow/.local/lib/python3.12/site-packages/airflow/example_dags/example_dag_decorator.py
[2025-04-21T11:14:57.030+0000] {processor.py:914} INFO - Processing file /home/airflow/.local/lib/python3.12/site-packages/airflow/example_dags/example_dag_decorator.py for tasks to queue
[2025-04-21T11:14:57.032+0000] {logging_mixin.py:190} INFO - [2025-04-21T11:14:57.031+0000] {dagbag.py:588} INFO - Filling up the DagBag from /home/airflow/.local/lib/python3.12/site-packages/airflow/example_dags/example_dag_decorator.py
[2025-04-21T11:14:57.105+0000] {processor.py:925} INFO - DAG(s) 'example_dag_decorator' retrieved from /home/airflow/.local/lib/python3.12/site-packages/airflow/example_dags/example_dag_decorator.py
[2025-04-21T11:14:57.342+0000] {logging_mixin.py:190} INFO - [2025-04-21T11:14:57.342+0000] {dag.py:3239} INFO - Sync 1 DAGs
[2025-04-21T11:14:57.350+0000] {logging_mixin.py:190} INFO - [2025-04-21T11:14:57.350+0000] {dag.py:4180} INFO - Setting next_dagrun for example_dag_decorator to None, run_after=None
[2025-04-21T11:14:57.366+0000] {processor.py:208} INFO - Processing /home/airflow/.local/lib/python3.12/site-packages/airflow/example_dags/example_dag_decorator.py took 0.341 seconds
[2025-04-21T11:15:27.547+0000] {processor.py:186} INFO - Started process (PID=2883) to work on /home/airflow/.local/lib/python3.12/site-packages/airflow/example_dags/example_dag_decorator.py
[2025-04-21T11:15:27.548+0000] {processor.py:914} INFO - Processing file /home/airflow/.local/lib/python3.12/site-packages/airflow/example_dags/example_dag_decorator.py for tasks to queue
[2025-04-21T11:15:27.550+0000] {logging_mixin.py:190} INFO - [2025-04-21T11:15:27.550+0000] {dagbag.py:588} INFO - Filling up the DagBag from /home/airflow/.local/lib/python3.12/site-packages/airflow/example_dags/example_dag_decorator.py
[2025-04-21T11:15:27.618+0000] {processor.py:925} INFO - DAG(s) 'example_dag_decorator' retrieved from /home/airflow/.local/lib/python3.12/site-packages/airflow/example_dags/example_dag_decorator.py
[2025-04-21T11:15:27.700+0000] {logging_mixin.py:190} INFO - [2025-04-21T11:15:27.700+0000] {dag.py:3239} INFO - Sync 1 DAGs
[2025-04-21T11:15:27.875+0000] {logging_mixin.py:190} INFO - [2025-04-21T11:15:27.875+0000] {dag.py:4180} INFO - Setting next_dagrun for example_dag_decorator to None, run_after=None
[2025-04-21T11:15:27.889+0000] {processor.py:208} INFO - Processing /home/airflow/.local/lib/python3.12/site-packages/airflow/example_dags/example_dag_decorator.py took 0.346 seconds
[2025-04-21T11:15:58.066+0000] {processor.py:186} INFO - Started process (PID=2946) to work on /home/airflow/.local/lib/python3.12/site-packages/airflow/example_dags/example_dag_decorator.py
[2025-04-21T11:15:58.067+0000] {processor.py:914} INFO - Processing file /home/airflow/.local/lib/python3.12/site-packages/airflow/example_dags/example_dag_decorator.py for tasks to queue
[2025-04-21T11:15:58.069+0000] {logging_mixin.py:190} INFO - [2025-04-21T11:15:58.069+0000] {dagbag.py:588} INFO - Filling up the DagBag from /home/airflow/.local/lib/python3.12/site-packages/airflow/example_dags/example_dag_decorator.py
[2025-04-21T11:15:58.139+0000] {processor.py:925} INFO - DAG(s) 'example_dag_decorator' retrieved from /home/airflow/.local/lib/python3.12/site-packages/airflow/example_dags/example_dag_decorator.py
[2025-04-21T11:15:58.221+0000] {logging_mixin.py:190} INFO - [2025-04-21T11:15:58.220+0000] {dag.py:3239} INFO - Sync 1 DAGs
[2025-04-21T11:15:58.407+0000] {logging_mixin.py:190} INFO - [2025-04-21T11:15:58.406+0000] {dag.py:4180} INFO - Setting next_dagrun for example_dag_decorator to None, run_after=None
[2025-04-21T11:15:58.437+0000] {processor.py:208} INFO - Processing /home/airflow/.local/lib/python3.12/site-packages/airflow/example_dags/example_dag_decorator.py took 0.375 seconds
[2025-04-21T11:16:29.282+0000] {processor.py:186} INFO - Started process (PID=3011) to work on /home/airflow/.local/lib/python3.12/site-packages/airflow/example_dags/example_dag_decorator.py
[2025-04-21T11:16:29.283+0000] {processor.py:914} INFO - Processing file /home/airflow/.local/lib/python3.12/site-packages/airflow/example_dags/example_dag_decorator.py for tasks to queue
[2025-04-21T11:16:29.285+0000] {logging_mixin.py:190} INFO - [2025-04-21T11:16:29.285+0000] {dagbag.py:588} INFO - Filling up the DagBag from /home/airflow/.local/lib/python3.12/site-packages/airflow/example_dags/example_dag_decorator.py
[2025-04-21T11:16:29.347+0000] {processor.py:925} INFO - DAG(s) 'example_dag_decorator' retrieved from /home/airflow/.local/lib/python3.12/site-packages/airflow/example_dags/example_dag_decorator.py
[2025-04-21T11:16:29.551+0000] {logging_mixin.py:190} INFO - [2025-04-21T11:16:29.551+0000] {dag.py:3239} INFO - Sync 1 DAGs
[2025-04-21T11:16:29.561+0000] {logging_mixin.py:190} INFO - [2025-04-21T11:16:29.561+0000] {dag.py:4180} INFO - Setting next_dagrun for example_dag_decorator to None, run_after=None
[2025-04-21T11:16:29.575+0000] {processor.py:208} INFO - Processing /home/airflow/.local/lib/python3.12/site-packages/airflow/example_dags/example_dag_decorator.py took 0.297 seconds
[2025-04-21T11:17:00.441+0000] {processor.py:186} INFO - Started process (PID=3074) to work on /home/airflow/.local/lib/python3.12/site-packages/airflow/example_dags/example_dag_decorator.py
[2025-04-21T11:17:00.441+0000] {processor.py:914} INFO - Processing file /home/airflow/.local/lib/python3.12/site-packages/airflow/example_dags/example_dag_decorator.py for tasks to queue
[2025-04-21T11:17:00.444+0000] {logging_mixin.py:190} INFO - [2025-04-21T11:17:00.443+0000] {dagbag.py:588} INFO - Filling up the DagBag from /home/airflow/.local/lib/python3.12/site-packages/airflow/example_dags/example_dag_decorator.py
[2025-04-21T11:17:00.528+0000] {processor.py:925} INFO - DAG(s) 'example_dag_decorator' retrieved from /home/airflow/.local/lib/python3.12/site-packages/airflow/example_dags/example_dag_decorator.py
[2025-04-21T11:17:00.752+0000] {logging_mixin.py:190} INFO - [2025-04-21T11:17:00.751+0000] {dag.py:3239} INFO - Sync 1 DAGs
[2025-04-21T11:17:00.761+0000] {logging_mixin.py:190} INFO - [2025-04-21T11:17:00.760+0000] {dag.py:4180} INFO - Setting next_dagrun for example_dag_decorator to None, run_after=None
[2025-04-21T11:17:00.778+0000] {processor.py:208} INFO - Processing /home/airflow/.local/lib/python3.12/site-packages/airflow/example_dags/example_dag_decorator.py took 0.341 seconds
[2025-04-21T11:17:31.075+0000] {processor.py:186} INFO - Started process (PID=3137) to work on /home/airflow/.local/lib/python3.12/site-packages/airflow/example_dags/example_dag_decorator.py
[2025-04-21T11:17:31.076+0000] {processor.py:914} INFO - Processing file /home/airflow/.local/lib/python3.12/site-packages/airflow/example_dags/example_dag_decorator.py for tasks to queue
[2025-04-21T11:17:31.078+0000] {logging_mixin.py:190} INFO - [2025-04-21T11:17:31.078+0000] {dagbag.py:588} INFO - Filling up the DagBag from /home/airflow/.local/lib/python3.12/site-packages/airflow/example_dags/example_dag_decorator.py
[2025-04-21T11:17:31.150+0000] {processor.py:925} INFO - DAG(s) 'example_dag_decorator' retrieved from /home/airflow/.local/lib/python3.12/site-packages/airflow/example_dags/example_dag_decorator.py
[2025-04-21T11:17:31.375+0000] {logging_mixin.py:190} INFO - [2025-04-21T11:17:31.375+0000] {dag.py:3239} INFO - Sync 1 DAGs
[2025-04-21T11:17:31.384+0000] {logging_mixin.py:190} INFO - [2025-04-21T11:17:31.383+0000] {dag.py:4180} INFO - Setting next_dagrun for example_dag_decorator to None, run_after=None
[2025-04-21T11:17:31.398+0000] {processor.py:208} INFO - Processing /home/airflow/.local/lib/python3.12/site-packages/airflow/example_dags/example_dag_decorator.py took 0.327 seconds
[2025-04-21T11:18:01.749+0000] {processor.py:186} INFO - Started process (PID=3200) to work on /home/airflow/.local/lib/python3.12/site-packages/airflow/example_dags/example_dag_decorator.py
[2025-04-21T11:18:01.750+0000] {processor.py:914} INFO - Processing file /home/airflow/.local/lib/python3.12/site-packages/airflow/example_dags/example_dag_decorator.py for tasks to queue
[2025-04-21T11:18:01.752+0000] {logging_mixin.py:190} INFO - [2025-04-21T11:18:01.751+0000] {dagbag.py:588} INFO - Filling up the DagBag from /home/airflow/.local/lib/python3.12/site-packages/airflow/example_dags/example_dag_decorator.py
[2025-04-21T11:18:01.823+0000] {processor.py:925} INFO - DAG(s) 'example_dag_decorator' retrieved from /home/airflow/.local/lib/python3.12/site-packages/airflow/example_dags/example_dag_decorator.py
[2025-04-21T11:18:02.050+0000] {logging_mixin.py:190} INFO - [2025-04-21T11:18:02.050+0000] {dag.py:3239} INFO - Sync 1 DAGs
[2025-04-21T11:18:02.059+0000] {logging_mixin.py:190} INFO - [2025-04-21T11:18:02.059+0000] {dag.py:4180} INFO - Setting next_dagrun for example_dag_decorator to None, run_after=None
[2025-04-21T11:18:02.074+0000] {processor.py:208} INFO - Processing /home/airflow/.local/lib/python3.12/site-packages/airflow/example_dags/example_dag_decorator.py took 0.329 seconds
[2025-04-21T11:18:32.294+0000] {processor.py:186} INFO - Started process (PID=3263) to work on /home/airflow/.local/lib/python3.12/site-packages/airflow/example_dags/example_dag_decorator.py
[2025-04-21T11:18:32.295+0000] {processor.py:914} INFO - Processing file /home/airflow/.local/lib/python3.12/site-packages/airflow/example_dags/example_dag_decorator.py for tasks to queue
[2025-04-21T11:18:32.297+0000] {logging_mixin.py:190} INFO - [2025-04-21T11:18:32.296+0000] {dagbag.py:588} INFO - Filling up the DagBag from /home/airflow/.local/lib/python3.12/site-packages/airflow/example_dags/example_dag_decorator.py
[2025-04-21T11:18:32.368+0000] {processor.py:925} INFO - DAG(s) 'example_dag_decorator' retrieved from /home/airflow/.local/lib/python3.12/site-packages/airflow/example_dags/example_dag_decorator.py
[2025-04-21T11:18:32.579+0000] {logging_mixin.py:190} INFO - [2025-04-21T11:18:32.579+0000] {dag.py:3239} INFO - Sync 1 DAGs
[2025-04-21T11:18:32.587+0000] {logging_mixin.py:190} INFO - [2025-04-21T11:18:32.587+0000] {dag.py:4180} INFO - Setting next_dagrun for example_dag_decorator to None, run_after=None
[2025-04-21T11:18:32.601+0000] {processor.py:208} INFO - Processing /home/airflow/.local/lib/python3.12/site-packages/airflow/example_dags/example_dag_decorator.py took 0.311 seconds
[2025-04-21T11:19:02.809+0000] {processor.py:186} INFO - Started process (PID=3326) to work on /home/airflow/.local/lib/python3.12/site-packages/airflow/example_dags/example_dag_decorator.py
[2025-04-21T11:19:02.810+0000] {processor.py:914} INFO - Processing file /home/airflow/.local/lib/python3.12/site-packages/airflow/example_dags/example_dag_decorator.py for tasks to queue
[2025-04-21T11:19:02.812+0000] {logging_mixin.py:190} INFO - [2025-04-21T11:19:02.812+0000] {dagbag.py:588} INFO - Filling up the DagBag from /home/airflow/.local/lib/python3.12/site-packages/airflow/example_dags/example_dag_decorator.py
[2025-04-21T11:19:03.025+0000] {processor.py:925} INFO - DAG(s) 'example_dag_decorator' retrieved from /home/airflow/.local/lib/python3.12/site-packages/airflow/example_dags/example_dag_decorator.py
[2025-04-21T11:19:03.097+0000] {logging_mixin.py:190} INFO - [2025-04-21T11:19:03.097+0000] {dag.py:3239} INFO - Sync 1 DAGs
[2025-04-21T11:19:03.105+0000] {logging_mixin.py:190} INFO - [2025-04-21T11:19:03.105+0000] {dag.py:4180} INFO - Setting next_dagrun for example_dag_decorator to None, run_after=None
[2025-04-21T11:19:03.118+0000] {processor.py:208} INFO - Processing /home/airflow/.local/lib/python3.12/site-packages/airflow/example_dags/example_dag_decorator.py took 0.314 seconds
[2025-04-21T11:19:33.187+0000] {processor.py:186} INFO - Started process (PID=3390) to work on /home/airflow/.local/lib/python3.12/site-packages/airflow/example_dags/example_dag_decorator.py
[2025-04-21T11:19:33.188+0000] {processor.py:914} INFO - Processing file /home/airflow/.local/lib/python3.12/site-packages/airflow/example_dags/example_dag_decorator.py for tasks to queue
[2025-04-21T11:19:33.190+0000] {logging_mixin.py:190} INFO - [2025-04-21T11:19:33.189+0000] {dagbag.py:588} INFO - Filling up the DagBag from /home/airflow/.local/lib/python3.12/site-packages/airflow/example_dags/example_dag_decorator.py
[2025-04-21T11:19:33.395+0000] {processor.py:925} INFO - DAG(s) 'example_dag_decorator' retrieved from /home/airflow/.local/lib/python3.12/site-packages/airflow/example_dags/example_dag_decorator.py
[2025-04-21T11:19:33.463+0000] {logging_mixin.py:190} INFO - [2025-04-21T11:19:33.463+0000] {dag.py:3239} INFO - Sync 1 DAGs
[2025-04-21T11:19:33.471+0000] {logging_mixin.py:190} INFO - [2025-04-21T11:19:33.471+0000] {dag.py:4180} INFO - Setting next_dagrun for example_dag_decorator to None, run_after=None
[2025-04-21T11:19:33.485+0000] {processor.py:208} INFO - Processing /home/airflow/.local/lib/python3.12/site-packages/airflow/example_dags/example_dag_decorator.py took 0.302 seconds
[2025-04-21T11:20:03.537+0000] {processor.py:186} INFO - Started process (PID=3452) to work on /home/airflow/.local/lib/python3.12/site-packages/airflow/example_dags/example_dag_decorator.py
[2025-04-21T11:20:03.538+0000] {processor.py:914} INFO - Processing file /home/airflow/.local/lib/python3.12/site-packages/airflow/example_dags/example_dag_decorator.py for tasks to queue
[2025-04-21T11:20:03.540+0000] {logging_mixin.py:190} INFO - [2025-04-21T11:20:03.539+0000] {dagbag.py:588} INFO - Filling up the DagBag from /home/airflow/.local/lib/python3.12/site-packages/airflow/example_dags/example_dag_decorator.py
[2025-04-21T11:20:03.748+0000] {processor.py:925} INFO - DAG(s) 'example_dag_decorator' retrieved from /home/airflow/.local/lib/python3.12/site-packages/airflow/example_dags/example_dag_decorator.py
[2025-04-21T11:20:03.816+0000] {logging_mixin.py:190} INFO - [2025-04-21T11:20:03.816+0000] {dag.py:3239} INFO - Sync 1 DAGs
[2025-04-21T11:20:03.824+0000] {logging_mixin.py:190} INFO - [2025-04-21T11:20:03.824+0000] {dag.py:4180} INFO - Setting next_dagrun for example_dag_decorator to None, run_after=None
[2025-04-21T11:20:03.840+0000] {processor.py:208} INFO - Processing /home/airflow/.local/lib/python3.12/site-packages/airflow/example_dags/example_dag_decorator.py took 0.307 seconds
[2025-04-21T11:20:34.734+0000] {processor.py:186} INFO - Started process (PID=3516) to work on /home/airflow/.local/lib/python3.12/site-packages/airflow/example_dags/example_dag_decorator.py
[2025-04-21T11:20:34.735+0000] {processor.py:914} INFO - Processing file /home/airflow/.local/lib/python3.12/site-packages/airflow/example_dags/example_dag_decorator.py for tasks to queue
[2025-04-21T11:20:34.737+0000] {logging_mixin.py:190} INFO - [2025-04-21T11:20:34.737+0000] {dagbag.py:588} INFO - Filling up the DagBag from /home/airflow/.local/lib/python3.12/site-packages/airflow/example_dags/example_dag_decorator.py
[2025-04-21T11:20:34.801+0000] {processor.py:925} INFO - DAG(s) 'example_dag_decorator' retrieved from /home/airflow/.local/lib/python3.12/site-packages/airflow/example_dags/example_dag_decorator.py
[2025-04-21T11:20:35.010+0000] {logging_mixin.py:190} INFO - [2025-04-21T11:20:35.010+0000] {dag.py:3239} INFO - Sync 1 DAGs
[2025-04-21T11:20:35.019+0000] {logging_mixin.py:190} INFO - [2025-04-21T11:20:35.019+0000] {dag.py:4180} INFO - Setting next_dagrun for example_dag_decorator to None, run_after=None
[2025-04-21T11:20:35.033+0000] {processor.py:208} INFO - Processing /home/airflow/.local/lib/python3.12/site-packages/airflow/example_dags/example_dag_decorator.py took 0.302 seconds
[2025-04-21T11:21:05.370+0000] {processor.py:186} INFO - Started process (PID=3579) to work on /home/airflow/.local/lib/python3.12/site-packages/airflow/example_dags/example_dag_decorator.py
[2025-04-21T11:21:05.371+0000] {processor.py:914} INFO - Processing file /home/airflow/.local/lib/python3.12/site-packages/airflow/example_dags/example_dag_decorator.py for tasks to queue
[2025-04-21T11:21:05.373+0000] {logging_mixin.py:190} INFO - [2025-04-21T11:21:05.373+0000] {dagbag.py:588} INFO - Filling up the DagBag from /home/airflow/.local/lib/python3.12/site-packages/airflow/example_dags/example_dag_decorator.py
[2025-04-21T11:21:05.570+0000] {processor.py:925} INFO - DAG(s) 'example_dag_decorator' retrieved from /home/airflow/.local/lib/python3.12/site-packages/airflow/example_dags/example_dag_decorator.py
[2025-04-21T11:21:05.639+0000] {logging_mixin.py:190} INFO - [2025-04-21T11:21:05.639+0000] {dag.py:3239} INFO - Sync 1 DAGs
[2025-04-21T11:21:05.647+0000] {logging_mixin.py:190} INFO - [2025-04-21T11:21:05.647+0000] {dag.py:4180} INFO - Setting next_dagrun for example_dag_decorator to None, run_after=None
[2025-04-21T11:21:05.661+0000] {processor.py:208} INFO - Processing /home/airflow/.local/lib/python3.12/site-packages/airflow/example_dags/example_dag_decorator.py took 0.294 seconds
[2025-04-21T11:21:35.704+0000] {processor.py:186} INFO - Started process (PID=3642) to work on /home/airflow/.local/lib/python3.12/site-packages/airflow/example_dags/example_dag_decorator.py
[2025-04-21T11:21:35.704+0000] {processor.py:914} INFO - Processing file /home/airflow/.local/lib/python3.12/site-packages/airflow/example_dags/example_dag_decorator.py for tasks to queue
[2025-04-21T11:21:35.706+0000] {logging_mixin.py:190} INFO - [2025-04-21T11:21:35.705+0000] {dagbag.py:588} INFO - Filling up the DagBag from /home/airflow/.local/lib/python3.12/site-packages/airflow/example_dags/example_dag_decorator.py
[2025-04-21T11:21:35.903+0000] {processor.py:925} INFO - DAG(s) 'example_dag_decorator' retrieved from /home/airflow/.local/lib/python3.12/site-packages/airflow/example_dags/example_dag_decorator.py
[2025-04-21T11:21:35.972+0000] {logging_mixin.py:190} INFO - [2025-04-21T11:21:35.972+0000] {dag.py:3239} INFO - Sync 1 DAGs
[2025-04-21T11:21:35.980+0000] {logging_mixin.py:190} INFO - [2025-04-21T11:21:35.980+0000] {dag.py:4180} INFO - Setting next_dagrun for example_dag_decorator to None, run_after=None
[2025-04-21T11:21:35.993+0000] {processor.py:208} INFO - Processing /home/airflow/.local/lib/python3.12/site-packages/airflow/example_dags/example_dag_decorator.py took 0.293 seconds
[2025-04-21T11:22:06.137+0000] {processor.py:186} INFO - Started process (PID=3711) to work on /home/airflow/.local/lib/python3.12/site-packages/airflow/example_dags/example_dag_decorator.py
[2025-04-21T11:22:06.138+0000] {processor.py:914} INFO - Processing file /home/airflow/.local/lib/python3.12/site-packages/airflow/example_dags/example_dag_decorator.py for tasks to queue
[2025-04-21T11:22:06.139+0000] {logging_mixin.py:190} INFO - [2025-04-21T11:22:06.139+0000] {dagbag.py:588} INFO - Filling up the DagBag from /home/airflow/.local/lib/python3.12/site-packages/airflow/example_dags/example_dag_decorator.py
[2025-04-21T11:22:06.340+0000] {processor.py:925} INFO - DAG(s) 'example_dag_decorator' retrieved from /home/airflow/.local/lib/python3.12/site-packages/airflow/example_dags/example_dag_decorator.py
[2025-04-21T11:22:06.429+0000] {logging_mixin.py:190} INFO - [2025-04-21T11:22:06.428+0000] {dag.py:3239} INFO - Sync 1 DAGs
[2025-04-21T11:22:06.437+0000] {logging_mixin.py:190} INFO - [2025-04-21T11:22:06.437+0000] {dag.py:4180} INFO - Setting next_dagrun for example_dag_decorator to None, run_after=None
[2025-04-21T11:22:06.453+0000] {processor.py:208} INFO - Processing /home/airflow/.local/lib/python3.12/site-packages/airflow/example_dags/example_dag_decorator.py took 0.320 seconds
[2025-04-21T11:22:37.414+0000] {processor.py:186} INFO - Started process (PID=3774) to work on /home/airflow/.local/lib/python3.12/site-packages/airflow/example_dags/example_dag_decorator.py
[2025-04-21T11:22:37.415+0000] {processor.py:914} INFO - Processing file /home/airflow/.local/lib/python3.12/site-packages/airflow/example_dags/example_dag_decorator.py for tasks to queue
[2025-04-21T11:22:37.417+0000] {logging_mixin.py:190} INFO - [2025-04-21T11:22:37.416+0000] {dagbag.py:588} INFO - Filling up the DagBag from /home/airflow/.local/lib/python3.12/site-packages/airflow/example_dags/example_dag_decorator.py
[2025-04-21T11:22:37.628+0000] {processor.py:925} INFO - DAG(s) 'example_dag_decorator' retrieved from /home/airflow/.local/lib/python3.12/site-packages/airflow/example_dags/example_dag_decorator.py
[2025-04-21T11:22:37.701+0000] {logging_mixin.py:190} INFO - [2025-04-21T11:22:37.701+0000] {dag.py:3239} INFO - Sync 1 DAGs
[2025-04-21T11:22:37.711+0000] {logging_mixin.py:190} INFO - [2025-04-21T11:22:37.711+0000] {dag.py:4180} INFO - Setting next_dagrun for example_dag_decorator to None, run_after=None
[2025-04-21T11:22:37.725+0000] {processor.py:208} INFO - Processing /home/airflow/.local/lib/python3.12/site-packages/airflow/example_dags/example_dag_decorator.py took 0.316 seconds
[2025-04-21T11:23:07.967+0000] {processor.py:186} INFO - Started process (PID=3837) to work on /home/airflow/.local/lib/python3.12/site-packages/airflow/example_dags/example_dag_decorator.py
[2025-04-21T11:23:07.968+0000] {processor.py:914} INFO - Processing file /home/airflow/.local/lib/python3.12/site-packages/airflow/example_dags/example_dag_decorator.py for tasks to queue
[2025-04-21T11:23:07.970+0000] {logging_mixin.py:190} INFO - [2025-04-21T11:23:07.970+0000] {dagbag.py:588} INFO - Filling up the DagBag from /home/airflow/.local/lib/python3.12/site-packages/airflow/example_dags/example_dag_decorator.py
[2025-04-21T11:23:08.189+0000] {processor.py:925} INFO - DAG(s) 'example_dag_decorator' retrieved from /home/airflow/.local/lib/python3.12/site-packages/airflow/example_dags/example_dag_decorator.py
[2025-04-21T11:23:08.263+0000] {logging_mixin.py:190} INFO - [2025-04-21T11:23:08.263+0000] {dag.py:3239} INFO - Sync 1 DAGs
[2025-04-21T11:23:08.271+0000] {logging_mixin.py:190} INFO - [2025-04-21T11:23:08.271+0000] {dag.py:4180} INFO - Setting next_dagrun for example_dag_decorator to None, run_after=None
[2025-04-21T11:23:08.286+0000] {processor.py:208} INFO - Processing /home/airflow/.local/lib/python3.12/site-packages/airflow/example_dags/example_dag_decorator.py took 0.323 seconds
[2025-04-21T11:23:38.709+0000] {processor.py:186} INFO - Started process (PID=3899) to work on /home/airflow/.local/lib/python3.12/site-packages/airflow/example_dags/example_dag_decorator.py
[2025-04-21T11:23:38.710+0000] {processor.py:914} INFO - Processing file /home/airflow/.local/lib/python3.12/site-packages/airflow/example_dags/example_dag_decorator.py for tasks to queue
[2025-04-21T11:23:38.712+0000] {logging_mixin.py:190} INFO - [2025-04-21T11:23:38.712+0000] {dagbag.py:588} INFO - Filling up the DagBag from /home/airflow/.local/lib/python3.12/site-packages/airflow/example_dags/example_dag_decorator.py
[2025-04-21T11:23:38.913+0000] {processor.py:925} INFO - DAG(s) 'example_dag_decorator' retrieved from /home/airflow/.local/lib/python3.12/site-packages/airflow/example_dags/example_dag_decorator.py
[2025-04-21T11:23:38.984+0000] {logging_mixin.py:190} INFO - [2025-04-21T11:23:38.983+0000] {dag.py:3239} INFO - Sync 1 DAGs
[2025-04-21T11:23:38.993+0000] {logging_mixin.py:190} INFO - [2025-04-21T11:23:38.992+0000] {dag.py:4180} INFO - Setting next_dagrun for example_dag_decorator to None, run_after=None
[2025-04-21T11:23:39.005+0000] {processor.py:208} INFO - Processing /home/airflow/.local/lib/python3.12/site-packages/airflow/example_dags/example_dag_decorator.py took 0.300 seconds
[2025-04-21T11:24:09.084+0000] {processor.py:186} INFO - Started process (PID=3962) to work on /home/airflow/.local/lib/python3.12/site-packages/airflow/example_dags/example_dag_decorator.py
[2025-04-21T11:24:09.087+0000] {processor.py:914} INFO - Processing file /home/airflow/.local/lib/python3.12/site-packages/airflow/example_dags/example_dag_decorator.py for tasks to queue
[2025-04-21T11:24:09.089+0000] {logging_mixin.py:190} INFO - [2025-04-21T11:24:09.089+0000] {dagbag.py:588} INFO - Filling up the DagBag from /home/airflow/.local/lib/python3.12/site-packages/airflow/example_dags/example_dag_decorator.py
[2025-04-21T11:24:09.158+0000] {processor.py:925} INFO - DAG(s) 'example_dag_decorator' retrieved from /home/airflow/.local/lib/python3.12/site-packages/airflow/example_dags/example_dag_decorator.py
[2025-04-21T11:24:09.176+0000] {logging_mixin.py:190} INFO - [2025-04-21T11:24:09.176+0000] {dag.py:3239} INFO - Sync 1 DAGs
[2025-04-21T11:24:09.188+0000] {logging_mixin.py:190} INFO - [2025-04-21T11:24:09.188+0000] {dag.py:4180} INFO - Setting next_dagrun for example_dag_decorator to None, run_after=None
[2025-04-21T11:24:09.202+0000] {processor.py:208} INFO - Processing /home/airflow/.local/lib/python3.12/site-packages/airflow/example_dags/example_dag_decorator.py took 0.122 seconds
[2025-04-21T11:24:39.629+0000] {processor.py:186} INFO - Started process (PID=4025) to work on /home/airflow/.local/lib/python3.12/site-packages/airflow/example_dags/example_dag_decorator.py
[2025-04-21T11:24:39.630+0000] {processor.py:914} INFO - Processing file /home/airflow/.local/lib/python3.12/site-packages/airflow/example_dags/example_dag_decorator.py for tasks to queue
[2025-04-21T11:24:39.632+0000] {logging_mixin.py:190} INFO - [2025-04-21T11:24:39.632+0000] {dagbag.py:588} INFO - Filling up the DagBag from /home/airflow/.local/lib/python3.12/site-packages/airflow/example_dags/example_dag_decorator.py
[2025-04-21T11:24:39.698+0000] {processor.py:925} INFO - DAG(s) 'example_dag_decorator' retrieved from /home/airflow/.local/lib/python3.12/site-packages/airflow/example_dags/example_dag_decorator.py
[2025-04-21T11:24:39.777+0000] {logging_mixin.py:190} INFO - [2025-04-21T11:24:39.777+0000] {dag.py:3239} INFO - Sync 1 DAGs
[2025-04-21T11:24:39.788+0000] {logging_mixin.py:190} INFO - [2025-04-21T11:24:39.788+0000] {dag.py:4180} INFO - Setting next_dagrun for example_dag_decorator to None, run_after=None
[2025-04-21T11:24:39.803+0000] {processor.py:208} INFO - Processing /home/airflow/.local/lib/python3.12/site-packages/airflow/example_dags/example_dag_decorator.py took 0.178 seconds
[2025-04-21T11:25:09.964+0000] {processor.py:186} INFO - Started process (PID=4088) to work on /home/airflow/.local/lib/python3.12/site-packages/airflow/example_dags/example_dag_decorator.py
[2025-04-21T11:25:09.964+0000] {processor.py:914} INFO - Processing file /home/airflow/.local/lib/python3.12/site-packages/airflow/example_dags/example_dag_decorator.py for tasks to queue
[2025-04-21T11:25:09.966+0000] {logging_mixin.py:190} INFO - [2025-04-21T11:25:09.966+0000] {dagbag.py:588} INFO - Filling up the DagBag from /home/airflow/.local/lib/python3.12/site-packages/airflow/example_dags/example_dag_decorator.py
[2025-04-21T11:25:10.027+0000] {processor.py:925} INFO - DAG(s) 'example_dag_decorator' retrieved from /home/airflow/.local/lib/python3.12/site-packages/airflow/example_dags/example_dag_decorator.py
[2025-04-21T11:25:10.100+0000] {logging_mixin.py:190} INFO - [2025-04-21T11:25:10.100+0000] {dag.py:3239} INFO - Sync 1 DAGs
[2025-04-21T11:25:10.110+0000] {logging_mixin.py:190} INFO - [2025-04-21T11:25:10.110+0000] {dag.py:4180} INFO - Setting next_dagrun for example_dag_decorator to None, run_after=None
[2025-04-21T11:25:10.125+0000] {processor.py:208} INFO - Processing /home/airflow/.local/lib/python3.12/site-packages/airflow/example_dags/example_dag_decorator.py took 0.165 seconds
[2025-04-21T11:25:40.672+0000] {processor.py:186} INFO - Started process (PID=4151) to work on /home/airflow/.local/lib/python3.12/site-packages/airflow/example_dags/example_dag_decorator.py
[2025-04-21T11:25:40.673+0000] {processor.py:914} INFO - Processing file /home/airflow/.local/lib/python3.12/site-packages/airflow/example_dags/example_dag_decorator.py for tasks to queue
[2025-04-21T11:25:40.674+0000] {logging_mixin.py:190} INFO - [2025-04-21T11:25:40.674+0000] {dagbag.py:588} INFO - Filling up the DagBag from /home/airflow/.local/lib/python3.12/site-packages/airflow/example_dags/example_dag_decorator.py
[2025-04-21T11:25:40.740+0000] {processor.py:925} INFO - DAG(s) 'example_dag_decorator' retrieved from /home/airflow/.local/lib/python3.12/site-packages/airflow/example_dags/example_dag_decorator.py
[2025-04-21T11:25:40.813+0000] {logging_mixin.py:190} INFO - [2025-04-21T11:25:40.813+0000] {dag.py:3239} INFO - Sync 1 DAGs
[2025-04-21T11:25:40.822+0000] {logging_mixin.py:190} INFO - [2025-04-21T11:25:40.822+0000] {dag.py:4180} INFO - Setting next_dagrun for example_dag_decorator to None, run_after=None
[2025-04-21T11:25:40.837+0000] {processor.py:208} INFO - Processing /home/airflow/.local/lib/python3.12/site-packages/airflow/example_dags/example_dag_decorator.py took 0.168 seconds
[2025-04-21T11:26:11.359+0000] {processor.py:186} INFO - Started process (PID=4214) to work on /home/airflow/.local/lib/python3.12/site-packages/airflow/example_dags/example_dag_decorator.py
[2025-04-21T11:26:11.359+0000] {processor.py:914} INFO - Processing file /home/airflow/.local/lib/python3.12/site-packages/airflow/example_dags/example_dag_decorator.py for tasks to queue
[2025-04-21T11:26:11.361+0000] {logging_mixin.py:190} INFO - [2025-04-21T11:26:11.361+0000] {dagbag.py:588} INFO - Filling up the DagBag from /home/airflow/.local/lib/python3.12/site-packages/airflow/example_dags/example_dag_decorator.py
[2025-04-21T11:26:11.424+0000] {processor.py:925} INFO - DAG(s) 'example_dag_decorator' retrieved from /home/airflow/.local/lib/python3.12/site-packages/airflow/example_dags/example_dag_decorator.py
[2025-04-21T11:26:11.495+0000] {logging_mixin.py:190} INFO - [2025-04-21T11:26:11.495+0000] {dag.py:3239} INFO - Sync 1 DAGs
[2025-04-21T11:26:11.505+0000] {logging_mixin.py:190} INFO - [2025-04-21T11:26:11.505+0000] {dag.py:4180} INFO - Setting next_dagrun for example_dag_decorator to None, run_after=None
[2025-04-21T11:26:11.520+0000] {processor.py:208} INFO - Processing /home/airflow/.local/lib/python3.12/site-packages/airflow/example_dags/example_dag_decorator.py took 0.165 seconds
[2025-04-21T11:26:42.193+0000] {processor.py:186} INFO - Started process (PID=4277) to work on /home/airflow/.local/lib/python3.12/site-packages/airflow/example_dags/example_dag_decorator.py
[2025-04-21T11:26:42.194+0000] {processor.py:914} INFO - Processing file /home/airflow/.local/lib/python3.12/site-packages/airflow/example_dags/example_dag_decorator.py for tasks to queue
[2025-04-21T11:26:42.197+0000] {logging_mixin.py:190} INFO - [2025-04-21T11:26:42.196+0000] {dagbag.py:588} INFO - Filling up the DagBag from /home/airflow/.local/lib/python3.12/site-packages/airflow/example_dags/example_dag_decorator.py
[2025-04-21T11:26:42.260+0000] {processor.py:925} INFO - DAG(s) 'example_dag_decorator' retrieved from /home/airflow/.local/lib/python3.12/site-packages/airflow/example_dags/example_dag_decorator.py
[2025-04-21T11:26:42.278+0000] {logging_mixin.py:190} INFO - [2025-04-21T11:26:42.278+0000] {dag.py:3239} INFO - Sync 1 DAGs
[2025-04-21T11:26:42.288+0000] {logging_mixin.py:190} INFO - [2025-04-21T11:26:42.288+0000] {dag.py:4180} INFO - Setting next_dagrun for example_dag_decorator to None, run_after=None
[2025-04-21T11:26:42.303+0000] {processor.py:208} INFO - Processing /home/airflow/.local/lib/python3.12/site-packages/airflow/example_dags/example_dag_decorator.py took 0.114 seconds
[2025-04-21T11:27:13.288+0000] {processor.py:186} INFO - Started process (PID=4340) to work on /home/airflow/.local/lib/python3.12/site-packages/airflow/example_dags/example_dag_decorator.py
[2025-04-21T11:27:13.289+0000] {processor.py:914} INFO - Processing file /home/airflow/.local/lib/python3.12/site-packages/airflow/example_dags/example_dag_decorator.py for tasks to queue
[2025-04-21T11:27:13.291+0000] {logging_mixin.py:190} INFO - [2025-04-21T11:27:13.290+0000] {dagbag.py:588} INFO - Filling up the DagBag from /home/airflow/.local/lib/python3.12/site-packages/airflow/example_dags/example_dag_decorator.py
[2025-04-21T11:27:13.366+0000] {processor.py:925} INFO - DAG(s) 'example_dag_decorator' retrieved from /home/airflow/.local/lib/python3.12/site-packages/airflow/example_dags/example_dag_decorator.py
[2025-04-21T11:27:13.447+0000] {logging_mixin.py:190} INFO - [2025-04-21T11:27:13.447+0000] {dag.py:3239} INFO - Sync 1 DAGs
[2025-04-21T11:27:13.457+0000] {logging_mixin.py:190} INFO - [2025-04-21T11:27:13.457+0000] {dag.py:4180} INFO - Setting next_dagrun for example_dag_decorator to None, run_after=None
[2025-04-21T11:27:13.475+0000] {processor.py:208} INFO - Processing /home/airflow/.local/lib/python3.12/site-packages/airflow/example_dags/example_dag_decorator.py took 0.191 seconds
[2025-04-21T11:27:43.869+0000] {processor.py:186} INFO - Started process (PID=4403) to work on /home/airflow/.local/lib/python3.12/site-packages/airflow/example_dags/example_dag_decorator.py
[2025-04-21T11:27:43.870+0000] {processor.py:914} INFO - Processing file /home/airflow/.local/lib/python3.12/site-packages/airflow/example_dags/example_dag_decorator.py for tasks to queue
[2025-04-21T11:27:43.872+0000] {logging_mixin.py:190} INFO - [2025-04-21T11:27:43.872+0000] {dagbag.py:588} INFO - Filling up the DagBag from /home/airflow/.local/lib/python3.12/site-packages/airflow/example_dags/example_dag_decorator.py
[2025-04-21T11:27:43.965+0000] {processor.py:925} INFO - DAG(s) 'example_dag_decorator' retrieved from /home/airflow/.local/lib/python3.12/site-packages/airflow/example_dags/example_dag_decorator.py
[2025-04-21T11:27:44.078+0000] {logging_mixin.py:190} INFO - [2025-04-21T11:27:44.078+0000] {dag.py:3239} INFO - Sync 1 DAGs
[2025-04-21T11:27:44.090+0000] {logging_mixin.py:190} INFO - [2025-04-21T11:27:44.089+0000] {dag.py:4180} INFO - Setting next_dagrun for example_dag_decorator to None, run_after=None
[2025-04-21T11:27:44.114+0000] {processor.py:208} INFO - Processing /home/airflow/.local/lib/python3.12/site-packages/airflow/example_dags/example_dag_decorator.py took 0.251 seconds
[2025-04-21T11:28:14.587+0000] {processor.py:186} INFO - Started process (PID=4466) to work on /home/airflow/.local/lib/python3.12/site-packages/airflow/example_dags/example_dag_decorator.py
[2025-04-21T11:28:14.588+0000] {processor.py:914} INFO - Processing file /home/airflow/.local/lib/python3.12/site-packages/airflow/example_dags/example_dag_decorator.py for tasks to queue
[2025-04-21T11:28:14.590+0000] {logging_mixin.py:190} INFO - [2025-04-21T11:28:14.590+0000] {dagbag.py:588} INFO - Filling up the DagBag from /home/airflow/.local/lib/python3.12/site-packages/airflow/example_dags/example_dag_decorator.py
[2025-04-21T11:28:14.658+0000] {processor.py:925} INFO - DAG(s) 'example_dag_decorator' retrieved from /home/airflow/.local/lib/python3.12/site-packages/airflow/example_dags/example_dag_decorator.py
[2025-04-21T11:28:14.740+0000] {logging_mixin.py:190} INFO - [2025-04-21T11:28:14.739+0000] {dag.py:3239} INFO - Sync 1 DAGs
[2025-04-21T11:28:14.750+0000] {logging_mixin.py:190} INFO - [2025-04-21T11:28:14.749+0000] {dag.py:4180} INFO - Setting next_dagrun for example_dag_decorator to None, run_after=None
[2025-04-21T11:28:14.763+0000] {processor.py:208} INFO - Processing /home/airflow/.local/lib/python3.12/site-packages/airflow/example_dags/example_dag_decorator.py took 0.180 seconds
[2025-04-21T11:28:45.043+0000] {processor.py:186} INFO - Started process (PID=4529) to work on /home/airflow/.local/lib/python3.12/site-packages/airflow/example_dags/example_dag_decorator.py
[2025-04-21T11:28:45.044+0000] {processor.py:914} INFO - Processing file /home/airflow/.local/lib/python3.12/site-packages/airflow/example_dags/example_dag_decorator.py for tasks to queue
[2025-04-21T11:28:45.046+0000] {logging_mixin.py:190} INFO - [2025-04-21T11:28:45.045+0000] {dagbag.py:588} INFO - Filling up the DagBag from /home/airflow/.local/lib/python3.12/site-packages/airflow/example_dags/example_dag_decorator.py
[2025-04-21T11:28:45.113+0000] {processor.py:925} INFO - DAG(s) 'example_dag_decorator' retrieved from /home/airflow/.local/lib/python3.12/site-packages/airflow/example_dags/example_dag_decorator.py
[2025-04-21T11:28:45.193+0000] {logging_mixin.py:190} INFO - [2025-04-21T11:28:45.193+0000] {dag.py:3239} INFO - Sync 1 DAGs
[2025-04-21T11:28:45.204+0000] {logging_mixin.py:190} INFO - [2025-04-21T11:28:45.204+0000] {dag.py:4180} INFO - Setting next_dagrun for example_dag_decorator to None, run_after=None
[2025-04-21T11:28:45.219+0000] {processor.py:208} INFO - Processing /home/airflow/.local/lib/python3.12/site-packages/airflow/example_dags/example_dag_decorator.py took 0.181 seconds
[2025-04-21T11:29:15.414+0000] {processor.py:186} INFO - Started process (PID=4591) to work on /home/airflow/.local/lib/python3.12/site-packages/airflow/example_dags/example_dag_decorator.py
[2025-04-21T11:29:15.414+0000] {processor.py:914} INFO - Processing file /home/airflow/.local/lib/python3.12/site-packages/airflow/example_dags/example_dag_decorator.py for tasks to queue
[2025-04-21T11:29:15.417+0000] {logging_mixin.py:190} INFO - [2025-04-21T11:29:15.416+0000] {dagbag.py:588} INFO - Filling up the DagBag from /home/airflow/.local/lib/python3.12/site-packages/airflow/example_dags/example_dag_decorator.py
[2025-04-21T11:29:15.488+0000] {processor.py:925} INFO - DAG(s) 'example_dag_decorator' retrieved from /home/airflow/.local/lib/python3.12/site-packages/airflow/example_dags/example_dag_decorator.py
[2025-04-21T11:29:15.568+0000] {logging_mixin.py:190} INFO - [2025-04-21T11:29:15.568+0000] {dag.py:3239} INFO - Sync 1 DAGs
[2025-04-21T11:29:15.578+0000] {logging_mixin.py:190} INFO - [2025-04-21T11:29:15.578+0000] {dag.py:4180} INFO - Setting next_dagrun for example_dag_decorator to None, run_after=None
[2025-04-21T11:29:15.596+0000] {processor.py:208} INFO - Processing /home/airflow/.local/lib/python3.12/site-packages/airflow/example_dags/example_dag_decorator.py took 0.187 seconds
[2025-04-21T11:29:45.811+0000] {processor.py:186} INFO - Started process (PID=4655) to work on /home/airflow/.local/lib/python3.12/site-packages/airflow/example_dags/example_dag_decorator.py
[2025-04-21T11:29:45.811+0000] {processor.py:914} INFO - Processing file /home/airflow/.local/lib/python3.12/site-packages/airflow/example_dags/example_dag_decorator.py for tasks to queue
[2025-04-21T11:29:45.813+0000] {logging_mixin.py:190} INFO - [2025-04-21T11:29:45.813+0000] {dagbag.py:588} INFO - Filling up the DagBag from /home/airflow/.local/lib/python3.12/site-packages/airflow/example_dags/example_dag_decorator.py
[2025-04-21T11:29:45.878+0000] {processor.py:925} INFO - DAG(s) 'example_dag_decorator' retrieved from /home/airflow/.local/lib/python3.12/site-packages/airflow/example_dags/example_dag_decorator.py
[2025-04-21T11:29:45.953+0000] {logging_mixin.py:190} INFO - [2025-04-21T11:29:45.953+0000] {dag.py:3239} INFO - Sync 1 DAGs
[2025-04-21T11:29:45.962+0000] {logging_mixin.py:190} INFO - [2025-04-21T11:29:45.962+0000] {dag.py:4180} INFO - Setting next_dagrun for example_dag_decorator to None, run_after=None
[2025-04-21T11:29:45.976+0000] {processor.py:208} INFO - Processing /home/airflow/.local/lib/python3.12/site-packages/airflow/example_dags/example_dag_decorator.py took 0.170 seconds
[2025-04-21T11:30:16.294+0000] {processor.py:186} INFO - Started process (PID=4718) to work on /home/airflow/.local/lib/python3.12/site-packages/airflow/example_dags/example_dag_decorator.py
[2025-04-21T11:30:16.295+0000] {processor.py:914} INFO - Processing file /home/airflow/.local/lib/python3.12/site-packages/airflow/example_dags/example_dag_decorator.py for tasks to queue
[2025-04-21T11:30:16.297+0000] {logging_mixin.py:190} INFO - [2025-04-21T11:30:16.297+0000] {dagbag.py:588} INFO - Filling up the DagBag from /home/airflow/.local/lib/python3.12/site-packages/airflow/example_dags/example_dag_decorator.py
[2025-04-21T11:30:16.360+0000] {processor.py:925} INFO - DAG(s) 'example_dag_decorator' retrieved from /home/airflow/.local/lib/python3.12/site-packages/airflow/example_dags/example_dag_decorator.py
[2025-04-21T11:30:16.435+0000] {logging_mixin.py:190} INFO - [2025-04-21T11:30:16.435+0000] {dag.py:3239} INFO - Sync 1 DAGs
[2025-04-21T11:30:16.444+0000] {logging_mixin.py:190} INFO - [2025-04-21T11:30:16.444+0000] {dag.py:4180} INFO - Setting next_dagrun for example_dag_decorator to None, run_after=None
[2025-04-21T11:30:16.458+0000] {processor.py:208} INFO - Processing /home/airflow/.local/lib/python3.12/site-packages/airflow/example_dags/example_dag_decorator.py took 0.168 seconds
[2025-04-21T11:30:46.859+0000] {processor.py:186} INFO - Started process (PID=4781) to work on /home/airflow/.local/lib/python3.12/site-packages/airflow/example_dags/example_dag_decorator.py
[2025-04-21T11:30:46.860+0000] {processor.py:914} INFO - Processing file /home/airflow/.local/lib/python3.12/site-packages/airflow/example_dags/example_dag_decorator.py for tasks to queue
[2025-04-21T11:30:46.862+0000] {logging_mixin.py:190} INFO - [2025-04-21T11:30:46.861+0000] {dagbag.py:588} INFO - Filling up the DagBag from /home/airflow/.local/lib/python3.12/site-packages/airflow/example_dags/example_dag_decorator.py
[2025-04-21T11:30:46.931+0000] {processor.py:925} INFO - DAG(s) 'example_dag_decorator' retrieved from /home/airflow/.local/lib/python3.12/site-packages/airflow/example_dags/example_dag_decorator.py
[2025-04-21T11:30:47.011+0000] {logging_mixin.py:190} INFO - [2025-04-21T11:30:47.011+0000] {dag.py:3239} INFO - Sync 1 DAGs
[2025-04-21T11:30:47.020+0000] {logging_mixin.py:190} INFO - [2025-04-21T11:30:47.020+0000] {dag.py:4180} INFO - Setting next_dagrun for example_dag_decorator to None, run_after=None
[2025-04-21T11:30:47.035+0000] {processor.py:208} INFO - Processing /home/airflow/.local/lib/python3.12/site-packages/airflow/example_dags/example_dag_decorator.py took 0.180 seconds
[2025-04-21T11:31:17.377+0000] {processor.py:186} INFO - Started process (PID=4844) to work on /home/airflow/.local/lib/python3.12/site-packages/airflow/example_dags/example_dag_decorator.py
[2025-04-21T11:31:17.378+0000] {processor.py:914} INFO - Processing file /home/airflow/.local/lib/python3.12/site-packages/airflow/example_dags/example_dag_decorator.py for tasks to queue
[2025-04-21T11:31:17.380+0000] {logging_mixin.py:190} INFO - [2025-04-21T11:31:17.380+0000] {dagbag.py:588} INFO - Filling up the DagBag from /home/airflow/.local/lib/python3.12/site-packages/airflow/example_dags/example_dag_decorator.py
[2025-04-21T11:31:17.448+0000] {processor.py:925} INFO - DAG(s) 'example_dag_decorator' retrieved from /home/airflow/.local/lib/python3.12/site-packages/airflow/example_dags/example_dag_decorator.py
[2025-04-21T11:31:17.529+0000] {logging_mixin.py:190} INFO - [2025-04-21T11:31:17.529+0000] {dag.py:3239} INFO - Sync 1 DAGs
[2025-04-21T11:31:17.539+0000] {logging_mixin.py:190} INFO - [2025-04-21T11:31:17.539+0000] {dag.py:4180} INFO - Setting next_dagrun for example_dag_decorator to None, run_after=None
[2025-04-21T11:31:17.555+0000] {processor.py:208} INFO - Processing /home/airflow/.local/lib/python3.12/site-packages/airflow/example_dags/example_dag_decorator.py took 0.183 seconds
[2025-04-21T11:31:47.860+0000] {processor.py:186} INFO - Started process (PID=4907) to work on /home/airflow/.local/lib/python3.12/site-packages/airflow/example_dags/example_dag_decorator.py
[2025-04-21T11:31:47.861+0000] {processor.py:914} INFO - Processing file /home/airflow/.local/lib/python3.12/site-packages/airflow/example_dags/example_dag_decorator.py for tasks to queue
[2025-04-21T11:31:47.863+0000] {logging_mixin.py:190} INFO - [2025-04-21T11:31:47.863+0000] {dagbag.py:588} INFO - Filling up the DagBag from /home/airflow/.local/lib/python3.12/site-packages/airflow/example_dags/example_dag_decorator.py
[2025-04-21T11:31:47.931+0000] {processor.py:925} INFO - DAG(s) 'example_dag_decorator' retrieved from /home/airflow/.local/lib/python3.12/site-packages/airflow/example_dags/example_dag_decorator.py
[2025-04-21T11:31:48.011+0000] {logging_mixin.py:190} INFO - [2025-04-21T11:31:48.010+0000] {dag.py:3239} INFO - Sync 1 DAGs
[2025-04-21T11:31:48.021+0000] {logging_mixin.py:190} INFO - [2025-04-21T11:31:48.021+0000] {dag.py:4180} INFO - Setting next_dagrun for example_dag_decorator to None, run_after=None
[2025-04-21T11:31:48.037+0000] {processor.py:208} INFO - Processing /home/airflow/.local/lib/python3.12/site-packages/airflow/example_dags/example_dag_decorator.py took 0.181 seconds
[2025-04-21T11:32:18.100+0000] {processor.py:186} INFO - Started process (PID=4970) to work on /home/airflow/.local/lib/python3.12/site-packages/airflow/example_dags/example_dag_decorator.py
[2025-04-21T11:32:18.101+0000] {processor.py:914} INFO - Processing file /home/airflow/.local/lib/python3.12/site-packages/airflow/example_dags/example_dag_decorator.py for tasks to queue
[2025-04-21T11:32:18.103+0000] {logging_mixin.py:190} INFO - [2025-04-21T11:32:18.103+0000] {dagbag.py:588} INFO - Filling up the DagBag from /home/airflow/.local/lib/python3.12/site-packages/airflow/example_dags/example_dag_decorator.py
[2025-04-21T11:32:18.170+0000] {processor.py:925} INFO - DAG(s) 'example_dag_decorator' retrieved from /home/airflow/.local/lib/python3.12/site-packages/airflow/example_dags/example_dag_decorator.py
[2025-04-21T11:32:18.249+0000] {logging_mixin.py:190} INFO - [2025-04-21T11:32:18.249+0000] {dag.py:3239} INFO - Sync 1 DAGs
[2025-04-21T11:32:18.258+0000] {logging_mixin.py:190} INFO - [2025-04-21T11:32:18.258+0000] {dag.py:4180} INFO - Setting next_dagrun for example_dag_decorator to None, run_after=None
[2025-04-21T11:32:18.273+0000] {processor.py:208} INFO - Processing /home/airflow/.local/lib/python3.12/site-packages/airflow/example_dags/example_dag_decorator.py took 0.177 seconds
[2025-04-21T11:32:48.616+0000] {processor.py:186} INFO - Started process (PID=5033) to work on /home/airflow/.local/lib/python3.12/site-packages/airflow/example_dags/example_dag_decorator.py
[2025-04-21T11:32:48.617+0000] {processor.py:914} INFO - Processing file /home/airflow/.local/lib/python3.12/site-packages/airflow/example_dags/example_dag_decorator.py for tasks to queue
[2025-04-21T11:32:48.619+0000] {logging_mixin.py:190} INFO - [2025-04-21T11:32:48.619+0000] {dagbag.py:588} INFO - Filling up the DagBag from /home/airflow/.local/lib/python3.12/site-packages/airflow/example_dags/example_dag_decorator.py
[2025-04-21T11:32:48.683+0000] {processor.py:925} INFO - DAG(s) 'example_dag_decorator' retrieved from /home/airflow/.local/lib/python3.12/site-packages/airflow/example_dags/example_dag_decorator.py
[2025-04-21T11:32:48.763+0000] {logging_mixin.py:190} INFO - [2025-04-21T11:32:48.763+0000] {dag.py:3239} INFO - Sync 1 DAGs
[2025-04-21T11:32:48.771+0000] {logging_mixin.py:190} INFO - [2025-04-21T11:32:48.771+0000] {dag.py:4180} INFO - Setting next_dagrun for example_dag_decorator to None, run_after=None
[2025-04-21T11:32:48.787+0000] {processor.py:208} INFO - Processing /home/airflow/.local/lib/python3.12/site-packages/airflow/example_dags/example_dag_decorator.py took 0.174 seconds
[2025-04-21T11:33:19.063+0000] {processor.py:186} INFO - Started process (PID=5097) to work on /home/airflow/.local/lib/python3.12/site-packages/airflow/example_dags/example_dag_decorator.py
[2025-04-21T11:33:19.064+0000] {processor.py:914} INFO - Processing file /home/airflow/.local/lib/python3.12/site-packages/airflow/example_dags/example_dag_decorator.py for tasks to queue
[2025-04-21T11:33:19.066+0000] {logging_mixin.py:190} INFO - [2025-04-21T11:33:19.065+0000] {dagbag.py:588} INFO - Filling up the DagBag from /home/airflow/.local/lib/python3.12/site-packages/airflow/example_dags/example_dag_decorator.py
[2025-04-21T11:33:19.136+0000] {processor.py:925} INFO - DAG(s) 'example_dag_decorator' retrieved from /home/airflow/.local/lib/python3.12/site-packages/airflow/example_dags/example_dag_decorator.py
[2025-04-21T11:33:19.216+0000] {logging_mixin.py:190} INFO - [2025-04-21T11:33:19.216+0000] {dag.py:3239} INFO - Sync 1 DAGs
[2025-04-21T11:33:19.224+0000] {logging_mixin.py:190} INFO - [2025-04-21T11:33:19.224+0000] {dag.py:4180} INFO - Setting next_dagrun for example_dag_decorator to None, run_after=None
[2025-04-21T11:33:19.239+0000] {processor.py:208} INFO - Processing /home/airflow/.local/lib/python3.12/site-packages/airflow/example_dags/example_dag_decorator.py took 0.181 seconds
[2025-04-21T11:33:49.542+0000] {processor.py:186} INFO - Started process (PID=5161) to work on /home/airflow/.local/lib/python3.12/site-packages/airflow/example_dags/example_dag_decorator.py
[2025-04-21T11:33:49.543+0000] {processor.py:914} INFO - Processing file /home/airflow/.local/lib/python3.12/site-packages/airflow/example_dags/example_dag_decorator.py for tasks to queue
[2025-04-21T11:33:49.545+0000] {logging_mixin.py:190} INFO - [2025-04-21T11:33:49.545+0000] {dagbag.py:588} INFO - Filling up the DagBag from /home/airflow/.local/lib/python3.12/site-packages/airflow/example_dags/example_dag_decorator.py
[2025-04-21T11:33:49.612+0000] {processor.py:925} INFO - DAG(s) 'example_dag_decorator' retrieved from /home/airflow/.local/lib/python3.12/site-packages/airflow/example_dags/example_dag_decorator.py
[2025-04-21T11:33:49.688+0000] {logging_mixin.py:190} INFO - [2025-04-21T11:33:49.688+0000] {dag.py:3239} INFO - Sync 1 DAGs
[2025-04-21T11:33:49.697+0000] {logging_mixin.py:190} INFO - [2025-04-21T11:33:49.697+0000] {dag.py:4180} INFO - Setting next_dagrun for example_dag_decorator to None, run_after=None
[2025-04-21T11:33:49.712+0000] {processor.py:208} INFO - Processing /home/airflow/.local/lib/python3.12/site-packages/airflow/example_dags/example_dag_decorator.py took 0.173 seconds
[2025-04-21T11:34:20.634+0000] {processor.py:186} INFO - Started process (PID=5224) to work on /home/airflow/.local/lib/python3.12/site-packages/airflow/example_dags/example_dag_decorator.py
[2025-04-21T11:34:20.635+0000] {processor.py:914} INFO - Processing file /home/airflow/.local/lib/python3.12/site-packages/airflow/example_dags/example_dag_decorator.py for tasks to queue
[2025-04-21T11:34:20.637+0000] {logging_mixin.py:190} INFO - [2025-04-21T11:34:20.637+0000] {dagbag.py:588} INFO - Filling up the DagBag from /home/airflow/.local/lib/python3.12/site-packages/airflow/example_dags/example_dag_decorator.py
[2025-04-21T11:34:20.705+0000] {processor.py:925} INFO - DAG(s) 'example_dag_decorator' retrieved from /home/airflow/.local/lib/python3.12/site-packages/airflow/example_dags/example_dag_decorator.py
[2025-04-21T11:34:20.783+0000] {logging_mixin.py:190} INFO - [2025-04-21T11:34:20.782+0000] {dag.py:3239} INFO - Sync 1 DAGs
[2025-04-21T11:34:20.791+0000] {logging_mixin.py:190} INFO - [2025-04-21T11:34:20.791+0000] {dag.py:4180} INFO - Setting next_dagrun for example_dag_decorator to None, run_after=None
[2025-04-21T11:34:20.806+0000] {processor.py:208} INFO - Processing /home/airflow/.local/lib/python3.12/site-packages/airflow/example_dags/example_dag_decorator.py took 0.177 seconds
[2025-04-21T11:34:50.871+0000] {processor.py:186} INFO - Started process (PID=5279) to work on /home/airflow/.local/lib/python3.12/site-packages/airflow/example_dags/example_dag_decorator.py
[2025-04-21T11:34:50.872+0000] {processor.py:914} INFO - Processing file /home/airflow/.local/lib/python3.12/site-packages/airflow/example_dags/example_dag_decorator.py for tasks to queue
[2025-04-21T11:34:50.874+0000] {logging_mixin.py:190} INFO - [2025-04-21T11:34:50.873+0000] {dagbag.py:588} INFO - Filling up the DagBag from /home/airflow/.local/lib/python3.12/site-packages/airflow/example_dags/example_dag_decorator.py
[2025-04-21T11:34:50.944+0000] {processor.py:925} INFO - DAG(s) 'example_dag_decorator' retrieved from /home/airflow/.local/lib/python3.12/site-packages/airflow/example_dags/example_dag_decorator.py
[2025-04-21T11:34:51.027+0000] {logging_mixin.py:190} INFO - [2025-04-21T11:34:51.027+0000] {dag.py:3239} INFO - Sync 1 DAGs
[2025-04-21T11:34:51.038+0000] {logging_mixin.py:190} INFO - [2025-04-21T11:34:51.037+0000] {dag.py:4180} INFO - Setting next_dagrun for example_dag_decorator to None, run_after=None
[2025-04-21T11:34:51.053+0000] {processor.py:208} INFO - Processing /home/airflow/.local/lib/python3.12/site-packages/airflow/example_dags/example_dag_decorator.py took 0.186 seconds
[2025-04-21T11:35:21.654+0000] {processor.py:186} INFO - Started process (PID=5341) to work on /home/airflow/.local/lib/python3.12/site-packages/airflow/example_dags/example_dag_decorator.py
[2025-04-21T11:35:21.655+0000] {processor.py:914} INFO - Processing file /home/airflow/.local/lib/python3.12/site-packages/airflow/example_dags/example_dag_decorator.py for tasks to queue
[2025-04-21T11:35:21.658+0000] {logging_mixin.py:190} INFO - [2025-04-21T11:35:21.658+0000] {dagbag.py:588} INFO - Filling up the DagBag from /home/airflow/.local/lib/python3.12/site-packages/airflow/example_dags/example_dag_decorator.py
[2025-04-21T11:35:21.743+0000] {processor.py:925} INFO - DAG(s) 'example_dag_decorator' retrieved from /home/airflow/.local/lib/python3.12/site-packages/airflow/example_dags/example_dag_decorator.py
[2025-04-21T11:35:21.835+0000] {logging_mixin.py:190} INFO - [2025-04-21T11:35:21.835+0000] {dag.py:3239} INFO - Sync 1 DAGs
[2025-04-21T11:35:21.848+0000] {logging_mixin.py:190} INFO - [2025-04-21T11:35:21.848+0000] {dag.py:4180} INFO - Setting next_dagrun for example_dag_decorator to None, run_after=None
[2025-04-21T11:35:21.868+0000] {processor.py:208} INFO - Processing /home/airflow/.local/lib/python3.12/site-packages/airflow/example_dags/example_dag_decorator.py took 0.218 seconds
[2025-04-21T11:35:51.965+0000] {processor.py:186} INFO - Started process (PID=5401) to work on /home/airflow/.local/lib/python3.12/site-packages/airflow/example_dags/example_dag_decorator.py
[2025-04-21T11:35:51.966+0000] {processor.py:914} INFO - Processing file /home/airflow/.local/lib/python3.12/site-packages/airflow/example_dags/example_dag_decorator.py for tasks to queue
[2025-04-21T11:35:51.968+0000] {logging_mixin.py:190} INFO - [2025-04-21T11:35:51.968+0000] {dagbag.py:588} INFO - Filling up the DagBag from /home/airflow/.local/lib/python3.12/site-packages/airflow/example_dags/example_dag_decorator.py
[2025-04-21T11:35:52.040+0000] {processor.py:925} INFO - DAG(s) 'example_dag_decorator' retrieved from /home/airflow/.local/lib/python3.12/site-packages/airflow/example_dags/example_dag_decorator.py
[2025-04-21T11:35:52.125+0000] {logging_mixin.py:190} INFO - [2025-04-21T11:35:52.124+0000] {dag.py:3239} INFO - Sync 1 DAGs
[2025-04-21T11:35:52.134+0000] {logging_mixin.py:190} INFO - [2025-04-21T11:35:52.134+0000] {dag.py:4180} INFO - Setting next_dagrun for example_dag_decorator to None, run_after=None
[2025-04-21T11:35:52.149+0000] {processor.py:208} INFO - Processing /home/airflow/.local/lib/python3.12/site-packages/airflow/example_dags/example_dag_decorator.py took 0.188 seconds
[2025-04-21T11:36:22.414+0000] {processor.py:186} INFO - Started process (PID=5462) to work on /home/airflow/.local/lib/python3.12/site-packages/airflow/example_dags/example_dag_decorator.py
[2025-04-21T11:36:22.416+0000] {processor.py:914} INFO - Processing file /home/airflow/.local/lib/python3.12/site-packages/airflow/example_dags/example_dag_decorator.py for tasks to queue
[2025-04-21T11:36:22.419+0000] {logging_mixin.py:190} INFO - [2025-04-21T11:36:22.419+0000] {dagbag.py:588} INFO - Filling up the DagBag from /home/airflow/.local/lib/python3.12/site-packages/airflow/example_dags/example_dag_decorator.py
[2025-04-21T11:36:22.490+0000] {processor.py:925} INFO - DAG(s) 'example_dag_decorator' retrieved from /home/airflow/.local/lib/python3.12/site-packages/airflow/example_dags/example_dag_decorator.py
[2025-04-21T11:36:22.571+0000] {logging_mixin.py:190} INFO - [2025-04-21T11:36:22.571+0000] {dag.py:3239} INFO - Sync 1 DAGs
[2025-04-21T11:36:22.580+0000] {logging_mixin.py:190} INFO - [2025-04-21T11:36:22.580+0000] {dag.py:4180} INFO - Setting next_dagrun for example_dag_decorator to None, run_after=None
[2025-04-21T11:36:22.596+0000] {processor.py:208} INFO - Processing /home/airflow/.local/lib/python3.12/site-packages/airflow/example_dags/example_dag_decorator.py took 0.186 seconds
[2025-04-21T11:36:53.099+0000] {processor.py:186} INFO - Started process (PID=5526) to work on /home/airflow/.local/lib/python3.12/site-packages/airflow/example_dags/example_dag_decorator.py
[2025-04-21T11:36:53.100+0000] {processor.py:914} INFO - Processing file /home/airflow/.local/lib/python3.12/site-packages/airflow/example_dags/example_dag_decorator.py for tasks to queue
[2025-04-21T11:36:53.103+0000] {logging_mixin.py:190} INFO - [2025-04-21T11:36:53.102+0000] {dagbag.py:588} INFO - Filling up the DagBag from /home/airflow/.local/lib/python3.12/site-packages/airflow/example_dags/example_dag_decorator.py
[2025-04-21T11:36:53.171+0000] {processor.py:925} INFO - DAG(s) 'example_dag_decorator' retrieved from /home/airflow/.local/lib/python3.12/site-packages/airflow/example_dags/example_dag_decorator.py
[2025-04-21T11:36:53.187+0000] {logging_mixin.py:190} INFO - [2025-04-21T11:36:53.187+0000] {dag.py:3239} INFO - Sync 1 DAGs
[2025-04-21T11:36:53.198+0000] {logging_mixin.py:190} INFO - [2025-04-21T11:36:53.197+0000] {dag.py:4180} INFO - Setting next_dagrun for example_dag_decorator to None, run_after=None
[2025-04-21T11:36:53.214+0000] {processor.py:208} INFO - Processing /home/airflow/.local/lib/python3.12/site-packages/airflow/example_dags/example_dag_decorator.py took 0.119 seconds
[2025-04-21T11:37:23.481+0000] {processor.py:186} INFO - Started process (PID=5590) to work on /home/airflow/.local/lib/python3.12/site-packages/airflow/example_dags/example_dag_decorator.py
[2025-04-21T11:37:23.482+0000] {processor.py:914} INFO - Processing file /home/airflow/.local/lib/python3.12/site-packages/airflow/example_dags/example_dag_decorator.py for tasks to queue
[2025-04-21T11:37:23.485+0000] {logging_mixin.py:190} INFO - [2025-04-21T11:37:23.484+0000] {dagbag.py:588} INFO - Filling up the DagBag from /home/airflow/.local/lib/python3.12/site-packages/airflow/example_dags/example_dag_decorator.py
[2025-04-21T11:37:23.555+0000] {processor.py:925} INFO - DAG(s) 'example_dag_decorator' retrieved from /home/airflow/.local/lib/python3.12/site-packages/airflow/example_dags/example_dag_decorator.py
[2025-04-21T11:37:23.638+0000] {logging_mixin.py:190} INFO - [2025-04-21T11:37:23.637+0000] {dag.py:3239} INFO - Sync 1 DAGs
[2025-04-21T11:37:23.648+0000] {logging_mixin.py:190} INFO - [2025-04-21T11:37:23.648+0000] {dag.py:4180} INFO - Setting next_dagrun for example_dag_decorator to None, run_after=None
[2025-04-21T11:37:23.666+0000] {processor.py:208} INFO - Processing /home/airflow/.local/lib/python3.12/site-packages/airflow/example_dags/example_dag_decorator.py took 0.188 seconds
[2025-04-21T11:37:53.929+0000] {processor.py:186} INFO - Started process (PID=5654) to work on /home/airflow/.local/lib/python3.12/site-packages/airflow/example_dags/example_dag_decorator.py
[2025-04-21T11:37:53.929+0000] {processor.py:914} INFO - Processing file /home/airflow/.local/lib/python3.12/site-packages/airflow/example_dags/example_dag_decorator.py for tasks to queue
[2025-04-21T11:37:53.931+0000] {logging_mixin.py:190} INFO - [2025-04-21T11:37:53.931+0000] {dagbag.py:588} INFO - Filling up the DagBag from /home/airflow/.local/lib/python3.12/site-packages/airflow/example_dags/example_dag_decorator.py
[2025-04-21T11:37:54.001+0000] {processor.py:925} INFO - DAG(s) 'example_dag_decorator' retrieved from /home/airflow/.local/lib/python3.12/site-packages/airflow/example_dags/example_dag_decorator.py
[2025-04-21T11:37:54.089+0000] {logging_mixin.py:190} INFO - [2025-04-21T11:37:54.089+0000] {dag.py:3239} INFO - Sync 1 DAGs
[2025-04-21T11:37:54.099+0000] {logging_mixin.py:190} INFO - [2025-04-21T11:37:54.099+0000] {dag.py:4180} INFO - Setting next_dagrun for example_dag_decorator to None, run_after=None
[2025-04-21T11:37:54.114+0000] {processor.py:208} INFO - Processing /home/airflow/.local/lib/python3.12/site-packages/airflow/example_dags/example_dag_decorator.py took 0.190 seconds
[2025-04-21T11:38:24.486+0000] {processor.py:186} INFO - Started process (PID=5717) to work on /home/airflow/.local/lib/python3.12/site-packages/airflow/example_dags/example_dag_decorator.py
[2025-04-21T11:38:24.487+0000] {processor.py:914} INFO - Processing file /home/airflow/.local/lib/python3.12/site-packages/airflow/example_dags/example_dag_decorator.py for tasks to queue
[2025-04-21T11:38:24.489+0000] {logging_mixin.py:190} INFO - [2025-04-21T11:38:24.489+0000] {dagbag.py:588} INFO - Filling up the DagBag from /home/airflow/.local/lib/python3.12/site-packages/airflow/example_dags/example_dag_decorator.py
[2025-04-21T11:38:24.562+0000] {processor.py:925} INFO - DAG(s) 'example_dag_decorator' retrieved from /home/airflow/.local/lib/python3.12/site-packages/airflow/example_dags/example_dag_decorator.py
[2025-04-21T11:38:24.641+0000] {logging_mixin.py:190} INFO - [2025-04-21T11:38:24.641+0000] {dag.py:3239} INFO - Sync 1 DAGs
[2025-04-21T11:38:24.651+0000] {logging_mixin.py:190} INFO - [2025-04-21T11:38:24.650+0000] {dag.py:4180} INFO - Setting next_dagrun for example_dag_decorator to None, run_after=None
[2025-04-21T11:38:24.668+0000] {processor.py:208} INFO - Processing /home/airflow/.local/lib/python3.12/site-packages/airflow/example_dags/example_dag_decorator.py took 0.186 seconds
[2025-04-21T11:38:54.717+0000] {processor.py:186} INFO - Started process (PID=5781) to work on /home/airflow/.local/lib/python3.12/site-packages/airflow/example_dags/example_dag_decorator.py
[2025-04-21T11:38:54.718+0000] {processor.py:914} INFO - Processing file /home/airflow/.local/lib/python3.12/site-packages/airflow/example_dags/example_dag_decorator.py for tasks to queue
[2025-04-21T11:38:54.720+0000] {logging_mixin.py:190} INFO - [2025-04-21T11:38:54.720+0000] {dagbag.py:588} INFO - Filling up the DagBag from /home/airflow/.local/lib/python3.12/site-packages/airflow/example_dags/example_dag_decorator.py
[2025-04-21T11:38:54.791+0000] {processor.py:925} INFO - DAG(s) 'example_dag_decorator' retrieved from /home/airflow/.local/lib/python3.12/site-packages/airflow/example_dags/example_dag_decorator.py
[2025-04-21T11:38:54.871+0000] {logging_mixin.py:190} INFO - [2025-04-21T11:38:54.871+0000] {dag.py:3239} INFO - Sync 1 DAGs
[2025-04-21T11:38:54.881+0000] {logging_mixin.py:190} INFO - [2025-04-21T11:38:54.880+0000] {dag.py:4180} INFO - Setting next_dagrun for example_dag_decorator to None, run_after=None
[2025-04-21T11:38:54.897+0000] {processor.py:208} INFO - Processing /home/airflow/.local/lib/python3.12/site-packages/airflow/example_dags/example_dag_decorator.py took 0.184 seconds
[2025-04-21T11:39:25.584+0000] {processor.py:186} INFO - Started process (PID=5845) to work on /home/airflow/.local/lib/python3.12/site-packages/airflow/example_dags/example_dag_decorator.py
[2025-04-21T11:39:25.585+0000] {processor.py:914} INFO - Processing file /home/airflow/.local/lib/python3.12/site-packages/airflow/example_dags/example_dag_decorator.py for tasks to queue
[2025-04-21T11:39:25.587+0000] {logging_mixin.py:190} INFO - [2025-04-21T11:39:25.586+0000] {dagbag.py:588} INFO - Filling up the DagBag from /home/airflow/.local/lib/python3.12/site-packages/airflow/example_dags/example_dag_decorator.py
[2025-04-21T11:39:25.655+0000] {processor.py:925} INFO - DAG(s) 'example_dag_decorator' retrieved from /home/airflow/.local/lib/python3.12/site-packages/airflow/example_dags/example_dag_decorator.py
[2025-04-21T11:39:25.734+0000] {logging_mixin.py:190} INFO - [2025-04-21T11:39:25.734+0000] {dag.py:3239} INFO - Sync 1 DAGs
[2025-04-21T11:39:25.745+0000] {logging_mixin.py:190} INFO - [2025-04-21T11:39:25.744+0000] {dag.py:4180} INFO - Setting next_dagrun for example_dag_decorator to None, run_after=None
[2025-04-21T11:39:25.760+0000] {processor.py:208} INFO - Processing /home/airflow/.local/lib/python3.12/site-packages/airflow/example_dags/example_dag_decorator.py took 0.180 seconds
[2025-04-21T11:39:56.304+0000] {processor.py:186} INFO - Started process (PID=5909) to work on /home/airflow/.local/lib/python3.12/site-packages/airflow/example_dags/example_dag_decorator.py
[2025-04-21T11:39:56.305+0000] {processor.py:914} INFO - Processing file /home/airflow/.local/lib/python3.12/site-packages/airflow/example_dags/example_dag_decorator.py for tasks to queue
[2025-04-21T11:39:56.307+0000] {logging_mixin.py:190} INFO - [2025-04-21T11:39:56.306+0000] {dagbag.py:588} INFO - Filling up the DagBag from /home/airflow/.local/lib/python3.12/site-packages/airflow/example_dags/example_dag_decorator.py
[2025-04-21T11:39:56.380+0000] {processor.py:925} INFO - DAG(s) 'example_dag_decorator' retrieved from /home/airflow/.local/lib/python3.12/site-packages/airflow/example_dags/example_dag_decorator.py
[2025-04-21T11:39:56.462+0000] {logging_mixin.py:190} INFO - [2025-04-21T11:39:56.462+0000] {dag.py:3239} INFO - Sync 1 DAGs
[2025-04-21T11:39:56.472+0000] {logging_mixin.py:190} INFO - [2025-04-21T11:39:56.472+0000] {dag.py:4180} INFO - Setting next_dagrun for example_dag_decorator to None, run_after=None
[2025-04-21T11:39:56.488+0000] {processor.py:208} INFO - Processing /home/airflow/.local/lib/python3.12/site-packages/airflow/example_dags/example_dag_decorator.py took 0.188 seconds
[2025-04-21T11:40:26.530+0000] {processor.py:186} INFO - Started process (PID=5974) to work on /home/airflow/.local/lib/python3.12/site-packages/airflow/example_dags/example_dag_decorator.py
[2025-04-21T11:40:26.531+0000] {processor.py:914} INFO - Processing file /home/airflow/.local/lib/python3.12/site-packages/airflow/example_dags/example_dag_decorator.py for tasks to queue
[2025-04-21T11:40:26.534+0000] {logging_mixin.py:190} INFO - [2025-04-21T11:40:26.534+0000] {dagbag.py:588} INFO - Filling up the DagBag from /home/airflow/.local/lib/python3.12/site-packages/airflow/example_dags/example_dag_decorator.py
[2025-04-21T11:40:26.612+0000] {processor.py:925} INFO - DAG(s) 'example_dag_decorator' retrieved from /home/airflow/.local/lib/python3.12/site-packages/airflow/example_dags/example_dag_decorator.py
[2025-04-21T11:40:26.701+0000] {logging_mixin.py:190} INFO - [2025-04-21T11:40:26.701+0000] {dag.py:3239} INFO - Sync 1 DAGs
[2025-04-21T11:40:26.711+0000] {logging_mixin.py:190} INFO - [2025-04-21T11:40:26.710+0000] {dag.py:4180} INFO - Setting next_dagrun for example_dag_decorator to None, run_after=None
[2025-04-21T11:40:26.727+0000] {processor.py:208} INFO - Processing /home/airflow/.local/lib/python3.12/site-packages/airflow/example_dags/example_dag_decorator.py took 0.200 seconds
[2025-04-21T11:40:57.362+0000] {processor.py:186} INFO - Started process (PID=6037) to work on /home/airflow/.local/lib/python3.12/site-packages/airflow/example_dags/example_dag_decorator.py
[2025-04-21T11:40:57.363+0000] {processor.py:914} INFO - Processing file /home/airflow/.local/lib/python3.12/site-packages/airflow/example_dags/example_dag_decorator.py for tasks to queue
[2025-04-21T11:40:57.365+0000] {logging_mixin.py:190} INFO - [2025-04-21T11:40:57.365+0000] {dagbag.py:588} INFO - Filling up the DagBag from /home/airflow/.local/lib/python3.12/site-packages/airflow/example_dags/example_dag_decorator.py
[2025-04-21T11:40:57.437+0000] {processor.py:925} INFO - DAG(s) 'example_dag_decorator' retrieved from /home/airflow/.local/lib/python3.12/site-packages/airflow/example_dags/example_dag_decorator.py
[2025-04-21T11:40:57.521+0000] {logging_mixin.py:190} INFO - [2025-04-21T11:40:57.520+0000] {dag.py:3239} INFO - Sync 1 DAGs
[2025-04-21T11:40:57.531+0000] {logging_mixin.py:190} INFO - [2025-04-21T11:40:57.530+0000] {dag.py:4180} INFO - Setting next_dagrun for example_dag_decorator to None, run_after=None
[2025-04-21T11:40:57.546+0000] {processor.py:208} INFO - Processing /home/airflow/.local/lib/python3.12/site-packages/airflow/example_dags/example_dag_decorator.py took 0.188 seconds
[2025-04-21T11:41:28.489+0000] {processor.py:186} INFO - Started process (PID=6101) to work on /home/airflow/.local/lib/python3.12/site-packages/airflow/example_dags/example_dag_decorator.py
[2025-04-21T11:41:28.490+0000] {processor.py:914} INFO - Processing file /home/airflow/.local/lib/python3.12/site-packages/airflow/example_dags/example_dag_decorator.py for tasks to queue
[2025-04-21T11:41:28.492+0000] {logging_mixin.py:190} INFO - [2025-04-21T11:41:28.492+0000] {dagbag.py:588} INFO - Filling up the DagBag from /home/airflow/.local/lib/python3.12/site-packages/airflow/example_dags/example_dag_decorator.py
[2025-04-21T11:41:28.575+0000] {processor.py:925} INFO - DAG(s) 'example_dag_decorator' retrieved from /home/airflow/.local/lib/python3.12/site-packages/airflow/example_dags/example_dag_decorator.py
[2025-04-21T11:41:28.678+0000] {logging_mixin.py:190} INFO - [2025-04-21T11:41:28.678+0000] {dag.py:3239} INFO - Sync 1 DAGs
[2025-04-21T11:41:28.689+0000] {logging_mixin.py:190} INFO - [2025-04-21T11:41:28.689+0000] {dag.py:4180} INFO - Setting next_dagrun for example_dag_decorator to None, run_after=None
[2025-04-21T11:41:28.708+0000] {processor.py:208} INFO - Processing /home/airflow/.local/lib/python3.12/site-packages/airflow/example_dags/example_dag_decorator.py took 0.223 seconds
[2025-04-21T11:41:58.732+0000] {processor.py:186} INFO - Started process (PID=6164) to work on /home/airflow/.local/lib/python3.12/site-packages/airflow/example_dags/example_dag_decorator.py
[2025-04-21T11:41:58.733+0000] {processor.py:914} INFO - Processing file /home/airflow/.local/lib/python3.12/site-packages/airflow/example_dags/example_dag_decorator.py for tasks to queue
[2025-04-21T11:41:58.735+0000] {logging_mixin.py:190} INFO - [2025-04-21T11:41:58.735+0000] {dagbag.py:588} INFO - Filling up the DagBag from /home/airflow/.local/lib/python3.12/site-packages/airflow/example_dags/example_dag_decorator.py
[2025-04-21T11:41:58.807+0000] {processor.py:925} INFO - DAG(s) 'example_dag_decorator' retrieved from /home/airflow/.local/lib/python3.12/site-packages/airflow/example_dags/example_dag_decorator.py
[2025-04-21T11:41:58.888+0000] {logging_mixin.py:190} INFO - [2025-04-21T11:41:58.888+0000] {dag.py:3239} INFO - Sync 1 DAGs
[2025-04-21T11:41:58.899+0000] {logging_mixin.py:190} INFO - [2025-04-21T11:41:58.898+0000] {dag.py:4180} INFO - Setting next_dagrun for example_dag_decorator to None, run_after=None
[2025-04-21T11:41:58.914+0000] {processor.py:208} INFO - Processing /home/airflow/.local/lib/python3.12/site-packages/airflow/example_dags/example_dag_decorator.py took 0.186 seconds
[2025-04-21T11:42:29.489+0000] {processor.py:186} INFO - Started process (PID=6228) to work on /home/airflow/.local/lib/python3.12/site-packages/airflow/example_dags/example_dag_decorator.py
[2025-04-21T11:42:29.490+0000] {processor.py:914} INFO - Processing file /home/airflow/.local/lib/python3.12/site-packages/airflow/example_dags/example_dag_decorator.py for tasks to queue
[2025-04-21T11:42:29.492+0000] {logging_mixin.py:190} INFO - [2025-04-21T11:42:29.491+0000] {dagbag.py:588} INFO - Filling up the DagBag from /home/airflow/.local/lib/python3.12/site-packages/airflow/example_dags/example_dag_decorator.py
[2025-04-21T11:42:29.567+0000] {processor.py:925} INFO - DAG(s) 'example_dag_decorator' retrieved from /home/airflow/.local/lib/python3.12/site-packages/airflow/example_dags/example_dag_decorator.py
[2025-04-21T11:42:29.656+0000] {logging_mixin.py:190} INFO - [2025-04-21T11:42:29.656+0000] {dag.py:3239} INFO - Sync 1 DAGs
[2025-04-21T11:42:29.667+0000] {logging_mixin.py:190} INFO - [2025-04-21T11:42:29.667+0000] {dag.py:4180} INFO - Setting next_dagrun for example_dag_decorator to None, run_after=None
[2025-04-21T11:42:29.682+0000] {processor.py:208} INFO - Processing /home/airflow/.local/lib/python3.12/site-packages/airflow/example_dags/example_dag_decorator.py took 0.197 seconds
[2025-04-21T11:43:00.289+0000] {processor.py:186} INFO - Started process (PID=6292) to work on /home/airflow/.local/lib/python3.12/site-packages/airflow/example_dags/example_dag_decorator.py
[2025-04-21T11:43:00.291+0000] {processor.py:914} INFO - Processing file /home/airflow/.local/lib/python3.12/site-packages/airflow/example_dags/example_dag_decorator.py for tasks to queue
[2025-04-21T11:43:00.297+0000] {logging_mixin.py:190} INFO - [2025-04-21T11:43:00.296+0000] {dagbag.py:588} INFO - Filling up the DagBag from /home/airflow/.local/lib/python3.12/site-packages/airflow/example_dags/example_dag_decorator.py
[2025-04-21T11:43:00.479+0000] {processor.py:925} INFO - DAG(s) 'example_dag_decorator' retrieved from /home/airflow/.local/lib/python3.12/site-packages/airflow/example_dags/example_dag_decorator.py
[2025-04-21T11:43:00.649+0000] {logging_mixin.py:190} INFO - [2025-04-21T11:43:00.649+0000] {dag.py:3239} INFO - Sync 1 DAGs
[2025-04-21T11:43:00.672+0000] {logging_mixin.py:190} INFO - [2025-04-21T11:43:00.672+0000] {dag.py:4180} INFO - Setting next_dagrun for example_dag_decorator to None, run_after=None
[2025-04-21T11:43:00.710+0000] {processor.py:208} INFO - Processing /home/airflow/.local/lib/python3.12/site-packages/airflow/example_dags/example_dag_decorator.py took 0.432 seconds
[2025-04-21T11:43:31.122+0000] {processor.py:186} INFO - Started process (PID=6356) to work on /home/airflow/.local/lib/python3.12/site-packages/airflow/example_dags/example_dag_decorator.py
[2025-04-21T11:43:31.124+0000] {processor.py:914} INFO - Processing file /home/airflow/.local/lib/python3.12/site-packages/airflow/example_dags/example_dag_decorator.py for tasks to queue
[2025-04-21T11:43:31.128+0000] {logging_mixin.py:190} INFO - [2025-04-21T11:43:31.127+0000] {dagbag.py:588} INFO - Filling up the DagBag from /home/airflow/.local/lib/python3.12/site-packages/airflow/example_dags/example_dag_decorator.py
[2025-04-21T11:43:31.294+0000] {processor.py:925} INFO - DAG(s) 'example_dag_decorator' retrieved from /home/airflow/.local/lib/python3.12/site-packages/airflow/example_dags/example_dag_decorator.py
[2025-04-21T11:43:31.487+0000] {logging_mixin.py:190} INFO - [2025-04-21T11:43:31.487+0000] {dag.py:3239} INFO - Sync 1 DAGs
[2025-04-21T11:43:31.505+0000] {logging_mixin.py:190} INFO - [2025-04-21T11:43:31.505+0000] {dag.py:4180} INFO - Setting next_dagrun for example_dag_decorator to None, run_after=None
[2025-04-21T11:43:31.536+0000] {processor.py:208} INFO - Processing /home/airflow/.local/lib/python3.12/site-packages/airflow/example_dags/example_dag_decorator.py took 0.422 seconds
[2025-04-21T11:44:01.702+0000] {processor.py:186} INFO - Started process (PID=6421) to work on /home/airflow/.local/lib/python3.12/site-packages/airflow/example_dags/example_dag_decorator.py
[2025-04-21T11:44:01.704+0000] {processor.py:914} INFO - Processing file /home/airflow/.local/lib/python3.12/site-packages/airflow/example_dags/example_dag_decorator.py for tasks to queue
[2025-04-21T11:44:01.708+0000] {logging_mixin.py:190} INFO - [2025-04-21T11:44:01.707+0000] {dagbag.py:588} INFO - Filling up the DagBag from /home/airflow/.local/lib/python3.12/site-packages/airflow/example_dags/example_dag_decorator.py
[2025-04-21T11:44:01.843+0000] {processor.py:925} INFO - DAG(s) 'example_dag_decorator' retrieved from /home/airflow/.local/lib/python3.12/site-packages/airflow/example_dags/example_dag_decorator.py
[2025-04-21T11:44:02.044+0000] {logging_mixin.py:190} INFO - [2025-04-21T11:44:02.044+0000] {dag.py:3239} INFO - Sync 1 DAGs
[2025-04-21T11:44:02.068+0000] {logging_mixin.py:190} INFO - [2025-04-21T11:44:02.068+0000] {dag.py:4180} INFO - Setting next_dagrun for example_dag_decorator to None, run_after=None
[2025-04-21T11:44:02.105+0000] {processor.py:208} INFO - Processing /home/airflow/.local/lib/python3.12/site-packages/airflow/example_dags/example_dag_decorator.py took 0.412 seconds
[2025-04-21T11:44:32.462+0000] {processor.py:186} INFO - Started process (PID=6484) to work on /home/airflow/.local/lib/python3.12/site-packages/airflow/example_dags/example_dag_decorator.py
[2025-04-21T11:44:32.464+0000] {processor.py:914} INFO - Processing file /home/airflow/.local/lib/python3.12/site-packages/airflow/example_dags/example_dag_decorator.py for tasks to queue
[2025-04-21T11:44:32.469+0000] {logging_mixin.py:190} INFO - [2025-04-21T11:44:32.469+0000] {dagbag.py:588} INFO - Filling up the DagBag from /home/airflow/.local/lib/python3.12/site-packages/airflow/example_dags/example_dag_decorator.py
[2025-04-21T11:44:32.653+0000] {processor.py:925} INFO - DAG(s) 'example_dag_decorator' retrieved from /home/airflow/.local/lib/python3.12/site-packages/airflow/example_dags/example_dag_decorator.py
[2025-04-21T11:44:32.875+0000] {logging_mixin.py:190} INFO - [2025-04-21T11:44:32.874+0000] {dag.py:3239} INFO - Sync 1 DAGs
[2025-04-21T11:44:32.894+0000] {logging_mixin.py:190} INFO - [2025-04-21T11:44:32.894+0000] {dag.py:4180} INFO - Setting next_dagrun for example_dag_decorator to None, run_after=None
[2025-04-21T11:44:32.923+0000] {processor.py:208} INFO - Processing /home/airflow/.local/lib/python3.12/site-packages/airflow/example_dags/example_dag_decorator.py took 0.473 seconds
[2025-04-21T11:45:03.051+0000] {processor.py:186} INFO - Started process (PID=6548) to work on /home/airflow/.local/lib/python3.12/site-packages/airflow/example_dags/example_dag_decorator.py
[2025-04-21T11:45:03.052+0000] {processor.py:914} INFO - Processing file /home/airflow/.local/lib/python3.12/site-packages/airflow/example_dags/example_dag_decorator.py for tasks to queue
[2025-04-21T11:45:03.058+0000] {logging_mixin.py:190} INFO - [2025-04-21T11:45:03.058+0000] {dagbag.py:588} INFO - Filling up the DagBag from /home/airflow/.local/lib/python3.12/site-packages/airflow/example_dags/example_dag_decorator.py
[2025-04-21T11:45:03.274+0000] {processor.py:925} INFO - DAG(s) 'example_dag_decorator' retrieved from /home/airflow/.local/lib/python3.12/site-packages/airflow/example_dags/example_dag_decorator.py
[2025-04-21T11:45:03.509+0000] {logging_mixin.py:190} INFO - [2025-04-21T11:45:03.508+0000] {dag.py:3239} INFO - Sync 1 DAGs
[2025-04-21T11:45:03.532+0000] {logging_mixin.py:190} INFO - [2025-04-21T11:45:03.532+0000] {dag.py:4180} INFO - Setting next_dagrun for example_dag_decorator to None, run_after=None
[2025-04-21T11:45:03.569+0000] {processor.py:208} INFO - Processing /home/airflow/.local/lib/python3.12/site-packages/airflow/example_dags/example_dag_decorator.py took 0.530 seconds
[2025-04-21T11:45:33.730+0000] {processor.py:186} INFO - Started process (PID=6614) to work on /home/airflow/.local/lib/python3.12/site-packages/airflow/example_dags/example_dag_decorator.py
[2025-04-21T11:45:33.731+0000] {processor.py:914} INFO - Processing file /home/airflow/.local/lib/python3.12/site-packages/airflow/example_dags/example_dag_decorator.py for tasks to queue
[2025-04-21T11:45:33.735+0000] {logging_mixin.py:190} INFO - [2025-04-21T11:45:33.734+0000] {dagbag.py:588} INFO - Filling up the DagBag from /home/airflow/.local/lib/python3.12/site-packages/airflow/example_dags/example_dag_decorator.py
[2025-04-21T11:45:33.905+0000] {processor.py:925} INFO - DAG(s) 'example_dag_decorator' retrieved from /home/airflow/.local/lib/python3.12/site-packages/airflow/example_dags/example_dag_decorator.py
[2025-04-21T11:45:34.071+0000] {logging_mixin.py:190} INFO - [2025-04-21T11:45:34.071+0000] {dag.py:3239} INFO - Sync 1 DAGs
[2025-04-21T11:45:34.093+0000] {logging_mixin.py:190} INFO - [2025-04-21T11:45:34.092+0000] {dag.py:4180} INFO - Setting next_dagrun for example_dag_decorator to None, run_after=None
[2025-04-21T11:45:34.125+0000] {processor.py:208} INFO - Processing /home/airflow/.local/lib/python3.12/site-packages/airflow/example_dags/example_dag_decorator.py took 0.404 seconds
[2025-04-21T11:46:04.274+0000] {processor.py:186} INFO - Started process (PID=6680) to work on /home/airflow/.local/lib/python3.12/site-packages/airflow/example_dags/example_dag_decorator.py
[2025-04-21T11:46:04.276+0000] {processor.py:914} INFO - Processing file /home/airflow/.local/lib/python3.12/site-packages/airflow/example_dags/example_dag_decorator.py for tasks to queue
[2025-04-21T11:46:04.279+0000] {logging_mixin.py:190} INFO - [2025-04-21T11:46:04.279+0000] {dagbag.py:588} INFO - Filling up the DagBag from /home/airflow/.local/lib/python3.12/site-packages/airflow/example_dags/example_dag_decorator.py
[2025-04-21T11:46:04.415+0000] {processor.py:925} INFO - DAG(s) 'example_dag_decorator' retrieved from /home/airflow/.local/lib/python3.12/site-packages/airflow/example_dags/example_dag_decorator.py
[2025-04-21T11:46:04.448+0000] {logging_mixin.py:190} INFO - [2025-04-21T11:46:04.447+0000] {dag.py:3239} INFO - Sync 1 DAGs
[2025-04-21T11:46:04.479+0000] {logging_mixin.py:190} INFO - [2025-04-21T11:46:04.478+0000] {dag.py:4180} INFO - Setting next_dagrun for example_dag_decorator to None, run_after=None
[2025-04-21T11:46:04.518+0000] {processor.py:208} INFO - Processing /home/airflow/.local/lib/python3.12/site-packages/airflow/example_dags/example_dag_decorator.py took 0.251 seconds
[2025-04-21T11:46:34.710+0000] {processor.py:186} INFO - Started process (PID=6740) to work on /home/airflow/.local/lib/python3.12/site-packages/airflow/example_dags/example_dag_decorator.py
[2025-04-21T11:46:34.712+0000] {processor.py:914} INFO - Processing file /home/airflow/.local/lib/python3.12/site-packages/airflow/example_dags/example_dag_decorator.py for tasks to queue
[2025-04-21T11:46:34.715+0000] {logging_mixin.py:190} INFO - [2025-04-21T11:46:34.714+0000] {dagbag.py:588} INFO - Filling up the DagBag from /home/airflow/.local/lib/python3.12/site-packages/airflow/example_dags/example_dag_decorator.py
[2025-04-21T11:46:34.849+0000] {processor.py:925} INFO - DAG(s) 'example_dag_decorator' retrieved from /home/airflow/.local/lib/python3.12/site-packages/airflow/example_dags/example_dag_decorator.py
[2025-04-21T11:46:35.002+0000] {logging_mixin.py:190} INFO - [2025-04-21T11:46:35.002+0000] {dag.py:3239} INFO - Sync 1 DAGs
[2025-04-21T11:46:35.019+0000] {logging_mixin.py:190} INFO - [2025-04-21T11:46:35.019+0000] {dag.py:4180} INFO - Setting next_dagrun for example_dag_decorator to None, run_after=None
[2025-04-21T11:46:35.053+0000] {processor.py:208} INFO - Processing /home/airflow/.local/lib/python3.12/site-packages/airflow/example_dags/example_dag_decorator.py took 0.348 seconds
[2025-04-21T11:47:05.260+0000] {processor.py:186} INFO - Started process (PID=6804) to work on /home/airflow/.local/lib/python3.12/site-packages/airflow/example_dags/example_dag_decorator.py
[2025-04-21T11:47:05.261+0000] {processor.py:914} INFO - Processing file /home/airflow/.local/lib/python3.12/site-packages/airflow/example_dags/example_dag_decorator.py for tasks to queue
[2025-04-21T11:47:05.265+0000] {logging_mixin.py:190} INFO - [2025-04-21T11:47:05.265+0000] {dagbag.py:588} INFO - Filling up the DagBag from /home/airflow/.local/lib/python3.12/site-packages/airflow/example_dags/example_dag_decorator.py
[2025-04-21T11:47:05.421+0000] {processor.py:925} INFO - DAG(s) 'example_dag_decorator' retrieved from /home/airflow/.local/lib/python3.12/site-packages/airflow/example_dags/example_dag_decorator.py
[2025-04-21T11:47:05.623+0000] {logging_mixin.py:190} INFO - [2025-04-21T11:47:05.623+0000] {dag.py:3239} INFO - Sync 1 DAGs
[2025-04-21T11:47:05.639+0000] {logging_mixin.py:190} INFO - [2025-04-21T11:47:05.639+0000] {dag.py:4180} INFO - Setting next_dagrun for example_dag_decorator to None, run_after=None
[2025-04-21T11:47:05.670+0000] {processor.py:208} INFO - Processing /home/airflow/.local/lib/python3.12/site-packages/airflow/example_dags/example_dag_decorator.py took 0.417 seconds
[2025-04-21T11:47:35.754+0000] {processor.py:186} INFO - Started process (PID=6870) to work on /home/airflow/.local/lib/python3.12/site-packages/airflow/example_dags/example_dag_decorator.py
[2025-04-21T11:47:35.756+0000] {processor.py:914} INFO - Processing file /home/airflow/.local/lib/python3.12/site-packages/airflow/example_dags/example_dag_decorator.py for tasks to queue
[2025-04-21T11:47:35.762+0000] {logging_mixin.py:190} INFO - [2025-04-21T11:47:35.761+0000] {dagbag.py:588} INFO - Filling up the DagBag from /home/airflow/.local/lib/python3.12/site-packages/airflow/example_dags/example_dag_decorator.py
[2025-04-21T11:47:35.977+0000] {processor.py:925} INFO - DAG(s) 'example_dag_decorator' retrieved from /home/airflow/.local/lib/python3.12/site-packages/airflow/example_dags/example_dag_decorator.py
[2025-04-21T11:47:36.231+0000] {logging_mixin.py:190} INFO - [2025-04-21T11:47:36.230+0000] {dag.py:3239} INFO - Sync 1 DAGs
[2025-04-21T11:47:36.251+0000] {logging_mixin.py:190} INFO - [2025-04-21T11:47:36.250+0000] {dag.py:4180} INFO - Setting next_dagrun for example_dag_decorator to None, run_after=None
[2025-04-21T11:47:36.286+0000] {processor.py:208} INFO - Processing /home/airflow/.local/lib/python3.12/site-packages/airflow/example_dags/example_dag_decorator.py took 0.545 seconds
[2025-04-21T11:48:06.853+0000] {processor.py:186} INFO - Started process (PID=6936) to work on /home/airflow/.local/lib/python3.12/site-packages/airflow/example_dags/example_dag_decorator.py
[2025-04-21T11:48:06.855+0000] {processor.py:914} INFO - Processing file /home/airflow/.local/lib/python3.12/site-packages/airflow/example_dags/example_dag_decorator.py for tasks to queue
[2025-04-21T11:48:06.861+0000] {logging_mixin.py:190} INFO - [2025-04-21T11:48:06.860+0000] {dagbag.py:588} INFO - Filling up the DagBag from /home/airflow/.local/lib/python3.12/site-packages/airflow/example_dags/example_dag_decorator.py
[2025-04-21T11:48:07.011+0000] {processor.py:925} INFO - DAG(s) 'example_dag_decorator' retrieved from /home/airflow/.local/lib/python3.12/site-packages/airflow/example_dags/example_dag_decorator.py
[2025-04-21T11:48:07.261+0000] {logging_mixin.py:190} INFO - [2025-04-21T11:48:07.260+0000] {dag.py:3239} INFO - Sync 1 DAGs
[2025-04-21T11:48:07.290+0000] {logging_mixin.py:190} INFO - [2025-04-21T11:48:07.290+0000] {dag.py:4180} INFO - Setting next_dagrun for example_dag_decorator to None, run_after=None
[2025-04-21T11:48:07.332+0000] {processor.py:208} INFO - Processing /home/airflow/.local/lib/python3.12/site-packages/airflow/example_dags/example_dag_decorator.py took 0.493 seconds
[2025-04-21T11:48:37.519+0000] {processor.py:186} INFO - Started process (PID=7000) to work on /home/airflow/.local/lib/python3.12/site-packages/airflow/example_dags/example_dag_decorator.py
[2025-04-21T11:48:37.521+0000] {processor.py:914} INFO - Processing file /home/airflow/.local/lib/python3.12/site-packages/airflow/example_dags/example_dag_decorator.py for tasks to queue
[2025-04-21T11:48:37.527+0000] {logging_mixin.py:190} INFO - [2025-04-21T11:48:37.526+0000] {dagbag.py:588} INFO - Filling up the DagBag from /home/airflow/.local/lib/python3.12/site-packages/airflow/example_dags/example_dag_decorator.py
[2025-04-21T11:48:37.668+0000] {processor.py:925} INFO - DAG(s) 'example_dag_decorator' retrieved from /home/airflow/.local/lib/python3.12/site-packages/airflow/example_dags/example_dag_decorator.py
[2025-04-21T11:48:37.922+0000] {logging_mixin.py:190} INFO - [2025-04-21T11:48:37.921+0000] {dag.py:3239} INFO - Sync 1 DAGs
[2025-04-21T11:48:37.950+0000] {logging_mixin.py:190} INFO - [2025-04-21T11:48:37.950+0000] {dag.py:4180} INFO - Setting next_dagrun for example_dag_decorator to None, run_after=None
[2025-04-21T11:48:37.997+0000] {processor.py:208} INFO - Processing /home/airflow/.local/lib/python3.12/site-packages/airflow/example_dags/example_dag_decorator.py took 0.491 seconds
[2025-04-21T11:49:08.983+0000] {processor.py:186} INFO - Started process (PID=7065) to work on /home/airflow/.local/lib/python3.12/site-packages/airflow/example_dags/example_dag_decorator.py
[2025-04-21T11:49:08.985+0000] {processor.py:914} INFO - Processing file /home/airflow/.local/lib/python3.12/site-packages/airflow/example_dags/example_dag_decorator.py for tasks to queue
[2025-04-21T11:49:08.991+0000] {logging_mixin.py:190} INFO - [2025-04-21T11:49:08.990+0000] {dagbag.py:588} INFO - Filling up the DagBag from /home/airflow/.local/lib/python3.12/site-packages/airflow/example_dags/example_dag_decorator.py
[2025-04-21T11:49:09.212+0000] {processor.py:925} INFO - DAG(s) 'example_dag_decorator' retrieved from /home/airflow/.local/lib/python3.12/site-packages/airflow/example_dags/example_dag_decorator.py
[2025-04-21T11:49:09.258+0000] {logging_mixin.py:190} INFO - [2025-04-21T11:49:09.257+0000] {dag.py:3239} INFO - Sync 1 DAGs
[2025-04-21T11:49:09.289+0000] {logging_mixin.py:190} INFO - [2025-04-21T11:49:09.288+0000] {dag.py:4180} INFO - Setting next_dagrun for example_dag_decorator to None, run_after=None
[2025-04-21T11:49:09.322+0000] {processor.py:208} INFO - Processing /home/airflow/.local/lib/python3.12/site-packages/airflow/example_dags/example_dag_decorator.py took 0.350 seconds
[2025-04-21T11:49:40.216+0000] {processor.py:186} INFO - Started process (PID=7135) to work on /home/airflow/.local/lib/python3.12/site-packages/airflow/example_dags/example_dag_decorator.py
[2025-04-21T11:49:40.218+0000] {processor.py:914} INFO - Processing file /home/airflow/.local/lib/python3.12/site-packages/airflow/example_dags/example_dag_decorator.py for tasks to queue
[2025-04-21T11:49:40.222+0000] {logging_mixin.py:190} INFO - [2025-04-21T11:49:40.221+0000] {dagbag.py:588} INFO - Filling up the DagBag from /home/airflow/.local/lib/python3.12/site-packages/airflow/example_dags/example_dag_decorator.py
[2025-04-21T11:49:40.381+0000] {processor.py:925} INFO - DAG(s) 'example_dag_decorator' retrieved from /home/airflow/.local/lib/python3.12/site-packages/airflow/example_dags/example_dag_decorator.py
[2025-04-21T11:49:40.576+0000] {logging_mixin.py:190} INFO - [2025-04-21T11:49:40.576+0000] {dag.py:3239} INFO - Sync 1 DAGs
[2025-04-21T11:49:40.594+0000] {logging_mixin.py:190} INFO - [2025-04-21T11:49:40.593+0000] {dag.py:4180} INFO - Setting next_dagrun for example_dag_decorator to None, run_after=None
[2025-04-21T11:49:40.625+0000] {processor.py:208} INFO - Processing /home/airflow/.local/lib/python3.12/site-packages/airflow/example_dags/example_dag_decorator.py took 0.418 seconds
[2025-04-21T11:50:11.520+0000] {processor.py:186} INFO - Started process (PID=7199) to work on /home/airflow/.local/lib/python3.12/site-packages/airflow/example_dags/example_dag_decorator.py
[2025-04-21T11:50:11.522+0000] {processor.py:914} INFO - Processing file /home/airflow/.local/lib/python3.12/site-packages/airflow/example_dags/example_dag_decorator.py for tasks to queue
[2025-04-21T11:50:11.529+0000] {logging_mixin.py:190} INFO - [2025-04-21T11:50:11.528+0000] {dagbag.py:588} INFO - Filling up the DagBag from /home/airflow/.local/lib/python3.12/site-packages/airflow/example_dags/example_dag_decorator.py
[2025-04-21T11:50:11.838+0000] {processor.py:925} INFO - DAG(s) 'example_dag_decorator' retrieved from /home/airflow/.local/lib/python3.12/site-packages/airflow/example_dags/example_dag_decorator.py
[2025-04-21T11:50:12.100+0000] {logging_mixin.py:190} INFO - [2025-04-21T11:50:12.099+0000] {dag.py:3239} INFO - Sync 1 DAGs
[2025-04-21T11:50:12.126+0000] {logging_mixin.py:190} INFO - [2025-04-21T11:50:12.126+0000] {dag.py:4180} INFO - Setting next_dagrun for example_dag_decorator to None, run_after=None
[2025-04-21T11:50:12.168+0000] {processor.py:208} INFO - Processing /home/airflow/.local/lib/python3.12/site-packages/airflow/example_dags/example_dag_decorator.py took 0.660 seconds
[2025-04-21T11:50:42.504+0000] {processor.py:186} INFO - Started process (PID=7263) to work on /home/airflow/.local/lib/python3.12/site-packages/airflow/example_dags/example_dag_decorator.py
[2025-04-21T11:50:42.506+0000] {processor.py:914} INFO - Processing file /home/airflow/.local/lib/python3.12/site-packages/airflow/example_dags/example_dag_decorator.py for tasks to queue
[2025-04-21T11:50:42.511+0000] {logging_mixin.py:190} INFO - [2025-04-21T11:50:42.511+0000] {dagbag.py:588} INFO - Filling up the DagBag from /home/airflow/.local/lib/python3.12/site-packages/airflow/example_dags/example_dag_decorator.py
[2025-04-21T11:50:42.733+0000] {processor.py:925} INFO - DAG(s) 'example_dag_decorator' retrieved from /home/airflow/.local/lib/python3.12/site-packages/airflow/example_dags/example_dag_decorator.py
[2025-04-21T11:50:42.926+0000] {logging_mixin.py:190} INFO - [2025-04-21T11:50:42.925+0000] {dag.py:3239} INFO - Sync 1 DAGs
[2025-04-21T11:50:42.942+0000] {logging_mixin.py:190} INFO - [2025-04-21T11:50:42.942+0000] {dag.py:4180} INFO - Setting next_dagrun for example_dag_decorator to None, run_after=None
[2025-04-21T11:50:42.968+0000] {processor.py:208} INFO - Processing /home/airflow/.local/lib/python3.12/site-packages/airflow/example_dags/example_dag_decorator.py took 0.477 seconds
[2025-04-21T11:51:13.209+0000] {processor.py:186} INFO - Started process (PID=7327) to work on /home/airflow/.local/lib/python3.12/site-packages/airflow/example_dags/example_dag_decorator.py
[2025-04-21T11:51:13.211+0000] {processor.py:914} INFO - Processing file /home/airflow/.local/lib/python3.12/site-packages/airflow/example_dags/example_dag_decorator.py for tasks to queue
[2025-04-21T11:51:13.215+0000] {logging_mixin.py:190} INFO - [2025-04-21T11:51:13.215+0000] {dagbag.py:588} INFO - Filling up the DagBag from /home/airflow/.local/lib/python3.12/site-packages/airflow/example_dags/example_dag_decorator.py
[2025-04-21T11:51:13.368+0000] {processor.py:925} INFO - DAG(s) 'example_dag_decorator' retrieved from /home/airflow/.local/lib/python3.12/site-packages/airflow/example_dags/example_dag_decorator.py
[2025-04-21T11:51:13.545+0000] {logging_mixin.py:190} INFO - [2025-04-21T11:51:13.545+0000] {dag.py:3239} INFO - Sync 1 DAGs
[2025-04-21T11:51:13.561+0000] {logging_mixin.py:190} INFO - [2025-04-21T11:51:13.561+0000] {dag.py:4180} INFO - Setting next_dagrun for example_dag_decorator to None, run_after=None
[2025-04-21T11:51:13.587+0000] {processor.py:208} INFO - Processing /home/airflow/.local/lib/python3.12/site-packages/airflow/example_dags/example_dag_decorator.py took 0.388 seconds
[2025-04-21T11:51:44.415+0000] {processor.py:186} INFO - Started process (PID=7391) to work on /home/airflow/.local/lib/python3.12/site-packages/airflow/example_dags/example_dag_decorator.py
[2025-04-21T11:51:44.417+0000] {processor.py:914} INFO - Processing file /home/airflow/.local/lib/python3.12/site-packages/airflow/example_dags/example_dag_decorator.py for tasks to queue
[2025-04-21T11:51:44.424+0000] {logging_mixin.py:190} INFO - [2025-04-21T11:51:44.423+0000] {dagbag.py:588} INFO - Filling up the DagBag from /home/airflow/.local/lib/python3.12/site-packages/airflow/example_dags/example_dag_decorator.py
[2025-04-21T11:51:44.594+0000] {processor.py:925} INFO - DAG(s) 'example_dag_decorator' retrieved from /home/airflow/.local/lib/python3.12/site-packages/airflow/example_dags/example_dag_decorator.py
[2025-04-21T11:51:44.839+0000] {logging_mixin.py:190} INFO - [2025-04-21T11:51:44.838+0000] {dag.py:3239} INFO - Sync 1 DAGs
[2025-04-21T11:51:44.870+0000] {logging_mixin.py:190} INFO - [2025-04-21T11:51:44.869+0000] {dag.py:4180} INFO - Setting next_dagrun for example_dag_decorator to None, run_after=None
[2025-04-21T11:51:44.905+0000] {processor.py:208} INFO - Processing /home/airflow/.local/lib/python3.12/site-packages/airflow/example_dags/example_dag_decorator.py took 0.502 seconds
[2025-04-21T11:52:15.186+0000] {processor.py:186} INFO - Started process (PID=7455) to work on /home/airflow/.local/lib/python3.12/site-packages/airflow/example_dags/example_dag_decorator.py
[2025-04-21T11:52:15.188+0000] {processor.py:914} INFO - Processing file /home/airflow/.local/lib/python3.12/site-packages/airflow/example_dags/example_dag_decorator.py for tasks to queue
[2025-04-21T11:52:15.195+0000] {logging_mixin.py:190} INFO - [2025-04-21T11:52:15.194+0000] {dagbag.py:588} INFO - Filling up the DagBag from /home/airflow/.local/lib/python3.12/site-packages/airflow/example_dags/example_dag_decorator.py
[2025-04-21T11:52:15.418+0000] {processor.py:925} INFO - DAG(s) 'example_dag_decorator' retrieved from /home/airflow/.local/lib/python3.12/site-packages/airflow/example_dags/example_dag_decorator.py
[2025-04-21T11:52:15.657+0000] {logging_mixin.py:190} INFO - [2025-04-21T11:52:15.657+0000] {dag.py:3239} INFO - Sync 1 DAGs
[2025-04-21T11:52:15.686+0000] {logging_mixin.py:190} INFO - [2025-04-21T11:52:15.686+0000] {dag.py:4180} INFO - Setting next_dagrun for example_dag_decorator to None, run_after=None
[2025-04-21T11:52:15.725+0000] {processor.py:208} INFO - Processing /home/airflow/.local/lib/python3.12/site-packages/airflow/example_dags/example_dag_decorator.py took 0.550 seconds
[2025-04-21T11:52:46.134+0000] {processor.py:186} INFO - Started process (PID=7519) to work on /home/airflow/.local/lib/python3.12/site-packages/airflow/example_dags/example_dag_decorator.py
[2025-04-21T11:52:46.137+0000] {processor.py:914} INFO - Processing file /home/airflow/.local/lib/python3.12/site-packages/airflow/example_dags/example_dag_decorator.py for tasks to queue
[2025-04-21T11:52:46.142+0000] {logging_mixin.py:190} INFO - [2025-04-21T11:52:46.141+0000] {dagbag.py:588} INFO - Filling up the DagBag from /home/airflow/.local/lib/python3.12/site-packages/airflow/example_dags/example_dag_decorator.py
[2025-04-21T11:52:46.342+0000] {processor.py:925} INFO - DAG(s) 'example_dag_decorator' retrieved from /home/airflow/.local/lib/python3.12/site-packages/airflow/example_dags/example_dag_decorator.py
[2025-04-21T11:52:46.590+0000] {logging_mixin.py:190} INFO - [2025-04-21T11:52:46.589+0000] {dag.py:3239} INFO - Sync 1 DAGs
[2025-04-21T11:52:46.619+0000] {logging_mixin.py:190} INFO - [2025-04-21T11:52:46.618+0000] {dag.py:4180} INFO - Setting next_dagrun for example_dag_decorator to None, run_after=None
[2025-04-21T11:52:46.662+0000] {processor.py:208} INFO - Processing /home/airflow/.local/lib/python3.12/site-packages/airflow/example_dags/example_dag_decorator.py took 0.540 seconds
[2025-04-21T11:53:16.740+0000] {processor.py:186} INFO - Started process (PID=7583) to work on /home/airflow/.local/lib/python3.12/site-packages/airflow/example_dags/example_dag_decorator.py
[2025-04-21T11:53:16.742+0000] {processor.py:914} INFO - Processing file /home/airflow/.local/lib/python3.12/site-packages/airflow/example_dags/example_dag_decorator.py for tasks to queue
[2025-04-21T11:53:16.748+0000] {logging_mixin.py:190} INFO - [2025-04-21T11:53:16.747+0000] {dagbag.py:588} INFO - Filling up the DagBag from /home/airflow/.local/lib/python3.12/site-packages/airflow/example_dags/example_dag_decorator.py
[2025-04-21T11:53:16.959+0000] {processor.py:925} INFO - DAG(s) 'example_dag_decorator' retrieved from /home/airflow/.local/lib/python3.12/site-packages/airflow/example_dags/example_dag_decorator.py
[2025-04-21T11:53:17.209+0000] {logging_mixin.py:190} INFO - [2025-04-21T11:53:17.209+0000] {dag.py:3239} INFO - Sync 1 DAGs
[2025-04-21T11:53:17.231+0000] {logging_mixin.py:190} INFO - [2025-04-21T11:53:17.230+0000] {dag.py:4180} INFO - Setting next_dagrun for example_dag_decorator to None, run_after=None
[2025-04-21T11:53:17.278+0000] {processor.py:208} INFO - Processing /home/airflow/.local/lib/python3.12/site-packages/airflow/example_dags/example_dag_decorator.py took 0.550 seconds
[2025-04-21T11:53:47.477+0000] {processor.py:186} INFO - Started process (PID=7647) to work on /home/airflow/.local/lib/python3.12/site-packages/airflow/example_dags/example_dag_decorator.py
[2025-04-21T11:53:47.479+0000] {processor.py:914} INFO - Processing file /home/airflow/.local/lib/python3.12/site-packages/airflow/example_dags/example_dag_decorator.py for tasks to queue
[2025-04-21T11:53:47.484+0000] {logging_mixin.py:190} INFO - [2025-04-21T11:53:47.483+0000] {dagbag.py:588} INFO - Filling up the DagBag from /home/airflow/.local/lib/python3.12/site-packages/airflow/example_dags/example_dag_decorator.py
[2025-04-21T11:53:47.689+0000] {processor.py:925} INFO - DAG(s) 'example_dag_decorator' retrieved from /home/airflow/.local/lib/python3.12/site-packages/airflow/example_dags/example_dag_decorator.py
[2025-04-21T11:53:47.927+0000] {logging_mixin.py:190} INFO - [2025-04-21T11:53:47.926+0000] {dag.py:3239} INFO - Sync 1 DAGs
[2025-04-21T11:53:47.952+0000] {logging_mixin.py:190} INFO - [2025-04-21T11:53:47.952+0000] {dag.py:4180} INFO - Setting next_dagrun for example_dag_decorator to None, run_after=None
[2025-04-21T11:53:47.994+0000] {processor.py:208} INFO - Processing /home/airflow/.local/lib/python3.12/site-packages/airflow/example_dags/example_dag_decorator.py took 0.529 seconds
[2025-04-21T11:54:18.230+0000] {processor.py:186} INFO - Started process (PID=7710) to work on /home/airflow/.local/lib/python3.12/site-packages/airflow/example_dags/example_dag_decorator.py
[2025-04-21T11:54:18.233+0000] {processor.py:914} INFO - Processing file /home/airflow/.local/lib/python3.12/site-packages/airflow/example_dags/example_dag_decorator.py for tasks to queue
[2025-04-21T11:54:18.238+0000] {logging_mixin.py:190} INFO - [2025-04-21T11:54:18.238+0000] {dagbag.py:588} INFO - Filling up the DagBag from /home/airflow/.local/lib/python3.12/site-packages/airflow/example_dags/example_dag_decorator.py
[2025-04-21T11:54:18.411+0000] {processor.py:925} INFO - DAG(s) 'example_dag_decorator' retrieved from /home/airflow/.local/lib/python3.12/site-packages/airflow/example_dags/example_dag_decorator.py
[2025-04-21T11:54:18.642+0000] {logging_mixin.py:190} INFO - [2025-04-21T11:54:18.642+0000] {dag.py:3239} INFO - Sync 1 DAGs
[2025-04-21T11:54:18.669+0000] {logging_mixin.py:190} INFO - [2025-04-21T11:54:18.668+0000] {dag.py:4180} INFO - Setting next_dagrun for example_dag_decorator to None, run_after=None
[2025-04-21T11:54:18.705+0000] {processor.py:208} INFO - Processing /home/airflow/.local/lib/python3.12/site-packages/airflow/example_dags/example_dag_decorator.py took 0.487 seconds
[2025-04-21T11:54:49.207+0000] {processor.py:186} INFO - Started process (PID=7774) to work on /home/airflow/.local/lib/python3.12/site-packages/airflow/example_dags/example_dag_decorator.py
[2025-04-21T11:54:49.209+0000] {processor.py:914} INFO - Processing file /home/airflow/.local/lib/python3.12/site-packages/airflow/example_dags/example_dag_decorator.py for tasks to queue
[2025-04-21T11:54:49.215+0000] {logging_mixin.py:190} INFO - [2025-04-21T11:54:49.214+0000] {dagbag.py:588} INFO - Filling up the DagBag from /home/airflow/.local/lib/python3.12/site-packages/airflow/example_dags/example_dag_decorator.py
[2025-04-21T11:54:49.430+0000] {processor.py:925} INFO - DAG(s) 'example_dag_decorator' retrieved from /home/airflow/.local/lib/python3.12/site-packages/airflow/example_dags/example_dag_decorator.py
[2025-04-21T11:54:49.674+0000] {logging_mixin.py:190} INFO - [2025-04-21T11:54:49.673+0000] {dag.py:3239} INFO - Sync 1 DAGs
[2025-04-21T11:54:49.700+0000] {logging_mixin.py:190} INFO - [2025-04-21T11:54:49.699+0000] {dag.py:4180} INFO - Setting next_dagrun for example_dag_decorator to None, run_after=None
[2025-04-21T11:54:49.740+0000] {processor.py:208} INFO - Processing /home/airflow/.local/lib/python3.12/site-packages/airflow/example_dags/example_dag_decorator.py took 0.546 seconds
[2025-04-21T11:55:19.848+0000] {processor.py:186} INFO - Started process (PID=7838) to work on /home/airflow/.local/lib/python3.12/site-packages/airflow/example_dags/example_dag_decorator.py
[2025-04-21T11:55:19.850+0000] {processor.py:914} INFO - Processing file /home/airflow/.local/lib/python3.12/site-packages/airflow/example_dags/example_dag_decorator.py for tasks to queue
[2025-04-21T11:55:19.853+0000] {logging_mixin.py:190} INFO - [2025-04-21T11:55:19.853+0000] {dagbag.py:588} INFO - Filling up the DagBag from /home/airflow/.local/lib/python3.12/site-packages/airflow/example_dags/example_dag_decorator.py
[2025-04-21T11:55:19.980+0000] {processor.py:925} INFO - DAG(s) 'example_dag_decorator' retrieved from /home/airflow/.local/lib/python3.12/site-packages/airflow/example_dags/example_dag_decorator.py
[2025-04-21T11:55:20.117+0000] {logging_mixin.py:190} INFO - [2025-04-21T11:55:20.117+0000] {dag.py:3239} INFO - Sync 1 DAGs
[2025-04-21T11:55:20.133+0000] {logging_mixin.py:190} INFO - [2025-04-21T11:55:20.133+0000] {dag.py:4180} INFO - Setting next_dagrun for example_dag_decorator to None, run_after=None
[2025-04-21T11:55:20.158+0000] {processor.py:208} INFO - Processing /home/airflow/.local/lib/python3.12/site-packages/airflow/example_dags/example_dag_decorator.py took 0.317 seconds
[2025-04-21T11:55:50.609+0000] {processor.py:186} INFO - Started process (PID=7902) to work on /home/airflow/.local/lib/python3.12/site-packages/airflow/example_dags/example_dag_decorator.py
[2025-04-21T11:55:50.611+0000] {processor.py:914} INFO - Processing file /home/airflow/.local/lib/python3.12/site-packages/airflow/example_dags/example_dag_decorator.py for tasks to queue
[2025-04-21T11:55:50.616+0000] {logging_mixin.py:190} INFO - [2025-04-21T11:55:50.616+0000] {dagbag.py:588} INFO - Filling up the DagBag from /home/airflow/.local/lib/python3.12/site-packages/airflow/example_dags/example_dag_decorator.py
[2025-04-21T11:55:50.816+0000] {processor.py:925} INFO - DAG(s) 'example_dag_decorator' retrieved from /home/airflow/.local/lib/python3.12/site-packages/airflow/example_dags/example_dag_decorator.py
[2025-04-21T11:55:51.044+0000] {logging_mixin.py:190} INFO - [2025-04-21T11:55:51.044+0000] {dag.py:3239} INFO - Sync 1 DAGs
[2025-04-21T11:55:51.066+0000] {logging_mixin.py:190} INFO - [2025-04-21T11:55:51.065+0000] {dag.py:4180} INFO - Setting next_dagrun for example_dag_decorator to None, run_after=None
[2025-04-21T11:55:51.101+0000] {processor.py:208} INFO - Processing /home/airflow/.local/lib/python3.12/site-packages/airflow/example_dags/example_dag_decorator.py took 0.503 seconds
[2025-04-21T11:56:21.558+0000] {processor.py:186} INFO - Started process (PID=7965) to work on /home/airflow/.local/lib/python3.12/site-packages/airflow/example_dags/example_dag_decorator.py
[2025-04-21T11:56:21.561+0000] {processor.py:914} INFO - Processing file /home/airflow/.local/lib/python3.12/site-packages/airflow/example_dags/example_dag_decorator.py for tasks to queue
[2025-04-21T11:56:21.566+0000] {logging_mixin.py:190} INFO - [2025-04-21T11:56:21.566+0000] {dagbag.py:588} INFO - Filling up the DagBag from /home/airflow/.local/lib/python3.12/site-packages/airflow/example_dags/example_dag_decorator.py
[2025-04-21T11:56:21.713+0000] {processor.py:925} INFO - DAG(s) 'example_dag_decorator' retrieved from /home/airflow/.local/lib/python3.12/site-packages/airflow/example_dags/example_dag_decorator.py
[2025-04-21T11:56:21.958+0000] {logging_mixin.py:190} INFO - [2025-04-21T11:56:21.957+0000] {dag.py:3239} INFO - Sync 1 DAGs
[2025-04-21T11:56:21.985+0000] {logging_mixin.py:190} INFO - [2025-04-21T11:56:21.984+0000] {dag.py:4180} INFO - Setting next_dagrun for example_dag_decorator to None, run_after=None
[2025-04-21T11:56:22.026+0000] {processor.py:208} INFO - Processing /home/airflow/.local/lib/python3.12/site-packages/airflow/example_dags/example_dag_decorator.py took 0.482 seconds
[2025-04-21T11:56:52.098+0000] {processor.py:186} INFO - Started process (PID=8030) to work on /home/airflow/.local/lib/python3.12/site-packages/airflow/example_dags/example_dag_decorator.py
[2025-04-21T11:56:52.100+0000] {processor.py:914} INFO - Processing file /home/airflow/.local/lib/python3.12/site-packages/airflow/example_dags/example_dag_decorator.py for tasks to queue
[2025-04-21T11:56:52.105+0000] {logging_mixin.py:190} INFO - [2025-04-21T11:56:52.104+0000] {dagbag.py:588} INFO - Filling up the DagBag from /home/airflow/.local/lib/python3.12/site-packages/airflow/example_dags/example_dag_decorator.py
[2025-04-21T11:56:52.321+0000] {processor.py:925} INFO - DAG(s) 'example_dag_decorator' retrieved from /home/airflow/.local/lib/python3.12/site-packages/airflow/example_dags/example_dag_decorator.py
[2025-04-21T11:56:52.568+0000] {logging_mixin.py:190} INFO - [2025-04-21T11:56:52.567+0000] {dag.py:3239} INFO - Sync 1 DAGs
[2025-04-21T11:56:52.594+0000] {logging_mixin.py:190} INFO - [2025-04-21T11:56:52.594+0000] {dag.py:4180} INFO - Setting next_dagrun for example_dag_decorator to None, run_after=None
[2025-04-21T11:56:52.635+0000] {processor.py:208} INFO - Processing /home/airflow/.local/lib/python3.12/site-packages/airflow/example_dags/example_dag_decorator.py took 0.550 seconds
[2025-04-21T11:57:23.118+0000] {processor.py:186} INFO - Started process (PID=8094) to work on /home/airflow/.local/lib/python3.12/site-packages/airflow/example_dags/example_dag_decorator.py
[2025-04-21T11:57:23.120+0000] {processor.py:914} INFO - Processing file /home/airflow/.local/lib/python3.12/site-packages/airflow/example_dags/example_dag_decorator.py for tasks to queue
[2025-04-21T11:57:23.126+0000] {logging_mixin.py:190} INFO - [2025-04-21T11:57:23.125+0000] {dagbag.py:588} INFO - Filling up the DagBag from /home/airflow/.local/lib/python3.12/site-packages/airflow/example_dags/example_dag_decorator.py
[2025-04-21T11:57:23.343+0000] {processor.py:925} INFO - DAG(s) 'example_dag_decorator' retrieved from /home/airflow/.local/lib/python3.12/site-packages/airflow/example_dags/example_dag_decorator.py
[2025-04-21T11:57:23.597+0000] {logging_mixin.py:190} INFO - [2025-04-21T11:57:23.597+0000] {dag.py:3239} INFO - Sync 1 DAGs
[2025-04-21T11:57:23.621+0000] {logging_mixin.py:190} INFO - [2025-04-21T11:57:23.620+0000] {dag.py:4180} INFO - Setting next_dagrun for example_dag_decorator to None, run_after=None
[2025-04-21T11:57:23.664+0000] {processor.py:208} INFO - Processing /home/airflow/.local/lib/python3.12/site-packages/airflow/example_dags/example_dag_decorator.py took 0.559 seconds
[2025-04-21T11:57:54.452+0000] {processor.py:186} INFO - Started process (PID=8158) to work on /home/airflow/.local/lib/python3.12/site-packages/airflow/example_dags/example_dag_decorator.py
[2025-04-21T11:57:54.454+0000] {processor.py:914} INFO - Processing file /home/airflow/.local/lib/python3.12/site-packages/airflow/example_dags/example_dag_decorator.py for tasks to queue
[2025-04-21T11:57:54.460+0000] {logging_mixin.py:190} INFO - [2025-04-21T11:57:54.459+0000] {dagbag.py:588} INFO - Filling up the DagBag from /home/airflow/.local/lib/python3.12/site-packages/airflow/example_dags/example_dag_decorator.py
[2025-04-21T11:57:54.672+0000] {processor.py:925} INFO - DAG(s) 'example_dag_decorator' retrieved from /home/airflow/.local/lib/python3.12/site-packages/airflow/example_dags/example_dag_decorator.py
[2025-04-21T11:57:54.922+0000] {logging_mixin.py:190} INFO - [2025-04-21T11:57:54.922+0000] {dag.py:3239} INFO - Sync 1 DAGs
[2025-04-21T11:57:54.951+0000] {logging_mixin.py:190} INFO - [2025-04-21T11:57:54.950+0000] {dag.py:4180} INFO - Setting next_dagrun for example_dag_decorator to None, run_after=None
[2025-04-21T11:57:54.996+0000] {processor.py:208} INFO - Processing /home/airflow/.local/lib/python3.12/site-packages/airflow/example_dags/example_dag_decorator.py took 0.556 seconds
[2025-04-21T11:58:25.131+0000] {processor.py:186} INFO - Started process (PID=8221) to work on /home/airflow/.local/lib/python3.12/site-packages/airflow/example_dags/example_dag_decorator.py
[2025-04-21T11:58:25.133+0000] {processor.py:914} INFO - Processing file /home/airflow/.local/lib/python3.12/site-packages/airflow/example_dags/example_dag_decorator.py for tasks to queue
[2025-04-21T11:58:25.138+0000] {logging_mixin.py:190} INFO - [2025-04-21T11:58:25.137+0000] {dagbag.py:588} INFO - Filling up the DagBag from /home/airflow/.local/lib/python3.12/site-packages/airflow/example_dags/example_dag_decorator.py
[2025-04-21T11:58:25.270+0000] {processor.py:925} INFO - DAG(s) 'example_dag_decorator' retrieved from /home/airflow/.local/lib/python3.12/site-packages/airflow/example_dags/example_dag_decorator.py
[2025-04-21T11:58:25.428+0000] {logging_mixin.py:190} INFO - [2025-04-21T11:58:25.428+0000] {dag.py:3239} INFO - Sync 1 DAGs
[2025-04-21T11:58:25.445+0000] {logging_mixin.py:190} INFO - [2025-04-21T11:58:25.445+0000] {dag.py:4180} INFO - Setting next_dagrun for example_dag_decorator to None, run_after=None
[2025-04-21T11:58:25.476+0000] {processor.py:208} INFO - Processing /home/airflow/.local/lib/python3.12/site-packages/airflow/example_dags/example_dag_decorator.py took 0.355 seconds
[2025-04-21T11:58:56.168+0000] {processor.py:186} INFO - Started process (PID=8283) to work on /home/airflow/.local/lib/python3.12/site-packages/airflow/example_dags/example_dag_decorator.py
[2025-04-21T11:58:56.172+0000] {processor.py:914} INFO - Processing file /home/airflow/.local/lib/python3.12/site-packages/airflow/example_dags/example_dag_decorator.py for tasks to queue
[2025-04-21T11:58:56.177+0000] {logging_mixin.py:190} INFO - [2025-04-21T11:58:56.176+0000] {dagbag.py:588} INFO - Filling up the DagBag from /home/airflow/.local/lib/python3.12/site-packages/airflow/example_dags/example_dag_decorator.py
[2025-04-21T11:58:56.381+0000] {processor.py:925} INFO - DAG(s) 'example_dag_decorator' retrieved from /home/airflow/.local/lib/python3.12/site-packages/airflow/example_dags/example_dag_decorator.py
[2025-04-21T11:58:56.619+0000] {logging_mixin.py:190} INFO - [2025-04-21T11:58:56.618+0000] {dag.py:3239} INFO - Sync 1 DAGs
[2025-04-21T11:58:56.644+0000] {logging_mixin.py:190} INFO - [2025-04-21T11:58:56.643+0000] {dag.py:4180} INFO - Setting next_dagrun for example_dag_decorator to None, run_after=None
[2025-04-21T11:58:56.682+0000] {processor.py:208} INFO - Processing /home/airflow/.local/lib/python3.12/site-packages/airflow/example_dags/example_dag_decorator.py took 0.526 seconds
[2025-04-21T11:59:27.614+0000] {processor.py:186} INFO - Started process (PID=8347) to work on /home/airflow/.local/lib/python3.12/site-packages/airflow/example_dags/example_dag_decorator.py
[2025-04-21T11:59:27.615+0000] {processor.py:914} INFO - Processing file /home/airflow/.local/lib/python3.12/site-packages/airflow/example_dags/example_dag_decorator.py for tasks to queue
[2025-04-21T11:59:27.619+0000] {logging_mixin.py:190} INFO - [2025-04-21T11:59:27.618+0000] {dagbag.py:588} INFO - Filling up the DagBag from /home/airflow/.local/lib/python3.12/site-packages/airflow/example_dags/example_dag_decorator.py
[2025-04-21T11:59:27.770+0000] {processor.py:925} INFO - DAG(s) 'example_dag_decorator' retrieved from /home/airflow/.local/lib/python3.12/site-packages/airflow/example_dags/example_dag_decorator.py
[2025-04-21T11:59:27.935+0000] {logging_mixin.py:190} INFO - [2025-04-21T11:59:27.935+0000] {dag.py:3239} INFO - Sync 1 DAGs
[2025-04-21T11:59:27.951+0000] {logging_mixin.py:190} INFO - [2025-04-21T11:59:27.951+0000] {dag.py:4180} INFO - Setting next_dagrun for example_dag_decorator to None, run_after=None
[2025-04-21T11:59:27.977+0000] {processor.py:208} INFO - Processing /home/airflow/.local/lib/python3.12/site-packages/airflow/example_dags/example_dag_decorator.py took 0.371 seconds
[2025-04-21T11:59:59.007+0000] {processor.py:186} INFO - Started process (PID=8411) to work on /home/airflow/.local/lib/python3.12/site-packages/airflow/example_dags/example_dag_decorator.py
[2025-04-21T11:59:59.009+0000] {processor.py:914} INFO - Processing file /home/airflow/.local/lib/python3.12/site-packages/airflow/example_dags/example_dag_decorator.py for tasks to queue
[2025-04-21T11:59:59.013+0000] {logging_mixin.py:190} INFO - [2025-04-21T11:59:59.013+0000] {dagbag.py:588} INFO - Filling up the DagBag from /home/airflow/.local/lib/python3.12/site-packages/airflow/example_dags/example_dag_decorator.py
[2025-04-21T11:59:59.202+0000] {processor.py:925} INFO - DAG(s) 'example_dag_decorator' retrieved from /home/airflow/.local/lib/python3.12/site-packages/airflow/example_dags/example_dag_decorator.py
[2025-04-21T11:59:59.448+0000] {logging_mixin.py:190} INFO - [2025-04-21T11:59:59.448+0000] {dag.py:3239} INFO - Sync 1 DAGs
[2025-04-21T11:59:59.475+0000] {logging_mixin.py:190} INFO - [2025-04-21T11:59:59.475+0000] {dag.py:4180} INFO - Setting next_dagrun for example_dag_decorator to None, run_after=None
[2025-04-21T11:59:59.517+0000] {processor.py:208} INFO - Processing /home/airflow/.local/lib/python3.12/site-packages/airflow/example_dags/example_dag_decorator.py took 0.519 seconds
[2025-04-21T12:00:30.897+0000] {processor.py:186} INFO - Started process (PID=8476) to work on /home/airflow/.local/lib/python3.12/site-packages/airflow/example_dags/example_dag_decorator.py
[2025-04-21T12:00:30.899+0000] {processor.py:914} INFO - Processing file /home/airflow/.local/lib/python3.12/site-packages/airflow/example_dags/example_dag_decorator.py for tasks to queue
[2025-04-21T12:00:30.904+0000] {logging_mixin.py:190} INFO - [2025-04-21T12:00:30.903+0000] {dagbag.py:588} INFO - Filling up the DagBag from /home/airflow/.local/lib/python3.12/site-packages/airflow/example_dags/example_dag_decorator.py
[2025-04-21T12:00:31.114+0000] {processor.py:925} INFO - DAG(s) 'example_dag_decorator' retrieved from /home/airflow/.local/lib/python3.12/site-packages/airflow/example_dags/example_dag_decorator.py
[2025-04-21T12:00:31.352+0000] {logging_mixin.py:190} INFO - [2025-04-21T12:00:31.351+0000] {dag.py:3239} INFO - Sync 1 DAGs
[2025-04-21T12:00:31.376+0000] {logging_mixin.py:190} INFO - [2025-04-21T12:00:31.376+0000] {dag.py:4180} INFO - Setting next_dagrun for example_dag_decorator to None, run_after=None
[2025-04-21T12:00:31.417+0000] {processor.py:208} INFO - Processing /home/airflow/.local/lib/python3.12/site-packages/airflow/example_dags/example_dag_decorator.py took 0.532 seconds
[2025-04-21T12:01:02.359+0000] {processor.py:186} INFO - Started process (PID=8540) to work on /home/airflow/.local/lib/python3.12/site-packages/airflow/example_dags/example_dag_decorator.py
[2025-04-21T12:01:02.361+0000] {processor.py:914} INFO - Processing file /home/airflow/.local/lib/python3.12/site-packages/airflow/example_dags/example_dag_decorator.py for tasks to queue
[2025-04-21T12:01:02.365+0000] {logging_mixin.py:190} INFO - [2025-04-21T12:01:02.365+0000] {dagbag.py:588} INFO - Filling up the DagBag from /home/airflow/.local/lib/python3.12/site-packages/airflow/example_dags/example_dag_decorator.py
[2025-04-21T12:01:02.581+0000] {processor.py:925} INFO - DAG(s) 'example_dag_decorator' retrieved from /home/airflow/.local/lib/python3.12/site-packages/airflow/example_dags/example_dag_decorator.py
[2025-04-21T12:01:02.772+0000] {logging_mixin.py:190} INFO - [2025-04-21T12:01:02.771+0000] {dag.py:3239} INFO - Sync 1 DAGs
[2025-04-21T12:01:02.797+0000] {logging_mixin.py:190} INFO - [2025-04-21T12:01:02.796+0000] {dag.py:4180} INFO - Setting next_dagrun for example_dag_decorator to None, run_after=None
[2025-04-21T12:01:02.835+0000] {processor.py:208} INFO - Processing /home/airflow/.local/lib/python3.12/site-packages/airflow/example_dags/example_dag_decorator.py took 0.487 seconds
[2025-04-21T12:01:33.791+0000] {processor.py:186} INFO - Started process (PID=8604) to work on /home/airflow/.local/lib/python3.12/site-packages/airflow/example_dags/example_dag_decorator.py
[2025-04-21T12:01:33.794+0000] {processor.py:914} INFO - Processing file /home/airflow/.local/lib/python3.12/site-packages/airflow/example_dags/example_dag_decorator.py for tasks to queue
[2025-04-21T12:01:33.799+0000] {logging_mixin.py:190} INFO - [2025-04-21T12:01:33.798+0000] {dagbag.py:588} INFO - Filling up the DagBag from /home/airflow/.local/lib/python3.12/site-packages/airflow/example_dags/example_dag_decorator.py
[2025-04-21T12:01:34.000+0000] {processor.py:925} INFO - DAG(s) 'example_dag_decorator' retrieved from /home/airflow/.local/lib/python3.12/site-packages/airflow/example_dags/example_dag_decorator.py
[2025-04-21T12:01:34.524+0000] {logging_mixin.py:190} INFO - [2025-04-21T12:01:34.524+0000] {dag.py:3239} INFO - Sync 1 DAGs
[2025-04-21T12:01:34.548+0000] {logging_mixin.py:190} INFO - [2025-04-21T12:01:34.548+0000] {dag.py:4180} INFO - Setting next_dagrun for example_dag_decorator to None, run_after=None
[2025-04-21T12:01:34.587+0000] {processor.py:208} INFO - Processing /home/airflow/.local/lib/python3.12/site-packages/airflow/example_dags/example_dag_decorator.py took 0.808 seconds
[2025-04-21T12:02:05.518+0000] {processor.py:186} INFO - Started process (PID=8668) to work on /home/airflow/.local/lib/python3.12/site-packages/airflow/example_dags/example_dag_decorator.py
[2025-04-21T12:02:05.520+0000] {processor.py:914} INFO - Processing file /home/airflow/.local/lib/python3.12/site-packages/airflow/example_dags/example_dag_decorator.py for tasks to queue
[2025-04-21T12:02:05.526+0000] {logging_mixin.py:190} INFO - [2025-04-21T12:02:05.525+0000] {dagbag.py:588} INFO - Filling up the DagBag from /home/airflow/.local/lib/python3.12/site-packages/airflow/example_dags/example_dag_decorator.py
[2025-04-21T12:02:05.712+0000] {processor.py:925} INFO - DAG(s) 'example_dag_decorator' retrieved from /home/airflow/.local/lib/python3.12/site-packages/airflow/example_dags/example_dag_decorator.py
[2025-04-21T12:02:06.154+0000] {logging_mixin.py:190} INFO - [2025-04-21T12:02:06.154+0000] {dag.py:3239} INFO - Sync 1 DAGs
[2025-04-21T12:02:06.170+0000] {logging_mixin.py:190} INFO - [2025-04-21T12:02:06.169+0000] {dag.py:4180} INFO - Setting next_dagrun for example_dag_decorator to None, run_after=None
[2025-04-21T12:02:06.200+0000] {processor.py:208} INFO - Processing /home/airflow/.local/lib/python3.12/site-packages/airflow/example_dags/example_dag_decorator.py took 0.694 seconds
[2025-04-21T12:02:37.013+0000] {processor.py:186} INFO - Started process (PID=8732) to work on /home/airflow/.local/lib/python3.12/site-packages/airflow/example_dags/example_dag_decorator.py
[2025-04-21T12:02:37.015+0000] {processor.py:914} INFO - Processing file /home/airflow/.local/lib/python3.12/site-packages/airflow/example_dags/example_dag_decorator.py for tasks to queue
[2025-04-21T12:02:37.020+0000] {logging_mixin.py:190} INFO - [2025-04-21T12:02:37.019+0000] {dagbag.py:588} INFO - Filling up the DagBag from /home/airflow/.local/lib/python3.12/site-packages/airflow/example_dags/example_dag_decorator.py
[2025-04-21T12:02:37.220+0000] {processor.py:925} INFO - DAG(s) 'example_dag_decorator' retrieved from /home/airflow/.local/lib/python3.12/site-packages/airflow/example_dags/example_dag_decorator.py
[2025-04-21T12:02:37.735+0000] {logging_mixin.py:190} INFO - [2025-04-21T12:02:37.734+0000] {dag.py:3239} INFO - Sync 1 DAGs
[2025-04-21T12:02:37.758+0000] {logging_mixin.py:190} INFO - [2025-04-21T12:02:37.758+0000] {dag.py:4180} INFO - Setting next_dagrun for example_dag_decorator to None, run_after=None
[2025-04-21T12:02:37.798+0000] {processor.py:208} INFO - Processing /home/airflow/.local/lib/python3.12/site-packages/airflow/example_dags/example_dag_decorator.py took 0.796 seconds
[2025-04-21T12:03:08.529+0000] {processor.py:186} INFO - Started process (PID=8797) to work on /home/airflow/.local/lib/python3.12/site-packages/airflow/example_dags/example_dag_decorator.py
[2025-04-21T12:03:08.531+0000] {processor.py:914} INFO - Processing file /home/airflow/.local/lib/python3.12/site-packages/airflow/example_dags/example_dag_decorator.py for tasks to queue
[2025-04-21T12:03:08.536+0000] {logging_mixin.py:190} INFO - [2025-04-21T12:03:08.536+0000] {dagbag.py:588} INFO - Filling up the DagBag from /home/airflow/.local/lib/python3.12/site-packages/airflow/example_dags/example_dag_decorator.py
[2025-04-21T12:03:08.733+0000] {processor.py:925} INFO - DAG(s) 'example_dag_decorator' retrieved from /home/airflow/.local/lib/python3.12/site-packages/airflow/example_dags/example_dag_decorator.py
[2025-04-21T12:03:09.216+0000] {logging_mixin.py:190} INFO - [2025-04-21T12:03:09.215+0000] {dag.py:3239} INFO - Sync 1 DAGs
[2025-04-21T12:03:09.232+0000] {logging_mixin.py:190} INFO - [2025-04-21T12:03:09.232+0000] {dag.py:4180} INFO - Setting next_dagrun for example_dag_decorator to None, run_after=None
[2025-04-21T12:03:09.260+0000] {processor.py:208} INFO - Processing /home/airflow/.local/lib/python3.12/site-packages/airflow/example_dags/example_dag_decorator.py took 0.742 seconds
