[2025-04-21T10:52:58.471+0000] {processor.py:186} INFO - Started process (PID=69) to work on /home/airflow/.local/lib/python3.12/site-packages/airflow/example_dags/example_bash_operator.py
[2025-04-21T10:52:58.472+0000] {processor.py:914} INFO - Processing file /home/airflow/.local/lib/python3.12/site-packages/airflow/example_dags/example_bash_operator.py for tasks to queue
[2025-04-21T10:52:58.479+0000] {logging_mixin.py:190} INFO - [2025-04-21T10:52:58.478+0000] {dagbag.py:588} INFO - Filling up the DagBag from /home/airflow/.local/lib/python3.12/site-packages/airflow/example_dags/example_bash_operator.py
[2025-04-21T10:52:58.525+0000] {processor.py:925} INFO - DAG(s) 'example_bash_operator' retrieved from /home/airflow/.local/lib/python3.12/site-packages/airflow/example_dags/example_bash_operator.py
[2025-04-21T10:52:58.993+0000] {logging_mixin.py:190} INFO - [2025-04-21T10:52:58.992+0000] {override.py:1912} INFO - Created Permission View: can edit on DAG:example_bash_operator
[2025-04-21T10:52:59.007+0000] {logging_mixin.py:190} INFO - [2025-04-21T10:52:59.007+0000] {override.py:1912} INFO - Created Permission View: can read on DAG:example_bash_operator
[2025-04-21T10:52:59.012+0000] {logging_mixin.py:190} INFO - [2025-04-21T10:52:59.012+0000] {override.py:1912} INFO - Created Permission View: can delete on DAG:example_bash_operator
[2025-04-21T10:52:59.019+0000] {logging_mixin.py:190} INFO - [2025-04-21T10:52:59.019+0000] {override.py:1912} INFO - Created Permission View: menu access on DAG Run:example_bash_operator
[2025-04-21T10:52:59.025+0000] {logging_mixin.py:190} INFO - [2025-04-21T10:52:59.025+0000] {override.py:1912} INFO - Created Permission View: can create on DAG Run:example_bash_operator
[2025-04-21T10:52:59.030+0000] {logging_mixin.py:190} INFO - [2025-04-21T10:52:59.030+0000] {override.py:1912} INFO - Created Permission View: can read on DAG Run:example_bash_operator
[2025-04-21T10:52:59.036+0000] {logging_mixin.py:190} INFO - [2025-04-21T10:52:59.035+0000] {override.py:1912} INFO - Created Permission View: can delete on DAG Run:example_bash_operator
[2025-04-21T10:52:59.036+0000] {logging_mixin.py:190} INFO - [2025-04-21T10:52:59.036+0000] {dag.py:3239} INFO - Sync 1 DAGs
[2025-04-21T10:52:59.047+0000] {logging_mixin.py:190} INFO - [2025-04-21T10:52:59.047+0000] {dag.py:3262} INFO - Creating ORM DAG for example_bash_operator
[2025-04-21T10:52:59.055+0000] {logging_mixin.py:190} INFO - [2025-04-21T10:52:59.055+0000] {dag.py:4180} INFO - Setting next_dagrun for example_bash_operator to 2025-04-20 00:00:00+00:00, run_after=2025-04-21 00:00:00+00:00
[2025-04-21T10:52:59.074+0000] {processor.py:208} INFO - Processing /home/airflow/.local/lib/python3.12/site-packages/airflow/example_dags/example_bash_operator.py took 0.608 seconds
[2025-04-21T10:53:29.292+0000] {processor.py:186} INFO - Started process (PID=132) to work on /home/airflow/.local/lib/python3.12/site-packages/airflow/example_dags/example_bash_operator.py
[2025-04-21T10:53:29.293+0000] {processor.py:914} INFO - Processing file /home/airflow/.local/lib/python3.12/site-packages/airflow/example_dags/example_bash_operator.py for tasks to queue
[2025-04-21T10:53:29.297+0000] {logging_mixin.py:190} INFO - [2025-04-21T10:53:29.296+0000] {dagbag.py:588} INFO - Filling up the DagBag from /home/airflow/.local/lib/python3.12/site-packages/airflow/example_dags/example_bash_operator.py
[2025-04-21T10:53:29.309+0000] {processor.py:925} INFO - DAG(s) 'example_bash_operator' retrieved from /home/airflow/.local/lib/python3.12/site-packages/airflow/example_dags/example_bash_operator.py
[2025-04-21T10:53:29.332+0000] {logging_mixin.py:190} INFO - [2025-04-21T10:53:29.332+0000] {dag.py:3239} INFO - Sync 1 DAGs
[2025-04-21T10:53:29.352+0000] {logging_mixin.py:190} INFO - [2025-04-21T10:53:29.351+0000] {dag.py:4180} INFO - Setting next_dagrun for example_bash_operator to 2025-04-20 00:00:00+00:00, run_after=2025-04-21 00:00:00+00:00
[2025-04-21T10:53:29.370+0000] {processor.py:208} INFO - Processing /home/airflow/.local/lib/python3.12/site-packages/airflow/example_dags/example_bash_operator.py took 0.084 seconds
[2025-04-21T10:53:59.992+0000] {processor.py:186} INFO - Started process (PID=195) to work on /home/airflow/.local/lib/python3.12/site-packages/airflow/example_dags/example_bash_operator.py
[2025-04-21T10:53:59.993+0000] {processor.py:914} INFO - Processing file /home/airflow/.local/lib/python3.12/site-packages/airflow/example_dags/example_bash_operator.py for tasks to queue
[2025-04-21T10:53:59.995+0000] {logging_mixin.py:190} INFO - [2025-04-21T10:53:59.994+0000] {dagbag.py:588} INFO - Filling up the DagBag from /home/airflow/.local/lib/python3.12/site-packages/airflow/example_dags/example_bash_operator.py
[2025-04-21T10:54:00.005+0000] {processor.py:925} INFO - DAG(s) 'example_bash_operator' retrieved from /home/airflow/.local/lib/python3.12/site-packages/airflow/example_dags/example_bash_operator.py
[2025-04-21T10:54:00.027+0000] {logging_mixin.py:190} INFO - [2025-04-21T10:54:00.027+0000] {dag.py:3239} INFO - Sync 1 DAGs
[2025-04-21T10:54:00.047+0000] {logging_mixin.py:190} INFO - [2025-04-21T10:54:00.047+0000] {dag.py:4180} INFO - Setting next_dagrun for example_bash_operator to 2025-04-20 00:00:00+00:00, run_after=2025-04-21 00:00:00+00:00
[2025-04-21T10:54:00.073+0000] {processor.py:208} INFO - Processing /home/airflow/.local/lib/python3.12/site-packages/airflow/example_dags/example_bash_operator.py took 0.085 seconds
[2025-04-21T10:54:30.782+0000] {processor.py:186} INFO - Started process (PID=257) to work on /home/airflow/.local/lib/python3.12/site-packages/airflow/example_dags/example_bash_operator.py
[2025-04-21T10:54:30.783+0000] {processor.py:914} INFO - Processing file /home/airflow/.local/lib/python3.12/site-packages/airflow/example_dags/example_bash_operator.py for tasks to queue
[2025-04-21T10:54:30.784+0000] {logging_mixin.py:190} INFO - [2025-04-21T10:54:30.784+0000] {dagbag.py:588} INFO - Filling up the DagBag from /home/airflow/.local/lib/python3.12/site-packages/airflow/example_dags/example_bash_operator.py
[2025-04-21T10:54:30.794+0000] {processor.py:925} INFO - DAG(s) 'example_bash_operator' retrieved from /home/airflow/.local/lib/python3.12/site-packages/airflow/example_dags/example_bash_operator.py
[2025-04-21T10:54:30.815+0000] {logging_mixin.py:190} INFO - [2025-04-21T10:54:30.815+0000] {dag.py:3239} INFO - Sync 1 DAGs
[2025-04-21T10:54:30.835+0000] {logging_mixin.py:190} INFO - [2025-04-21T10:54:30.834+0000] {dag.py:4180} INFO - Setting next_dagrun for example_bash_operator to 2025-04-20 00:00:00+00:00, run_after=2025-04-21 00:00:00+00:00
[2025-04-21T10:54:30.850+0000] {processor.py:208} INFO - Processing /home/airflow/.local/lib/python3.12/site-packages/airflow/example_dags/example_bash_operator.py took 0.073 seconds
[2025-04-21T10:55:01.140+0000] {processor.py:186} INFO - Started process (PID=320) to work on /home/airflow/.local/lib/python3.12/site-packages/airflow/example_dags/example_bash_operator.py
[2025-04-21T10:55:01.141+0000] {processor.py:914} INFO - Processing file /home/airflow/.local/lib/python3.12/site-packages/airflow/example_dags/example_bash_operator.py for tasks to queue
[2025-04-21T10:55:01.143+0000] {logging_mixin.py:190} INFO - [2025-04-21T10:55:01.142+0000] {dagbag.py:588} INFO - Filling up the DagBag from /home/airflow/.local/lib/python3.12/site-packages/airflow/example_dags/example_bash_operator.py
[2025-04-21T10:55:01.152+0000] {processor.py:925} INFO - DAG(s) 'example_bash_operator' retrieved from /home/airflow/.local/lib/python3.12/site-packages/airflow/example_dags/example_bash_operator.py
[2025-04-21T10:55:01.173+0000] {logging_mixin.py:190} INFO - [2025-04-21T10:55:01.173+0000] {dag.py:3239} INFO - Sync 1 DAGs
[2025-04-21T10:55:01.191+0000] {logging_mixin.py:190} INFO - [2025-04-21T10:55:01.191+0000] {dag.py:4180} INFO - Setting next_dagrun for example_bash_operator to 2025-04-20 00:00:00+00:00, run_after=2025-04-21 00:00:00+00:00
[2025-04-21T10:55:01.206+0000] {processor.py:208} INFO - Processing /home/airflow/.local/lib/python3.12/site-packages/airflow/example_dags/example_bash_operator.py took 0.070 seconds
[2025-04-21T10:55:31.536+0000] {processor.py:186} INFO - Started process (PID=383) to work on /home/airflow/.local/lib/python3.12/site-packages/airflow/example_dags/example_bash_operator.py
[2025-04-21T10:55:31.537+0000] {processor.py:914} INFO - Processing file /home/airflow/.local/lib/python3.12/site-packages/airflow/example_dags/example_bash_operator.py for tasks to queue
[2025-04-21T10:55:31.538+0000] {logging_mixin.py:190} INFO - [2025-04-21T10:55:31.538+0000] {dagbag.py:588} INFO - Filling up the DagBag from /home/airflow/.local/lib/python3.12/site-packages/airflow/example_dags/example_bash_operator.py
[2025-04-21T10:55:31.548+0000] {processor.py:925} INFO - DAG(s) 'example_bash_operator' retrieved from /home/airflow/.local/lib/python3.12/site-packages/airflow/example_dags/example_bash_operator.py
[2025-04-21T10:55:31.566+0000] {logging_mixin.py:190} INFO - [2025-04-21T10:55:31.565+0000] {dag.py:3239} INFO - Sync 1 DAGs
[2025-04-21T10:55:31.583+0000] {logging_mixin.py:190} INFO - [2025-04-21T10:55:31.583+0000] {dag.py:4180} INFO - Setting next_dagrun for example_bash_operator to 2025-04-20 00:00:00+00:00, run_after=2025-04-21 00:00:00+00:00
[2025-04-21T10:55:31.596+0000] {processor.py:208} INFO - Processing /home/airflow/.local/lib/python3.12/site-packages/airflow/example_dags/example_bash_operator.py took 0.064 seconds
[2025-04-21T10:56:01.876+0000] {processor.py:186} INFO - Started process (PID=446) to work on /home/airflow/.local/lib/python3.12/site-packages/airflow/example_dags/example_bash_operator.py
[2025-04-21T10:56:01.877+0000] {processor.py:914} INFO - Processing file /home/airflow/.local/lib/python3.12/site-packages/airflow/example_dags/example_bash_operator.py for tasks to queue
[2025-04-21T10:56:01.879+0000] {logging_mixin.py:190} INFO - [2025-04-21T10:56:01.879+0000] {dagbag.py:588} INFO - Filling up the DagBag from /home/airflow/.local/lib/python3.12/site-packages/airflow/example_dags/example_bash_operator.py
[2025-04-21T10:56:01.888+0000] {processor.py:925} INFO - DAG(s) 'example_bash_operator' retrieved from /home/airflow/.local/lib/python3.12/site-packages/airflow/example_dags/example_bash_operator.py
[2025-04-21T10:56:01.906+0000] {logging_mixin.py:190} INFO - [2025-04-21T10:56:01.906+0000] {dag.py:3239} INFO - Sync 1 DAGs
[2025-04-21T10:56:01.923+0000] {logging_mixin.py:190} INFO - [2025-04-21T10:56:01.923+0000] {dag.py:4180} INFO - Setting next_dagrun for example_bash_operator to 2025-04-20 00:00:00+00:00, run_after=2025-04-21 00:00:00+00:00
[2025-04-21T10:56:01.937+0000] {processor.py:208} INFO - Processing /home/airflow/.local/lib/python3.12/site-packages/airflow/example_dags/example_bash_operator.py took 0.065 seconds
[2025-04-21T10:56:32.021+0000] {processor.py:186} INFO - Started process (PID=509) to work on /home/airflow/.local/lib/python3.12/site-packages/airflow/example_dags/example_bash_operator.py
[2025-04-21T10:56:32.023+0000] {processor.py:914} INFO - Processing file /home/airflow/.local/lib/python3.12/site-packages/airflow/example_dags/example_bash_operator.py for tasks to queue
[2025-04-21T10:56:32.025+0000] {logging_mixin.py:190} INFO - [2025-04-21T10:56:32.025+0000] {dagbag.py:588} INFO - Filling up the DagBag from /home/airflow/.local/lib/python3.12/site-packages/airflow/example_dags/example_bash_operator.py
[2025-04-21T10:56:32.034+0000] {processor.py:925} INFO - DAG(s) 'example_bash_operator' retrieved from /home/airflow/.local/lib/python3.12/site-packages/airflow/example_dags/example_bash_operator.py
[2025-04-21T10:56:32.052+0000] {logging_mixin.py:190} INFO - [2025-04-21T10:56:32.051+0000] {dag.py:3239} INFO - Sync 1 DAGs
[2025-04-21T10:56:32.070+0000] {logging_mixin.py:190} INFO - [2025-04-21T10:56:32.069+0000] {dag.py:4180} INFO - Setting next_dagrun for example_bash_operator to 2025-04-20 00:00:00+00:00, run_after=2025-04-21 00:00:00+00:00
[2025-04-21T10:56:32.085+0000] {processor.py:208} INFO - Processing /home/airflow/.local/lib/python3.12/site-packages/airflow/example_dags/example_bash_operator.py took 0.069 seconds
[2025-04-21T10:57:02.587+0000] {processor.py:186} INFO - Started process (PID=572) to work on /home/airflow/.local/lib/python3.12/site-packages/airflow/example_dags/example_bash_operator.py
[2025-04-21T10:57:02.588+0000] {processor.py:914} INFO - Processing file /home/airflow/.local/lib/python3.12/site-packages/airflow/example_dags/example_bash_operator.py for tasks to queue
[2025-04-21T10:57:02.590+0000] {logging_mixin.py:190} INFO - [2025-04-21T10:57:02.590+0000] {dagbag.py:588} INFO - Filling up the DagBag from /home/airflow/.local/lib/python3.12/site-packages/airflow/example_dags/example_bash_operator.py
[2025-04-21T10:57:02.601+0000] {processor.py:925} INFO - DAG(s) 'example_bash_operator' retrieved from /home/airflow/.local/lib/python3.12/site-packages/airflow/example_dags/example_bash_operator.py
[2025-04-21T10:57:02.623+0000] {logging_mixin.py:190} INFO - [2025-04-21T10:57:02.622+0000] {dag.py:3239} INFO - Sync 1 DAGs
[2025-04-21T10:57:02.641+0000] {logging_mixin.py:190} INFO - [2025-04-21T10:57:02.640+0000] {dag.py:4180} INFO - Setting next_dagrun for example_bash_operator to 2025-04-20 00:00:00+00:00, run_after=2025-04-21 00:00:00+00:00
[2025-04-21T10:57:02.656+0000] {processor.py:208} INFO - Processing /home/airflow/.local/lib/python3.12/site-packages/airflow/example_dags/example_bash_operator.py took 0.074 seconds
[2025-04-21T10:57:32.744+0000] {processor.py:186} INFO - Started process (PID=634) to work on /home/airflow/.local/lib/python3.12/site-packages/airflow/example_dags/example_bash_operator.py
[2025-04-21T10:57:32.744+0000] {processor.py:914} INFO - Processing file /home/airflow/.local/lib/python3.12/site-packages/airflow/example_dags/example_bash_operator.py for tasks to queue
[2025-04-21T10:57:32.747+0000] {logging_mixin.py:190} INFO - [2025-04-21T10:57:32.747+0000] {dagbag.py:588} INFO - Filling up the DagBag from /home/airflow/.local/lib/python3.12/site-packages/airflow/example_dags/example_bash_operator.py
[2025-04-21T10:57:32.755+0000] {processor.py:925} INFO - DAG(s) 'example_bash_operator' retrieved from /home/airflow/.local/lib/python3.12/site-packages/airflow/example_dags/example_bash_operator.py
[2025-04-21T10:57:32.773+0000] {logging_mixin.py:190} INFO - [2025-04-21T10:57:32.773+0000] {dag.py:3239} INFO - Sync 1 DAGs
[2025-04-21T10:57:32.790+0000] {logging_mixin.py:190} INFO - [2025-04-21T10:57:32.790+0000] {dag.py:4180} INFO - Setting next_dagrun for example_bash_operator to 2025-04-20 00:00:00+00:00, run_after=2025-04-21 00:00:00+00:00
[2025-04-21T10:57:32.803+0000] {processor.py:208} INFO - Processing /home/airflow/.local/lib/python3.12/site-packages/airflow/example_dags/example_bash_operator.py took 0.063 seconds
[2025-04-21T10:58:02.860+0000] {processor.py:186} INFO - Started process (PID=697) to work on /home/airflow/.local/lib/python3.12/site-packages/airflow/example_dags/example_bash_operator.py
[2025-04-21T10:58:02.860+0000] {processor.py:914} INFO - Processing file /home/airflow/.local/lib/python3.12/site-packages/airflow/example_dags/example_bash_operator.py for tasks to queue
[2025-04-21T10:58:02.862+0000] {logging_mixin.py:190} INFO - [2025-04-21T10:58:02.862+0000] {dagbag.py:588} INFO - Filling up the DagBag from /home/airflow/.local/lib/python3.12/site-packages/airflow/example_dags/example_bash_operator.py
[2025-04-21T10:58:02.871+0000] {processor.py:925} INFO - DAG(s) 'example_bash_operator' retrieved from /home/airflow/.local/lib/python3.12/site-packages/airflow/example_dags/example_bash_operator.py
[2025-04-21T10:58:02.889+0000] {logging_mixin.py:190} INFO - [2025-04-21T10:58:02.889+0000] {dag.py:3239} INFO - Sync 1 DAGs
[2025-04-21T10:58:02.906+0000] {logging_mixin.py:190} INFO - [2025-04-21T10:58:02.906+0000] {dag.py:4180} INFO - Setting next_dagrun for example_bash_operator to 2025-04-20 00:00:00+00:00, run_after=2025-04-21 00:00:00+00:00
[2025-04-21T10:58:02.921+0000] {processor.py:208} INFO - Processing /home/airflow/.local/lib/python3.12/site-packages/airflow/example_dags/example_bash_operator.py took 0.065 seconds
[2025-04-21T10:58:32.991+0000] {processor.py:186} INFO - Started process (PID=760) to work on /home/airflow/.local/lib/python3.12/site-packages/airflow/example_dags/example_bash_operator.py
[2025-04-21T10:58:32.992+0000] {processor.py:914} INFO - Processing file /home/airflow/.local/lib/python3.12/site-packages/airflow/example_dags/example_bash_operator.py for tasks to queue
[2025-04-21T10:58:32.993+0000] {logging_mixin.py:190} INFO - [2025-04-21T10:58:32.993+0000] {dagbag.py:588} INFO - Filling up the DagBag from /home/airflow/.local/lib/python3.12/site-packages/airflow/example_dags/example_bash_operator.py
[2025-04-21T10:58:33.003+0000] {processor.py:925} INFO - DAG(s) 'example_bash_operator' retrieved from /home/airflow/.local/lib/python3.12/site-packages/airflow/example_dags/example_bash_operator.py
[2025-04-21T10:58:33.024+0000] {logging_mixin.py:190} INFO - [2025-04-21T10:58:33.024+0000] {dag.py:3239} INFO - Sync 1 DAGs
[2025-04-21T10:58:33.042+0000] {logging_mixin.py:190} INFO - [2025-04-21T10:58:33.042+0000] {dag.py:4180} INFO - Setting next_dagrun for example_bash_operator to 2025-04-20 00:00:00+00:00, run_after=2025-04-21 00:00:00+00:00
[2025-04-21T10:58:33.056+0000] {processor.py:208} INFO - Processing /home/airflow/.local/lib/python3.12/site-packages/airflow/example_dags/example_bash_operator.py took 0.070 seconds
[2025-04-21T10:59:03.450+0000] {processor.py:186} INFO - Started process (PID=823) to work on /home/airflow/.local/lib/python3.12/site-packages/airflow/example_dags/example_bash_operator.py
[2025-04-21T10:59:03.450+0000] {processor.py:914} INFO - Processing file /home/airflow/.local/lib/python3.12/site-packages/airflow/example_dags/example_bash_operator.py for tasks to queue
[2025-04-21T10:59:03.452+0000] {logging_mixin.py:190} INFO - [2025-04-21T10:59:03.452+0000] {dagbag.py:588} INFO - Filling up the DagBag from /home/airflow/.local/lib/python3.12/site-packages/airflow/example_dags/example_bash_operator.py
[2025-04-21T10:59:03.461+0000] {processor.py:925} INFO - DAG(s) 'example_bash_operator' retrieved from /home/airflow/.local/lib/python3.12/site-packages/airflow/example_dags/example_bash_operator.py
[2025-04-21T10:59:03.480+0000] {logging_mixin.py:190} INFO - [2025-04-21T10:59:03.480+0000] {dag.py:3239} INFO - Sync 1 DAGs
[2025-04-21T10:59:03.498+0000] {logging_mixin.py:190} INFO - [2025-04-21T10:59:03.498+0000] {dag.py:4180} INFO - Setting next_dagrun for example_bash_operator to 2025-04-20 00:00:00+00:00, run_after=2025-04-21 00:00:00+00:00
[2025-04-21T10:59:03.513+0000] {processor.py:208} INFO - Processing /home/airflow/.local/lib/python3.12/site-packages/airflow/example_dags/example_bash_operator.py took 0.067 seconds
[2025-04-21T10:59:33.867+0000] {processor.py:186} INFO - Started process (PID=892) to work on /home/airflow/.local/lib/python3.12/site-packages/airflow/example_dags/example_bash_operator.py
[2025-04-21T10:59:33.868+0000] {processor.py:914} INFO - Processing file /home/airflow/.local/lib/python3.12/site-packages/airflow/example_dags/example_bash_operator.py for tasks to queue
[2025-04-21T10:59:33.870+0000] {logging_mixin.py:190} INFO - [2025-04-21T10:59:33.870+0000] {dagbag.py:588} INFO - Filling up the DagBag from /home/airflow/.local/lib/python3.12/site-packages/airflow/example_dags/example_bash_operator.py
[2025-04-21T10:59:33.878+0000] {processor.py:925} INFO - DAG(s) 'example_bash_operator' retrieved from /home/airflow/.local/lib/python3.12/site-packages/airflow/example_dags/example_bash_operator.py
[2025-04-21T10:59:33.898+0000] {logging_mixin.py:190} INFO - [2025-04-21T10:59:33.898+0000] {dag.py:3239} INFO - Sync 1 DAGs
[2025-04-21T10:59:33.916+0000] {logging_mixin.py:190} INFO - [2025-04-21T10:59:33.916+0000] {dag.py:4180} INFO - Setting next_dagrun for example_bash_operator to 2025-04-20 00:00:00+00:00, run_after=2025-04-21 00:00:00+00:00
[2025-04-21T10:59:33.930+0000] {processor.py:208} INFO - Processing /home/airflow/.local/lib/python3.12/site-packages/airflow/example_dags/example_bash_operator.py took 0.066 seconds
[2025-04-21T11:00:04.203+0000] {processor.py:186} INFO - Started process (PID=955) to work on /home/airflow/.local/lib/python3.12/site-packages/airflow/example_dags/example_bash_operator.py
[2025-04-21T11:00:04.204+0000] {processor.py:914} INFO - Processing file /home/airflow/.local/lib/python3.12/site-packages/airflow/example_dags/example_bash_operator.py for tasks to queue
[2025-04-21T11:00:04.206+0000] {logging_mixin.py:190} INFO - [2025-04-21T11:00:04.205+0000] {dagbag.py:588} INFO - Filling up the DagBag from /home/airflow/.local/lib/python3.12/site-packages/airflow/example_dags/example_bash_operator.py
[2025-04-21T11:00:04.215+0000] {processor.py:925} INFO - DAG(s) 'example_bash_operator' retrieved from /home/airflow/.local/lib/python3.12/site-packages/airflow/example_dags/example_bash_operator.py
[2025-04-21T11:00:04.235+0000] {logging_mixin.py:190} INFO - [2025-04-21T11:00:04.234+0000] {dag.py:3239} INFO - Sync 1 DAGs
[2025-04-21T11:00:04.252+0000] {logging_mixin.py:190} INFO - [2025-04-21T11:00:04.252+0000] {dag.py:4180} INFO - Setting next_dagrun for example_bash_operator to 2025-04-20 00:00:00+00:00, run_after=2025-04-21 00:00:00+00:00
[2025-04-21T11:00:04.266+0000] {processor.py:208} INFO - Processing /home/airflow/.local/lib/python3.12/site-packages/airflow/example_dags/example_bash_operator.py took 0.067 seconds
[2025-04-21T11:00:34.637+0000] {processor.py:186} INFO - Started process (PID=1018) to work on /home/airflow/.local/lib/python3.12/site-packages/airflow/example_dags/example_bash_operator.py
[2025-04-21T11:00:34.637+0000] {processor.py:914} INFO - Processing file /home/airflow/.local/lib/python3.12/site-packages/airflow/example_dags/example_bash_operator.py for tasks to queue
[2025-04-21T11:00:34.639+0000] {logging_mixin.py:190} INFO - [2025-04-21T11:00:34.639+0000] {dagbag.py:588} INFO - Filling up the DagBag from /home/airflow/.local/lib/python3.12/site-packages/airflow/example_dags/example_bash_operator.py
[2025-04-21T11:00:34.647+0000] {processor.py:925} INFO - DAG(s) 'example_bash_operator' retrieved from /home/airflow/.local/lib/python3.12/site-packages/airflow/example_dags/example_bash_operator.py
[2025-04-21T11:00:34.666+0000] {logging_mixin.py:190} INFO - [2025-04-21T11:00:34.666+0000] {dag.py:3239} INFO - Sync 1 DAGs
[2025-04-21T11:00:34.684+0000] {logging_mixin.py:190} INFO - [2025-04-21T11:00:34.684+0000] {dag.py:4180} INFO - Setting next_dagrun for example_bash_operator to 2025-04-20 00:00:00+00:00, run_after=2025-04-21 00:00:00+00:00
[2025-04-21T11:00:34.700+0000] {processor.py:208} INFO - Processing /home/airflow/.local/lib/python3.12/site-packages/airflow/example_dags/example_bash_operator.py took 0.067 seconds
[2025-04-21T11:01:05.313+0000] {processor.py:186} INFO - Started process (PID=1081) to work on /home/airflow/.local/lib/python3.12/site-packages/airflow/example_dags/example_bash_operator.py
[2025-04-21T11:01:05.314+0000] {processor.py:914} INFO - Processing file /home/airflow/.local/lib/python3.12/site-packages/airflow/example_dags/example_bash_operator.py for tasks to queue
[2025-04-21T11:01:05.316+0000] {logging_mixin.py:190} INFO - [2025-04-21T11:01:05.315+0000] {dagbag.py:588} INFO - Filling up the DagBag from /home/airflow/.local/lib/python3.12/site-packages/airflow/example_dags/example_bash_operator.py
[2025-04-21T11:01:05.324+0000] {processor.py:925} INFO - DAG(s) 'example_bash_operator' retrieved from /home/airflow/.local/lib/python3.12/site-packages/airflow/example_dags/example_bash_operator.py
[2025-04-21T11:01:05.342+0000] {logging_mixin.py:190} INFO - [2025-04-21T11:01:05.342+0000] {dag.py:3239} INFO - Sync 1 DAGs
[2025-04-21T11:01:05.359+0000] {logging_mixin.py:190} INFO - [2025-04-21T11:01:05.359+0000] {dag.py:4180} INFO - Setting next_dagrun for example_bash_operator to 2025-04-20 00:00:00+00:00, run_after=2025-04-21 00:00:00+00:00
[2025-04-21T11:01:05.373+0000] {processor.py:208} INFO - Processing /home/airflow/.local/lib/python3.12/site-packages/airflow/example_dags/example_bash_operator.py took 0.063 seconds
[2025-04-21T11:01:35.586+0000] {processor.py:186} INFO - Started process (PID=1144) to work on /home/airflow/.local/lib/python3.12/site-packages/airflow/example_dags/example_bash_operator.py
[2025-04-21T11:01:35.587+0000] {processor.py:914} INFO - Processing file /home/airflow/.local/lib/python3.12/site-packages/airflow/example_dags/example_bash_operator.py for tasks to queue
[2025-04-21T11:01:35.588+0000] {logging_mixin.py:190} INFO - [2025-04-21T11:01:35.588+0000] {dagbag.py:588} INFO - Filling up the DagBag from /home/airflow/.local/lib/python3.12/site-packages/airflow/example_dags/example_bash_operator.py
[2025-04-21T11:01:35.598+0000] {processor.py:925} INFO - DAG(s) 'example_bash_operator' retrieved from /home/airflow/.local/lib/python3.12/site-packages/airflow/example_dags/example_bash_operator.py
[2025-04-21T11:01:35.617+0000] {logging_mixin.py:190} INFO - [2025-04-21T11:01:35.617+0000] {dag.py:3239} INFO - Sync 1 DAGs
[2025-04-21T11:01:35.634+0000] {logging_mixin.py:190} INFO - [2025-04-21T11:01:35.634+0000] {dag.py:4180} INFO - Setting next_dagrun for example_bash_operator to 2025-04-20 00:00:00+00:00, run_after=2025-04-21 00:00:00+00:00
[2025-04-21T11:01:35.649+0000] {processor.py:208} INFO - Processing /home/airflow/.local/lib/python3.12/site-packages/airflow/example_dags/example_bash_operator.py took 0.067 seconds
[2025-04-21T11:02:05.990+0000] {processor.py:186} INFO - Started process (PID=1207) to work on /home/airflow/.local/lib/python3.12/site-packages/airflow/example_dags/example_bash_operator.py
[2025-04-21T11:02:05.990+0000] {processor.py:914} INFO - Processing file /home/airflow/.local/lib/python3.12/site-packages/airflow/example_dags/example_bash_operator.py for tasks to queue
[2025-04-21T11:02:05.992+0000] {logging_mixin.py:190} INFO - [2025-04-21T11:02:05.991+0000] {dagbag.py:588} INFO - Filling up the DagBag from /home/airflow/.local/lib/python3.12/site-packages/airflow/example_dags/example_bash_operator.py
[2025-04-21T11:02:06.001+0000] {processor.py:925} INFO - DAG(s) 'example_bash_operator' retrieved from /home/airflow/.local/lib/python3.12/site-packages/airflow/example_dags/example_bash_operator.py
[2025-04-21T11:02:06.020+0000] {logging_mixin.py:190} INFO - [2025-04-21T11:02:06.020+0000] {dag.py:3239} INFO - Sync 1 DAGs
[2025-04-21T11:02:06.038+0000] {logging_mixin.py:190} INFO - [2025-04-21T11:02:06.038+0000] {dag.py:4180} INFO - Setting next_dagrun for example_bash_operator to 2025-04-20 00:00:00+00:00, run_after=2025-04-21 00:00:00+00:00
[2025-04-21T11:02:06.051+0000] {processor.py:208} INFO - Processing /home/airflow/.local/lib/python3.12/site-packages/airflow/example_dags/example_bash_operator.py took 0.065 seconds
[2025-04-21T11:02:36.342+0000] {processor.py:186} INFO - Started process (PID=1270) to work on /home/airflow/.local/lib/python3.12/site-packages/airflow/example_dags/example_bash_operator.py
[2025-04-21T11:02:36.343+0000] {processor.py:914} INFO - Processing file /home/airflow/.local/lib/python3.12/site-packages/airflow/example_dags/example_bash_operator.py for tasks to queue
[2025-04-21T11:02:36.344+0000] {logging_mixin.py:190} INFO - [2025-04-21T11:02:36.344+0000] {dagbag.py:588} INFO - Filling up the DagBag from /home/airflow/.local/lib/python3.12/site-packages/airflow/example_dags/example_bash_operator.py
[2025-04-21T11:02:36.354+0000] {processor.py:925} INFO - DAG(s) 'example_bash_operator' retrieved from /home/airflow/.local/lib/python3.12/site-packages/airflow/example_dags/example_bash_operator.py
[2025-04-21T11:02:36.374+0000] {logging_mixin.py:190} INFO - [2025-04-21T11:02:36.374+0000] {dag.py:3239} INFO - Sync 1 DAGs
[2025-04-21T11:02:36.393+0000] {logging_mixin.py:190} INFO - [2025-04-21T11:02:36.392+0000] {dag.py:4180} INFO - Setting next_dagrun for example_bash_operator to 2025-04-20 00:00:00+00:00, run_after=2025-04-21 00:00:00+00:00
[2025-04-21T11:02:36.411+0000] {processor.py:208} INFO - Processing /home/airflow/.local/lib/python3.12/site-packages/airflow/example_dags/example_bash_operator.py took 0.074 seconds
[2025-04-21T11:03:06.744+0000] {processor.py:186} INFO - Started process (PID=1333) to work on /home/airflow/.local/lib/python3.12/site-packages/airflow/example_dags/example_bash_operator.py
[2025-04-21T11:03:06.745+0000] {processor.py:914} INFO - Processing file /home/airflow/.local/lib/python3.12/site-packages/airflow/example_dags/example_bash_operator.py for tasks to queue
[2025-04-21T11:03:06.748+0000] {logging_mixin.py:190} INFO - [2025-04-21T11:03:06.747+0000] {dagbag.py:588} INFO - Filling up the DagBag from /home/airflow/.local/lib/python3.12/site-packages/airflow/example_dags/example_bash_operator.py
[2025-04-21T11:03:06.758+0000] {processor.py:925} INFO - DAG(s) 'example_bash_operator' retrieved from /home/airflow/.local/lib/python3.12/site-packages/airflow/example_dags/example_bash_operator.py
[2025-04-21T11:03:06.782+0000] {logging_mixin.py:190} INFO - [2025-04-21T11:03:06.781+0000] {dag.py:3239} INFO - Sync 1 DAGs
[2025-04-21T11:03:06.801+0000] {logging_mixin.py:190} INFO - [2025-04-21T11:03:06.801+0000] {dag.py:4180} INFO - Setting next_dagrun for example_bash_operator to 2025-04-20 00:00:00+00:00, run_after=2025-04-21 00:00:00+00:00
[2025-04-21T11:03:06.819+0000] {processor.py:208} INFO - Processing /home/airflow/.local/lib/python3.12/site-packages/airflow/example_dags/example_bash_operator.py took 0.080 seconds
[2025-04-21T11:03:37.668+0000] {processor.py:186} INFO - Started process (PID=1396) to work on /home/airflow/.local/lib/python3.12/site-packages/airflow/example_dags/example_bash_operator.py
[2025-04-21T11:03:37.668+0000] {processor.py:914} INFO - Processing file /home/airflow/.local/lib/python3.12/site-packages/airflow/example_dags/example_bash_operator.py for tasks to queue
[2025-04-21T11:03:37.671+0000] {logging_mixin.py:190} INFO - [2025-04-21T11:03:37.671+0000] {dagbag.py:588} INFO - Filling up the DagBag from /home/airflow/.local/lib/python3.12/site-packages/airflow/example_dags/example_bash_operator.py
[2025-04-21T11:03:37.684+0000] {processor.py:925} INFO - DAG(s) 'example_bash_operator' retrieved from /home/airflow/.local/lib/python3.12/site-packages/airflow/example_dags/example_bash_operator.py
[2025-04-21T11:03:37.710+0000] {logging_mixin.py:190} INFO - [2025-04-21T11:03:37.710+0000] {dag.py:3239} INFO - Sync 1 DAGs
[2025-04-21T11:03:37.733+0000] {logging_mixin.py:190} INFO - [2025-04-21T11:03:37.733+0000] {dag.py:4180} INFO - Setting next_dagrun for example_bash_operator to 2025-04-20 00:00:00+00:00, run_after=2025-04-21 00:00:00+00:00
[2025-04-21T11:03:37.753+0000] {processor.py:208} INFO - Processing /home/airflow/.local/lib/python3.12/site-packages/airflow/example_dags/example_bash_operator.py took 0.090 seconds
[2025-04-21T11:04:08.479+0000] {processor.py:186} INFO - Started process (PID=1459) to work on /home/airflow/.local/lib/python3.12/site-packages/airflow/example_dags/example_bash_operator.py
[2025-04-21T11:04:08.481+0000] {processor.py:914} INFO - Processing file /home/airflow/.local/lib/python3.12/site-packages/airflow/example_dags/example_bash_operator.py for tasks to queue
[2025-04-21T11:04:08.482+0000] {logging_mixin.py:190} INFO - [2025-04-21T11:04:08.482+0000] {dagbag.py:588} INFO - Filling up the DagBag from /home/airflow/.local/lib/python3.12/site-packages/airflow/example_dags/example_bash_operator.py
[2025-04-21T11:04:08.492+0000] {processor.py:925} INFO - DAG(s) 'example_bash_operator' retrieved from /home/airflow/.local/lib/python3.12/site-packages/airflow/example_dags/example_bash_operator.py
[2025-04-21T11:04:08.512+0000] {logging_mixin.py:190} INFO - [2025-04-21T11:04:08.511+0000] {dag.py:3239} INFO - Sync 1 DAGs
[2025-04-21T11:04:08.529+0000] {logging_mixin.py:190} INFO - [2025-04-21T11:04:08.528+0000] {dag.py:4180} INFO - Setting next_dagrun for example_bash_operator to 2025-04-20 00:00:00+00:00, run_after=2025-04-21 00:00:00+00:00
[2025-04-21T11:04:08.542+0000] {processor.py:208} INFO - Processing /home/airflow/.local/lib/python3.12/site-packages/airflow/example_dags/example_bash_operator.py took 0.067 seconds
[2025-04-21T11:04:39.108+0000] {processor.py:186} INFO - Started process (PID=1522) to work on /home/airflow/.local/lib/python3.12/site-packages/airflow/example_dags/example_bash_operator.py
[2025-04-21T11:04:39.109+0000] {processor.py:914} INFO - Processing file /home/airflow/.local/lib/python3.12/site-packages/airflow/example_dags/example_bash_operator.py for tasks to queue
[2025-04-21T11:04:39.110+0000] {logging_mixin.py:190} INFO - [2025-04-21T11:04:39.110+0000] {dagbag.py:588} INFO - Filling up the DagBag from /home/airflow/.local/lib/python3.12/site-packages/airflow/example_dags/example_bash_operator.py
[2025-04-21T11:04:39.120+0000] {processor.py:925} INFO - DAG(s) 'example_bash_operator' retrieved from /home/airflow/.local/lib/python3.12/site-packages/airflow/example_dags/example_bash_operator.py
[2025-04-21T11:04:39.138+0000] {logging_mixin.py:190} INFO - [2025-04-21T11:04:39.138+0000] {dag.py:3239} INFO - Sync 1 DAGs
[2025-04-21T11:04:39.155+0000] {logging_mixin.py:190} INFO - [2025-04-21T11:04:39.155+0000] {dag.py:4180} INFO - Setting next_dagrun for example_bash_operator to 2025-04-20 00:00:00+00:00, run_after=2025-04-21 00:00:00+00:00
[2025-04-21T11:04:39.171+0000] {processor.py:208} INFO - Processing /home/airflow/.local/lib/python3.12/site-packages/airflow/example_dags/example_bash_operator.py took 0.067 seconds
[2025-04-21T11:05:09.783+0000] {processor.py:186} INFO - Started process (PID=1585) to work on /home/airflow/.local/lib/python3.12/site-packages/airflow/example_dags/example_bash_operator.py
[2025-04-21T11:05:09.783+0000] {processor.py:914} INFO - Processing file /home/airflow/.local/lib/python3.12/site-packages/airflow/example_dags/example_bash_operator.py for tasks to queue
[2025-04-21T11:05:09.785+0000] {logging_mixin.py:190} INFO - [2025-04-21T11:05:09.784+0000] {dagbag.py:588} INFO - Filling up the DagBag from /home/airflow/.local/lib/python3.12/site-packages/airflow/example_dags/example_bash_operator.py
[2025-04-21T11:05:09.793+0000] {processor.py:925} INFO - DAG(s) 'example_bash_operator' retrieved from /home/airflow/.local/lib/python3.12/site-packages/airflow/example_dags/example_bash_operator.py
[2025-04-21T11:05:09.817+0000] {logging_mixin.py:190} INFO - [2025-04-21T11:05:09.817+0000] {dag.py:3239} INFO - Sync 1 DAGs
[2025-04-21T11:05:09.837+0000] {logging_mixin.py:190} INFO - [2025-04-21T11:05:09.837+0000] {dag.py:4180} INFO - Setting next_dagrun for example_bash_operator to 2025-04-20 00:00:00+00:00, run_after=2025-04-21 00:00:00+00:00
[2025-04-21T11:05:09.852+0000] {processor.py:208} INFO - Processing /home/airflow/.local/lib/python3.12/site-packages/airflow/example_dags/example_bash_operator.py took 0.073 seconds
[2025-04-21T11:05:40.374+0000] {processor.py:186} INFO - Started process (PID=1648) to work on /home/airflow/.local/lib/python3.12/site-packages/airflow/example_dags/example_bash_operator.py
[2025-04-21T11:05:40.375+0000] {processor.py:914} INFO - Processing file /home/airflow/.local/lib/python3.12/site-packages/airflow/example_dags/example_bash_operator.py for tasks to queue
[2025-04-21T11:05:40.377+0000] {logging_mixin.py:190} INFO - [2025-04-21T11:05:40.376+0000] {dagbag.py:588} INFO - Filling up the DagBag from /home/airflow/.local/lib/python3.12/site-packages/airflow/example_dags/example_bash_operator.py
[2025-04-21T11:05:40.387+0000] {processor.py:925} INFO - DAG(s) 'example_bash_operator' retrieved from /home/airflow/.local/lib/python3.12/site-packages/airflow/example_dags/example_bash_operator.py
[2025-04-21T11:05:40.408+0000] {logging_mixin.py:190} INFO - [2025-04-21T11:05:40.407+0000] {dag.py:3239} INFO - Sync 1 DAGs
[2025-04-21T11:05:40.429+0000] {logging_mixin.py:190} INFO - [2025-04-21T11:05:40.428+0000] {dag.py:4180} INFO - Setting next_dagrun for example_bash_operator to 2025-04-20 00:00:00+00:00, run_after=2025-04-21 00:00:00+00:00
[2025-04-21T11:05:40.444+0000] {processor.py:208} INFO - Processing /home/airflow/.local/lib/python3.12/site-packages/airflow/example_dags/example_bash_operator.py took 0.075 seconds
[2025-04-21T11:06:10.864+0000] {processor.py:186} INFO - Started process (PID=1711) to work on /home/airflow/.local/lib/python3.12/site-packages/airflow/example_dags/example_bash_operator.py
[2025-04-21T11:06:10.865+0000] {processor.py:914} INFO - Processing file /home/airflow/.local/lib/python3.12/site-packages/airflow/example_dags/example_bash_operator.py for tasks to queue
[2025-04-21T11:06:10.867+0000] {logging_mixin.py:190} INFO - [2025-04-21T11:06:10.866+0000] {dagbag.py:588} INFO - Filling up the DagBag from /home/airflow/.local/lib/python3.12/site-packages/airflow/example_dags/example_bash_operator.py
[2025-04-21T11:06:10.876+0000] {processor.py:925} INFO - DAG(s) 'example_bash_operator' retrieved from /home/airflow/.local/lib/python3.12/site-packages/airflow/example_dags/example_bash_operator.py
[2025-04-21T11:06:10.896+0000] {logging_mixin.py:190} INFO - [2025-04-21T11:06:10.895+0000] {dag.py:3239} INFO - Sync 1 DAGs
[2025-04-21T11:06:10.914+0000] {logging_mixin.py:190} INFO - [2025-04-21T11:06:10.914+0000] {dag.py:4180} INFO - Setting next_dagrun for example_bash_operator to 2025-04-20 00:00:00+00:00, run_after=2025-04-21 00:00:00+00:00
[2025-04-21T11:06:10.927+0000] {processor.py:208} INFO - Processing /home/airflow/.local/lib/python3.12/site-packages/airflow/example_dags/example_bash_operator.py took 0.067 seconds
[2025-04-21T11:06:41.394+0000] {processor.py:186} INFO - Started process (PID=1774) to work on /home/airflow/.local/lib/python3.12/site-packages/airflow/example_dags/example_bash_operator.py
[2025-04-21T11:06:41.394+0000] {processor.py:914} INFO - Processing file /home/airflow/.local/lib/python3.12/site-packages/airflow/example_dags/example_bash_operator.py for tasks to queue
[2025-04-21T11:06:41.396+0000] {logging_mixin.py:190} INFO - [2025-04-21T11:06:41.396+0000] {dagbag.py:588} INFO - Filling up the DagBag from /home/airflow/.local/lib/python3.12/site-packages/airflow/example_dags/example_bash_operator.py
[2025-04-21T11:06:41.405+0000] {processor.py:925} INFO - DAG(s) 'example_bash_operator' retrieved from /home/airflow/.local/lib/python3.12/site-packages/airflow/example_dags/example_bash_operator.py
[2025-04-21T11:06:41.424+0000] {logging_mixin.py:190} INFO - [2025-04-21T11:06:41.423+0000] {dag.py:3239} INFO - Sync 1 DAGs
[2025-04-21T11:06:41.441+0000] {logging_mixin.py:190} INFO - [2025-04-21T11:06:41.441+0000] {dag.py:4180} INFO - Setting next_dagrun for example_bash_operator to 2025-04-20 00:00:00+00:00, run_after=2025-04-21 00:00:00+00:00
[2025-04-21T11:06:41.455+0000] {processor.py:208} INFO - Processing /home/airflow/.local/lib/python3.12/site-packages/airflow/example_dags/example_bash_operator.py took 0.065 seconds
[2025-04-21T11:07:11.490+0000] {processor.py:186} INFO - Started process (PID=1837) to work on /home/airflow/.local/lib/python3.12/site-packages/airflow/example_dags/example_bash_operator.py
[2025-04-21T11:07:11.490+0000] {processor.py:914} INFO - Processing file /home/airflow/.local/lib/python3.12/site-packages/airflow/example_dags/example_bash_operator.py for tasks to queue
[2025-04-21T11:07:11.492+0000] {logging_mixin.py:190} INFO - [2025-04-21T11:07:11.492+0000] {dagbag.py:588} INFO - Filling up the DagBag from /home/airflow/.local/lib/python3.12/site-packages/airflow/example_dags/example_bash_operator.py
[2025-04-21T11:07:11.505+0000] {processor.py:925} INFO - DAG(s) 'example_bash_operator' retrieved from /home/airflow/.local/lib/python3.12/site-packages/airflow/example_dags/example_bash_operator.py
[2025-04-21T11:07:11.525+0000] {logging_mixin.py:190} INFO - [2025-04-21T11:07:11.525+0000] {dag.py:3239} INFO - Sync 1 DAGs
[2025-04-21T11:07:11.543+0000] {logging_mixin.py:190} INFO - [2025-04-21T11:07:11.543+0000] {dag.py:4180} INFO - Setting next_dagrun for example_bash_operator to 2025-04-20 00:00:00+00:00, run_after=2025-04-21 00:00:00+00:00
[2025-04-21T11:07:11.559+0000] {processor.py:208} INFO - Processing /home/airflow/.local/lib/python3.12/site-packages/airflow/example_dags/example_bash_operator.py took 0.074 seconds
[2025-04-21T11:07:41.728+0000] {processor.py:186} INFO - Started process (PID=1900) to work on /home/airflow/.local/lib/python3.12/site-packages/airflow/example_dags/example_bash_operator.py
[2025-04-21T11:07:41.729+0000] {processor.py:914} INFO - Processing file /home/airflow/.local/lib/python3.12/site-packages/airflow/example_dags/example_bash_operator.py for tasks to queue
[2025-04-21T11:07:41.730+0000] {logging_mixin.py:190} INFO - [2025-04-21T11:07:41.730+0000] {dagbag.py:588} INFO - Filling up the DagBag from /home/airflow/.local/lib/python3.12/site-packages/airflow/example_dags/example_bash_operator.py
[2025-04-21T11:07:41.739+0000] {processor.py:925} INFO - DAG(s) 'example_bash_operator' retrieved from /home/airflow/.local/lib/python3.12/site-packages/airflow/example_dags/example_bash_operator.py
[2025-04-21T11:07:41.757+0000] {logging_mixin.py:190} INFO - [2025-04-21T11:07:41.756+0000] {dag.py:3239} INFO - Sync 1 DAGs
[2025-04-21T11:07:41.776+0000] {logging_mixin.py:190} INFO - [2025-04-21T11:07:41.776+0000] {dag.py:4180} INFO - Setting next_dagrun for example_bash_operator to 2025-04-20 00:00:00+00:00, run_after=2025-04-21 00:00:00+00:00
[2025-04-21T11:07:41.790+0000] {processor.py:208} INFO - Processing /home/airflow/.local/lib/python3.12/site-packages/airflow/example_dags/example_bash_operator.py took 0.066 seconds
[2025-04-21T11:08:12.470+0000] {processor.py:186} INFO - Started process (PID=1963) to work on /home/airflow/.local/lib/python3.12/site-packages/airflow/example_dags/example_bash_operator.py
[2025-04-21T11:08:12.473+0000] {processor.py:914} INFO - Processing file /home/airflow/.local/lib/python3.12/site-packages/airflow/example_dags/example_bash_operator.py for tasks to queue
[2025-04-21T11:08:12.475+0000] {logging_mixin.py:190} INFO - [2025-04-21T11:08:12.474+0000] {dagbag.py:588} INFO - Filling up the DagBag from /home/airflow/.local/lib/python3.12/site-packages/airflow/example_dags/example_bash_operator.py
[2025-04-21T11:08:12.485+0000] {processor.py:925} INFO - DAG(s) 'example_bash_operator' retrieved from /home/airflow/.local/lib/python3.12/site-packages/airflow/example_dags/example_bash_operator.py
[2025-04-21T11:08:12.505+0000] {logging_mixin.py:190} INFO - [2025-04-21T11:08:12.505+0000] {dag.py:3239} INFO - Sync 1 DAGs
[2025-04-21T11:08:12.525+0000] {logging_mixin.py:190} INFO - [2025-04-21T11:08:12.525+0000] {dag.py:4180} INFO - Setting next_dagrun for example_bash_operator to 2025-04-20 00:00:00+00:00, run_after=2025-04-21 00:00:00+00:00
[2025-04-21T11:08:12.541+0000] {processor.py:208} INFO - Processing /home/airflow/.local/lib/python3.12/site-packages/airflow/example_dags/example_bash_operator.py took 0.075 seconds
[2025-04-21T11:08:43.137+0000] {processor.py:186} INFO - Started process (PID=2026) to work on /home/airflow/.local/lib/python3.12/site-packages/airflow/example_dags/example_bash_operator.py
[2025-04-21T11:08:43.139+0000] {processor.py:914} INFO - Processing file /home/airflow/.local/lib/python3.12/site-packages/airflow/example_dags/example_bash_operator.py for tasks to queue
[2025-04-21T11:08:43.141+0000] {logging_mixin.py:190} INFO - [2025-04-21T11:08:43.140+0000] {dagbag.py:588} INFO - Filling up the DagBag from /home/airflow/.local/lib/python3.12/site-packages/airflow/example_dags/example_bash_operator.py
[2025-04-21T11:08:43.150+0000] {processor.py:925} INFO - DAG(s) 'example_bash_operator' retrieved from /home/airflow/.local/lib/python3.12/site-packages/airflow/example_dags/example_bash_operator.py
[2025-04-21T11:08:43.175+0000] {logging_mixin.py:190} INFO - [2025-04-21T11:08:43.174+0000] {dag.py:3239} INFO - Sync 1 DAGs
[2025-04-21T11:08:43.195+0000] {logging_mixin.py:190} INFO - [2025-04-21T11:08:43.195+0000] {dag.py:4180} INFO - Setting next_dagrun for example_bash_operator to 2025-04-20 00:00:00+00:00, run_after=2025-04-21 00:00:00+00:00
[2025-04-21T11:08:43.210+0000] {processor.py:208} INFO - Processing /home/airflow/.local/lib/python3.12/site-packages/airflow/example_dags/example_bash_operator.py took 0.078 seconds
[2025-04-21T11:09:14.039+0000] {processor.py:186} INFO - Started process (PID=2089) to work on /home/airflow/.local/lib/python3.12/site-packages/airflow/example_dags/example_bash_operator.py
[2025-04-21T11:09:14.039+0000] {processor.py:914} INFO - Processing file /home/airflow/.local/lib/python3.12/site-packages/airflow/example_dags/example_bash_operator.py for tasks to queue
[2025-04-21T11:09:14.041+0000] {logging_mixin.py:190} INFO - [2025-04-21T11:09:14.041+0000] {dagbag.py:588} INFO - Filling up the DagBag from /home/airflow/.local/lib/python3.12/site-packages/airflow/example_dags/example_bash_operator.py
[2025-04-21T11:09:14.050+0000] {processor.py:925} INFO - DAG(s) 'example_bash_operator' retrieved from /home/airflow/.local/lib/python3.12/site-packages/airflow/example_dags/example_bash_operator.py
[2025-04-21T11:09:14.069+0000] {logging_mixin.py:190} INFO - [2025-04-21T11:09:14.069+0000] {dag.py:3239} INFO - Sync 1 DAGs
[2025-04-21T11:09:14.092+0000] {logging_mixin.py:190} INFO - [2025-04-21T11:09:14.091+0000] {dag.py:4180} INFO - Setting next_dagrun for example_bash_operator to 2025-04-20 00:00:00+00:00, run_after=2025-04-21 00:00:00+00:00
[2025-04-21T11:09:14.108+0000] {processor.py:208} INFO - Processing /home/airflow/.local/lib/python3.12/site-packages/airflow/example_dags/example_bash_operator.py took 0.074 seconds
[2025-04-21T11:09:44.947+0000] {processor.py:186} INFO - Started process (PID=2152) to work on /home/airflow/.local/lib/python3.12/site-packages/airflow/example_dags/example_bash_operator.py
[2025-04-21T11:09:44.948+0000] {processor.py:914} INFO - Processing file /home/airflow/.local/lib/python3.12/site-packages/airflow/example_dags/example_bash_operator.py for tasks to queue
[2025-04-21T11:09:44.950+0000] {logging_mixin.py:190} INFO - [2025-04-21T11:09:44.950+0000] {dagbag.py:588} INFO - Filling up the DagBag from /home/airflow/.local/lib/python3.12/site-packages/airflow/example_dags/example_bash_operator.py
[2025-04-21T11:09:44.960+0000] {processor.py:925} INFO - DAG(s) 'example_bash_operator' retrieved from /home/airflow/.local/lib/python3.12/site-packages/airflow/example_dags/example_bash_operator.py
[2025-04-21T11:09:44.982+0000] {logging_mixin.py:190} INFO - [2025-04-21T11:09:44.982+0000] {dag.py:3239} INFO - Sync 1 DAGs
[2025-04-21T11:09:45.001+0000] {logging_mixin.py:190} INFO - [2025-04-21T11:09:45.001+0000] {dag.py:4180} INFO - Setting next_dagrun for example_bash_operator to 2025-04-20 00:00:00+00:00, run_after=2025-04-21 00:00:00+00:00
[2025-04-21T11:09:45.018+0000] {processor.py:208} INFO - Processing /home/airflow/.local/lib/python3.12/site-packages/airflow/example_dags/example_bash_operator.py took 0.076 seconds
[2025-04-21T11:10:15.211+0000] {processor.py:186} INFO - Started process (PID=2215) to work on /home/airflow/.local/lib/python3.12/site-packages/airflow/example_dags/example_bash_operator.py
[2025-04-21T11:10:15.211+0000] {processor.py:914} INFO - Processing file /home/airflow/.local/lib/python3.12/site-packages/airflow/example_dags/example_bash_operator.py for tasks to queue
[2025-04-21T11:10:15.213+0000] {logging_mixin.py:190} INFO - [2025-04-21T11:10:15.213+0000] {dagbag.py:588} INFO - Filling up the DagBag from /home/airflow/.local/lib/python3.12/site-packages/airflow/example_dags/example_bash_operator.py
[2025-04-21T11:10:15.223+0000] {processor.py:925} INFO - DAG(s) 'example_bash_operator' retrieved from /home/airflow/.local/lib/python3.12/site-packages/airflow/example_dags/example_bash_operator.py
[2025-04-21T11:10:15.244+0000] {logging_mixin.py:190} INFO - [2025-04-21T11:10:15.244+0000] {dag.py:3239} INFO - Sync 1 DAGs
[2025-04-21T11:10:15.263+0000] {logging_mixin.py:190} INFO - [2025-04-21T11:10:15.262+0000] {dag.py:4180} INFO - Setting next_dagrun for example_bash_operator to 2025-04-20 00:00:00+00:00, run_after=2025-04-21 00:00:00+00:00
[2025-04-21T11:10:15.278+0000] {processor.py:208} INFO - Processing /home/airflow/.local/lib/python3.12/site-packages/airflow/example_dags/example_bash_operator.py took 0.072 seconds
[2025-04-21T11:10:46.011+0000] {processor.py:186} INFO - Started process (PID=2278) to work on /home/airflow/.local/lib/python3.12/site-packages/airflow/example_dags/example_bash_operator.py
[2025-04-21T11:10:46.011+0000] {processor.py:914} INFO - Processing file /home/airflow/.local/lib/python3.12/site-packages/airflow/example_dags/example_bash_operator.py for tasks to queue
[2025-04-21T11:10:46.013+0000] {logging_mixin.py:190} INFO - [2025-04-21T11:10:46.012+0000] {dagbag.py:588} INFO - Filling up the DagBag from /home/airflow/.local/lib/python3.12/site-packages/airflow/example_dags/example_bash_operator.py
[2025-04-21T11:10:46.021+0000] {processor.py:925} INFO - DAG(s) 'example_bash_operator' retrieved from /home/airflow/.local/lib/python3.12/site-packages/airflow/example_dags/example_bash_operator.py
[2025-04-21T11:10:46.043+0000] {logging_mixin.py:190} INFO - [2025-04-21T11:10:46.043+0000] {dag.py:3239} INFO - Sync 1 DAGs
[2025-04-21T11:10:46.064+0000] {logging_mixin.py:190} INFO - [2025-04-21T11:10:46.064+0000] {dag.py:4180} INFO - Setting next_dagrun for example_bash_operator to 2025-04-20 00:00:00+00:00, run_after=2025-04-21 00:00:00+00:00
[2025-04-21T11:10:46.083+0000] {processor.py:208} INFO - Processing /home/airflow/.local/lib/python3.12/site-packages/airflow/example_dags/example_bash_operator.py took 0.076 seconds
[2025-04-21T11:11:16.678+0000] {processor.py:186} INFO - Started process (PID=2341) to work on /home/airflow/.local/lib/python3.12/site-packages/airflow/example_dags/example_bash_operator.py
[2025-04-21T11:11:16.679+0000] {processor.py:914} INFO - Processing file /home/airflow/.local/lib/python3.12/site-packages/airflow/example_dags/example_bash_operator.py for tasks to queue
[2025-04-21T11:11:16.681+0000] {logging_mixin.py:190} INFO - [2025-04-21T11:11:16.681+0000] {dagbag.py:588} INFO - Filling up the DagBag from /home/airflow/.local/lib/python3.12/site-packages/airflow/example_dags/example_bash_operator.py
[2025-04-21T11:11:16.690+0000] {processor.py:925} INFO - DAG(s) 'example_bash_operator' retrieved from /home/airflow/.local/lib/python3.12/site-packages/airflow/example_dags/example_bash_operator.py
[2025-04-21T11:11:16.708+0000] {logging_mixin.py:190} INFO - [2025-04-21T11:11:16.708+0000] {dag.py:3239} INFO - Sync 1 DAGs
[2025-04-21T11:11:16.727+0000] {logging_mixin.py:190} INFO - [2025-04-21T11:11:16.727+0000] {dag.py:4180} INFO - Setting next_dagrun for example_bash_operator to 2025-04-20 00:00:00+00:00, run_after=2025-04-21 00:00:00+00:00
[2025-04-21T11:11:16.742+0000] {processor.py:208} INFO - Processing /home/airflow/.local/lib/python3.12/site-packages/airflow/example_dags/example_bash_operator.py took 0.068 seconds
[2025-04-21T11:11:47.310+0000] {processor.py:186} INFO - Started process (PID=2404) to work on /home/airflow/.local/lib/python3.12/site-packages/airflow/example_dags/example_bash_operator.py
[2025-04-21T11:11:47.311+0000] {processor.py:914} INFO - Processing file /home/airflow/.local/lib/python3.12/site-packages/airflow/example_dags/example_bash_operator.py for tasks to queue
[2025-04-21T11:11:47.315+0000] {logging_mixin.py:190} INFO - [2025-04-21T11:11:47.315+0000] {dagbag.py:588} INFO - Filling up the DagBag from /home/airflow/.local/lib/python3.12/site-packages/airflow/example_dags/example_bash_operator.py
[2025-04-21T11:11:47.325+0000] {processor.py:925} INFO - DAG(s) 'example_bash_operator' retrieved from /home/airflow/.local/lib/python3.12/site-packages/airflow/example_dags/example_bash_operator.py
[2025-04-21T11:11:47.345+0000] {logging_mixin.py:190} INFO - [2025-04-21T11:11:47.345+0000] {dag.py:3239} INFO - Sync 1 DAGs
[2025-04-21T11:11:47.364+0000] {logging_mixin.py:190} INFO - [2025-04-21T11:11:47.364+0000] {dag.py:4180} INFO - Setting next_dagrun for example_bash_operator to 2025-04-20 00:00:00+00:00, run_after=2025-04-21 00:00:00+00:00
[2025-04-21T11:11:47.378+0000] {processor.py:208} INFO - Processing /home/airflow/.local/lib/python3.12/site-packages/airflow/example_dags/example_bash_operator.py took 0.072 seconds
[2025-04-21T11:12:18.146+0000] {processor.py:186} INFO - Started process (PID=2467) to work on /home/airflow/.local/lib/python3.12/site-packages/airflow/example_dags/example_bash_operator.py
[2025-04-21T11:12:18.147+0000] {processor.py:914} INFO - Processing file /home/airflow/.local/lib/python3.12/site-packages/airflow/example_dags/example_bash_operator.py for tasks to queue
[2025-04-21T11:12:18.149+0000] {logging_mixin.py:190} INFO - [2025-04-21T11:12:18.149+0000] {dagbag.py:588} INFO - Filling up the DagBag from /home/airflow/.local/lib/python3.12/site-packages/airflow/example_dags/example_bash_operator.py
[2025-04-21T11:12:18.160+0000] {processor.py:925} INFO - DAG(s) 'example_bash_operator' retrieved from /home/airflow/.local/lib/python3.12/site-packages/airflow/example_dags/example_bash_operator.py
[2025-04-21T11:12:18.181+0000] {logging_mixin.py:190} INFO - [2025-04-21T11:12:18.181+0000] {dag.py:3239} INFO - Sync 1 DAGs
[2025-04-21T11:12:18.201+0000] {logging_mixin.py:190} INFO - [2025-04-21T11:12:18.201+0000] {dag.py:4180} INFO - Setting next_dagrun for example_bash_operator to 2025-04-20 00:00:00+00:00, run_after=2025-04-21 00:00:00+00:00
[2025-04-21T11:12:18.216+0000] {processor.py:208} INFO - Processing /home/airflow/.local/lib/python3.12/site-packages/airflow/example_dags/example_bash_operator.py took 0.073 seconds
[2025-04-21T11:12:49.089+0000] {processor.py:186} INFO - Started process (PID=2530) to work on /home/airflow/.local/lib/python3.12/site-packages/airflow/example_dags/example_bash_operator.py
[2025-04-21T11:12:49.090+0000] {processor.py:914} INFO - Processing file /home/airflow/.local/lib/python3.12/site-packages/airflow/example_dags/example_bash_operator.py for tasks to queue
[2025-04-21T11:12:49.092+0000] {logging_mixin.py:190} INFO - [2025-04-21T11:12:49.092+0000] {dagbag.py:588} INFO - Filling up the DagBag from /home/airflow/.local/lib/python3.12/site-packages/airflow/example_dags/example_bash_operator.py
[2025-04-21T11:12:49.103+0000] {processor.py:925} INFO - DAG(s) 'example_bash_operator' retrieved from /home/airflow/.local/lib/python3.12/site-packages/airflow/example_dags/example_bash_operator.py
[2025-04-21T11:12:49.123+0000] {logging_mixin.py:190} INFO - [2025-04-21T11:12:49.123+0000] {dag.py:3239} INFO - Sync 1 DAGs
[2025-04-21T11:12:49.146+0000] {logging_mixin.py:190} INFO - [2025-04-21T11:12:49.146+0000] {dag.py:4180} INFO - Setting next_dagrun for example_bash_operator to 2025-04-20 00:00:00+00:00, run_after=2025-04-21 00:00:00+00:00
[2025-04-21T11:12:49.162+0000] {processor.py:208} INFO - Processing /home/airflow/.local/lib/python3.12/site-packages/airflow/example_dags/example_bash_operator.py took 0.078 seconds
[2025-04-21T11:13:19.269+0000] {processor.py:186} INFO - Started process (PID=2593) to work on /home/airflow/.local/lib/python3.12/site-packages/airflow/example_dags/example_bash_operator.py
[2025-04-21T11:13:19.270+0000] {processor.py:914} INFO - Processing file /home/airflow/.local/lib/python3.12/site-packages/airflow/example_dags/example_bash_operator.py for tasks to queue
[2025-04-21T11:13:19.272+0000] {logging_mixin.py:190} INFO - [2025-04-21T11:13:19.272+0000] {dagbag.py:588} INFO - Filling up the DagBag from /home/airflow/.local/lib/python3.12/site-packages/airflow/example_dags/example_bash_operator.py
[2025-04-21T11:13:19.281+0000] {processor.py:925} INFO - DAG(s) 'example_bash_operator' retrieved from /home/airflow/.local/lib/python3.12/site-packages/airflow/example_dags/example_bash_operator.py
[2025-04-21T11:13:19.304+0000] {logging_mixin.py:190} INFO - [2025-04-21T11:13:19.304+0000] {dag.py:3239} INFO - Sync 1 DAGs
[2025-04-21T11:13:19.323+0000] {logging_mixin.py:190} INFO - [2025-04-21T11:13:19.323+0000] {dag.py:4180} INFO - Setting next_dagrun for example_bash_operator to 2025-04-20 00:00:00+00:00, run_after=2025-04-21 00:00:00+00:00
[2025-04-21T11:13:19.340+0000] {processor.py:208} INFO - Processing /home/airflow/.local/lib/python3.12/site-packages/airflow/example_dags/example_bash_operator.py took 0.075 seconds
[2025-04-21T11:13:49.536+0000] {processor.py:186} INFO - Started process (PID=2656) to work on /home/airflow/.local/lib/python3.12/site-packages/airflow/example_dags/example_bash_operator.py
[2025-04-21T11:13:49.537+0000] {processor.py:914} INFO - Processing file /home/airflow/.local/lib/python3.12/site-packages/airflow/example_dags/example_bash_operator.py for tasks to queue
[2025-04-21T11:13:49.539+0000] {logging_mixin.py:190} INFO - [2025-04-21T11:13:49.539+0000] {dagbag.py:588} INFO - Filling up the DagBag from /home/airflow/.local/lib/python3.12/site-packages/airflow/example_dags/example_bash_operator.py
[2025-04-21T11:13:49.548+0000] {processor.py:925} INFO - DAG(s) 'example_bash_operator' retrieved from /home/airflow/.local/lib/python3.12/site-packages/airflow/example_dags/example_bash_operator.py
[2025-04-21T11:13:49.572+0000] {logging_mixin.py:190} INFO - [2025-04-21T11:13:49.572+0000] {dag.py:3239} INFO - Sync 1 DAGs
[2025-04-21T11:13:49.591+0000] {logging_mixin.py:190} INFO - [2025-04-21T11:13:49.591+0000] {dag.py:4180} INFO - Setting next_dagrun for example_bash_operator to 2025-04-20 00:00:00+00:00, run_after=2025-04-21 00:00:00+00:00
[2025-04-21T11:13:49.607+0000] {processor.py:208} INFO - Processing /home/airflow/.local/lib/python3.12/site-packages/airflow/example_dags/example_bash_operator.py took 0.075 seconds
[2025-04-21T11:14:19.862+0000] {processor.py:186} INFO - Started process (PID=2719) to work on /home/airflow/.local/lib/python3.12/site-packages/airflow/example_dags/example_bash_operator.py
[2025-04-21T11:14:19.862+0000] {processor.py:914} INFO - Processing file /home/airflow/.local/lib/python3.12/site-packages/airflow/example_dags/example_bash_operator.py for tasks to queue
[2025-04-21T11:14:19.865+0000] {logging_mixin.py:190} INFO - [2025-04-21T11:14:19.865+0000] {dagbag.py:588} INFO - Filling up the DagBag from /home/airflow/.local/lib/python3.12/site-packages/airflow/example_dags/example_bash_operator.py
[2025-04-21T11:14:19.874+0000] {processor.py:925} INFO - DAG(s) 'example_bash_operator' retrieved from /home/airflow/.local/lib/python3.12/site-packages/airflow/example_dags/example_bash_operator.py
[2025-04-21T11:14:19.899+0000] {logging_mixin.py:190} INFO - [2025-04-21T11:14:19.899+0000] {dag.py:3239} INFO - Sync 1 DAGs
[2025-04-21T11:14:19.919+0000] {logging_mixin.py:190} INFO - [2025-04-21T11:14:19.919+0000] {dag.py:4180} INFO - Setting next_dagrun for example_bash_operator to 2025-04-20 00:00:00+00:00, run_after=2025-04-21 00:00:00+00:00
[2025-04-21T11:14:19.934+0000] {processor.py:208} INFO - Processing /home/airflow/.local/lib/python3.12/site-packages/airflow/example_dags/example_bash_operator.py took 0.077 seconds
[2025-04-21T11:14:50.359+0000] {processor.py:186} INFO - Started process (PID=2782) to work on /home/airflow/.local/lib/python3.12/site-packages/airflow/example_dags/example_bash_operator.py
[2025-04-21T11:14:50.360+0000] {processor.py:914} INFO - Processing file /home/airflow/.local/lib/python3.12/site-packages/airflow/example_dags/example_bash_operator.py for tasks to queue
[2025-04-21T11:14:50.362+0000] {logging_mixin.py:190} INFO - [2025-04-21T11:14:50.362+0000] {dagbag.py:588} INFO - Filling up the DagBag from /home/airflow/.local/lib/python3.12/site-packages/airflow/example_dags/example_bash_operator.py
[2025-04-21T11:14:50.372+0000] {processor.py:925} INFO - DAG(s) 'example_bash_operator' retrieved from /home/airflow/.local/lib/python3.12/site-packages/airflow/example_dags/example_bash_operator.py
[2025-04-21T11:14:50.394+0000] {logging_mixin.py:190} INFO - [2025-04-21T11:14:50.393+0000] {dag.py:3239} INFO - Sync 1 DAGs
[2025-04-21T11:14:50.417+0000] {logging_mixin.py:190} INFO - [2025-04-21T11:14:50.417+0000] {dag.py:4180} INFO - Setting next_dagrun for example_bash_operator to 2025-04-20 00:00:00+00:00, run_after=2025-04-21 00:00:00+00:00
[2025-04-21T11:14:50.436+0000] {processor.py:208} INFO - Processing /home/airflow/.local/lib/python3.12/site-packages/airflow/example_dags/example_bash_operator.py took 0.082 seconds
[2025-04-21T11:15:20.824+0000] {processor.py:186} INFO - Started process (PID=2845) to work on /home/airflow/.local/lib/python3.12/site-packages/airflow/example_dags/example_bash_operator.py
[2025-04-21T11:15:20.824+0000] {processor.py:914} INFO - Processing file /home/airflow/.local/lib/python3.12/site-packages/airflow/example_dags/example_bash_operator.py for tasks to queue
[2025-04-21T11:15:20.827+0000] {logging_mixin.py:190} INFO - [2025-04-21T11:15:20.826+0000] {dagbag.py:588} INFO - Filling up the DagBag from /home/airflow/.local/lib/python3.12/site-packages/airflow/example_dags/example_bash_operator.py
[2025-04-21T11:15:20.836+0000] {processor.py:925} INFO - DAG(s) 'example_bash_operator' retrieved from /home/airflow/.local/lib/python3.12/site-packages/airflow/example_dags/example_bash_operator.py
[2025-04-21T11:15:20.858+0000] {logging_mixin.py:190} INFO - [2025-04-21T11:15:20.858+0000] {dag.py:3239} INFO - Sync 1 DAGs
[2025-04-21T11:15:20.876+0000] {logging_mixin.py:190} INFO - [2025-04-21T11:15:20.875+0000] {dag.py:4180} INFO - Setting next_dagrun for example_bash_operator to 2025-04-20 00:00:00+00:00, run_after=2025-04-21 00:00:00+00:00
[2025-04-21T11:15:20.889+0000] {processor.py:208} INFO - Processing /home/airflow/.local/lib/python3.12/site-packages/airflow/example_dags/example_bash_operator.py took 0.069 seconds
[2025-04-21T11:15:51.305+0000] {processor.py:186} INFO - Started process (PID=2908) to work on /home/airflow/.local/lib/python3.12/site-packages/airflow/example_dags/example_bash_operator.py
[2025-04-21T11:15:51.306+0000] {processor.py:914} INFO - Processing file /home/airflow/.local/lib/python3.12/site-packages/airflow/example_dags/example_bash_operator.py for tasks to queue
[2025-04-21T11:15:51.308+0000] {logging_mixin.py:190} INFO - [2025-04-21T11:15:51.308+0000] {dagbag.py:588} INFO - Filling up the DagBag from /home/airflow/.local/lib/python3.12/site-packages/airflow/example_dags/example_bash_operator.py
[2025-04-21T11:15:51.317+0000] {processor.py:925} INFO - DAG(s) 'example_bash_operator' retrieved from /home/airflow/.local/lib/python3.12/site-packages/airflow/example_dags/example_bash_operator.py
[2025-04-21T11:15:51.340+0000] {logging_mixin.py:190} INFO - [2025-04-21T11:15:51.340+0000] {dag.py:3239} INFO - Sync 1 DAGs
[2025-04-21T11:15:51.360+0000] {logging_mixin.py:190} INFO - [2025-04-21T11:15:51.359+0000] {dag.py:4180} INFO - Setting next_dagrun for example_bash_operator to 2025-04-20 00:00:00+00:00, run_after=2025-04-21 00:00:00+00:00
[2025-04-21T11:15:51.375+0000] {processor.py:208} INFO - Processing /home/airflow/.local/lib/python3.12/site-packages/airflow/example_dags/example_bash_operator.py took 0.073 seconds
[2025-04-21T11:16:21.433+0000] {processor.py:186} INFO - Started process (PID=2971) to work on /home/airflow/.local/lib/python3.12/site-packages/airflow/example_dags/example_bash_operator.py
[2025-04-21T11:16:21.434+0000] {processor.py:914} INFO - Processing file /home/airflow/.local/lib/python3.12/site-packages/airflow/example_dags/example_bash_operator.py for tasks to queue
[2025-04-21T11:16:21.435+0000] {logging_mixin.py:190} INFO - [2025-04-21T11:16:21.435+0000] {dagbag.py:588} INFO - Filling up the DagBag from /home/airflow/.local/lib/python3.12/site-packages/airflow/example_dags/example_bash_operator.py
[2025-04-21T11:16:21.445+0000] {processor.py:925} INFO - DAG(s) 'example_bash_operator' retrieved from /home/airflow/.local/lib/python3.12/site-packages/airflow/example_dags/example_bash_operator.py
[2025-04-21T11:16:21.467+0000] {logging_mixin.py:190} INFO - [2025-04-21T11:16:21.467+0000] {dag.py:3239} INFO - Sync 1 DAGs
[2025-04-21T11:16:21.487+0000] {logging_mixin.py:190} INFO - [2025-04-21T11:16:21.487+0000] {dag.py:4180} INFO - Setting next_dagrun for example_bash_operator to 2025-04-20 00:00:00+00:00, run_after=2025-04-21 00:00:00+00:00
[2025-04-21T11:16:21.503+0000] {processor.py:208} INFO - Processing /home/airflow/.local/lib/python3.12/site-packages/airflow/example_dags/example_bash_operator.py took 0.074 seconds
[2025-04-21T11:16:51.694+0000] {processor.py:186} INFO - Started process (PID=3034) to work on /home/airflow/.local/lib/python3.12/site-packages/airflow/example_dags/example_bash_operator.py
[2025-04-21T11:16:51.695+0000] {processor.py:914} INFO - Processing file /home/airflow/.local/lib/python3.12/site-packages/airflow/example_dags/example_bash_operator.py for tasks to queue
[2025-04-21T11:16:51.697+0000] {logging_mixin.py:190} INFO - [2025-04-21T11:16:51.697+0000] {dagbag.py:588} INFO - Filling up the DagBag from /home/airflow/.local/lib/python3.12/site-packages/airflow/example_dags/example_bash_operator.py
[2025-04-21T11:16:51.708+0000] {processor.py:925} INFO - DAG(s) 'example_bash_operator' retrieved from /home/airflow/.local/lib/python3.12/site-packages/airflow/example_dags/example_bash_operator.py
[2025-04-21T11:16:51.728+0000] {logging_mixin.py:190} INFO - [2025-04-21T11:16:51.728+0000] {dag.py:3239} INFO - Sync 1 DAGs
[2025-04-21T11:16:51.745+0000] {logging_mixin.py:190} INFO - [2025-04-21T11:16:51.745+0000] {dag.py:4180} INFO - Setting next_dagrun for example_bash_operator to 2025-04-20 00:00:00+00:00, run_after=2025-04-21 00:00:00+00:00
[2025-04-21T11:16:51.758+0000] {processor.py:208} INFO - Processing /home/airflow/.local/lib/python3.12/site-packages/airflow/example_dags/example_bash_operator.py took 0.067 seconds
[2025-04-21T11:17:22.327+0000] {processor.py:186} INFO - Started process (PID=3097) to work on /home/airflow/.local/lib/python3.12/site-packages/airflow/example_dags/example_bash_operator.py
[2025-04-21T11:17:22.328+0000] {processor.py:914} INFO - Processing file /home/airflow/.local/lib/python3.12/site-packages/airflow/example_dags/example_bash_operator.py for tasks to queue
[2025-04-21T11:17:22.330+0000] {logging_mixin.py:190} INFO - [2025-04-21T11:17:22.330+0000] {dagbag.py:588} INFO - Filling up the DagBag from /home/airflow/.local/lib/python3.12/site-packages/airflow/example_dags/example_bash_operator.py
[2025-04-21T11:17:22.342+0000] {processor.py:925} INFO - DAG(s) 'example_bash_operator' retrieved from /home/airflow/.local/lib/python3.12/site-packages/airflow/example_dags/example_bash_operator.py
[2025-04-21T11:17:22.365+0000] {logging_mixin.py:190} INFO - [2025-04-21T11:17:22.365+0000] {dag.py:3239} INFO - Sync 1 DAGs
[2025-04-21T11:17:22.384+0000] {logging_mixin.py:190} INFO - [2025-04-21T11:17:22.383+0000] {dag.py:4180} INFO - Setting next_dagrun for example_bash_operator to 2025-04-20 00:00:00+00:00, run_after=2025-04-21 00:00:00+00:00
[2025-04-21T11:17:22.399+0000] {processor.py:208} INFO - Processing /home/airflow/.local/lib/python3.12/site-packages/airflow/example_dags/example_bash_operator.py took 0.076 seconds
[2025-04-21T11:17:52.927+0000] {processor.py:186} INFO - Started process (PID=3160) to work on /home/airflow/.local/lib/python3.12/site-packages/airflow/example_dags/example_bash_operator.py
[2025-04-21T11:17:52.928+0000] {processor.py:914} INFO - Processing file /home/airflow/.local/lib/python3.12/site-packages/airflow/example_dags/example_bash_operator.py for tasks to queue
[2025-04-21T11:17:52.929+0000] {logging_mixin.py:190} INFO - [2025-04-21T11:17:52.929+0000] {dagbag.py:588} INFO - Filling up the DagBag from /home/airflow/.local/lib/python3.12/site-packages/airflow/example_dags/example_bash_operator.py
[2025-04-21T11:17:52.938+0000] {processor.py:925} INFO - DAG(s) 'example_bash_operator' retrieved from /home/airflow/.local/lib/python3.12/site-packages/airflow/example_dags/example_bash_operator.py
[2025-04-21T11:17:52.959+0000] {logging_mixin.py:190} INFO - [2025-04-21T11:17:52.959+0000] {dag.py:3239} INFO - Sync 1 DAGs
[2025-04-21T11:17:52.977+0000] {logging_mixin.py:190} INFO - [2025-04-21T11:17:52.977+0000] {dag.py:4180} INFO - Setting next_dagrun for example_bash_operator to 2025-04-20 00:00:00+00:00, run_after=2025-04-21 00:00:00+00:00
[2025-04-21T11:17:52.992+0000] {processor.py:208} INFO - Processing /home/airflow/.local/lib/python3.12/site-packages/airflow/example_dags/example_bash_operator.py took 0.069 seconds
[2025-04-21T11:18:23.546+0000] {processor.py:186} INFO - Started process (PID=3223) to work on /home/airflow/.local/lib/python3.12/site-packages/airflow/example_dags/example_bash_operator.py
[2025-04-21T11:18:23.547+0000] {processor.py:914} INFO - Processing file /home/airflow/.local/lib/python3.12/site-packages/airflow/example_dags/example_bash_operator.py for tasks to queue
[2025-04-21T11:18:23.548+0000] {logging_mixin.py:190} INFO - [2025-04-21T11:18:23.548+0000] {dagbag.py:588} INFO - Filling up the DagBag from /home/airflow/.local/lib/python3.12/site-packages/airflow/example_dags/example_bash_operator.py
[2025-04-21T11:18:23.559+0000] {processor.py:925} INFO - DAG(s) 'example_bash_operator' retrieved from /home/airflow/.local/lib/python3.12/site-packages/airflow/example_dags/example_bash_operator.py
[2025-04-21T11:18:23.581+0000] {logging_mixin.py:190} INFO - [2025-04-21T11:18:23.580+0000] {dag.py:3239} INFO - Sync 1 DAGs
[2025-04-21T11:18:23.599+0000] {logging_mixin.py:190} INFO - [2025-04-21T11:18:23.599+0000] {dag.py:4180} INFO - Setting next_dagrun for example_bash_operator to 2025-04-20 00:00:00+00:00, run_after=2025-04-21 00:00:00+00:00
[2025-04-21T11:18:23.613+0000] {processor.py:208} INFO - Processing /home/airflow/.local/lib/python3.12/site-packages/airflow/example_dags/example_bash_operator.py took 0.072 seconds
[2025-04-21T11:18:54.137+0000] {processor.py:186} INFO - Started process (PID=3286) to work on /home/airflow/.local/lib/python3.12/site-packages/airflow/example_dags/example_bash_operator.py
[2025-04-21T11:18:54.137+0000] {processor.py:914} INFO - Processing file /home/airflow/.local/lib/python3.12/site-packages/airflow/example_dags/example_bash_operator.py for tasks to queue
[2025-04-21T11:18:54.139+0000] {logging_mixin.py:190} INFO - [2025-04-21T11:18:54.138+0000] {dagbag.py:588} INFO - Filling up the DagBag from /home/airflow/.local/lib/python3.12/site-packages/airflow/example_dags/example_bash_operator.py
[2025-04-21T11:18:54.149+0000] {processor.py:925} INFO - DAG(s) 'example_bash_operator' retrieved from /home/airflow/.local/lib/python3.12/site-packages/airflow/example_dags/example_bash_operator.py
[2025-04-21T11:18:54.168+0000] {logging_mixin.py:190} INFO - [2025-04-21T11:18:54.168+0000] {dag.py:3239} INFO - Sync 1 DAGs
[2025-04-21T11:18:54.186+0000] {logging_mixin.py:190} INFO - [2025-04-21T11:18:54.186+0000] {dag.py:4180} INFO - Setting next_dagrun for example_bash_operator to 2025-04-20 00:00:00+00:00, run_after=2025-04-21 00:00:00+00:00
[2025-04-21T11:18:54.199+0000] {processor.py:208} INFO - Processing /home/airflow/.local/lib/python3.12/site-packages/airflow/example_dags/example_bash_operator.py took 0.067 seconds
[2025-04-21T11:19:24.373+0000] {processor.py:186} INFO - Started process (PID=3349) to work on /home/airflow/.local/lib/python3.12/site-packages/airflow/example_dags/example_bash_operator.py
[2025-04-21T11:19:24.374+0000] {processor.py:914} INFO - Processing file /home/airflow/.local/lib/python3.12/site-packages/airflow/example_dags/example_bash_operator.py for tasks to queue
[2025-04-21T11:19:24.376+0000] {logging_mixin.py:190} INFO - [2025-04-21T11:19:24.376+0000] {dagbag.py:588} INFO - Filling up the DagBag from /home/airflow/.local/lib/python3.12/site-packages/airflow/example_dags/example_bash_operator.py
[2025-04-21T11:19:24.386+0000] {processor.py:925} INFO - DAG(s) 'example_bash_operator' retrieved from /home/airflow/.local/lib/python3.12/site-packages/airflow/example_dags/example_bash_operator.py
[2025-04-21T11:19:24.405+0000] {logging_mixin.py:190} INFO - [2025-04-21T11:19:24.405+0000] {dag.py:3239} INFO - Sync 1 DAGs
[2025-04-21T11:19:24.429+0000] {logging_mixin.py:190} INFO - [2025-04-21T11:19:24.429+0000] {dag.py:4180} INFO - Setting next_dagrun for example_bash_operator to 2025-04-20 00:00:00+00:00, run_after=2025-04-21 00:00:00+00:00
[2025-04-21T11:19:24.445+0000] {processor.py:208} INFO - Processing /home/airflow/.local/lib/python3.12/site-packages/airflow/example_dags/example_bash_operator.py took 0.075 seconds
[2025-04-21T11:19:54.543+0000] {processor.py:186} INFO - Started process (PID=3411) to work on /home/airflow/.local/lib/python3.12/site-packages/airflow/example_dags/example_bash_operator.py
[2025-04-21T11:19:54.544+0000] {processor.py:914} INFO - Processing file /home/airflow/.local/lib/python3.12/site-packages/airflow/example_dags/example_bash_operator.py for tasks to queue
[2025-04-21T11:19:54.546+0000] {logging_mixin.py:190} INFO - [2025-04-21T11:19:54.546+0000] {dagbag.py:588} INFO - Filling up the DagBag from /home/airflow/.local/lib/python3.12/site-packages/airflow/example_dags/example_bash_operator.py
[2025-04-21T11:19:54.555+0000] {processor.py:925} INFO - DAG(s) 'example_bash_operator' retrieved from /home/airflow/.local/lib/python3.12/site-packages/airflow/example_dags/example_bash_operator.py
[2025-04-21T11:19:54.582+0000] {logging_mixin.py:190} INFO - [2025-04-21T11:19:54.582+0000] {dag.py:3239} INFO - Sync 1 DAGs
[2025-04-21T11:19:54.603+0000] {logging_mixin.py:190} INFO - [2025-04-21T11:19:54.602+0000] {dag.py:4180} INFO - Setting next_dagrun for example_bash_operator to 2025-04-20 00:00:00+00:00, run_after=2025-04-21 00:00:00+00:00
[2025-04-21T11:19:54.619+0000] {processor.py:208} INFO - Processing /home/airflow/.local/lib/python3.12/site-packages/airflow/example_dags/example_bash_operator.py took 0.080 seconds
[2025-04-21T11:20:24.948+0000] {processor.py:186} INFO - Started process (PID=3466) to work on /home/airflow/.local/lib/python3.12/site-packages/airflow/example_dags/example_bash_operator.py
[2025-04-21T11:20:24.949+0000] {processor.py:914} INFO - Processing file /home/airflow/.local/lib/python3.12/site-packages/airflow/example_dags/example_bash_operator.py for tasks to queue
[2025-04-21T11:20:24.952+0000] {logging_mixin.py:190} INFO - [2025-04-21T11:20:24.951+0000] {dagbag.py:588} INFO - Filling up the DagBag from /home/airflow/.local/lib/python3.12/site-packages/airflow/example_dags/example_bash_operator.py
[2025-04-21T11:20:24.963+0000] {processor.py:925} INFO - DAG(s) 'example_bash_operator' retrieved from /home/airflow/.local/lib/python3.12/site-packages/airflow/example_dags/example_bash_operator.py
[2025-04-21T11:20:24.985+0000] {logging_mixin.py:190} INFO - [2025-04-21T11:20:24.985+0000] {dag.py:3239} INFO - Sync 1 DAGs
[2025-04-21T11:20:25.006+0000] {logging_mixin.py:190} INFO - [2025-04-21T11:20:25.006+0000] {dag.py:4180} INFO - Setting next_dagrun for example_bash_operator to 2025-04-20 00:00:00+00:00, run_after=2025-04-21 00:00:00+00:00
[2025-04-21T11:20:25.026+0000] {processor.py:208} INFO - Processing /home/airflow/.local/lib/python3.12/site-packages/airflow/example_dags/example_bash_operator.py took 0.082 seconds
[2025-04-21T11:20:56.171+0000] {processor.py:186} INFO - Started process (PID=3529) to work on /home/airflow/.local/lib/python3.12/site-packages/airflow/example_dags/example_bash_operator.py
[2025-04-21T11:20:56.171+0000] {processor.py:914} INFO - Processing file /home/airflow/.local/lib/python3.12/site-packages/airflow/example_dags/example_bash_operator.py for tasks to queue
[2025-04-21T11:20:56.173+0000] {logging_mixin.py:190} INFO - [2025-04-21T11:20:56.173+0000] {dagbag.py:588} INFO - Filling up the DagBag from /home/airflow/.local/lib/python3.12/site-packages/airflow/example_dags/example_bash_operator.py
[2025-04-21T11:20:56.184+0000] {processor.py:925} INFO - DAG(s) 'example_bash_operator' retrieved from /home/airflow/.local/lib/python3.12/site-packages/airflow/example_dags/example_bash_operator.py
[2025-04-21T11:20:56.207+0000] {logging_mixin.py:190} INFO - [2025-04-21T11:20:56.207+0000] {dag.py:3239} INFO - Sync 1 DAGs
[2025-04-21T11:20:56.227+0000] {logging_mixin.py:190} INFO - [2025-04-21T11:20:56.227+0000] {dag.py:4180} INFO - Setting next_dagrun for example_bash_operator to 2025-04-20 00:00:00+00:00, run_after=2025-04-21 00:00:00+00:00
[2025-04-21T11:20:56.243+0000] {processor.py:208} INFO - Processing /home/airflow/.local/lib/python3.12/site-packages/airflow/example_dags/example_bash_operator.py took 0.076 seconds
[2025-04-21T11:21:26.811+0000] {processor.py:186} INFO - Started process (PID=3591) to work on /home/airflow/.local/lib/python3.12/site-packages/airflow/example_dags/example_bash_operator.py
[2025-04-21T11:21:26.812+0000] {processor.py:914} INFO - Processing file /home/airflow/.local/lib/python3.12/site-packages/airflow/example_dags/example_bash_operator.py for tasks to queue
[2025-04-21T11:21:26.814+0000] {logging_mixin.py:190} INFO - [2025-04-21T11:21:26.814+0000] {dagbag.py:588} INFO - Filling up the DagBag from /home/airflow/.local/lib/python3.12/site-packages/airflow/example_dags/example_bash_operator.py
[2025-04-21T11:21:26.825+0000] {processor.py:925} INFO - DAG(s) 'example_bash_operator' retrieved from /home/airflow/.local/lib/python3.12/site-packages/airflow/example_dags/example_bash_operator.py
[2025-04-21T11:21:26.851+0000] {logging_mixin.py:190} INFO - [2025-04-21T11:21:26.850+0000] {dag.py:3239} INFO - Sync 1 DAGs
[2025-04-21T11:21:27.027+0000] {logging_mixin.py:190} INFO - [2025-04-21T11:21:27.027+0000] {dag.py:4180} INFO - Setting next_dagrun for example_bash_operator to 2025-04-20 00:00:00+00:00, run_after=2025-04-21 00:00:00+00:00
[2025-04-21T11:21:27.045+0000] {processor.py:208} INFO - Processing /home/airflow/.local/lib/python3.12/site-packages/airflow/example_dags/example_bash_operator.py took 0.238 seconds
[2025-04-21T11:21:57.202+0000] {processor.py:186} INFO - Started process (PID=3652) to work on /home/airflow/.local/lib/python3.12/site-packages/airflow/example_dags/example_bash_operator.py
[2025-04-21T11:21:57.202+0000] {processor.py:914} INFO - Processing file /home/airflow/.local/lib/python3.12/site-packages/airflow/example_dags/example_bash_operator.py for tasks to queue
[2025-04-21T11:21:57.204+0000] {logging_mixin.py:190} INFO - [2025-04-21T11:21:57.204+0000] {dagbag.py:588} INFO - Filling up the DagBag from /home/airflow/.local/lib/python3.12/site-packages/airflow/example_dags/example_bash_operator.py
[2025-04-21T11:21:57.215+0000] {processor.py:925} INFO - DAG(s) 'example_bash_operator' retrieved from /home/airflow/.local/lib/python3.12/site-packages/airflow/example_dags/example_bash_operator.py
[2025-04-21T11:21:57.235+0000] {logging_mixin.py:190} INFO - [2025-04-21T11:21:57.235+0000] {dag.py:3239} INFO - Sync 1 DAGs
[2025-04-21T11:21:57.256+0000] {logging_mixin.py:190} INFO - [2025-04-21T11:21:57.255+0000] {dag.py:4180} INFO - Setting next_dagrun for example_bash_operator to 2025-04-20 00:00:00+00:00, run_after=2025-04-21 00:00:00+00:00
[2025-04-21T11:21:57.437+0000] {processor.py:208} INFO - Processing /home/airflow/.local/lib/python3.12/site-packages/airflow/example_dags/example_bash_operator.py took 0.240 seconds
[2025-04-21T11:22:27.952+0000] {processor.py:186} INFO - Started process (PID=3715) to work on /home/airflow/.local/lib/python3.12/site-packages/airflow/example_dags/example_bash_operator.py
[2025-04-21T11:22:27.953+0000] {processor.py:914} INFO - Processing file /home/airflow/.local/lib/python3.12/site-packages/airflow/example_dags/example_bash_operator.py for tasks to queue
[2025-04-21T11:22:27.954+0000] {logging_mixin.py:190} INFO - [2025-04-21T11:22:27.954+0000] {dagbag.py:588} INFO - Filling up the DagBag from /home/airflow/.local/lib/python3.12/site-packages/airflow/example_dags/example_bash_operator.py
[2025-04-21T11:22:27.965+0000] {processor.py:925} INFO - DAG(s) 'example_bash_operator' retrieved from /home/airflow/.local/lib/python3.12/site-packages/airflow/example_dags/example_bash_operator.py
[2025-04-21T11:22:27.985+0000] {logging_mixin.py:190} INFO - [2025-04-21T11:22:27.985+0000] {dag.py:3239} INFO - Sync 1 DAGs
[2025-04-21T11:22:28.004+0000] {logging_mixin.py:190} INFO - [2025-04-21T11:22:28.004+0000] {dag.py:4180} INFO - Setting next_dagrun for example_bash_operator to 2025-04-20 00:00:00+00:00, run_after=2025-04-21 00:00:00+00:00
[2025-04-21T11:22:28.173+0000] {processor.py:208} INFO - Processing /home/airflow/.local/lib/python3.12/site-packages/airflow/example_dags/example_bash_operator.py took 0.226 seconds
[2025-04-21T11:22:58.663+0000] {processor.py:186} INFO - Started process (PID=3776) to work on /home/airflow/.local/lib/python3.12/site-packages/airflow/example_dags/example_bash_operator.py
[2025-04-21T11:22:58.663+0000] {processor.py:914} INFO - Processing file /home/airflow/.local/lib/python3.12/site-packages/airflow/example_dags/example_bash_operator.py for tasks to queue
[2025-04-21T11:22:58.666+0000] {logging_mixin.py:190} INFO - [2025-04-21T11:22:58.666+0000] {dagbag.py:588} INFO - Filling up the DagBag from /home/airflow/.local/lib/python3.12/site-packages/airflow/example_dags/example_bash_operator.py
[2025-04-21T11:22:58.675+0000] {processor.py:925} INFO - DAG(s) 'example_bash_operator' retrieved from /home/airflow/.local/lib/python3.12/site-packages/airflow/example_dags/example_bash_operator.py
[2025-04-21T11:22:58.694+0000] {logging_mixin.py:190} INFO - [2025-04-21T11:22:58.694+0000] {dag.py:3239} INFO - Sync 1 DAGs
[2025-04-21T11:22:58.712+0000] {logging_mixin.py:190} INFO - [2025-04-21T11:22:58.711+0000] {dag.py:4180} INFO - Setting next_dagrun for example_bash_operator to 2025-04-20 00:00:00+00:00, run_after=2025-04-21 00:00:00+00:00
[2025-04-21T11:22:58.726+0000] {processor.py:208} INFO - Processing /home/airflow/.local/lib/python3.12/site-packages/airflow/example_dags/example_bash_operator.py took 0.068 seconds
[2025-04-21T11:23:29.241+0000] {processor.py:186} INFO - Started process (PID=3839) to work on /home/airflow/.local/lib/python3.12/site-packages/airflow/example_dags/example_bash_operator.py
[2025-04-21T11:23:29.242+0000] {processor.py:914} INFO - Processing file /home/airflow/.local/lib/python3.12/site-packages/airflow/example_dags/example_bash_operator.py for tasks to queue
[2025-04-21T11:23:29.244+0000] {logging_mixin.py:190} INFO - [2025-04-21T11:23:29.244+0000] {dagbag.py:588} INFO - Filling up the DagBag from /home/airflow/.local/lib/python3.12/site-packages/airflow/example_dags/example_bash_operator.py
[2025-04-21T11:23:29.254+0000] {processor.py:925} INFO - DAG(s) 'example_bash_operator' retrieved from /home/airflow/.local/lib/python3.12/site-packages/airflow/example_dags/example_bash_operator.py
[2025-04-21T11:23:29.272+0000] {logging_mixin.py:190} INFO - [2025-04-21T11:23:29.272+0000] {dag.py:3239} INFO - Sync 1 DAGs
[2025-04-21T11:23:29.291+0000] {logging_mixin.py:190} INFO - [2025-04-21T11:23:29.291+0000] {dag.py:4180} INFO - Setting next_dagrun for example_bash_operator to 2025-04-20 00:00:00+00:00, run_after=2025-04-21 00:00:00+00:00
[2025-04-21T11:23:29.306+0000] {processor.py:208} INFO - Processing /home/airflow/.local/lib/python3.12/site-packages/airflow/example_dags/example_bash_operator.py took 0.071 seconds
[2025-04-21T11:23:59.380+0000] {processor.py:186} INFO - Started process (PID=3901) to work on /home/airflow/.local/lib/python3.12/site-packages/airflow/example_dags/example_bash_operator.py
[2025-04-21T11:23:59.381+0000] {processor.py:914} INFO - Processing file /home/airflow/.local/lib/python3.12/site-packages/airflow/example_dags/example_bash_operator.py for tasks to queue
[2025-04-21T11:23:59.382+0000] {logging_mixin.py:190} INFO - [2025-04-21T11:23:59.382+0000] {dagbag.py:588} INFO - Filling up the DagBag from /home/airflow/.local/lib/python3.12/site-packages/airflow/example_dags/example_bash_operator.py
[2025-04-21T11:23:59.392+0000] {processor.py:925} INFO - DAG(s) 'example_bash_operator' retrieved from /home/airflow/.local/lib/python3.12/site-packages/airflow/example_dags/example_bash_operator.py
[2025-04-21T11:23:59.411+0000] {logging_mixin.py:190} INFO - [2025-04-21T11:23:59.411+0000] {dag.py:3239} INFO - Sync 1 DAGs
[2025-04-21T11:23:59.427+0000] {logging_mixin.py:190} INFO - [2025-04-21T11:23:59.427+0000] {dag.py:4180} INFO - Setting next_dagrun for example_bash_operator to 2025-04-20 00:00:00+00:00, run_after=2025-04-21 00:00:00+00:00
[2025-04-21T11:23:59.441+0000] {processor.py:208} INFO - Processing /home/airflow/.local/lib/python3.12/site-packages/airflow/example_dags/example_bash_operator.py took 0.066 seconds
[2025-04-21T11:24:30.302+0000] {processor.py:186} INFO - Started process (PID=3964) to work on /home/airflow/.local/lib/python3.12/site-packages/airflow/example_dags/example_bash_operator.py
[2025-04-21T11:24:30.303+0000] {processor.py:914} INFO - Processing file /home/airflow/.local/lib/python3.12/site-packages/airflow/example_dags/example_bash_operator.py for tasks to queue
[2025-04-21T11:24:30.305+0000] {logging_mixin.py:190} INFO - [2025-04-21T11:24:30.304+0000] {dagbag.py:588} INFO - Filling up the DagBag from /home/airflow/.local/lib/python3.12/site-packages/airflow/example_dags/example_bash_operator.py
[2025-04-21T11:24:30.314+0000] {processor.py:925} INFO - DAG(s) 'example_bash_operator' retrieved from /home/airflow/.local/lib/python3.12/site-packages/airflow/example_dags/example_bash_operator.py
[2025-04-21T11:24:30.333+0000] {logging_mixin.py:190} INFO - [2025-04-21T11:24:30.333+0000] {dag.py:3239} INFO - Sync 1 DAGs
[2025-04-21T11:24:30.354+0000] {logging_mixin.py:190} INFO - [2025-04-21T11:24:30.353+0000] {dag.py:4180} INFO - Setting next_dagrun for example_bash_operator to 2025-04-20 00:00:00+00:00, run_after=2025-04-21 00:00:00+00:00
[2025-04-21T11:24:30.369+0000] {processor.py:208} INFO - Processing /home/airflow/.local/lib/python3.12/site-packages/airflow/example_dags/example_bash_operator.py took 0.071 seconds
[2025-04-21T11:25:00.841+0000] {processor.py:186} INFO - Started process (PID=4027) to work on /home/airflow/.local/lib/python3.12/site-packages/airflow/example_dags/example_bash_operator.py
[2025-04-21T11:25:00.841+0000] {processor.py:914} INFO - Processing file /home/airflow/.local/lib/python3.12/site-packages/airflow/example_dags/example_bash_operator.py for tasks to queue
[2025-04-21T11:25:00.844+0000] {logging_mixin.py:190} INFO - [2025-04-21T11:25:00.843+0000] {dagbag.py:588} INFO - Filling up the DagBag from /home/airflow/.local/lib/python3.12/site-packages/airflow/example_dags/example_bash_operator.py
[2025-04-21T11:25:00.854+0000] {processor.py:925} INFO - DAG(s) 'example_bash_operator' retrieved from /home/airflow/.local/lib/python3.12/site-packages/airflow/example_dags/example_bash_operator.py
[2025-04-21T11:25:00.875+0000] {logging_mixin.py:190} INFO - [2025-04-21T11:25:00.875+0000] {dag.py:3239} INFO - Sync 1 DAGs
[2025-04-21T11:25:00.895+0000] {logging_mixin.py:190} INFO - [2025-04-21T11:25:00.895+0000] {dag.py:4180} INFO - Setting next_dagrun for example_bash_operator to 2025-04-20 00:00:00+00:00, run_after=2025-04-21 00:00:00+00:00
[2025-04-21T11:25:00.911+0000] {processor.py:208} INFO - Processing /home/airflow/.local/lib/python3.12/site-packages/airflow/example_dags/example_bash_operator.py took 0.075 seconds
[2025-04-21T11:25:31.193+0000] {processor.py:186} INFO - Started process (PID=4090) to work on /home/airflow/.local/lib/python3.12/site-packages/airflow/example_dags/example_bash_operator.py
[2025-04-21T11:25:31.193+0000] {processor.py:914} INFO - Processing file /home/airflow/.local/lib/python3.12/site-packages/airflow/example_dags/example_bash_operator.py for tasks to queue
[2025-04-21T11:25:31.196+0000] {logging_mixin.py:190} INFO - [2025-04-21T11:25:31.196+0000] {dagbag.py:588} INFO - Filling up the DagBag from /home/airflow/.local/lib/python3.12/site-packages/airflow/example_dags/example_bash_operator.py
[2025-04-21T11:25:31.206+0000] {processor.py:925} INFO - DAG(s) 'example_bash_operator' retrieved from /home/airflow/.local/lib/python3.12/site-packages/airflow/example_dags/example_bash_operator.py
[2025-04-21T11:25:31.229+0000] {logging_mixin.py:190} INFO - [2025-04-21T11:25:31.229+0000] {dag.py:3239} INFO - Sync 1 DAGs
[2025-04-21T11:25:31.247+0000] {logging_mixin.py:190} INFO - [2025-04-21T11:25:31.247+0000] {dag.py:4180} INFO - Setting next_dagrun for example_bash_operator to 2025-04-20 00:00:00+00:00, run_after=2025-04-21 00:00:00+00:00
[2025-04-21T11:25:31.260+0000] {processor.py:208} INFO - Processing /home/airflow/.local/lib/python3.12/site-packages/airflow/example_dags/example_bash_operator.py took 0.072 seconds
[2025-04-21T11:26:01.923+0000] {processor.py:186} INFO - Started process (PID=4153) to work on /home/airflow/.local/lib/python3.12/site-packages/airflow/example_dags/example_bash_operator.py
[2025-04-21T11:26:01.924+0000] {processor.py:914} INFO - Processing file /home/airflow/.local/lib/python3.12/site-packages/airflow/example_dags/example_bash_operator.py for tasks to queue
[2025-04-21T11:26:01.926+0000] {logging_mixin.py:190} INFO - [2025-04-21T11:26:01.925+0000] {dagbag.py:588} INFO - Filling up the DagBag from /home/airflow/.local/lib/python3.12/site-packages/airflow/example_dags/example_bash_operator.py
[2025-04-21T11:26:01.934+0000] {processor.py:925} INFO - DAG(s) 'example_bash_operator' retrieved from /home/airflow/.local/lib/python3.12/site-packages/airflow/example_dags/example_bash_operator.py
[2025-04-21T11:26:01.954+0000] {logging_mixin.py:190} INFO - [2025-04-21T11:26:01.953+0000] {dag.py:3239} INFO - Sync 1 DAGs
[2025-04-21T11:26:01.971+0000] {logging_mixin.py:190} INFO - [2025-04-21T11:26:01.971+0000] {dag.py:4180} INFO - Setting next_dagrun for example_bash_operator to 2025-04-20 00:00:00+00:00, run_after=2025-04-21 00:00:00+00:00
[2025-04-21T11:26:01.986+0000] {processor.py:208} INFO - Processing /home/airflow/.local/lib/python3.12/site-packages/airflow/example_dags/example_bash_operator.py took 0.067 seconds
[2025-04-21T11:26:32.654+0000] {processor.py:186} INFO - Started process (PID=4216) to work on /home/airflow/.local/lib/python3.12/site-packages/airflow/example_dags/example_bash_operator.py
[2025-04-21T11:26:32.655+0000] {processor.py:914} INFO - Processing file /home/airflow/.local/lib/python3.12/site-packages/airflow/example_dags/example_bash_operator.py for tasks to queue
[2025-04-21T11:26:32.657+0000] {logging_mixin.py:190} INFO - [2025-04-21T11:26:32.657+0000] {dagbag.py:588} INFO - Filling up the DagBag from /home/airflow/.local/lib/python3.12/site-packages/airflow/example_dags/example_bash_operator.py
[2025-04-21T11:26:32.666+0000] {processor.py:925} INFO - DAG(s) 'example_bash_operator' retrieved from /home/airflow/.local/lib/python3.12/site-packages/airflow/example_dags/example_bash_operator.py
[2025-04-21T11:26:32.685+0000] {logging_mixin.py:190} INFO - [2025-04-21T11:26:32.685+0000] {dag.py:3239} INFO - Sync 1 DAGs
[2025-04-21T11:26:32.702+0000] {logging_mixin.py:190} INFO - [2025-04-21T11:26:32.701+0000] {dag.py:4180} INFO - Setting next_dagrun for example_bash_operator to 2025-04-20 00:00:00+00:00, run_after=2025-04-21 00:00:00+00:00
[2025-04-21T11:26:32.716+0000] {processor.py:208} INFO - Processing /home/airflow/.local/lib/python3.12/site-packages/airflow/example_dags/example_bash_operator.py took 0.065 seconds
[2025-04-21T11:27:03.505+0000] {processor.py:186} INFO - Started process (PID=4279) to work on /home/airflow/.local/lib/python3.12/site-packages/airflow/example_dags/example_bash_operator.py
[2025-04-21T11:27:03.505+0000] {processor.py:914} INFO - Processing file /home/airflow/.local/lib/python3.12/site-packages/airflow/example_dags/example_bash_operator.py for tasks to queue
[2025-04-21T11:27:03.508+0000] {logging_mixin.py:190} INFO - [2025-04-21T11:27:03.507+0000] {dagbag.py:588} INFO - Filling up the DagBag from /home/airflow/.local/lib/python3.12/site-packages/airflow/example_dags/example_bash_operator.py
[2025-04-21T11:27:03.517+0000] {processor.py:925} INFO - DAG(s) 'example_bash_operator' retrieved from /home/airflow/.local/lib/python3.12/site-packages/airflow/example_dags/example_bash_operator.py
[2025-04-21T11:27:03.537+0000] {logging_mixin.py:190} INFO - [2025-04-21T11:27:03.536+0000] {dag.py:3239} INFO - Sync 1 DAGs
[2025-04-21T11:27:03.553+0000] {logging_mixin.py:190} INFO - [2025-04-21T11:27:03.552+0000] {dag.py:4180} INFO - Setting next_dagrun for example_bash_operator to 2025-04-20 00:00:00+00:00, run_after=2025-04-21 00:00:00+00:00
[2025-04-21T11:27:03.566+0000] {processor.py:208} INFO - Processing /home/airflow/.local/lib/python3.12/site-packages/airflow/example_dags/example_bash_operator.py took 0.065 seconds
[2025-04-21T11:27:33.643+0000] {processor.py:186} INFO - Started process (PID=4342) to work on /home/airflow/.local/lib/python3.12/site-packages/airflow/example_dags/example_bash_operator.py
[2025-04-21T11:27:33.643+0000] {processor.py:914} INFO - Processing file /home/airflow/.local/lib/python3.12/site-packages/airflow/example_dags/example_bash_operator.py for tasks to queue
[2025-04-21T11:27:33.645+0000] {logging_mixin.py:190} INFO - [2025-04-21T11:27:33.644+0000] {dagbag.py:588} INFO - Filling up the DagBag from /home/airflow/.local/lib/python3.12/site-packages/airflow/example_dags/example_bash_operator.py
[2025-04-21T11:27:33.654+0000] {processor.py:925} INFO - DAG(s) 'example_bash_operator' retrieved from /home/airflow/.local/lib/python3.12/site-packages/airflow/example_dags/example_bash_operator.py
[2025-04-21T11:27:33.673+0000] {logging_mixin.py:190} INFO - [2025-04-21T11:27:33.672+0000] {dag.py:3239} INFO - Sync 1 DAGs
[2025-04-21T11:27:33.690+0000] {logging_mixin.py:190} INFO - [2025-04-21T11:27:33.690+0000] {dag.py:4180} INFO - Setting next_dagrun for example_bash_operator to 2025-04-20 00:00:00+00:00, run_after=2025-04-21 00:00:00+00:00
[2025-04-21T11:27:33.706+0000] {processor.py:208} INFO - Processing /home/airflow/.local/lib/python3.12/site-packages/airflow/example_dags/example_bash_operator.py took 0.067 seconds
[2025-04-21T11:28:04.074+0000] {processor.py:186} INFO - Started process (PID=4405) to work on /home/airflow/.local/lib/python3.12/site-packages/airflow/example_dags/example_bash_operator.py
[2025-04-21T11:28:04.075+0000] {processor.py:914} INFO - Processing file /home/airflow/.local/lib/python3.12/site-packages/airflow/example_dags/example_bash_operator.py for tasks to queue
[2025-04-21T11:28:04.078+0000] {logging_mixin.py:190} INFO - [2025-04-21T11:28:04.078+0000] {dagbag.py:588} INFO - Filling up the DagBag from /home/airflow/.local/lib/python3.12/site-packages/airflow/example_dags/example_bash_operator.py
[2025-04-21T11:28:04.090+0000] {processor.py:925} INFO - DAG(s) 'example_bash_operator' retrieved from /home/airflow/.local/lib/python3.12/site-packages/airflow/example_dags/example_bash_operator.py
[2025-04-21T11:28:04.115+0000] {logging_mixin.py:190} INFO - [2025-04-21T11:28:04.114+0000] {dag.py:3239} INFO - Sync 1 DAGs
[2025-04-21T11:28:04.140+0000] {logging_mixin.py:190} INFO - [2025-04-21T11:28:04.140+0000] {dag.py:4180} INFO - Setting next_dagrun for example_bash_operator to 2025-04-20 00:00:00+00:00, run_after=2025-04-21 00:00:00+00:00
[2025-04-21T11:28:04.161+0000] {processor.py:208} INFO - Processing /home/airflow/.local/lib/python3.12/site-packages/airflow/example_dags/example_bash_operator.py took 0.091 seconds
[2025-04-21T11:28:34.782+0000] {processor.py:186} INFO - Started process (PID=4468) to work on /home/airflow/.local/lib/python3.12/site-packages/airflow/example_dags/example_bash_operator.py
[2025-04-21T11:28:34.782+0000] {processor.py:914} INFO - Processing file /home/airflow/.local/lib/python3.12/site-packages/airflow/example_dags/example_bash_operator.py for tasks to queue
[2025-04-21T11:28:34.785+0000] {logging_mixin.py:190} INFO - [2025-04-21T11:28:34.784+0000] {dagbag.py:588} INFO - Filling up the DagBag from /home/airflow/.local/lib/python3.12/site-packages/airflow/example_dags/example_bash_operator.py
[2025-04-21T11:28:34.794+0000] {processor.py:925} INFO - DAG(s) 'example_bash_operator' retrieved from /home/airflow/.local/lib/python3.12/site-packages/airflow/example_dags/example_bash_operator.py
[2025-04-21T11:28:34.815+0000] {logging_mixin.py:190} INFO - [2025-04-21T11:28:34.815+0000] {dag.py:3239} INFO - Sync 1 DAGs
[2025-04-21T11:28:34.834+0000] {logging_mixin.py:190} INFO - [2025-04-21T11:28:34.834+0000] {dag.py:4180} INFO - Setting next_dagrun for example_bash_operator to 2025-04-20 00:00:00+00:00, run_after=2025-04-21 00:00:00+00:00
[2025-04-21T11:28:34.848+0000] {processor.py:208} INFO - Processing /home/airflow/.local/lib/python3.12/site-packages/airflow/example_dags/example_bash_operator.py took 0.070 seconds
[2025-04-21T11:29:05.242+0000] {processor.py:186} INFO - Started process (PID=4531) to work on /home/airflow/.local/lib/python3.12/site-packages/airflow/example_dags/example_bash_operator.py
[2025-04-21T11:29:05.243+0000] {processor.py:914} INFO - Processing file /home/airflow/.local/lib/python3.12/site-packages/airflow/example_dags/example_bash_operator.py for tasks to queue
[2025-04-21T11:29:05.245+0000] {logging_mixin.py:190} INFO - [2025-04-21T11:29:05.245+0000] {dagbag.py:588} INFO - Filling up the DagBag from /home/airflow/.local/lib/python3.12/site-packages/airflow/example_dags/example_bash_operator.py
[2025-04-21T11:29:05.254+0000] {processor.py:925} INFO - DAG(s) 'example_bash_operator' retrieved from /home/airflow/.local/lib/python3.12/site-packages/airflow/example_dags/example_bash_operator.py
[2025-04-21T11:29:05.274+0000] {logging_mixin.py:190} INFO - [2025-04-21T11:29:05.274+0000] {dag.py:3239} INFO - Sync 1 DAGs
[2025-04-21T11:29:05.291+0000] {logging_mixin.py:190} INFO - [2025-04-21T11:29:05.291+0000] {dag.py:4180} INFO - Setting next_dagrun for example_bash_operator to 2025-04-20 00:00:00+00:00, run_after=2025-04-21 00:00:00+00:00
[2025-04-21T11:29:05.307+0000] {processor.py:208} INFO - Processing /home/airflow/.local/lib/python3.12/site-packages/airflow/example_dags/example_bash_operator.py took 0.069 seconds
[2025-04-21T11:29:35.668+0000] {processor.py:186} INFO - Started process (PID=4593) to work on /home/airflow/.local/lib/python3.12/site-packages/airflow/example_dags/example_bash_operator.py
[2025-04-21T11:29:35.669+0000] {processor.py:914} INFO - Processing file /home/airflow/.local/lib/python3.12/site-packages/airflow/example_dags/example_bash_operator.py for tasks to queue
[2025-04-21T11:29:35.671+0000] {logging_mixin.py:190} INFO - [2025-04-21T11:29:35.671+0000] {dagbag.py:588} INFO - Filling up the DagBag from /home/airflow/.local/lib/python3.12/site-packages/airflow/example_dags/example_bash_operator.py
[2025-04-21T11:29:35.680+0000] {processor.py:925} INFO - DAG(s) 'example_bash_operator' retrieved from /home/airflow/.local/lib/python3.12/site-packages/airflow/example_dags/example_bash_operator.py
[2025-04-21T11:29:35.699+0000] {logging_mixin.py:190} INFO - [2025-04-21T11:29:35.699+0000] {dag.py:3239} INFO - Sync 1 DAGs
[2025-04-21T11:29:35.717+0000] {logging_mixin.py:190} INFO - [2025-04-21T11:29:35.716+0000] {dag.py:4180} INFO - Setting next_dagrun for example_bash_operator to 2025-04-20 00:00:00+00:00, run_after=2025-04-21 00:00:00+00:00
[2025-04-21T11:29:35.733+0000] {processor.py:208} INFO - Processing /home/airflow/.local/lib/python3.12/site-packages/airflow/example_dags/example_bash_operator.py took 0.069 seconds
[2025-04-21T11:30:06.057+0000] {processor.py:186} INFO - Started process (PID=4657) to work on /home/airflow/.local/lib/python3.12/site-packages/airflow/example_dags/example_bash_operator.py
[2025-04-21T11:30:06.057+0000] {processor.py:914} INFO - Processing file /home/airflow/.local/lib/python3.12/site-packages/airflow/example_dags/example_bash_operator.py for tasks to queue
[2025-04-21T11:30:06.059+0000] {logging_mixin.py:190} INFO - [2025-04-21T11:30:06.059+0000] {dagbag.py:588} INFO - Filling up the DagBag from /home/airflow/.local/lib/python3.12/site-packages/airflow/example_dags/example_bash_operator.py
[2025-04-21T11:30:06.068+0000] {processor.py:925} INFO - DAG(s) 'example_bash_operator' retrieved from /home/airflow/.local/lib/python3.12/site-packages/airflow/example_dags/example_bash_operator.py
[2025-04-21T11:30:06.089+0000] {logging_mixin.py:190} INFO - [2025-04-21T11:30:06.088+0000] {dag.py:3239} INFO - Sync 1 DAGs
[2025-04-21T11:30:06.108+0000] {logging_mixin.py:190} INFO - [2025-04-21T11:30:06.107+0000] {dag.py:4180} INFO - Setting next_dagrun for example_bash_operator to 2025-04-20 00:00:00+00:00, run_after=2025-04-21 00:00:00+00:00
[2025-04-21T11:30:06.122+0000] {processor.py:208} INFO - Processing /home/airflow/.local/lib/python3.12/site-packages/airflow/example_dags/example_bash_operator.py took 0.070 seconds
[2025-04-21T11:30:36.543+0000] {processor.py:186} INFO - Started process (PID=4720) to work on /home/airflow/.local/lib/python3.12/site-packages/airflow/example_dags/example_bash_operator.py
[2025-04-21T11:30:36.544+0000] {processor.py:914} INFO - Processing file /home/airflow/.local/lib/python3.12/site-packages/airflow/example_dags/example_bash_operator.py for tasks to queue
[2025-04-21T11:30:36.546+0000] {logging_mixin.py:190} INFO - [2025-04-21T11:30:36.546+0000] {dagbag.py:588} INFO - Filling up the DagBag from /home/airflow/.local/lib/python3.12/site-packages/airflow/example_dags/example_bash_operator.py
[2025-04-21T11:30:36.556+0000] {processor.py:925} INFO - DAG(s) 'example_bash_operator' retrieved from /home/airflow/.local/lib/python3.12/site-packages/airflow/example_dags/example_bash_operator.py
[2025-04-21T11:30:36.575+0000] {logging_mixin.py:190} INFO - [2025-04-21T11:30:36.574+0000] {dag.py:3239} INFO - Sync 1 DAGs
[2025-04-21T11:30:36.593+0000] {logging_mixin.py:190} INFO - [2025-04-21T11:30:36.593+0000] {dag.py:4180} INFO - Setting next_dagrun for example_bash_operator to 2025-04-20 00:00:00+00:00, run_after=2025-04-21 00:00:00+00:00
[2025-04-21T11:30:36.609+0000] {processor.py:208} INFO - Processing /home/airflow/.local/lib/python3.12/site-packages/airflow/example_dags/example_bash_operator.py took 0.071 seconds
[2025-04-21T11:31:07.109+0000] {processor.py:186} INFO - Started process (PID=4789) to work on /home/airflow/.local/lib/python3.12/site-packages/airflow/example_dags/example_bash_operator.py
[2025-04-21T11:31:07.110+0000] {processor.py:914} INFO - Processing file /home/airflow/.local/lib/python3.12/site-packages/airflow/example_dags/example_bash_operator.py for tasks to queue
[2025-04-21T11:31:07.112+0000] {logging_mixin.py:190} INFO - [2025-04-21T11:31:07.112+0000] {dagbag.py:588} INFO - Filling up the DagBag from /home/airflow/.local/lib/python3.12/site-packages/airflow/example_dags/example_bash_operator.py
[2025-04-21T11:31:07.121+0000] {processor.py:925} INFO - DAG(s) 'example_bash_operator' retrieved from /home/airflow/.local/lib/python3.12/site-packages/airflow/example_dags/example_bash_operator.py
[2025-04-21T11:31:07.141+0000] {logging_mixin.py:190} INFO - [2025-04-21T11:31:07.141+0000] {dag.py:3239} INFO - Sync 1 DAGs
[2025-04-21T11:31:07.159+0000] {logging_mixin.py:190} INFO - [2025-04-21T11:31:07.159+0000] {dag.py:4180} INFO - Setting next_dagrun for example_bash_operator to 2025-04-20 00:00:00+00:00, run_after=2025-04-21 00:00:00+00:00
[2025-04-21T11:31:07.173+0000] {processor.py:208} INFO - Processing /home/airflow/.local/lib/python3.12/site-packages/airflow/example_dags/example_bash_operator.py took 0.069 seconds
[2025-04-21T11:31:37.580+0000] {processor.py:186} INFO - Started process (PID=4852) to work on /home/airflow/.local/lib/python3.12/site-packages/airflow/example_dags/example_bash_operator.py
[2025-04-21T11:31:37.581+0000] {processor.py:914} INFO - Processing file /home/airflow/.local/lib/python3.12/site-packages/airflow/example_dags/example_bash_operator.py for tasks to queue
[2025-04-21T11:31:37.583+0000] {logging_mixin.py:190} INFO - [2025-04-21T11:31:37.583+0000] {dagbag.py:588} INFO - Filling up the DagBag from /home/airflow/.local/lib/python3.12/site-packages/airflow/example_dags/example_bash_operator.py
[2025-04-21T11:31:37.593+0000] {processor.py:925} INFO - DAG(s) 'example_bash_operator' retrieved from /home/airflow/.local/lib/python3.12/site-packages/airflow/example_dags/example_bash_operator.py
[2025-04-21T11:31:37.613+0000] {logging_mixin.py:190} INFO - [2025-04-21T11:31:37.612+0000] {dag.py:3239} INFO - Sync 1 DAGs
[2025-04-21T11:31:37.631+0000] {logging_mixin.py:190} INFO - [2025-04-21T11:31:37.631+0000] {dag.py:4180} INFO - Setting next_dagrun for example_bash_operator to 2025-04-20 00:00:00+00:00, run_after=2025-04-21 00:00:00+00:00
[2025-04-21T11:31:37.645+0000] {processor.py:208} INFO - Processing /home/airflow/.local/lib/python3.12/site-packages/airflow/example_dags/example_bash_operator.py took 0.069 seconds
[2025-04-21T11:32:08.058+0000] {processor.py:186} INFO - Started process (PID=4915) to work on /home/airflow/.local/lib/python3.12/site-packages/airflow/example_dags/example_bash_operator.py
[2025-04-21T11:32:08.059+0000] {processor.py:914} INFO - Processing file /home/airflow/.local/lib/python3.12/site-packages/airflow/example_dags/example_bash_operator.py for tasks to queue
[2025-04-21T11:32:08.062+0000] {logging_mixin.py:190} INFO - [2025-04-21T11:32:08.062+0000] {dagbag.py:588} INFO - Filling up the DagBag from /home/airflow/.local/lib/python3.12/site-packages/airflow/example_dags/example_bash_operator.py
[2025-04-21T11:32:08.072+0000] {processor.py:925} INFO - DAG(s) 'example_bash_operator' retrieved from /home/airflow/.local/lib/python3.12/site-packages/airflow/example_dags/example_bash_operator.py
[2025-04-21T11:32:08.092+0000] {logging_mixin.py:190} INFO - [2025-04-21T11:32:08.092+0000] {dag.py:3239} INFO - Sync 1 DAGs
[2025-04-21T11:32:08.112+0000] {logging_mixin.py:190} INFO - [2025-04-21T11:32:08.112+0000] {dag.py:4180} INFO - Setting next_dagrun for example_bash_operator to 2025-04-20 00:00:00+00:00, run_after=2025-04-21 00:00:00+00:00
[2025-04-21T11:32:08.131+0000] {processor.py:208} INFO - Processing /home/airflow/.local/lib/python3.12/site-packages/airflow/example_dags/example_bash_operator.py took 0.078 seconds
[2025-04-21T11:32:38.296+0000] {processor.py:186} INFO - Started process (PID=4978) to work on /home/airflow/.local/lib/python3.12/site-packages/airflow/example_dags/example_bash_operator.py
[2025-04-21T11:32:38.297+0000] {processor.py:914} INFO - Processing file /home/airflow/.local/lib/python3.12/site-packages/airflow/example_dags/example_bash_operator.py for tasks to queue
[2025-04-21T11:32:38.300+0000] {logging_mixin.py:190} INFO - [2025-04-21T11:32:38.299+0000] {dagbag.py:588} INFO - Filling up the DagBag from /home/airflow/.local/lib/python3.12/site-packages/airflow/example_dags/example_bash_operator.py
[2025-04-21T11:32:38.310+0000] {processor.py:925} INFO - DAG(s) 'example_bash_operator' retrieved from /home/airflow/.local/lib/python3.12/site-packages/airflow/example_dags/example_bash_operator.py
[2025-04-21T11:32:38.334+0000] {logging_mixin.py:190} INFO - [2025-04-21T11:32:38.334+0000] {dag.py:3239} INFO - Sync 1 DAGs
[2025-04-21T11:32:38.354+0000] {logging_mixin.py:190} INFO - [2025-04-21T11:32:38.354+0000] {dag.py:4180} INFO - Setting next_dagrun for example_bash_operator to 2025-04-20 00:00:00+00:00, run_after=2025-04-21 00:00:00+00:00
[2025-04-21T11:32:38.373+0000] {processor.py:208} INFO - Processing /home/airflow/.local/lib/python3.12/site-packages/airflow/example_dags/example_bash_operator.py took 0.082 seconds
[2025-04-21T11:33:08.993+0000] {processor.py:186} INFO - Started process (PID=5042) to work on /home/airflow/.local/lib/python3.12/site-packages/airflow/example_dags/example_bash_operator.py
[2025-04-21T11:33:08.994+0000] {processor.py:914} INFO - Processing file /home/airflow/.local/lib/python3.12/site-packages/airflow/example_dags/example_bash_operator.py for tasks to queue
[2025-04-21T11:33:08.997+0000] {logging_mixin.py:190} INFO - [2025-04-21T11:33:08.997+0000] {dagbag.py:588} INFO - Filling up the DagBag from /home/airflow/.local/lib/python3.12/site-packages/airflow/example_dags/example_bash_operator.py
[2025-04-21T11:33:09.006+0000] {processor.py:925} INFO - DAG(s) 'example_bash_operator' retrieved from /home/airflow/.local/lib/python3.12/site-packages/airflow/example_dags/example_bash_operator.py
[2025-04-21T11:33:09.028+0000] {logging_mixin.py:190} INFO - [2025-04-21T11:33:09.028+0000] {dag.py:3239} INFO - Sync 1 DAGs
[2025-04-21T11:33:09.050+0000] {logging_mixin.py:190} INFO - [2025-04-21T11:33:09.050+0000] {dag.py:4180} INFO - Setting next_dagrun for example_bash_operator to 2025-04-20 00:00:00+00:00, run_after=2025-04-21 00:00:00+00:00
[2025-04-21T11:33:09.067+0000] {processor.py:208} INFO - Processing /home/airflow/.local/lib/python3.12/site-packages/airflow/example_dags/example_bash_operator.py took 0.078 seconds
[2025-04-21T11:33:39.316+0000] {processor.py:186} INFO - Started process (PID=5106) to work on /home/airflow/.local/lib/python3.12/site-packages/airflow/example_dags/example_bash_operator.py
[2025-04-21T11:33:39.316+0000] {processor.py:914} INFO - Processing file /home/airflow/.local/lib/python3.12/site-packages/airflow/example_dags/example_bash_operator.py for tasks to queue
[2025-04-21T11:33:39.318+0000] {logging_mixin.py:190} INFO - [2025-04-21T11:33:39.318+0000] {dagbag.py:588} INFO - Filling up the DagBag from /home/airflow/.local/lib/python3.12/site-packages/airflow/example_dags/example_bash_operator.py
[2025-04-21T11:33:39.327+0000] {processor.py:925} INFO - DAG(s) 'example_bash_operator' retrieved from /home/airflow/.local/lib/python3.12/site-packages/airflow/example_dags/example_bash_operator.py
[2025-04-21T11:33:39.346+0000] {logging_mixin.py:190} INFO - [2025-04-21T11:33:39.346+0000] {dag.py:3239} INFO - Sync 1 DAGs
[2025-04-21T11:33:39.364+0000] {logging_mixin.py:190} INFO - [2025-04-21T11:33:39.364+0000] {dag.py:4180} INFO - Setting next_dagrun for example_bash_operator to 2025-04-20 00:00:00+00:00, run_after=2025-04-21 00:00:00+00:00
[2025-04-21T11:33:39.377+0000] {processor.py:208} INFO - Processing /home/airflow/.local/lib/python3.12/site-packages/airflow/example_dags/example_bash_operator.py took 0.065 seconds
[2025-04-21T11:34:09.806+0000] {processor.py:186} INFO - Started process (PID=5170) to work on /home/airflow/.local/lib/python3.12/site-packages/airflow/example_dags/example_bash_operator.py
[2025-04-21T11:34:09.807+0000] {processor.py:914} INFO - Processing file /home/airflow/.local/lib/python3.12/site-packages/airflow/example_dags/example_bash_operator.py for tasks to queue
[2025-04-21T11:34:09.809+0000] {logging_mixin.py:190} INFO - [2025-04-21T11:34:09.809+0000] {dagbag.py:588} INFO - Filling up the DagBag from /home/airflow/.local/lib/python3.12/site-packages/airflow/example_dags/example_bash_operator.py
[2025-04-21T11:34:09.818+0000] {processor.py:925} INFO - DAG(s) 'example_bash_operator' retrieved from /home/airflow/.local/lib/python3.12/site-packages/airflow/example_dags/example_bash_operator.py
[2025-04-21T11:34:09.837+0000] {logging_mixin.py:190} INFO - [2025-04-21T11:34:09.837+0000] {dag.py:3239} INFO - Sync 1 DAGs
[2025-04-21T11:34:09.855+0000] {logging_mixin.py:190} INFO - [2025-04-21T11:34:09.855+0000] {dag.py:4180} INFO - Setting next_dagrun for example_bash_operator to 2025-04-20 00:00:00+00:00, run_after=2025-04-21 00:00:00+00:00
[2025-04-21T11:34:09.871+0000] {processor.py:208} INFO - Processing /home/airflow/.local/lib/python3.12/site-packages/airflow/example_dags/example_bash_operator.py took 0.069 seconds
[2025-04-21T11:34:39.998+0000] {processor.py:186} INFO - Started process (PID=5234) to work on /home/airflow/.local/lib/python3.12/site-packages/airflow/example_dags/example_bash_operator.py
[2025-04-21T11:34:40.000+0000] {processor.py:914} INFO - Processing file /home/airflow/.local/lib/python3.12/site-packages/airflow/example_dags/example_bash_operator.py for tasks to queue
[2025-04-21T11:34:40.002+0000] {logging_mixin.py:190} INFO - [2025-04-21T11:34:40.002+0000] {dagbag.py:588} INFO - Filling up the DagBag from /home/airflow/.local/lib/python3.12/site-packages/airflow/example_dags/example_bash_operator.py
[2025-04-21T11:34:40.011+0000] {processor.py:925} INFO - DAG(s) 'example_bash_operator' retrieved from /home/airflow/.local/lib/python3.12/site-packages/airflow/example_dags/example_bash_operator.py
[2025-04-21T11:34:40.030+0000] {logging_mixin.py:190} INFO - [2025-04-21T11:34:40.030+0000] {dag.py:3239} INFO - Sync 1 DAGs
[2025-04-21T11:34:40.047+0000] {logging_mixin.py:190} INFO - [2025-04-21T11:34:40.046+0000] {dag.py:4180} INFO - Setting next_dagrun for example_bash_operator to 2025-04-20 00:00:00+00:00, run_after=2025-04-21 00:00:00+00:00
[2025-04-21T11:34:40.061+0000] {processor.py:208} INFO - Processing /home/airflow/.local/lib/python3.12/site-packages/airflow/example_dags/example_bash_operator.py took 0.066 seconds
[2025-04-21T11:35:10.428+0000] {processor.py:186} INFO - Started process (PID=5298) to work on /home/airflow/.local/lib/python3.12/site-packages/airflow/example_dags/example_bash_operator.py
[2025-04-21T11:35:10.429+0000] {processor.py:914} INFO - Processing file /home/airflow/.local/lib/python3.12/site-packages/airflow/example_dags/example_bash_operator.py for tasks to queue
[2025-04-21T11:35:10.432+0000] {logging_mixin.py:190} INFO - [2025-04-21T11:35:10.431+0000] {dagbag.py:588} INFO - Filling up the DagBag from /home/airflow/.local/lib/python3.12/site-packages/airflow/example_dags/example_bash_operator.py
[2025-04-21T11:35:10.440+0000] {processor.py:925} INFO - DAG(s) 'example_bash_operator' retrieved from /home/airflow/.local/lib/python3.12/site-packages/airflow/example_dags/example_bash_operator.py
[2025-04-21T11:35:10.458+0000] {logging_mixin.py:190} INFO - [2025-04-21T11:35:10.457+0000] {dag.py:3239} INFO - Sync 1 DAGs
[2025-04-21T11:35:10.474+0000] {logging_mixin.py:190} INFO - [2025-04-21T11:35:10.474+0000] {dag.py:4180} INFO - Setting next_dagrun for example_bash_operator to 2025-04-20 00:00:00+00:00, run_after=2025-04-21 00:00:00+00:00
[2025-04-21T11:35:10.490+0000] {processor.py:208} INFO - Processing /home/airflow/.local/lib/python3.12/site-packages/airflow/example_dags/example_bash_operator.py took 0.065 seconds
[2025-04-21T11:35:40.578+0000] {processor.py:186} INFO - Started process (PID=5362) to work on /home/airflow/.local/lib/python3.12/site-packages/airflow/example_dags/example_bash_operator.py
[2025-04-21T11:35:40.579+0000] {processor.py:914} INFO - Processing file /home/airflow/.local/lib/python3.12/site-packages/airflow/example_dags/example_bash_operator.py for tasks to queue
[2025-04-21T11:35:40.582+0000] {logging_mixin.py:190} INFO - [2025-04-21T11:35:40.581+0000] {dagbag.py:588} INFO - Filling up the DagBag from /home/airflow/.local/lib/python3.12/site-packages/airflow/example_dags/example_bash_operator.py
[2025-04-21T11:35:40.593+0000] {processor.py:925} INFO - DAG(s) 'example_bash_operator' retrieved from /home/airflow/.local/lib/python3.12/site-packages/airflow/example_dags/example_bash_operator.py
[2025-04-21T11:35:40.616+0000] {logging_mixin.py:190} INFO - [2025-04-21T11:35:40.616+0000] {dag.py:3239} INFO - Sync 1 DAGs
[2025-04-21T11:35:40.635+0000] {logging_mixin.py:190} INFO - [2025-04-21T11:35:40.635+0000] {dag.py:4180} INFO - Setting next_dagrun for example_bash_operator to 2025-04-20 00:00:00+00:00, run_after=2025-04-21 00:00:00+00:00
[2025-04-21T11:35:40.650+0000] {processor.py:208} INFO - Processing /home/airflow/.local/lib/python3.12/site-packages/airflow/example_dags/example_bash_operator.py took 0.077 seconds
[2025-04-21T11:36:11.342+0000] {processor.py:186} INFO - Started process (PID=5426) to work on /home/airflow/.local/lib/python3.12/site-packages/airflow/example_dags/example_bash_operator.py
[2025-04-21T11:36:11.343+0000] {processor.py:914} INFO - Processing file /home/airflow/.local/lib/python3.12/site-packages/airflow/example_dags/example_bash_operator.py for tasks to queue
[2025-04-21T11:36:11.345+0000] {logging_mixin.py:190} INFO - [2025-04-21T11:36:11.344+0000] {dagbag.py:588} INFO - Filling up the DagBag from /home/airflow/.local/lib/python3.12/site-packages/airflow/example_dags/example_bash_operator.py
[2025-04-21T11:36:11.354+0000] {processor.py:925} INFO - DAG(s) 'example_bash_operator' retrieved from /home/airflow/.local/lib/python3.12/site-packages/airflow/example_dags/example_bash_operator.py
[2025-04-21T11:36:11.375+0000] {logging_mixin.py:190} INFO - [2025-04-21T11:36:11.375+0000] {dag.py:3239} INFO - Sync 1 DAGs
[2025-04-21T11:36:11.394+0000] {logging_mixin.py:190} INFO - [2025-04-21T11:36:11.394+0000] {dag.py:4180} INFO - Setting next_dagrun for example_bash_operator to 2025-04-20 00:00:00+00:00, run_after=2025-04-21 00:00:00+00:00
[2025-04-21T11:36:11.408+0000] {processor.py:208} INFO - Processing /home/airflow/.local/lib/python3.12/site-packages/airflow/example_dags/example_bash_operator.py took 0.071 seconds
[2025-04-21T11:36:42.044+0000] {processor.py:186} INFO - Started process (PID=5490) to work on /home/airflow/.local/lib/python3.12/site-packages/airflow/example_dags/example_bash_operator.py
[2025-04-21T11:36:42.045+0000] {processor.py:914} INFO - Processing file /home/airflow/.local/lib/python3.12/site-packages/airflow/example_dags/example_bash_operator.py for tasks to queue
[2025-04-21T11:36:42.047+0000] {logging_mixin.py:190} INFO - [2025-04-21T11:36:42.047+0000] {dagbag.py:588} INFO - Filling up the DagBag from /home/airflow/.local/lib/python3.12/site-packages/airflow/example_dags/example_bash_operator.py
[2025-04-21T11:36:42.056+0000] {processor.py:925} INFO - DAG(s) 'example_bash_operator' retrieved from /home/airflow/.local/lib/python3.12/site-packages/airflow/example_dags/example_bash_operator.py
[2025-04-21T11:36:42.073+0000] {logging_mixin.py:190} INFO - [2025-04-21T11:36:42.073+0000] {dag.py:3239} INFO - Sync 1 DAGs
[2025-04-21T11:36:42.091+0000] {logging_mixin.py:190} INFO - [2025-04-21T11:36:42.091+0000] {dag.py:4180} INFO - Setting next_dagrun for example_bash_operator to 2025-04-20 00:00:00+00:00, run_after=2025-04-21 00:00:00+00:00
[2025-04-21T11:36:42.106+0000] {processor.py:208} INFO - Processing /home/airflow/.local/lib/python3.12/site-packages/airflow/example_dags/example_bash_operator.py took 0.066 seconds
[2025-04-21T11:37:12.722+0000] {processor.py:186} INFO - Started process (PID=5554) to work on /home/airflow/.local/lib/python3.12/site-packages/airflow/example_dags/example_bash_operator.py
[2025-04-21T11:37:12.722+0000] {processor.py:914} INFO - Processing file /home/airflow/.local/lib/python3.12/site-packages/airflow/example_dags/example_bash_operator.py for tasks to queue
[2025-04-21T11:37:12.725+0000] {logging_mixin.py:190} INFO - [2025-04-21T11:37:12.725+0000] {dagbag.py:588} INFO - Filling up the DagBag from /home/airflow/.local/lib/python3.12/site-packages/airflow/example_dags/example_bash_operator.py
[2025-04-21T11:37:12.734+0000] {processor.py:925} INFO - DAG(s) 'example_bash_operator' retrieved from /home/airflow/.local/lib/python3.12/site-packages/airflow/example_dags/example_bash_operator.py
[2025-04-21T11:37:12.752+0000] {logging_mixin.py:190} INFO - [2025-04-21T11:37:12.751+0000] {dag.py:3239} INFO - Sync 1 DAGs
[2025-04-21T11:37:12.770+0000] {logging_mixin.py:190} INFO - [2025-04-21T11:37:12.770+0000] {dag.py:4180} INFO - Setting next_dagrun for example_bash_operator to 2025-04-20 00:00:00+00:00, run_after=2025-04-21 00:00:00+00:00
[2025-04-21T11:37:12.786+0000] {processor.py:208} INFO - Processing /home/airflow/.local/lib/python3.12/site-packages/airflow/example_dags/example_bash_operator.py took 0.068 seconds
[2025-04-21T11:37:43.171+0000] {processor.py:186} INFO - Started process (PID=5618) to work on /home/airflow/.local/lib/python3.12/site-packages/airflow/example_dags/example_bash_operator.py
[2025-04-21T11:37:43.171+0000] {processor.py:914} INFO - Processing file /home/airflow/.local/lib/python3.12/site-packages/airflow/example_dags/example_bash_operator.py for tasks to queue
[2025-04-21T11:37:43.174+0000] {logging_mixin.py:190} INFO - [2025-04-21T11:37:43.173+0000] {dagbag.py:588} INFO - Filling up the DagBag from /home/airflow/.local/lib/python3.12/site-packages/airflow/example_dags/example_bash_operator.py
[2025-04-21T11:37:43.182+0000] {processor.py:925} INFO - DAG(s) 'example_bash_operator' retrieved from /home/airflow/.local/lib/python3.12/site-packages/airflow/example_dags/example_bash_operator.py
[2025-04-21T11:37:43.200+0000] {logging_mixin.py:190} INFO - [2025-04-21T11:37:43.200+0000] {dag.py:3239} INFO - Sync 1 DAGs
[2025-04-21T11:37:43.218+0000] {logging_mixin.py:190} INFO - [2025-04-21T11:37:43.217+0000] {dag.py:4180} INFO - Setting next_dagrun for example_bash_operator to 2025-04-20 00:00:00+00:00, run_after=2025-04-21 00:00:00+00:00
[2025-04-21T11:37:43.231+0000] {processor.py:208} INFO - Processing /home/airflow/.local/lib/python3.12/site-packages/airflow/example_dags/example_bash_operator.py took 0.064 seconds
[2025-04-21T11:38:13.259+0000] {processor.py:186} INFO - Started process (PID=5682) to work on /home/airflow/.local/lib/python3.12/site-packages/airflow/example_dags/example_bash_operator.py
[2025-04-21T11:38:13.259+0000] {processor.py:914} INFO - Processing file /home/airflow/.local/lib/python3.12/site-packages/airflow/example_dags/example_bash_operator.py for tasks to queue
[2025-04-21T11:38:13.261+0000] {logging_mixin.py:190} INFO - [2025-04-21T11:38:13.261+0000] {dagbag.py:588} INFO - Filling up the DagBag from /home/airflow/.local/lib/python3.12/site-packages/airflow/example_dags/example_bash_operator.py
[2025-04-21T11:38:13.270+0000] {processor.py:925} INFO - DAG(s) 'example_bash_operator' retrieved from /home/airflow/.local/lib/python3.12/site-packages/airflow/example_dags/example_bash_operator.py
[2025-04-21T11:38:13.290+0000] {logging_mixin.py:190} INFO - [2025-04-21T11:38:13.290+0000] {dag.py:3239} INFO - Sync 1 DAGs
[2025-04-21T11:38:13.306+0000] {logging_mixin.py:190} INFO - [2025-04-21T11:38:13.306+0000] {dag.py:4180} INFO - Setting next_dagrun for example_bash_operator to 2025-04-20 00:00:00+00:00, run_after=2025-04-21 00:00:00+00:00
[2025-04-21T11:38:13.321+0000] {processor.py:208} INFO - Processing /home/airflow/.local/lib/python3.12/site-packages/airflow/example_dags/example_bash_operator.py took 0.066 seconds
[2025-04-21T11:38:43.637+0000] {processor.py:186} INFO - Started process (PID=5746) to work on /home/airflow/.local/lib/python3.12/site-packages/airflow/example_dags/example_bash_operator.py
[2025-04-21T11:38:43.638+0000] {processor.py:914} INFO - Processing file /home/airflow/.local/lib/python3.12/site-packages/airflow/example_dags/example_bash_operator.py for tasks to queue
[2025-04-21T11:38:43.640+0000] {logging_mixin.py:190} INFO - [2025-04-21T11:38:43.640+0000] {dagbag.py:588} INFO - Filling up the DagBag from /home/airflow/.local/lib/python3.12/site-packages/airflow/example_dags/example_bash_operator.py
[2025-04-21T11:38:43.649+0000] {processor.py:925} INFO - DAG(s) 'example_bash_operator' retrieved from /home/airflow/.local/lib/python3.12/site-packages/airflow/example_dags/example_bash_operator.py
[2025-04-21T11:38:43.667+0000] {logging_mixin.py:190} INFO - [2025-04-21T11:38:43.667+0000] {dag.py:3239} INFO - Sync 1 DAGs
[2025-04-21T11:38:43.683+0000] {logging_mixin.py:190} INFO - [2025-04-21T11:38:43.683+0000] {dag.py:4180} INFO - Setting next_dagrun for example_bash_operator to 2025-04-20 00:00:00+00:00, run_after=2025-04-21 00:00:00+00:00
[2025-04-21T11:38:43.698+0000] {processor.py:208} INFO - Processing /home/airflow/.local/lib/python3.12/site-packages/airflow/example_dags/example_bash_operator.py took 0.064 seconds
[2025-04-21T11:39:13.764+0000] {processor.py:186} INFO - Started process (PID=5810) to work on /home/airflow/.local/lib/python3.12/site-packages/airflow/example_dags/example_bash_operator.py
[2025-04-21T11:39:13.764+0000] {processor.py:914} INFO - Processing file /home/airflow/.local/lib/python3.12/site-packages/airflow/example_dags/example_bash_operator.py for tasks to queue
[2025-04-21T11:39:13.767+0000] {logging_mixin.py:190} INFO - [2025-04-21T11:39:13.767+0000] {dagbag.py:588} INFO - Filling up the DagBag from /home/airflow/.local/lib/python3.12/site-packages/airflow/example_dags/example_bash_operator.py
[2025-04-21T11:39:13.775+0000] {processor.py:925} INFO - DAG(s) 'example_bash_operator' retrieved from /home/airflow/.local/lib/python3.12/site-packages/airflow/example_dags/example_bash_operator.py
[2025-04-21T11:39:13.794+0000] {logging_mixin.py:190} INFO - [2025-04-21T11:39:13.794+0000] {dag.py:3239} INFO - Sync 1 DAGs
[2025-04-21T11:39:13.811+0000] {logging_mixin.py:190} INFO - [2025-04-21T11:39:13.811+0000] {dag.py:4180} INFO - Setting next_dagrun for example_bash_operator to 2025-04-20 00:00:00+00:00, run_after=2025-04-21 00:00:00+00:00
[2025-04-21T11:39:13.827+0000] {processor.py:208} INFO - Processing /home/airflow/.local/lib/python3.12/site-packages/airflow/example_dags/example_bash_operator.py took 0.067 seconds
[2025-04-21T11:39:44.558+0000] {processor.py:186} INFO - Started process (PID=5874) to work on /home/airflow/.local/lib/python3.12/site-packages/airflow/example_dags/example_bash_operator.py
[2025-04-21T11:39:44.560+0000] {processor.py:914} INFO - Processing file /home/airflow/.local/lib/python3.12/site-packages/airflow/example_dags/example_bash_operator.py for tasks to queue
[2025-04-21T11:39:44.562+0000] {logging_mixin.py:190} INFO - [2025-04-21T11:39:44.561+0000] {dagbag.py:588} INFO - Filling up the DagBag from /home/airflow/.local/lib/python3.12/site-packages/airflow/example_dags/example_bash_operator.py
[2025-04-21T11:39:44.570+0000] {processor.py:925} INFO - DAG(s) 'example_bash_operator' retrieved from /home/airflow/.local/lib/python3.12/site-packages/airflow/example_dags/example_bash_operator.py
[2025-04-21T11:39:44.587+0000] {logging_mixin.py:190} INFO - [2025-04-21T11:39:44.587+0000] {dag.py:3239} INFO - Sync 1 DAGs
[2025-04-21T11:39:44.604+0000] {logging_mixin.py:190} INFO - [2025-04-21T11:39:44.604+0000] {dag.py:4180} INFO - Setting next_dagrun for example_bash_operator to 2025-04-20 00:00:00+00:00, run_after=2025-04-21 00:00:00+00:00
[2025-04-21T11:39:44.619+0000] {processor.py:208} INFO - Processing /home/airflow/.local/lib/python3.12/site-packages/airflow/example_dags/example_bash_operator.py took 0.066 seconds
[2025-04-21T11:40:15.322+0000] {processor.py:186} INFO - Started process (PID=5938) to work on /home/airflow/.local/lib/python3.12/site-packages/airflow/example_dags/example_bash_operator.py
[2025-04-21T11:40:15.323+0000] {processor.py:914} INFO - Processing file /home/airflow/.local/lib/python3.12/site-packages/airflow/example_dags/example_bash_operator.py for tasks to queue
[2025-04-21T11:40:15.326+0000] {logging_mixin.py:190} INFO - [2025-04-21T11:40:15.325+0000] {dagbag.py:588} INFO - Filling up the DagBag from /home/airflow/.local/lib/python3.12/site-packages/airflow/example_dags/example_bash_operator.py
[2025-04-21T11:40:15.336+0000] {processor.py:925} INFO - DAG(s) 'example_bash_operator' retrieved from /home/airflow/.local/lib/python3.12/site-packages/airflow/example_dags/example_bash_operator.py
[2025-04-21T11:40:15.359+0000] {logging_mixin.py:190} INFO - [2025-04-21T11:40:15.359+0000] {dag.py:3239} INFO - Sync 1 DAGs
[2025-04-21T11:40:15.378+0000] {logging_mixin.py:190} INFO - [2025-04-21T11:40:15.377+0000] {dag.py:4180} INFO - Setting next_dagrun for example_bash_operator to 2025-04-20 00:00:00+00:00, run_after=2025-04-21 00:00:00+00:00
[2025-04-21T11:40:15.394+0000] {processor.py:208} INFO - Processing /home/airflow/.local/lib/python3.12/site-packages/airflow/example_dags/example_bash_operator.py took 0.076 seconds
[2025-04-21T11:40:45.551+0000] {processor.py:186} INFO - Started process (PID=6002) to work on /home/airflow/.local/lib/python3.12/site-packages/airflow/example_dags/example_bash_operator.py
[2025-04-21T11:40:45.552+0000] {processor.py:914} INFO - Processing file /home/airflow/.local/lib/python3.12/site-packages/airflow/example_dags/example_bash_operator.py for tasks to queue
[2025-04-21T11:40:45.556+0000] {logging_mixin.py:190} INFO - [2025-04-21T11:40:45.555+0000] {dagbag.py:588} INFO - Filling up the DagBag from /home/airflow/.local/lib/python3.12/site-packages/airflow/example_dags/example_bash_operator.py
[2025-04-21T11:40:45.571+0000] {processor.py:925} INFO - DAG(s) 'example_bash_operator' retrieved from /home/airflow/.local/lib/python3.12/site-packages/airflow/example_dags/example_bash_operator.py
[2025-04-21T11:40:45.593+0000] {logging_mixin.py:190} INFO - [2025-04-21T11:40:45.592+0000] {dag.py:3239} INFO - Sync 1 DAGs
[2025-04-21T11:40:45.612+0000] {logging_mixin.py:190} INFO - [2025-04-21T11:40:45.612+0000] {dag.py:4180} INFO - Setting next_dagrun for example_bash_operator to 2025-04-20 00:00:00+00:00, run_after=2025-04-21 00:00:00+00:00
[2025-04-21T11:40:45.629+0000] {processor.py:208} INFO - Processing /home/airflow/.local/lib/python3.12/site-packages/airflow/example_dags/example_bash_operator.py took 0.082 seconds
[2025-04-21T11:41:15.736+0000] {processor.py:186} INFO - Started process (PID=6066) to work on /home/airflow/.local/lib/python3.12/site-packages/airflow/example_dags/example_bash_operator.py
[2025-04-21T11:41:15.737+0000] {processor.py:914} INFO - Processing file /home/airflow/.local/lib/python3.12/site-packages/airflow/example_dags/example_bash_operator.py for tasks to queue
[2025-04-21T11:41:15.739+0000] {logging_mixin.py:190} INFO - [2025-04-21T11:41:15.739+0000] {dagbag.py:588} INFO - Filling up the DagBag from /home/airflow/.local/lib/python3.12/site-packages/airflow/example_dags/example_bash_operator.py
[2025-04-21T11:41:15.750+0000] {processor.py:925} INFO - DAG(s) 'example_bash_operator' retrieved from /home/airflow/.local/lib/python3.12/site-packages/airflow/example_dags/example_bash_operator.py
[2025-04-21T11:41:15.771+0000] {logging_mixin.py:190} INFO - [2025-04-21T11:41:15.771+0000] {dag.py:3239} INFO - Sync 1 DAGs
[2025-04-21T11:41:15.793+0000] {logging_mixin.py:190} INFO - [2025-04-21T11:41:15.792+0000] {dag.py:4180} INFO - Setting next_dagrun for example_bash_operator to 2025-04-20 00:00:00+00:00, run_after=2025-04-21 00:00:00+00:00
[2025-04-21T11:41:15.811+0000] {processor.py:208} INFO - Processing /home/airflow/.local/lib/python3.12/site-packages/airflow/example_dags/example_bash_operator.py took 0.078 seconds
[2025-04-21T11:41:46.048+0000] {processor.py:186} INFO - Started process (PID=6130) to work on /home/airflow/.local/lib/python3.12/site-packages/airflow/example_dags/example_bash_operator.py
[2025-04-21T11:41:46.049+0000] {processor.py:914} INFO - Processing file /home/airflow/.local/lib/python3.12/site-packages/airflow/example_dags/example_bash_operator.py for tasks to queue
[2025-04-21T11:41:46.051+0000] {logging_mixin.py:190} INFO - [2025-04-21T11:41:46.051+0000] {dagbag.py:588} INFO - Filling up the DagBag from /home/airflow/.local/lib/python3.12/site-packages/airflow/example_dags/example_bash_operator.py
[2025-04-21T11:41:46.060+0000] {processor.py:925} INFO - DAG(s) 'example_bash_operator' retrieved from /home/airflow/.local/lib/python3.12/site-packages/airflow/example_dags/example_bash_operator.py
[2025-04-21T11:41:46.079+0000] {logging_mixin.py:190} INFO - [2025-04-21T11:41:46.079+0000] {dag.py:3239} INFO - Sync 1 DAGs
[2025-04-21T11:41:46.099+0000] {logging_mixin.py:190} INFO - [2025-04-21T11:41:46.099+0000] {dag.py:4180} INFO - Setting next_dagrun for example_bash_operator to 2025-04-20 00:00:00+00:00, run_after=2025-04-21 00:00:00+00:00
[2025-04-21T11:41:46.114+0000] {processor.py:208} INFO - Processing /home/airflow/.local/lib/python3.12/site-packages/airflow/example_dags/example_bash_operator.py took 0.070 seconds
[2025-04-21T11:42:16.923+0000] {processor.py:186} INFO - Started process (PID=6194) to work on /home/airflow/.local/lib/python3.12/site-packages/airflow/example_dags/example_bash_operator.py
[2025-04-21T11:42:16.924+0000] {processor.py:914} INFO - Processing file /home/airflow/.local/lib/python3.12/site-packages/airflow/example_dags/example_bash_operator.py for tasks to queue
[2025-04-21T11:42:16.926+0000] {logging_mixin.py:190} INFO - [2025-04-21T11:42:16.926+0000] {dagbag.py:588} INFO - Filling up the DagBag from /home/airflow/.local/lib/python3.12/site-packages/airflow/example_dags/example_bash_operator.py
[2025-04-21T11:42:16.935+0000] {processor.py:925} INFO - DAG(s) 'example_bash_operator' retrieved from /home/airflow/.local/lib/python3.12/site-packages/airflow/example_dags/example_bash_operator.py
[2025-04-21T11:42:16.953+0000] {logging_mixin.py:190} INFO - [2025-04-21T11:42:16.953+0000] {dag.py:3239} INFO - Sync 1 DAGs
[2025-04-21T11:42:16.971+0000] {logging_mixin.py:190} INFO - [2025-04-21T11:42:16.971+0000] {dag.py:4180} INFO - Setting next_dagrun for example_bash_operator to 2025-04-20 00:00:00+00:00, run_after=2025-04-21 00:00:00+00:00
[2025-04-21T11:42:16.986+0000] {processor.py:208} INFO - Processing /home/airflow/.local/lib/python3.12/site-packages/airflow/example_dags/example_bash_operator.py took 0.069 seconds
[2025-04-21T11:42:47.813+0000] {processor.py:186} INFO - Started process (PID=6258) to work on /home/airflow/.local/lib/python3.12/site-packages/airflow/example_dags/example_bash_operator.py
[2025-04-21T11:42:47.813+0000] {processor.py:914} INFO - Processing file /home/airflow/.local/lib/python3.12/site-packages/airflow/example_dags/example_bash_operator.py for tasks to queue
[2025-04-21T11:42:47.815+0000] {logging_mixin.py:190} INFO - [2025-04-21T11:42:47.815+0000] {dagbag.py:588} INFO - Filling up the DagBag from /home/airflow/.local/lib/python3.12/site-packages/airflow/example_dags/example_bash_operator.py
[2025-04-21T11:42:47.825+0000] {processor.py:925} INFO - DAG(s) 'example_bash_operator' retrieved from /home/airflow/.local/lib/python3.12/site-packages/airflow/example_dags/example_bash_operator.py
[2025-04-21T11:42:47.846+0000] {logging_mixin.py:190} INFO - [2025-04-21T11:42:47.846+0000] {dag.py:3239} INFO - Sync 1 DAGs
[2025-04-21T11:42:47.865+0000] {logging_mixin.py:190} INFO - [2025-04-21T11:42:47.865+0000] {dag.py:4180} INFO - Setting next_dagrun for example_bash_operator to 2025-04-20 00:00:00+00:00, run_after=2025-04-21 00:00:00+00:00
[2025-04-21T11:42:47.881+0000] {processor.py:208} INFO - Processing /home/airflow/.local/lib/python3.12/site-packages/airflow/example_dags/example_bash_operator.py took 0.071 seconds
[2025-04-21T11:43:18.293+0000] {processor.py:186} INFO - Started process (PID=6322) to work on /home/airflow/.local/lib/python3.12/site-packages/airflow/example_dags/example_bash_operator.py
[2025-04-21T11:43:18.296+0000] {processor.py:914} INFO - Processing file /home/airflow/.local/lib/python3.12/site-packages/airflow/example_dags/example_bash_operator.py for tasks to queue
[2025-04-21T11:43:18.301+0000] {logging_mixin.py:190} INFO - [2025-04-21T11:43:18.300+0000] {dagbag.py:588} INFO - Filling up the DagBag from /home/airflow/.local/lib/python3.12/site-packages/airflow/example_dags/example_bash_operator.py
[2025-04-21T11:43:18.327+0000] {processor.py:925} INFO - DAG(s) 'example_bash_operator' retrieved from /home/airflow/.local/lib/python3.12/site-packages/airflow/example_dags/example_bash_operator.py
[2025-04-21T11:43:18.385+0000] {logging_mixin.py:190} INFO - [2025-04-21T11:43:18.384+0000] {dag.py:3239} INFO - Sync 1 DAGs
[2025-04-21T11:43:18.439+0000] {logging_mixin.py:190} INFO - [2025-04-21T11:43:18.438+0000] {dag.py:4180} INFO - Setting next_dagrun for example_bash_operator to 2025-04-20 00:00:00+00:00, run_after=2025-04-21 00:00:00+00:00
[2025-04-21T11:43:18.480+0000] {processor.py:208} INFO - Processing /home/airflow/.local/lib/python3.12/site-packages/airflow/example_dags/example_bash_operator.py took 0.198 seconds
[2025-04-21T11:43:48.688+0000] {processor.py:186} INFO - Started process (PID=6386) to work on /home/airflow/.local/lib/python3.12/site-packages/airflow/example_dags/example_bash_operator.py
[2025-04-21T11:43:48.689+0000] {processor.py:914} INFO - Processing file /home/airflow/.local/lib/python3.12/site-packages/airflow/example_dags/example_bash_operator.py for tasks to queue
[2025-04-21T11:43:48.693+0000] {logging_mixin.py:190} INFO - [2025-04-21T11:43:48.693+0000] {dagbag.py:588} INFO - Filling up the DagBag from /home/airflow/.local/lib/python3.12/site-packages/airflow/example_dags/example_bash_operator.py
[2025-04-21T11:43:48.712+0000] {processor.py:925} INFO - DAG(s) 'example_bash_operator' retrieved from /home/airflow/.local/lib/python3.12/site-packages/airflow/example_dags/example_bash_operator.py
[2025-04-21T11:43:48.751+0000] {logging_mixin.py:190} INFO - [2025-04-21T11:43:48.750+0000] {dag.py:3239} INFO - Sync 1 DAGs
[2025-04-21T11:43:48.784+0000] {logging_mixin.py:190} INFO - [2025-04-21T11:43:48.784+0000] {dag.py:4180} INFO - Setting next_dagrun for example_bash_operator to 2025-04-20 00:00:00+00:00, run_after=2025-04-21 00:00:00+00:00
[2025-04-21T11:43:48.813+0000] {processor.py:208} INFO - Processing /home/airflow/.local/lib/python3.12/site-packages/airflow/example_dags/example_bash_operator.py took 0.135 seconds
[2025-04-21T11:44:19.159+0000] {processor.py:186} INFO - Started process (PID=6450) to work on /home/airflow/.local/lib/python3.12/site-packages/airflow/example_dags/example_bash_operator.py
[2025-04-21T11:44:19.161+0000] {processor.py:914} INFO - Processing file /home/airflow/.local/lib/python3.12/site-packages/airflow/example_dags/example_bash_operator.py for tasks to queue
[2025-04-21T11:44:19.167+0000] {logging_mixin.py:190} INFO - [2025-04-21T11:44:19.166+0000] {dagbag.py:588} INFO - Filling up the DagBag from /home/airflow/.local/lib/python3.12/site-packages/airflow/example_dags/example_bash_operator.py
[2025-04-21T11:44:19.194+0000] {processor.py:925} INFO - DAG(s) 'example_bash_operator' retrieved from /home/airflow/.local/lib/python3.12/site-packages/airflow/example_dags/example_bash_operator.py
[2025-04-21T11:44:19.250+0000] {logging_mixin.py:190} INFO - [2025-04-21T11:44:19.250+0000] {dag.py:3239} INFO - Sync 1 DAGs
[2025-04-21T11:44:19.295+0000] {logging_mixin.py:190} INFO - [2025-04-21T11:44:19.294+0000] {dag.py:4180} INFO - Setting next_dagrun for example_bash_operator to 2025-04-20 00:00:00+00:00, run_after=2025-04-21 00:00:00+00:00
[2025-04-21T11:44:19.336+0000] {processor.py:208} INFO - Processing /home/airflow/.local/lib/python3.12/site-packages/airflow/example_dags/example_bash_operator.py took 0.185 seconds
[2025-04-21T11:44:49.752+0000] {processor.py:186} INFO - Started process (PID=6514) to work on /home/airflow/.local/lib/python3.12/site-packages/airflow/example_dags/example_bash_operator.py
[2025-04-21T11:44:49.753+0000] {processor.py:914} INFO - Processing file /home/airflow/.local/lib/python3.12/site-packages/airflow/example_dags/example_bash_operator.py for tasks to queue
[2025-04-21T11:44:49.755+0000] {logging_mixin.py:190} INFO - [2025-04-21T11:44:49.755+0000] {dagbag.py:588} INFO - Filling up the DagBag from /home/airflow/.local/lib/python3.12/site-packages/airflow/example_dags/example_bash_operator.py
[2025-04-21T11:44:49.766+0000] {processor.py:925} INFO - DAG(s) 'example_bash_operator' retrieved from /home/airflow/.local/lib/python3.12/site-packages/airflow/example_dags/example_bash_operator.py
[2025-04-21T11:44:49.786+0000] {logging_mixin.py:190} INFO - [2025-04-21T11:44:49.786+0000] {dag.py:3239} INFO - Sync 1 DAGs
[2025-04-21T11:44:49.806+0000] {logging_mixin.py:190} INFO - [2025-04-21T11:44:49.806+0000] {dag.py:4180} INFO - Setting next_dagrun for example_bash_operator to 2025-04-20 00:00:00+00:00, run_after=2025-04-21 00:00:00+00:00
[2025-04-21T11:44:49.824+0000] {processor.py:208} INFO - Processing /home/airflow/.local/lib/python3.12/site-packages/airflow/example_dags/example_bash_operator.py took 0.076 seconds
[2025-04-21T11:45:20.655+0000] {processor.py:186} INFO - Started process (PID=6578) to work on /home/airflow/.local/lib/python3.12/site-packages/airflow/example_dags/example_bash_operator.py
[2025-04-21T11:45:20.657+0000] {processor.py:914} INFO - Processing file /home/airflow/.local/lib/python3.12/site-packages/airflow/example_dags/example_bash_operator.py for tasks to queue
[2025-04-21T11:45:20.662+0000] {logging_mixin.py:190} INFO - [2025-04-21T11:45:20.662+0000] {dagbag.py:588} INFO - Filling up the DagBag from /home/airflow/.local/lib/python3.12/site-packages/airflow/example_dags/example_bash_operator.py
[2025-04-21T11:45:20.692+0000] {processor.py:925} INFO - DAG(s) 'example_bash_operator' retrieved from /home/airflow/.local/lib/python3.12/site-packages/airflow/example_dags/example_bash_operator.py
[2025-04-21T11:45:20.734+0000] {logging_mixin.py:190} INFO - [2025-04-21T11:45:20.734+0000] {dag.py:3239} INFO - Sync 1 DAGs
[2025-04-21T11:45:20.779+0000] {logging_mixin.py:190} INFO - [2025-04-21T11:45:20.779+0000] {dag.py:4180} INFO - Setting next_dagrun for example_bash_operator to 2025-04-20 00:00:00+00:00, run_after=2025-04-21 00:00:00+00:00
[2025-04-21T11:45:20.813+0000] {processor.py:208} INFO - Processing /home/airflow/.local/lib/python3.12/site-packages/airflow/example_dags/example_bash_operator.py took 0.167 seconds
[2025-04-21T11:45:51.738+0000] {processor.py:186} INFO - Started process (PID=6642) to work on /home/airflow/.local/lib/python3.12/site-packages/airflow/example_dags/example_bash_operator.py
[2025-04-21T11:45:51.741+0000] {processor.py:914} INFO - Processing file /home/airflow/.local/lib/python3.12/site-packages/airflow/example_dags/example_bash_operator.py for tasks to queue
[2025-04-21T11:45:51.745+0000] {logging_mixin.py:190} INFO - [2025-04-21T11:45:51.744+0000] {dagbag.py:588} INFO - Filling up the DagBag from /home/airflow/.local/lib/python3.12/site-packages/airflow/example_dags/example_bash_operator.py
[2025-04-21T11:45:51.764+0000] {processor.py:925} INFO - DAG(s) 'example_bash_operator' retrieved from /home/airflow/.local/lib/python3.12/site-packages/airflow/example_dags/example_bash_operator.py
[2025-04-21T11:45:51.811+0000] {logging_mixin.py:190} INFO - [2025-04-21T11:45:51.810+0000] {dag.py:3239} INFO - Sync 1 DAGs
[2025-04-21T11:45:51.862+0000] {logging_mixin.py:190} INFO - [2025-04-21T11:45:51.862+0000] {dag.py:4180} INFO - Setting next_dagrun for example_bash_operator to 2025-04-20 00:00:00+00:00, run_after=2025-04-21 00:00:00+00:00
[2025-04-21T11:45:51.895+0000] {processor.py:208} INFO - Processing /home/airflow/.local/lib/python3.12/site-packages/airflow/example_dags/example_bash_operator.py took 0.171 seconds
[2025-04-21T11:46:22.442+0000] {processor.py:186} INFO - Started process (PID=6706) to work on /home/airflow/.local/lib/python3.12/site-packages/airflow/example_dags/example_bash_operator.py
[2025-04-21T11:46:22.444+0000] {processor.py:914} INFO - Processing file /home/airflow/.local/lib/python3.12/site-packages/airflow/example_dags/example_bash_operator.py for tasks to queue
[2025-04-21T11:46:22.451+0000] {logging_mixin.py:190} INFO - [2025-04-21T11:46:22.450+0000] {dagbag.py:588} INFO - Filling up the DagBag from /home/airflow/.local/lib/python3.12/site-packages/airflow/example_dags/example_bash_operator.py
[2025-04-21T11:46:22.472+0000] {processor.py:925} INFO - DAG(s) 'example_bash_operator' retrieved from /home/airflow/.local/lib/python3.12/site-packages/airflow/example_dags/example_bash_operator.py
[2025-04-21T11:46:22.523+0000] {logging_mixin.py:190} INFO - [2025-04-21T11:46:22.522+0000] {dag.py:3239} INFO - Sync 1 DAGs
[2025-04-21T11:46:22.574+0000] {logging_mixin.py:190} INFO - [2025-04-21T11:46:22.574+0000] {dag.py:4180} INFO - Setting next_dagrun for example_bash_operator to 2025-04-20 00:00:00+00:00, run_after=2025-04-21 00:00:00+00:00
[2025-04-21T11:46:22.616+0000] {processor.py:208} INFO - Processing /home/airflow/.local/lib/python3.12/site-packages/airflow/example_dags/example_bash_operator.py took 0.187 seconds
[2025-04-21T11:46:52.754+0000] {processor.py:186} INFO - Started process (PID=6770) to work on /home/airflow/.local/lib/python3.12/site-packages/airflow/example_dags/example_bash_operator.py
[2025-04-21T11:46:52.756+0000] {processor.py:914} INFO - Processing file /home/airflow/.local/lib/python3.12/site-packages/airflow/example_dags/example_bash_operator.py for tasks to queue
[2025-04-21T11:46:52.762+0000] {logging_mixin.py:190} INFO - [2025-04-21T11:46:52.761+0000] {dagbag.py:588} INFO - Filling up the DagBag from /home/airflow/.local/lib/python3.12/site-packages/airflow/example_dags/example_bash_operator.py
[2025-04-21T11:46:52.785+0000] {processor.py:925} INFO - DAG(s) 'example_bash_operator' retrieved from /home/airflow/.local/lib/python3.12/site-packages/airflow/example_dags/example_bash_operator.py
[2025-04-21T11:46:52.820+0000] {logging_mixin.py:190} INFO - [2025-04-21T11:46:52.820+0000] {dag.py:3239} INFO - Sync 1 DAGs
[2025-04-21T11:46:52.863+0000] {logging_mixin.py:190} INFO - [2025-04-21T11:46:52.863+0000] {dag.py:4180} INFO - Setting next_dagrun for example_bash_operator to 2025-04-20 00:00:00+00:00, run_after=2025-04-21 00:00:00+00:00
[2025-04-21T11:46:52.896+0000] {processor.py:208} INFO - Processing /home/airflow/.local/lib/python3.12/site-packages/airflow/example_dags/example_bash_operator.py took 0.155 seconds
[2025-04-21T11:47:23.158+0000] {processor.py:186} INFO - Started process (PID=6834) to work on /home/airflow/.local/lib/python3.12/site-packages/airflow/example_dags/example_bash_operator.py
[2025-04-21T11:47:23.159+0000] {processor.py:914} INFO - Processing file /home/airflow/.local/lib/python3.12/site-packages/airflow/example_dags/example_bash_operator.py for tasks to queue
[2025-04-21T11:47:23.164+0000] {logging_mixin.py:190} INFO - [2025-04-21T11:47:23.163+0000] {dagbag.py:588} INFO - Filling up the DagBag from /home/airflow/.local/lib/python3.12/site-packages/airflow/example_dags/example_bash_operator.py
[2025-04-21T11:47:23.186+0000] {processor.py:925} INFO - DAG(s) 'example_bash_operator' retrieved from /home/airflow/.local/lib/python3.12/site-packages/airflow/example_dags/example_bash_operator.py
[2025-04-21T11:47:23.227+0000] {logging_mixin.py:190} INFO - [2025-04-21T11:47:23.227+0000] {dag.py:3239} INFO - Sync 1 DAGs
[2025-04-21T11:47:23.261+0000] {logging_mixin.py:190} INFO - [2025-04-21T11:47:23.261+0000] {dag.py:4180} INFO - Setting next_dagrun for example_bash_operator to 2025-04-20 00:00:00+00:00, run_after=2025-04-21 00:00:00+00:00
[2025-04-21T11:47:23.298+0000] {processor.py:208} INFO - Processing /home/airflow/.local/lib/python3.12/site-packages/airflow/example_dags/example_bash_operator.py took 0.149 seconds
[2025-04-21T11:47:53.962+0000] {processor.py:186} INFO - Started process (PID=6896) to work on /home/airflow/.local/lib/python3.12/site-packages/airflow/example_dags/example_bash_operator.py
[2025-04-21T11:47:53.964+0000] {processor.py:914} INFO - Processing file /home/airflow/.local/lib/python3.12/site-packages/airflow/example_dags/example_bash_operator.py for tasks to queue
[2025-04-21T11:47:53.971+0000] {logging_mixin.py:190} INFO - [2025-04-21T11:47:53.970+0000] {dagbag.py:588} INFO - Filling up the DagBag from /home/airflow/.local/lib/python3.12/site-packages/airflow/example_dags/example_bash_operator.py
[2025-04-21T11:47:54.001+0000] {processor.py:925} INFO - DAG(s) 'example_bash_operator' retrieved from /home/airflow/.local/lib/python3.12/site-packages/airflow/example_dags/example_bash_operator.py
[2025-04-21T11:47:54.062+0000] {logging_mixin.py:190} INFO - [2025-04-21T11:47:54.061+0000] {dag.py:3239} INFO - Sync 1 DAGs
[2025-04-21T11:47:54.098+0000] {logging_mixin.py:190} INFO - [2025-04-21T11:47:54.098+0000] {dag.py:4180} INFO - Setting next_dagrun for example_bash_operator to 2025-04-20 00:00:00+00:00, run_after=2025-04-21 00:00:00+00:00
[2025-04-21T11:47:54.127+0000] {processor.py:208} INFO - Processing /home/airflow/.local/lib/python3.12/site-packages/airflow/example_dags/example_bash_operator.py took 0.178 seconds
[2025-04-21T11:48:24.647+0000] {processor.py:186} INFO - Started process (PID=6960) to work on /home/airflow/.local/lib/python3.12/site-packages/airflow/example_dags/example_bash_operator.py
[2025-04-21T11:48:24.650+0000] {processor.py:914} INFO - Processing file /home/airflow/.local/lib/python3.12/site-packages/airflow/example_dags/example_bash_operator.py for tasks to queue
[2025-04-21T11:48:24.655+0000] {logging_mixin.py:190} INFO - [2025-04-21T11:48:24.654+0000] {dagbag.py:588} INFO - Filling up the DagBag from /home/airflow/.local/lib/python3.12/site-packages/airflow/example_dags/example_bash_operator.py
[2025-04-21T11:48:24.686+0000] {processor.py:925} INFO - DAG(s) 'example_bash_operator' retrieved from /home/airflow/.local/lib/python3.12/site-packages/airflow/example_dags/example_bash_operator.py
[2025-04-21T11:48:24.740+0000] {logging_mixin.py:190} INFO - [2025-04-21T11:48:24.739+0000] {dag.py:3239} INFO - Sync 1 DAGs
[2025-04-21T11:48:24.791+0000] {logging_mixin.py:190} INFO - [2025-04-21T11:48:24.790+0000] {dag.py:4180} INFO - Setting next_dagrun for example_bash_operator to 2025-04-20 00:00:00+00:00, run_after=2025-04-21 00:00:00+00:00
[2025-04-21T11:48:24.832+0000] {processor.py:208} INFO - Processing /home/airflow/.local/lib/python3.12/site-packages/airflow/example_dags/example_bash_operator.py took 0.197 seconds
[2025-04-21T11:48:55.453+0000] {processor.py:186} INFO - Started process (PID=7024) to work on /home/airflow/.local/lib/python3.12/site-packages/airflow/example_dags/example_bash_operator.py
[2025-04-21T11:48:55.455+0000] {processor.py:914} INFO - Processing file /home/airflow/.local/lib/python3.12/site-packages/airflow/example_dags/example_bash_operator.py for tasks to queue
[2025-04-21T11:48:55.461+0000] {logging_mixin.py:190} INFO - [2025-04-21T11:48:55.460+0000] {dagbag.py:588} INFO - Filling up the DagBag from /home/airflow/.local/lib/python3.12/site-packages/airflow/example_dags/example_bash_operator.py
[2025-04-21T11:48:55.489+0000] {processor.py:925} INFO - DAG(s) 'example_bash_operator' retrieved from /home/airflow/.local/lib/python3.12/site-packages/airflow/example_dags/example_bash_operator.py
[2025-04-21T11:48:55.543+0000] {logging_mixin.py:190} INFO - [2025-04-21T11:48:55.542+0000] {dag.py:3239} INFO - Sync 1 DAGs
[2025-04-21T11:48:55.590+0000] {logging_mixin.py:190} INFO - [2025-04-21T11:48:55.590+0000] {dag.py:4180} INFO - Setting next_dagrun for example_bash_operator to 2025-04-20 00:00:00+00:00, run_after=2025-04-21 00:00:00+00:00
[2025-04-21T11:48:55.629+0000] {processor.py:208} INFO - Processing /home/airflow/.local/lib/python3.12/site-packages/airflow/example_dags/example_bash_operator.py took 0.187 seconds
[2025-04-21T11:49:26.019+0000] {processor.py:186} INFO - Started process (PID=7088) to work on /home/airflow/.local/lib/python3.12/site-packages/airflow/example_dags/example_bash_operator.py
[2025-04-21T11:49:26.021+0000] {processor.py:914} INFO - Processing file /home/airflow/.local/lib/python3.12/site-packages/airflow/example_dags/example_bash_operator.py for tasks to queue
[2025-04-21T11:49:26.026+0000] {logging_mixin.py:190} INFO - [2025-04-21T11:49:26.025+0000] {dagbag.py:588} INFO - Filling up the DagBag from /home/airflow/.local/lib/python3.12/site-packages/airflow/example_dags/example_bash_operator.py
[2025-04-21T11:49:26.044+0000] {processor.py:925} INFO - DAG(s) 'example_bash_operator' retrieved from /home/airflow/.local/lib/python3.12/site-packages/airflow/example_dags/example_bash_operator.py
[2025-04-21T11:49:26.078+0000] {logging_mixin.py:190} INFO - [2025-04-21T11:49:26.077+0000] {dag.py:3239} INFO - Sync 1 DAGs
[2025-04-21T11:49:26.116+0000] {logging_mixin.py:190} INFO - [2025-04-21T11:49:26.116+0000] {dag.py:4180} INFO - Setting next_dagrun for example_bash_operator to 2025-04-20 00:00:00+00:00, run_after=2025-04-21 00:00:00+00:00
[2025-04-21T11:49:26.142+0000] {processor.py:208} INFO - Processing /home/airflow/.local/lib/python3.12/site-packages/airflow/example_dags/example_bash_operator.py took 0.135 seconds
[2025-04-21T11:49:56.785+0000] {processor.py:186} INFO - Started process (PID=7145) to work on /home/airflow/.local/lib/python3.12/site-packages/airflow/example_dags/example_bash_operator.py
[2025-04-21T11:49:56.787+0000] {processor.py:914} INFO - Processing file /home/airflow/.local/lib/python3.12/site-packages/airflow/example_dags/example_bash_operator.py for tasks to queue
[2025-04-21T11:49:56.791+0000] {logging_mixin.py:190} INFO - [2025-04-21T11:49:56.791+0000] {dagbag.py:588} INFO - Filling up the DagBag from /home/airflow/.local/lib/python3.12/site-packages/airflow/example_dags/example_bash_operator.py
[2025-04-21T11:49:56.810+0000] {processor.py:925} INFO - DAG(s) 'example_bash_operator' retrieved from /home/airflow/.local/lib/python3.12/site-packages/airflow/example_dags/example_bash_operator.py
[2025-04-21T11:49:56.851+0000] {logging_mixin.py:190} INFO - [2025-04-21T11:49:56.851+0000] {dag.py:3239} INFO - Sync 1 DAGs
[2025-04-21T11:49:56.889+0000] {logging_mixin.py:190} INFO - [2025-04-21T11:49:56.889+0000] {dag.py:4180} INFO - Setting next_dagrun for example_bash_operator to 2025-04-20 00:00:00+00:00, run_after=2025-04-21 00:00:00+00:00
[2025-04-21T11:49:56.918+0000] {processor.py:208} INFO - Processing /home/airflow/.local/lib/python3.12/site-packages/airflow/example_dags/example_bash_operator.py took 0.143 seconds
[2025-04-21T11:50:27.358+0000] {processor.py:186} INFO - Started process (PID=7208) to work on /home/airflow/.local/lib/python3.12/site-packages/airflow/example_dags/example_bash_operator.py
[2025-04-21T11:50:27.359+0000] {processor.py:914} INFO - Processing file /home/airflow/.local/lib/python3.12/site-packages/airflow/example_dags/example_bash_operator.py for tasks to queue
[2025-04-21T11:50:27.362+0000] {logging_mixin.py:190} INFO - [2025-04-21T11:50:27.362+0000] {dagbag.py:588} INFO - Filling up the DagBag from /home/airflow/.local/lib/python3.12/site-packages/airflow/example_dags/example_bash_operator.py
[2025-04-21T11:50:27.380+0000] {processor.py:925} INFO - DAG(s) 'example_bash_operator' retrieved from /home/airflow/.local/lib/python3.12/site-packages/airflow/example_dags/example_bash_operator.py
[2025-04-21T11:50:27.416+0000] {logging_mixin.py:190} INFO - [2025-04-21T11:50:27.416+0000] {dag.py:3239} INFO - Sync 1 DAGs
[2025-04-21T11:50:27.449+0000] {logging_mixin.py:190} INFO - [2025-04-21T11:50:27.448+0000] {dag.py:4180} INFO - Setting next_dagrun for example_bash_operator to 2025-04-20 00:00:00+00:00, run_after=2025-04-21 00:00:00+00:00
[2025-04-21T11:50:27.486+0000] {processor.py:208} INFO - Processing /home/airflow/.local/lib/python3.12/site-packages/airflow/example_dags/example_bash_operator.py took 0.136 seconds
[2025-04-21T11:50:57.878+0000] {processor.py:186} INFO - Started process (PID=7271) to work on /home/airflow/.local/lib/python3.12/site-packages/airflow/example_dags/example_bash_operator.py
[2025-04-21T11:50:57.879+0000] {processor.py:914} INFO - Processing file /home/airflow/.local/lib/python3.12/site-packages/airflow/example_dags/example_bash_operator.py for tasks to queue
[2025-04-21T11:50:57.883+0000] {logging_mixin.py:190} INFO - [2025-04-21T11:50:57.882+0000] {dagbag.py:588} INFO - Filling up the DagBag from /home/airflow/.local/lib/python3.12/site-packages/airflow/example_dags/example_bash_operator.py
[2025-04-21T11:50:57.901+0000] {processor.py:925} INFO - DAG(s) 'example_bash_operator' retrieved from /home/airflow/.local/lib/python3.12/site-packages/airflow/example_dags/example_bash_operator.py
[2025-04-21T11:50:57.938+0000] {logging_mixin.py:190} INFO - [2025-04-21T11:50:57.937+0000] {dag.py:3239} INFO - Sync 1 DAGs
[2025-04-21T11:50:57.972+0000] {logging_mixin.py:190} INFO - [2025-04-21T11:50:57.972+0000] {dag.py:4180} INFO - Setting next_dagrun for example_bash_operator to 2025-04-20 00:00:00+00:00, run_after=2025-04-21 00:00:00+00:00
[2025-04-21T11:50:58.003+0000] {processor.py:208} INFO - Processing /home/airflow/.local/lib/python3.12/site-packages/airflow/example_dags/example_bash_operator.py took 0.133 seconds
[2025-04-21T11:51:28.122+0000] {processor.py:186} INFO - Started process (PID=7334) to work on /home/airflow/.local/lib/python3.12/site-packages/airflow/example_dags/example_bash_operator.py
[2025-04-21T11:51:28.124+0000] {processor.py:914} INFO - Processing file /home/airflow/.local/lib/python3.12/site-packages/airflow/example_dags/example_bash_operator.py for tasks to queue
[2025-04-21T11:51:28.127+0000] {logging_mixin.py:190} INFO - [2025-04-21T11:51:28.127+0000] {dagbag.py:588} INFO - Filling up the DagBag from /home/airflow/.local/lib/python3.12/site-packages/airflow/example_dags/example_bash_operator.py
[2025-04-21T11:51:28.153+0000] {processor.py:925} INFO - DAG(s) 'example_bash_operator' retrieved from /home/airflow/.local/lib/python3.12/site-packages/airflow/example_dags/example_bash_operator.py
[2025-04-21T11:51:28.206+0000] {logging_mixin.py:190} INFO - [2025-04-21T11:51:28.205+0000] {dag.py:3239} INFO - Sync 1 DAGs
[2025-04-21T11:51:28.261+0000] {logging_mixin.py:190} INFO - [2025-04-21T11:51:28.261+0000] {dag.py:4180} INFO - Setting next_dagrun for example_bash_operator to 2025-04-20 00:00:00+00:00, run_after=2025-04-21 00:00:00+00:00
[2025-04-21T11:51:28.298+0000] {processor.py:208} INFO - Processing /home/airflow/.local/lib/python3.12/site-packages/airflow/example_dags/example_bash_operator.py took 0.187 seconds
[2025-04-21T11:51:58.357+0000] {processor.py:186} INFO - Started process (PID=7398) to work on /home/airflow/.local/lib/python3.12/site-packages/airflow/example_dags/example_bash_operator.py
[2025-04-21T11:51:58.359+0000] {processor.py:914} INFO - Processing file /home/airflow/.local/lib/python3.12/site-packages/airflow/example_dags/example_bash_operator.py for tasks to queue
[2025-04-21T11:51:58.366+0000] {logging_mixin.py:190} INFO - [2025-04-21T11:51:58.365+0000] {dagbag.py:588} INFO - Filling up the DagBag from /home/airflow/.local/lib/python3.12/site-packages/airflow/example_dags/example_bash_operator.py
[2025-04-21T11:51:58.392+0000] {processor.py:925} INFO - DAG(s) 'example_bash_operator' retrieved from /home/airflow/.local/lib/python3.12/site-packages/airflow/example_dags/example_bash_operator.py
[2025-04-21T11:51:58.437+0000] {logging_mixin.py:190} INFO - [2025-04-21T11:51:58.436+0000] {dag.py:3239} INFO - Sync 1 DAGs
[2025-04-21T11:51:58.479+0000] {logging_mixin.py:190} INFO - [2025-04-21T11:51:58.478+0000] {dag.py:4180} INFO - Setting next_dagrun for example_bash_operator to 2025-04-20 00:00:00+00:00, run_after=2025-04-21 00:00:00+00:00
[2025-04-21T11:51:58.506+0000] {processor.py:208} INFO - Processing /home/airflow/.local/lib/python3.12/site-packages/airflow/example_dags/example_bash_operator.py took 0.160 seconds
[2025-04-21T11:52:29.426+0000] {processor.py:186} INFO - Started process (PID=7462) to work on /home/airflow/.local/lib/python3.12/site-packages/airflow/example_dags/example_bash_operator.py
[2025-04-21T11:52:29.428+0000] {processor.py:914} INFO - Processing file /home/airflow/.local/lib/python3.12/site-packages/airflow/example_dags/example_bash_operator.py for tasks to queue
[2025-04-21T11:52:29.434+0000] {logging_mixin.py:190} INFO - [2025-04-21T11:52:29.433+0000] {dagbag.py:588} INFO - Filling up the DagBag from /home/airflow/.local/lib/python3.12/site-packages/airflow/example_dags/example_bash_operator.py
[2025-04-21T11:52:29.462+0000] {processor.py:925} INFO - DAG(s) 'example_bash_operator' retrieved from /home/airflow/.local/lib/python3.12/site-packages/airflow/example_dags/example_bash_operator.py
[2025-04-21T11:52:29.525+0000] {logging_mixin.py:190} INFO - [2025-04-21T11:52:29.524+0000] {dag.py:3239} INFO - Sync 1 DAGs
[2025-04-21T11:52:29.573+0000] {logging_mixin.py:190} INFO - [2025-04-21T11:52:29.572+0000] {dag.py:4180} INFO - Setting next_dagrun for example_bash_operator to 2025-04-20 00:00:00+00:00, run_after=2025-04-21 00:00:00+00:00
[2025-04-21T11:52:29.612+0000] {processor.py:208} INFO - Processing /home/airflow/.local/lib/python3.12/site-packages/airflow/example_dags/example_bash_operator.py took 0.197 seconds
[2025-04-21T11:52:59.822+0000] {processor.py:186} INFO - Started process (PID=7526) to work on /home/airflow/.local/lib/python3.12/site-packages/airflow/example_dags/example_bash_operator.py
[2025-04-21T11:52:59.824+0000] {processor.py:914} INFO - Processing file /home/airflow/.local/lib/python3.12/site-packages/airflow/example_dags/example_bash_operator.py for tasks to queue
[2025-04-21T11:52:59.829+0000] {logging_mixin.py:190} INFO - [2025-04-21T11:52:59.828+0000] {dagbag.py:588} INFO - Filling up the DagBag from /home/airflow/.local/lib/python3.12/site-packages/airflow/example_dags/example_bash_operator.py
[2025-04-21T11:52:59.855+0000] {processor.py:925} INFO - DAG(s) 'example_bash_operator' retrieved from /home/airflow/.local/lib/python3.12/site-packages/airflow/example_dags/example_bash_operator.py
[2025-04-21T11:52:59.912+0000] {logging_mixin.py:190} INFO - [2025-04-21T11:52:59.912+0000] {dag.py:3239} INFO - Sync 1 DAGs
[2025-04-21T11:52:59.963+0000] {logging_mixin.py:190} INFO - [2025-04-21T11:52:59.963+0000] {dag.py:4180} INFO - Setting next_dagrun for example_bash_operator to 2025-04-20 00:00:00+00:00, run_after=2025-04-21 00:00:00+00:00
[2025-04-21T11:53:00.004+0000] {processor.py:208} INFO - Processing /home/airflow/.local/lib/python3.12/site-packages/airflow/example_dags/example_bash_operator.py took 0.194 seconds
[2025-04-21T11:53:30.383+0000] {processor.py:186} INFO - Started process (PID=7590) to work on /home/airflow/.local/lib/python3.12/site-packages/airflow/example_dags/example_bash_operator.py
[2025-04-21T11:53:30.385+0000] {processor.py:914} INFO - Processing file /home/airflow/.local/lib/python3.12/site-packages/airflow/example_dags/example_bash_operator.py for tasks to queue
[2025-04-21T11:53:30.390+0000] {logging_mixin.py:190} INFO - [2025-04-21T11:53:30.389+0000] {dagbag.py:588} INFO - Filling up the DagBag from /home/airflow/.local/lib/python3.12/site-packages/airflow/example_dags/example_bash_operator.py
[2025-04-21T11:53:30.418+0000] {processor.py:925} INFO - DAG(s) 'example_bash_operator' retrieved from /home/airflow/.local/lib/python3.12/site-packages/airflow/example_dags/example_bash_operator.py
[2025-04-21T11:53:30.476+0000] {logging_mixin.py:190} INFO - [2025-04-21T11:53:30.475+0000] {dag.py:3239} INFO - Sync 1 DAGs
[2025-04-21T11:53:30.509+0000] {logging_mixin.py:190} INFO - [2025-04-21T11:53:30.509+0000] {dag.py:4180} INFO - Setting next_dagrun for example_bash_operator to 2025-04-20 00:00:00+00:00, run_after=2025-04-21 00:00:00+00:00
[2025-04-21T11:53:30.543+0000] {processor.py:208} INFO - Processing /home/airflow/.local/lib/python3.12/site-packages/airflow/example_dags/example_bash_operator.py took 0.171 seconds
[2025-04-21T11:54:00.697+0000] {processor.py:186} INFO - Started process (PID=7654) to work on /home/airflow/.local/lib/python3.12/site-packages/airflow/example_dags/example_bash_operator.py
[2025-04-21T11:54:00.699+0000] {processor.py:914} INFO - Processing file /home/airflow/.local/lib/python3.12/site-packages/airflow/example_dags/example_bash_operator.py for tasks to queue
[2025-04-21T11:54:00.705+0000] {logging_mixin.py:190} INFO - [2025-04-21T11:54:00.704+0000] {dagbag.py:588} INFO - Filling up the DagBag from /home/airflow/.local/lib/python3.12/site-packages/airflow/example_dags/example_bash_operator.py
[2025-04-21T11:54:00.729+0000] {processor.py:925} INFO - DAG(s) 'example_bash_operator' retrieved from /home/airflow/.local/lib/python3.12/site-packages/airflow/example_dags/example_bash_operator.py
[2025-04-21T11:54:00.790+0000] {logging_mixin.py:190} INFO - [2025-04-21T11:54:00.789+0000] {dag.py:3239} INFO - Sync 1 DAGs
[2025-04-21T11:54:00.840+0000] {logging_mixin.py:190} INFO - [2025-04-21T11:54:00.839+0000] {dag.py:4180} INFO - Setting next_dagrun for example_bash_operator to 2025-04-20 00:00:00+00:00, run_after=2025-04-21 00:00:00+00:00
[2025-04-21T11:54:00.879+0000] {processor.py:208} INFO - Processing /home/airflow/.local/lib/python3.12/site-packages/airflow/example_dags/example_bash_operator.py took 0.194 seconds
[2025-04-21T11:54:31.024+0000] {processor.py:186} INFO - Started process (PID=7718) to work on /home/airflow/.local/lib/python3.12/site-packages/airflow/example_dags/example_bash_operator.py
[2025-04-21T11:54:31.027+0000] {processor.py:914} INFO - Processing file /home/airflow/.local/lib/python3.12/site-packages/airflow/example_dags/example_bash_operator.py for tasks to queue
[2025-04-21T11:54:31.033+0000] {logging_mixin.py:190} INFO - [2025-04-21T11:54:31.032+0000] {dagbag.py:588} INFO - Filling up the DagBag from /home/airflow/.local/lib/python3.12/site-packages/airflow/example_dags/example_bash_operator.py
[2025-04-21T11:54:31.062+0000] {processor.py:925} INFO - DAG(s) 'example_bash_operator' retrieved from /home/airflow/.local/lib/python3.12/site-packages/airflow/example_dags/example_bash_operator.py
[2025-04-21T11:54:31.122+0000] {logging_mixin.py:190} INFO - [2025-04-21T11:54:31.121+0000] {dag.py:3239} INFO - Sync 1 DAGs
[2025-04-21T11:54:31.175+0000] {logging_mixin.py:190} INFO - [2025-04-21T11:54:31.175+0000] {dag.py:4180} INFO - Setting next_dagrun for example_bash_operator to 2025-04-20 00:00:00+00:00, run_after=2025-04-21 00:00:00+00:00
[2025-04-21T11:54:31.216+0000] {processor.py:208} INFO - Processing /home/airflow/.local/lib/python3.12/site-packages/airflow/example_dags/example_bash_operator.py took 0.204 seconds
[2025-04-21T11:55:01.564+0000] {processor.py:186} INFO - Started process (PID=7782) to work on /home/airflow/.local/lib/python3.12/site-packages/airflow/example_dags/example_bash_operator.py
[2025-04-21T11:55:01.566+0000] {processor.py:914} INFO - Processing file /home/airflow/.local/lib/python3.12/site-packages/airflow/example_dags/example_bash_operator.py for tasks to queue
[2025-04-21T11:55:01.573+0000] {logging_mixin.py:190} INFO - [2025-04-21T11:55:01.572+0000] {dagbag.py:588} INFO - Filling up the DagBag from /home/airflow/.local/lib/python3.12/site-packages/airflow/example_dags/example_bash_operator.py
[2025-04-21T11:55:01.601+0000] {processor.py:925} INFO - DAG(s) 'example_bash_operator' retrieved from /home/airflow/.local/lib/python3.12/site-packages/airflow/example_dags/example_bash_operator.py
[2025-04-21T11:55:01.660+0000] {logging_mixin.py:190} INFO - [2025-04-21T11:55:01.659+0000] {dag.py:3239} INFO - Sync 1 DAGs
[2025-04-21T11:55:01.710+0000] {logging_mixin.py:190} INFO - [2025-04-21T11:55:01.710+0000] {dag.py:4180} INFO - Setting next_dagrun for example_bash_operator to 2025-04-20 00:00:00+00:00, run_after=2025-04-21 00:00:00+00:00
[2025-04-21T11:55:01.751+0000] {processor.py:208} INFO - Processing /home/airflow/.local/lib/python3.12/site-packages/airflow/example_dags/example_bash_operator.py took 0.199 seconds
[2025-04-21T11:55:31.897+0000] {processor.py:186} INFO - Started process (PID=7846) to work on /home/airflow/.local/lib/python3.12/site-packages/airflow/example_dags/example_bash_operator.py
[2025-04-21T11:55:31.899+0000] {processor.py:914} INFO - Processing file /home/airflow/.local/lib/python3.12/site-packages/airflow/example_dags/example_bash_operator.py for tasks to queue
[2025-04-21T11:55:31.905+0000] {logging_mixin.py:190} INFO - [2025-04-21T11:55:31.904+0000] {dagbag.py:588} INFO - Filling up the DagBag from /home/airflow/.local/lib/python3.12/site-packages/airflow/example_dags/example_bash_operator.py
[2025-04-21T11:55:31.934+0000] {processor.py:925} INFO - DAG(s) 'example_bash_operator' retrieved from /home/airflow/.local/lib/python3.12/site-packages/airflow/example_dags/example_bash_operator.py
[2025-04-21T11:55:31.988+0000] {logging_mixin.py:190} INFO - [2025-04-21T11:55:31.988+0000] {dag.py:3239} INFO - Sync 1 DAGs
[2025-04-21T11:55:32.039+0000] {logging_mixin.py:190} INFO - [2025-04-21T11:55:32.038+0000] {dag.py:4180} INFO - Setting next_dagrun for example_bash_operator to 2025-04-20 00:00:00+00:00, run_after=2025-04-21 00:00:00+00:00
[2025-04-21T11:55:32.079+0000] {processor.py:208} INFO - Processing /home/airflow/.local/lib/python3.12/site-packages/airflow/example_dags/example_bash_operator.py took 0.195 seconds
[2025-04-21T11:56:02.690+0000] {processor.py:186} INFO - Started process (PID=7910) to work on /home/airflow/.local/lib/python3.12/site-packages/airflow/example_dags/example_bash_operator.py
[2025-04-21T11:56:02.692+0000] {processor.py:914} INFO - Processing file /home/airflow/.local/lib/python3.12/site-packages/airflow/example_dags/example_bash_operator.py for tasks to queue
[2025-04-21T11:56:02.698+0000] {logging_mixin.py:190} INFO - [2025-04-21T11:56:02.697+0000] {dagbag.py:588} INFO - Filling up the DagBag from /home/airflow/.local/lib/python3.12/site-packages/airflow/example_dags/example_bash_operator.py
[2025-04-21T11:56:02.729+0000] {processor.py:925} INFO - DAG(s) 'example_bash_operator' retrieved from /home/airflow/.local/lib/python3.12/site-packages/airflow/example_dags/example_bash_operator.py
[2025-04-21T11:56:02.790+0000] {logging_mixin.py:190} INFO - [2025-04-21T11:56:02.789+0000] {dag.py:3239} INFO - Sync 1 DAGs
[2025-04-21T11:56:02.841+0000] {logging_mixin.py:190} INFO - [2025-04-21T11:56:02.841+0000] {dag.py:4180} INFO - Setting next_dagrun for example_bash_operator to 2025-04-20 00:00:00+00:00, run_after=2025-04-21 00:00:00+00:00
[2025-04-21T11:56:02.884+0000] {processor.py:208} INFO - Processing /home/airflow/.local/lib/python3.12/site-packages/airflow/example_dags/example_bash_operator.py took 0.203 seconds
[2025-04-21T11:56:32.965+0000] {processor.py:186} INFO - Started process (PID=7974) to work on /home/airflow/.local/lib/python3.12/site-packages/airflow/example_dags/example_bash_operator.py
[2025-04-21T11:56:32.967+0000] {processor.py:914} INFO - Processing file /home/airflow/.local/lib/python3.12/site-packages/airflow/example_dags/example_bash_operator.py for tasks to queue
[2025-04-21T11:56:32.973+0000] {logging_mixin.py:190} INFO - [2025-04-21T11:56:32.972+0000] {dagbag.py:588} INFO - Filling up the DagBag from /home/airflow/.local/lib/python3.12/site-packages/airflow/example_dags/example_bash_operator.py
[2025-04-21T11:56:33.002+0000] {processor.py:925} INFO - DAG(s) 'example_bash_operator' retrieved from /home/airflow/.local/lib/python3.12/site-packages/airflow/example_dags/example_bash_operator.py
[2025-04-21T11:56:33.064+0000] {logging_mixin.py:190} INFO - [2025-04-21T11:56:33.064+0000] {dag.py:3239} INFO - Sync 1 DAGs
[2025-04-21T11:56:33.115+0000] {logging_mixin.py:190} INFO - [2025-04-21T11:56:33.115+0000] {dag.py:4180} INFO - Setting next_dagrun for example_bash_operator to 2025-04-20 00:00:00+00:00, run_after=2025-04-21 00:00:00+00:00
[2025-04-21T11:56:33.158+0000] {processor.py:208} INFO - Processing /home/airflow/.local/lib/python3.12/site-packages/airflow/example_dags/example_bash_operator.py took 0.205 seconds
[2025-04-21T11:57:03.451+0000] {processor.py:186} INFO - Started process (PID=8035) to work on /home/airflow/.local/lib/python3.12/site-packages/airflow/example_dags/example_bash_operator.py
[2025-04-21T11:57:03.453+0000] {processor.py:914} INFO - Processing file /home/airflow/.local/lib/python3.12/site-packages/airflow/example_dags/example_bash_operator.py for tasks to queue
[2025-04-21T11:57:03.458+0000] {logging_mixin.py:190} INFO - [2025-04-21T11:57:03.458+0000] {dagbag.py:588} INFO - Filling up the DagBag from /home/airflow/.local/lib/python3.12/site-packages/airflow/example_dags/example_bash_operator.py
[2025-04-21T11:57:03.482+0000] {processor.py:925} INFO - DAG(s) 'example_bash_operator' retrieved from /home/airflow/.local/lib/python3.12/site-packages/airflow/example_dags/example_bash_operator.py
[2025-04-21T11:57:03.535+0000] {logging_mixin.py:190} INFO - [2025-04-21T11:57:03.534+0000] {dag.py:3239} INFO - Sync 1 DAGs
[2025-04-21T11:57:03.587+0000] {logging_mixin.py:190} INFO - [2025-04-21T11:57:03.586+0000] {dag.py:4180} INFO - Setting next_dagrun for example_bash_operator to 2025-04-20 00:00:00+00:00, run_after=2025-04-21 00:00:00+00:00
[2025-04-21T11:57:03.625+0000] {processor.py:208} INFO - Processing /home/airflow/.local/lib/python3.12/site-packages/airflow/example_dags/example_bash_operator.py took 0.185 seconds
[2025-04-21T11:57:34.114+0000] {processor.py:186} INFO - Started process (PID=8099) to work on /home/airflow/.local/lib/python3.12/site-packages/airflow/example_dags/example_bash_operator.py
[2025-04-21T11:57:34.116+0000] {processor.py:914} INFO - Processing file /home/airflow/.local/lib/python3.12/site-packages/airflow/example_dags/example_bash_operator.py for tasks to queue
[2025-04-21T11:57:34.123+0000] {logging_mixin.py:190} INFO - [2025-04-21T11:57:34.122+0000] {dagbag.py:588} INFO - Filling up the DagBag from /home/airflow/.local/lib/python3.12/site-packages/airflow/example_dags/example_bash_operator.py
[2025-04-21T11:57:34.152+0000] {processor.py:925} INFO - DAG(s) 'example_bash_operator' retrieved from /home/airflow/.local/lib/python3.12/site-packages/airflow/example_dags/example_bash_operator.py
[2025-04-21T11:57:34.218+0000] {logging_mixin.py:190} INFO - [2025-04-21T11:57:34.218+0000] {dag.py:3239} INFO - Sync 1 DAGs
[2025-04-21T11:57:34.272+0000] {logging_mixin.py:190} INFO - [2025-04-21T11:57:34.271+0000] {dag.py:4180} INFO - Setting next_dagrun for example_bash_operator to 2025-04-20 00:00:00+00:00, run_after=2025-04-21 00:00:00+00:00
[2025-04-21T11:57:34.312+0000] {processor.py:208} INFO - Processing /home/airflow/.local/lib/python3.12/site-packages/airflow/example_dags/example_bash_operator.py took 0.210 seconds
[2025-04-21T11:58:04.899+0000] {processor.py:186} INFO - Started process (PID=8163) to work on /home/airflow/.local/lib/python3.12/site-packages/airflow/example_dags/example_bash_operator.py
[2025-04-21T11:58:04.901+0000] {processor.py:914} INFO - Processing file /home/airflow/.local/lib/python3.12/site-packages/airflow/example_dags/example_bash_operator.py for tasks to queue
[2025-04-21T11:58:04.905+0000] {logging_mixin.py:190} INFO - [2025-04-21T11:58:04.905+0000] {dagbag.py:588} INFO - Filling up the DagBag from /home/airflow/.local/lib/python3.12/site-packages/airflow/example_dags/example_bash_operator.py
[2025-04-21T11:58:04.935+0000] {processor.py:925} INFO - DAG(s) 'example_bash_operator' retrieved from /home/airflow/.local/lib/python3.12/site-packages/airflow/example_dags/example_bash_operator.py
[2025-04-21T11:58:04.998+0000] {logging_mixin.py:190} INFO - [2025-04-21T11:58:04.998+0000] {dag.py:3239} INFO - Sync 1 DAGs
[2025-04-21T11:58:05.049+0000] {logging_mixin.py:190} INFO - [2025-04-21T11:58:05.049+0000] {dag.py:4180} INFO - Setting next_dagrun for example_bash_operator to 2025-04-20 00:00:00+00:00, run_after=2025-04-21 00:00:00+00:00
[2025-04-21T11:58:05.080+0000] {processor.py:208} INFO - Processing /home/airflow/.local/lib/python3.12/site-packages/airflow/example_dags/example_bash_operator.py took 0.193 seconds
[2025-04-21T11:58:35.176+0000] {processor.py:186} INFO - Started process (PID=8227) to work on /home/airflow/.local/lib/python3.12/site-packages/airflow/example_dags/example_bash_operator.py
[2025-04-21T11:58:35.178+0000] {processor.py:914} INFO - Processing file /home/airflow/.local/lib/python3.12/site-packages/airflow/example_dags/example_bash_operator.py for tasks to queue
[2025-04-21T11:58:35.184+0000] {logging_mixin.py:190} INFO - [2025-04-21T11:58:35.183+0000] {dagbag.py:588} INFO - Filling up the DagBag from /home/airflow/.local/lib/python3.12/site-packages/airflow/example_dags/example_bash_operator.py
[2025-04-21T11:58:35.213+0000] {processor.py:925} INFO - DAG(s) 'example_bash_operator' retrieved from /home/airflow/.local/lib/python3.12/site-packages/airflow/example_dags/example_bash_operator.py
[2025-04-21T11:58:35.257+0000] {logging_mixin.py:190} INFO - [2025-04-21T11:58:35.256+0000] {dag.py:3239} INFO - Sync 1 DAGs
[2025-04-21T11:58:35.311+0000] {logging_mixin.py:190} INFO - [2025-04-21T11:58:35.310+0000] {dag.py:4180} INFO - Setting next_dagrun for example_bash_operator to 2025-04-20 00:00:00+00:00, run_after=2025-04-21 00:00:00+00:00
[2025-04-21T11:58:35.351+0000] {processor.py:208} INFO - Processing /home/airflow/.local/lib/python3.12/site-packages/airflow/example_dags/example_bash_operator.py took 0.187 seconds
[2025-04-21T11:59:05.528+0000] {processor.py:186} INFO - Started process (PID=8291) to work on /home/airflow/.local/lib/python3.12/site-packages/airflow/example_dags/example_bash_operator.py
[2025-04-21T11:59:05.530+0000] {processor.py:914} INFO - Processing file /home/airflow/.local/lib/python3.12/site-packages/airflow/example_dags/example_bash_operator.py for tasks to queue
[2025-04-21T11:59:05.536+0000] {logging_mixin.py:190} INFO - [2025-04-21T11:59:05.535+0000] {dagbag.py:588} INFO - Filling up the DagBag from /home/airflow/.local/lib/python3.12/site-packages/airflow/example_dags/example_bash_operator.py
[2025-04-21T11:59:05.565+0000] {processor.py:925} INFO - DAG(s) 'example_bash_operator' retrieved from /home/airflow/.local/lib/python3.12/site-packages/airflow/example_dags/example_bash_operator.py
[2025-04-21T11:59:05.615+0000] {logging_mixin.py:190} INFO - [2025-04-21T11:59:05.615+0000] {dag.py:3239} INFO - Sync 1 DAGs
[2025-04-21T11:59:05.671+0000] {logging_mixin.py:190} INFO - [2025-04-21T11:59:05.671+0000] {dag.py:4180} INFO - Setting next_dagrun for example_bash_operator to 2025-04-20 00:00:00+00:00, run_after=2025-04-21 00:00:00+00:00
[2025-04-21T11:59:05.713+0000] {processor.py:208} INFO - Processing /home/airflow/.local/lib/python3.12/site-packages/airflow/example_dags/example_bash_operator.py took 0.197 seconds
[2025-04-21T11:59:36.485+0000] {processor.py:186} INFO - Started process (PID=8355) to work on /home/airflow/.local/lib/python3.12/site-packages/airflow/example_dags/example_bash_operator.py
[2025-04-21T11:59:36.487+0000] {processor.py:914} INFO - Processing file /home/airflow/.local/lib/python3.12/site-packages/airflow/example_dags/example_bash_operator.py for tasks to queue
[2025-04-21T11:59:36.493+0000] {logging_mixin.py:190} INFO - [2025-04-21T11:59:36.492+0000] {dagbag.py:588} INFO - Filling up the DagBag from /home/airflow/.local/lib/python3.12/site-packages/airflow/example_dags/example_bash_operator.py
[2025-04-21T11:59:36.515+0000] {processor.py:925} INFO - DAG(s) 'example_bash_operator' retrieved from /home/airflow/.local/lib/python3.12/site-packages/airflow/example_dags/example_bash_operator.py
[2025-04-21T11:59:36.573+0000] {logging_mixin.py:190} INFO - [2025-04-21T11:59:36.572+0000] {dag.py:3239} INFO - Sync 1 DAGs
[2025-04-21T11:59:36.627+0000] {logging_mixin.py:190} INFO - [2025-04-21T11:59:36.627+0000] {dag.py:4180} INFO - Setting next_dagrun for example_bash_operator to 2025-04-20 00:00:00+00:00, run_after=2025-04-21 00:00:00+00:00
[2025-04-21T11:59:36.666+0000] {processor.py:208} INFO - Processing /home/airflow/.local/lib/python3.12/site-packages/airflow/example_dags/example_bash_operator.py took 0.193 seconds
[2025-04-21T12:00:06.878+0000] {processor.py:186} INFO - Started process (PID=8419) to work on /home/airflow/.local/lib/python3.12/site-packages/airflow/example_dags/example_bash_operator.py
[2025-04-21T12:00:06.880+0000] {processor.py:914} INFO - Processing file /home/airflow/.local/lib/python3.12/site-packages/airflow/example_dags/example_bash_operator.py for tasks to queue
[2025-04-21T12:00:06.888+0000] {logging_mixin.py:190} INFO - [2025-04-21T12:00:06.887+0000] {dagbag.py:588} INFO - Filling up the DagBag from /home/airflow/.local/lib/python3.12/site-packages/airflow/example_dags/example_bash_operator.py
[2025-04-21T12:00:06.916+0000] {processor.py:925} INFO - DAG(s) 'example_bash_operator' retrieved from /home/airflow/.local/lib/python3.12/site-packages/airflow/example_dags/example_bash_operator.py
[2025-04-21T12:00:06.974+0000] {logging_mixin.py:190} INFO - [2025-04-21T12:00:06.974+0000] {dag.py:3239} INFO - Sync 1 DAGs
[2025-04-21T12:00:07.021+0000] {logging_mixin.py:190} INFO - [2025-04-21T12:00:07.021+0000] {dag.py:4180} INFO - Setting next_dagrun for example_bash_operator to 2025-04-20 00:00:00+00:00, run_after=2025-04-21 00:00:00+00:00
[2025-04-21T12:00:07.048+0000] {processor.py:208} INFO - Processing /home/airflow/.local/lib/python3.12/site-packages/airflow/example_dags/example_bash_operator.py took 0.182 seconds
[2025-04-21T12:00:37.731+0000] {processor.py:186} INFO - Started process (PID=8482) to work on /home/airflow/.local/lib/python3.12/site-packages/airflow/example_dags/example_bash_operator.py
[2025-04-21T12:00:37.732+0000] {processor.py:914} INFO - Processing file /home/airflow/.local/lib/python3.12/site-packages/airflow/example_dags/example_bash_operator.py for tasks to queue
[2025-04-21T12:00:37.735+0000] {logging_mixin.py:190} INFO - [2025-04-21T12:00:37.735+0000] {dagbag.py:588} INFO - Filling up the DagBag from /home/airflow/.local/lib/python3.12/site-packages/airflow/example_dags/example_bash_operator.py
[2025-04-21T12:00:37.751+0000] {processor.py:925} INFO - DAG(s) 'example_bash_operator' retrieved from /home/airflow/.local/lib/python3.12/site-packages/airflow/example_dags/example_bash_operator.py
[2025-04-21T12:00:37.781+0000] {logging_mixin.py:190} INFO - [2025-04-21T12:00:37.780+0000] {dag.py:3239} INFO - Sync 1 DAGs
[2025-04-21T12:00:37.809+0000] {logging_mixin.py:190} INFO - [2025-04-21T12:00:37.809+0000] {dag.py:4180} INFO - Setting next_dagrun for example_bash_operator to 2025-04-20 00:00:00+00:00, run_after=2025-04-21 00:00:00+00:00
[2025-04-21T12:00:37.839+0000] {processor.py:208} INFO - Processing /home/airflow/.local/lib/python3.12/site-packages/airflow/example_dags/example_bash_operator.py took 0.114 seconds
[2025-04-21T12:01:08.239+0000] {processor.py:186} INFO - Started process (PID=8545) to work on /home/airflow/.local/lib/python3.12/site-packages/airflow/example_dags/example_bash_operator.py
[2025-04-21T12:01:08.241+0000] {processor.py:914} INFO - Processing file /home/airflow/.local/lib/python3.12/site-packages/airflow/example_dags/example_bash_operator.py for tasks to queue
[2025-04-21T12:01:08.247+0000] {logging_mixin.py:190} INFO - [2025-04-21T12:01:08.246+0000] {dagbag.py:588} INFO - Filling up the DagBag from /home/airflow/.local/lib/python3.12/site-packages/airflow/example_dags/example_bash_operator.py
[2025-04-21T12:01:08.274+0000] {processor.py:925} INFO - DAG(s) 'example_bash_operator' retrieved from /home/airflow/.local/lib/python3.12/site-packages/airflow/example_dags/example_bash_operator.py
[2025-04-21T12:01:08.338+0000] {logging_mixin.py:190} INFO - [2025-04-21T12:01:08.337+0000] {dag.py:3239} INFO - Sync 1 DAGs
[2025-04-21T12:01:08.387+0000] {logging_mixin.py:190} INFO - [2025-04-21T12:01:08.387+0000] {dag.py:4180} INFO - Setting next_dagrun for example_bash_operator to 2025-04-20 00:00:00+00:00, run_after=2025-04-21 00:00:00+00:00
[2025-04-21T12:01:08.415+0000] {processor.py:208} INFO - Processing /home/airflow/.local/lib/python3.12/site-packages/airflow/example_dags/example_bash_operator.py took 0.189 seconds
[2025-04-21T12:01:38.984+0000] {processor.py:186} INFO - Started process (PID=8609) to work on /home/airflow/.local/lib/python3.12/site-packages/airflow/example_dags/example_bash_operator.py
[2025-04-21T12:01:38.986+0000] {processor.py:914} INFO - Processing file /home/airflow/.local/lib/python3.12/site-packages/airflow/example_dags/example_bash_operator.py for tasks to queue
[2025-04-21T12:01:38.992+0000] {logging_mixin.py:190} INFO - [2025-04-21T12:01:38.991+0000] {dagbag.py:588} INFO - Filling up the DagBag from /home/airflow/.local/lib/python3.12/site-packages/airflow/example_dags/example_bash_operator.py
[2025-04-21T12:01:39.015+0000] {processor.py:925} INFO - DAG(s) 'example_bash_operator' retrieved from /home/airflow/.local/lib/python3.12/site-packages/airflow/example_dags/example_bash_operator.py
[2025-04-21T12:01:39.070+0000] {logging_mixin.py:190} INFO - [2025-04-21T12:01:39.070+0000] {dag.py:3239} INFO - Sync 1 DAGs
[2025-04-21T12:01:39.114+0000] {logging_mixin.py:190} INFO - [2025-04-21T12:01:39.114+0000] {dag.py:4180} INFO - Setting next_dagrun for example_bash_operator to 2025-04-20 00:00:00+00:00, run_after=2025-04-21 00:00:00+00:00
[2025-04-21T12:01:39.155+0000] {processor.py:208} INFO - Processing /home/airflow/.local/lib/python3.12/site-packages/airflow/example_dags/example_bash_operator.py took 0.183 seconds
[2025-04-21T12:02:09.784+0000] {processor.py:186} INFO - Started process (PID=8673) to work on /home/airflow/.local/lib/python3.12/site-packages/airflow/example_dags/example_bash_operator.py
[2025-04-21T12:02:09.786+0000] {processor.py:914} INFO - Processing file /home/airflow/.local/lib/python3.12/site-packages/airflow/example_dags/example_bash_operator.py for tasks to queue
[2025-04-21T12:02:09.792+0000] {logging_mixin.py:190} INFO - [2025-04-21T12:02:09.791+0000] {dagbag.py:588} INFO - Filling up the DagBag from /home/airflow/.local/lib/python3.12/site-packages/airflow/example_dags/example_bash_operator.py
[2025-04-21T12:02:09.821+0000] {processor.py:925} INFO - DAG(s) 'example_bash_operator' retrieved from /home/airflow/.local/lib/python3.12/site-packages/airflow/example_dags/example_bash_operator.py
[2025-04-21T12:02:09.885+0000] {logging_mixin.py:190} INFO - [2025-04-21T12:02:09.885+0000] {dag.py:3239} INFO - Sync 1 DAGs
[2025-04-21T12:02:09.941+0000] {logging_mixin.py:190} INFO - [2025-04-21T12:02:09.941+0000] {dag.py:4180} INFO - Setting next_dagrun for example_bash_operator to 2025-04-20 00:00:00+00:00, run_after=2025-04-21 00:00:00+00:00
[2025-04-21T12:02:09.983+0000] {processor.py:208} INFO - Processing /home/airflow/.local/lib/python3.12/site-packages/airflow/example_dags/example_bash_operator.py took 0.211 seconds
[2025-04-21T12:02:40.290+0000] {processor.py:186} INFO - Started process (PID=8737) to work on /home/airflow/.local/lib/python3.12/site-packages/airflow/example_dags/example_bash_operator.py
[2025-04-21T12:02:40.292+0000] {processor.py:914} INFO - Processing file /home/airflow/.local/lib/python3.12/site-packages/airflow/example_dags/example_bash_operator.py for tasks to queue
[2025-04-21T12:02:40.298+0000] {logging_mixin.py:190} INFO - [2025-04-21T12:02:40.297+0000] {dagbag.py:588} INFO - Filling up the DagBag from /home/airflow/.local/lib/python3.12/site-packages/airflow/example_dags/example_bash_operator.py
[2025-04-21T12:02:40.329+0000] {processor.py:925} INFO - DAG(s) 'example_bash_operator' retrieved from /home/airflow/.local/lib/python3.12/site-packages/airflow/example_dags/example_bash_operator.py
[2025-04-21T12:02:40.389+0000] {logging_mixin.py:190} INFO - [2025-04-21T12:02:40.388+0000] {dag.py:3239} INFO - Sync 1 DAGs
[2025-04-21T12:02:40.431+0000] {logging_mixin.py:190} INFO - [2025-04-21T12:02:40.431+0000] {dag.py:4180} INFO - Setting next_dagrun for example_bash_operator to 2025-04-20 00:00:00+00:00, run_after=2025-04-21 00:00:00+00:00
[2025-04-21T12:02:40.463+0000] {processor.py:208} INFO - Processing /home/airflow/.local/lib/python3.12/site-packages/airflow/example_dags/example_bash_operator.py took 0.185 seconds
[2025-04-21T12:03:10.589+0000] {processor.py:186} INFO - Started process (PID=8801) to work on /home/airflow/.local/lib/python3.12/site-packages/airflow/example_dags/example_bash_operator.py
[2025-04-21T12:03:10.591+0000] {processor.py:914} INFO - Processing file /home/airflow/.local/lib/python3.12/site-packages/airflow/example_dags/example_bash_operator.py for tasks to queue
[2025-04-21T12:03:10.597+0000] {logging_mixin.py:190} INFO - [2025-04-21T12:03:10.596+0000] {dagbag.py:588} INFO - Filling up the DagBag from /home/airflow/.local/lib/python3.12/site-packages/airflow/example_dags/example_bash_operator.py
[2025-04-21T12:03:10.629+0000] {processor.py:925} INFO - DAG(s) 'example_bash_operator' retrieved from /home/airflow/.local/lib/python3.12/site-packages/airflow/example_dags/example_bash_operator.py
[2025-04-21T12:03:10.692+0000] {logging_mixin.py:190} INFO - [2025-04-21T12:03:10.691+0000] {dag.py:3239} INFO - Sync 1 DAGs
[2025-04-21T12:03:10.738+0000] {logging_mixin.py:190} INFO - [2025-04-21T12:03:10.737+0000] {dag.py:4180} INFO - Setting next_dagrun for example_bash_operator to 2025-04-20 00:00:00+00:00, run_after=2025-04-21 00:00:00+00:00
[2025-04-21T12:03:10.769+0000] {processor.py:208} INFO - Processing /home/airflow/.local/lib/python3.12/site-packages/airflow/example_dags/example_bash_operator.py took 0.192 seconds
