[2025-04-21T10:53:05.176+0000] {processor.py:186} INFO - Started process (PID=116) to work on /home/airflow/.local/lib/python3.12/site-packages/airflow/example_dags/example_trigger_target_dag.py
[2025-04-21T10:53:05.177+0000] {processor.py:914} INFO - Processing file /home/airflow/.local/lib/python3.12/site-packages/airflow/example_dags/example_trigger_target_dag.py for tasks to queue
[2025-04-21T10:53:05.179+0000] {logging_mixin.py:190} INFO - [2025-04-21T10:53:05.179+0000] {dagbag.py:588} INFO - Filling up the DagBag from /home/airflow/.local/lib/python3.12/site-packages/airflow/example_dags/example_trigger_target_dag.py
[2025-04-21T10:53:05.186+0000] {processor.py:925} INFO - DAG(s) 'example_trigger_target_dag' retrieved from /home/airflow/.local/lib/python3.12/site-packages/airflow/example_dags/example_trigger_target_dag.py
[2025-04-21T10:53:05.272+0000] {logging_mixin.py:190} INFO - [2025-04-21T10:53:05.271+0000] {override.py:1912} INFO - Created Permission View: can edit on DAG:example_trigger_target_dag
[2025-04-21T10:53:05.281+0000] {logging_mixin.py:190} INFO - [2025-04-21T10:53:05.280+0000] {override.py:1912} INFO - Created Permission View: can read on DAG:example_trigger_target_dag
[2025-04-21T10:53:05.287+0000] {logging_mixin.py:190} INFO - [2025-04-21T10:53:05.287+0000] {override.py:1912} INFO - Created Permission View: can delete on DAG:example_trigger_target_dag
[2025-04-21T10:53:05.295+0000] {logging_mixin.py:190} INFO - [2025-04-21T10:53:05.295+0000] {override.py:1912} INFO - Created Permission View: menu access on DAG Run:example_trigger_target_dag
[2025-04-21T10:53:05.301+0000] {logging_mixin.py:190} INFO - [2025-04-21T10:53:05.301+0000] {override.py:1912} INFO - Created Permission View: can create on DAG Run:example_trigger_target_dag
[2025-04-21T10:53:05.307+0000] {logging_mixin.py:190} INFO - [2025-04-21T10:53:05.307+0000] {override.py:1912} INFO - Created Permission View: can read on DAG Run:example_trigger_target_dag
[2025-04-21T10:53:05.314+0000] {logging_mixin.py:190} INFO - [2025-04-21T10:53:05.313+0000] {override.py:1912} INFO - Created Permission View: can delete on DAG Run:example_trigger_target_dag
[2025-04-21T10:53:05.314+0000] {logging_mixin.py:190} INFO - [2025-04-21T10:53:05.314+0000] {dag.py:3239} INFO - Sync 1 DAGs
[2025-04-21T10:53:05.324+0000] {logging_mixin.py:190} INFO - [2025-04-21T10:53:05.324+0000] {dag.py:3262} INFO - Creating ORM DAG for example_trigger_target_dag
[2025-04-21T10:53:05.325+0000] {logging_mixin.py:190} INFO - [2025-04-21T10:53:05.324+0000] {dag.py:4180} INFO - Setting next_dagrun for example_trigger_target_dag to None, run_after=None
[2025-04-21T10:53:05.337+0000] {processor.py:208} INFO - Processing /home/airflow/.local/lib/python3.12/site-packages/airflow/example_dags/example_trigger_target_dag.py took 0.165 seconds
[2025-04-21T10:53:36.164+0000] {processor.py:186} INFO - Started process (PID=179) to work on /home/airflow/.local/lib/python3.12/site-packages/airflow/example_dags/example_trigger_target_dag.py
[2025-04-21T10:53:36.165+0000] {processor.py:914} INFO - Processing file /home/airflow/.local/lib/python3.12/site-packages/airflow/example_dags/example_trigger_target_dag.py for tasks to queue
[2025-04-21T10:53:36.167+0000] {logging_mixin.py:190} INFO - [2025-04-21T10:53:36.167+0000] {dagbag.py:588} INFO - Filling up the DagBag from /home/airflow/.local/lib/python3.12/site-packages/airflow/example_dags/example_trigger_target_dag.py
[2025-04-21T10:53:36.174+0000] {processor.py:925} INFO - DAG(s) 'example_trigger_target_dag' retrieved from /home/airflow/.local/lib/python3.12/site-packages/airflow/example_dags/example_trigger_target_dag.py
[2025-04-21T10:53:36.196+0000] {logging_mixin.py:190} INFO - [2025-04-21T10:53:36.196+0000] {dag.py:3239} INFO - Sync 1 DAGs
[2025-04-21T10:53:36.209+0000] {logging_mixin.py:190} INFO - [2025-04-21T10:53:36.209+0000] {dag.py:4180} INFO - Setting next_dagrun for example_trigger_target_dag to None, run_after=None
[2025-04-21T10:53:36.230+0000] {processor.py:208} INFO - Processing /home/airflow/.local/lib/python3.12/site-packages/airflow/example_dags/example_trigger_target_dag.py took 0.071 seconds
[2025-04-21T10:54:06.300+0000] {processor.py:186} INFO - Started process (PID=240) to work on /home/airflow/.local/lib/python3.12/site-packages/airflow/example_dags/example_trigger_target_dag.py
[2025-04-21T10:54:06.301+0000] {processor.py:914} INFO - Processing file /home/airflow/.local/lib/python3.12/site-packages/airflow/example_dags/example_trigger_target_dag.py for tasks to queue
[2025-04-21T10:54:06.304+0000] {logging_mixin.py:190} INFO - [2025-04-21T10:54:06.303+0000] {dagbag.py:588} INFO - Filling up the DagBag from /home/airflow/.local/lib/python3.12/site-packages/airflow/example_dags/example_trigger_target_dag.py
[2025-04-21T10:54:06.310+0000] {processor.py:925} INFO - DAG(s) 'example_trigger_target_dag' retrieved from /home/airflow/.local/lib/python3.12/site-packages/airflow/example_dags/example_trigger_target_dag.py
[2025-04-21T10:54:06.325+0000] {logging_mixin.py:190} INFO - [2025-04-21T10:54:06.325+0000] {dag.py:3239} INFO - Sync 1 DAGs
[2025-04-21T10:54:06.337+0000] {logging_mixin.py:190} INFO - [2025-04-21T10:54:06.337+0000] {dag.py:4180} INFO - Setting next_dagrun for example_trigger_target_dag to None, run_after=None
[2025-04-21T10:54:06.352+0000] {processor.py:208} INFO - Processing /home/airflow/.local/lib/python3.12/site-packages/airflow/example_dags/example_trigger_target_dag.py took 0.057 seconds
[2025-04-21T10:54:37.360+0000] {processor.py:186} INFO - Started process (PID=303) to work on /home/airflow/.local/lib/python3.12/site-packages/airflow/example_dags/example_trigger_target_dag.py
[2025-04-21T10:54:37.360+0000] {processor.py:914} INFO - Processing file /home/airflow/.local/lib/python3.12/site-packages/airflow/example_dags/example_trigger_target_dag.py for tasks to queue
[2025-04-21T10:54:37.362+0000] {logging_mixin.py:190} INFO - [2025-04-21T10:54:37.362+0000] {dagbag.py:588} INFO - Filling up the DagBag from /home/airflow/.local/lib/python3.12/site-packages/airflow/example_dags/example_trigger_target_dag.py
[2025-04-21T10:54:37.368+0000] {processor.py:925} INFO - DAG(s) 'example_trigger_target_dag' retrieved from /home/airflow/.local/lib/python3.12/site-packages/airflow/example_dags/example_trigger_target_dag.py
[2025-04-21T10:54:37.382+0000] {logging_mixin.py:190} INFO - [2025-04-21T10:54:37.382+0000] {dag.py:3239} INFO - Sync 1 DAGs
[2025-04-21T10:54:37.393+0000] {logging_mixin.py:190} INFO - [2025-04-21T10:54:37.392+0000] {dag.py:4180} INFO - Setting next_dagrun for example_trigger_target_dag to None, run_after=None
[2025-04-21T10:54:37.407+0000] {processor.py:208} INFO - Processing /home/airflow/.local/lib/python3.12/site-packages/airflow/example_dags/example_trigger_target_dag.py took 0.052 seconds
[2025-04-21T10:55:08.378+0000] {processor.py:186} INFO - Started process (PID=366) to work on /home/airflow/.local/lib/python3.12/site-packages/airflow/example_dags/example_trigger_target_dag.py
[2025-04-21T10:55:08.379+0000] {processor.py:914} INFO - Processing file /home/airflow/.local/lib/python3.12/site-packages/airflow/example_dags/example_trigger_target_dag.py for tasks to queue
[2025-04-21T10:55:08.382+0000] {logging_mixin.py:190} INFO - [2025-04-21T10:55:08.381+0000] {dagbag.py:588} INFO - Filling up the DagBag from /home/airflow/.local/lib/python3.12/site-packages/airflow/example_dags/example_trigger_target_dag.py
[2025-04-21T10:55:08.389+0000] {processor.py:925} INFO - DAG(s) 'example_trigger_target_dag' retrieved from /home/airflow/.local/lib/python3.12/site-packages/airflow/example_dags/example_trigger_target_dag.py
[2025-04-21T10:55:08.404+0000] {logging_mixin.py:190} INFO - [2025-04-21T10:55:08.404+0000] {dag.py:3239} INFO - Sync 1 DAGs
[2025-04-21T10:55:08.414+0000] {logging_mixin.py:190} INFO - [2025-04-21T10:55:08.414+0000] {dag.py:4180} INFO - Setting next_dagrun for example_trigger_target_dag to None, run_after=None
[2025-04-21T10:55:08.432+0000] {processor.py:208} INFO - Processing /home/airflow/.local/lib/python3.12/site-packages/airflow/example_dags/example_trigger_target_dag.py took 0.058 seconds
[2025-04-21T10:55:38.655+0000] {processor.py:186} INFO - Started process (PID=429) to work on /home/airflow/.local/lib/python3.12/site-packages/airflow/example_dags/example_trigger_target_dag.py
[2025-04-21T10:55:38.656+0000] {processor.py:914} INFO - Processing file /home/airflow/.local/lib/python3.12/site-packages/airflow/example_dags/example_trigger_target_dag.py for tasks to queue
[2025-04-21T10:55:38.658+0000] {logging_mixin.py:190} INFO - [2025-04-21T10:55:38.658+0000] {dagbag.py:588} INFO - Filling up the DagBag from /home/airflow/.local/lib/python3.12/site-packages/airflow/example_dags/example_trigger_target_dag.py
[2025-04-21T10:55:38.664+0000] {processor.py:925} INFO - DAG(s) 'example_trigger_target_dag' retrieved from /home/airflow/.local/lib/python3.12/site-packages/airflow/example_dags/example_trigger_target_dag.py
[2025-04-21T10:55:38.680+0000] {logging_mixin.py:190} INFO - [2025-04-21T10:55:38.679+0000] {dag.py:3239} INFO - Sync 1 DAGs
[2025-04-21T10:55:38.692+0000] {logging_mixin.py:190} INFO - [2025-04-21T10:55:38.692+0000] {dag.py:4180} INFO - Setting next_dagrun for example_trigger_target_dag to None, run_after=None
[2025-04-21T10:55:38.707+0000] {processor.py:208} INFO - Processing /home/airflow/.local/lib/python3.12/site-packages/airflow/example_dags/example_trigger_target_dag.py took 0.056 seconds
[2025-04-21T10:56:08.734+0000] {processor.py:186} INFO - Started process (PID=491) to work on /home/airflow/.local/lib/python3.12/site-packages/airflow/example_dags/example_trigger_target_dag.py
[2025-04-21T10:56:08.734+0000] {processor.py:914} INFO - Processing file /home/airflow/.local/lib/python3.12/site-packages/airflow/example_dags/example_trigger_target_dag.py for tasks to queue
[2025-04-21T10:56:08.737+0000] {logging_mixin.py:190} INFO - [2025-04-21T10:56:08.736+0000] {dagbag.py:588} INFO - Filling up the DagBag from /home/airflow/.local/lib/python3.12/site-packages/airflow/example_dags/example_trigger_target_dag.py
[2025-04-21T10:56:08.743+0000] {processor.py:925} INFO - DAG(s) 'example_trigger_target_dag' retrieved from /home/airflow/.local/lib/python3.12/site-packages/airflow/example_dags/example_trigger_target_dag.py
[2025-04-21T10:56:08.757+0000] {logging_mixin.py:190} INFO - [2025-04-21T10:56:08.757+0000] {dag.py:3239} INFO - Sync 1 DAGs
[2025-04-21T10:56:08.768+0000] {logging_mixin.py:190} INFO - [2025-04-21T10:56:08.768+0000] {dag.py:4180} INFO - Setting next_dagrun for example_trigger_target_dag to None, run_after=None
[2025-04-21T10:56:08.783+0000] {processor.py:208} INFO - Processing /home/airflow/.local/lib/python3.12/site-packages/airflow/example_dags/example_trigger_target_dag.py took 0.055 seconds
[2025-04-21T10:56:38.992+0000] {processor.py:186} INFO - Started process (PID=554) to work on /home/airflow/.local/lib/python3.12/site-packages/airflow/example_dags/example_trigger_target_dag.py
[2025-04-21T10:56:38.992+0000] {processor.py:914} INFO - Processing file /home/airflow/.local/lib/python3.12/site-packages/airflow/example_dags/example_trigger_target_dag.py for tasks to queue
[2025-04-21T10:56:38.994+0000] {logging_mixin.py:190} INFO - [2025-04-21T10:56:38.994+0000] {dagbag.py:588} INFO - Filling up the DagBag from /home/airflow/.local/lib/python3.12/site-packages/airflow/example_dags/example_trigger_target_dag.py
[2025-04-21T10:56:39.000+0000] {processor.py:925} INFO - DAG(s) 'example_trigger_target_dag' retrieved from /home/airflow/.local/lib/python3.12/site-packages/airflow/example_dags/example_trigger_target_dag.py
[2025-04-21T10:56:39.014+0000] {logging_mixin.py:190} INFO - [2025-04-21T10:56:39.014+0000] {dag.py:3239} INFO - Sync 1 DAGs
[2025-04-21T10:56:39.025+0000] {logging_mixin.py:190} INFO - [2025-04-21T10:56:39.025+0000] {dag.py:4180} INFO - Setting next_dagrun for example_trigger_target_dag to None, run_after=None
[2025-04-21T10:56:39.038+0000] {processor.py:208} INFO - Processing /home/airflow/.local/lib/python3.12/site-packages/airflow/example_dags/example_trigger_target_dag.py took 0.051 seconds
[2025-04-21T10:57:09.425+0000] {processor.py:186} INFO - Started process (PID=616) to work on /home/airflow/.local/lib/python3.12/site-packages/airflow/example_dags/example_trigger_target_dag.py
[2025-04-21T10:57:09.425+0000] {processor.py:914} INFO - Processing file /home/airflow/.local/lib/python3.12/site-packages/airflow/example_dags/example_trigger_target_dag.py for tasks to queue
[2025-04-21T10:57:09.427+0000] {logging_mixin.py:190} INFO - [2025-04-21T10:57:09.427+0000] {dagbag.py:588} INFO - Filling up the DagBag from /home/airflow/.local/lib/python3.12/site-packages/airflow/example_dags/example_trigger_target_dag.py
[2025-04-21T10:57:09.434+0000] {processor.py:925} INFO - DAG(s) 'example_trigger_target_dag' retrieved from /home/airflow/.local/lib/python3.12/site-packages/airflow/example_dags/example_trigger_target_dag.py
[2025-04-21T10:57:09.448+0000] {logging_mixin.py:190} INFO - [2025-04-21T10:57:09.448+0000] {dag.py:3239} INFO - Sync 1 DAGs
[2025-04-21T10:57:09.459+0000] {logging_mixin.py:190} INFO - [2025-04-21T10:57:09.459+0000] {dag.py:4180} INFO - Setting next_dagrun for example_trigger_target_dag to None, run_after=None
[2025-04-21T10:57:09.472+0000] {processor.py:208} INFO - Processing /home/airflow/.local/lib/python3.12/site-packages/airflow/example_dags/example_trigger_target_dag.py took 0.052 seconds
[2025-04-21T10:57:39.603+0000] {processor.py:186} INFO - Started process (PID=679) to work on /home/airflow/.local/lib/python3.12/site-packages/airflow/example_dags/example_trigger_target_dag.py
[2025-04-21T10:57:39.604+0000] {processor.py:914} INFO - Processing file /home/airflow/.local/lib/python3.12/site-packages/airflow/example_dags/example_trigger_target_dag.py for tasks to queue
[2025-04-21T10:57:39.606+0000] {logging_mixin.py:190} INFO - [2025-04-21T10:57:39.606+0000] {dagbag.py:588} INFO - Filling up the DagBag from /home/airflow/.local/lib/python3.12/site-packages/airflow/example_dags/example_trigger_target_dag.py
[2025-04-21T10:57:39.612+0000] {processor.py:925} INFO - DAG(s) 'example_trigger_target_dag' retrieved from /home/airflow/.local/lib/python3.12/site-packages/airflow/example_dags/example_trigger_target_dag.py
[2025-04-21T10:57:39.627+0000] {logging_mixin.py:190} INFO - [2025-04-21T10:57:39.626+0000] {dag.py:3239} INFO - Sync 1 DAGs
[2025-04-21T10:57:39.638+0000] {logging_mixin.py:190} INFO - [2025-04-21T10:57:39.638+0000] {dag.py:4180} INFO - Setting next_dagrun for example_trigger_target_dag to None, run_after=None
[2025-04-21T10:57:39.657+0000] {processor.py:208} INFO - Processing /home/airflow/.local/lib/python3.12/site-packages/airflow/example_dags/example_trigger_target_dag.py took 0.058 seconds
[2025-04-21T10:58:09.699+0000] {processor.py:186} INFO - Started process (PID=741) to work on /home/airflow/.local/lib/python3.12/site-packages/airflow/example_dags/example_trigger_target_dag.py
[2025-04-21T10:58:09.700+0000] {processor.py:914} INFO - Processing file /home/airflow/.local/lib/python3.12/site-packages/airflow/example_dags/example_trigger_target_dag.py for tasks to queue
[2025-04-21T10:58:09.701+0000] {logging_mixin.py:190} INFO - [2025-04-21T10:58:09.701+0000] {dagbag.py:588} INFO - Filling up the DagBag from /home/airflow/.local/lib/python3.12/site-packages/airflow/example_dags/example_trigger_target_dag.py
[2025-04-21T10:58:09.707+0000] {processor.py:925} INFO - DAG(s) 'example_trigger_target_dag' retrieved from /home/airflow/.local/lib/python3.12/site-packages/airflow/example_dags/example_trigger_target_dag.py
[2025-04-21T10:58:09.721+0000] {logging_mixin.py:190} INFO - [2025-04-21T10:58:09.721+0000] {dag.py:3239} INFO - Sync 1 DAGs
[2025-04-21T10:58:09.731+0000] {logging_mixin.py:190} INFO - [2025-04-21T10:58:09.731+0000] {dag.py:4180} INFO - Setting next_dagrun for example_trigger_target_dag to None, run_after=None
[2025-04-21T10:58:09.745+0000] {processor.py:208} INFO - Processing /home/airflow/.local/lib/python3.12/site-packages/airflow/example_dags/example_trigger_target_dag.py took 0.050 seconds
[2025-04-21T10:58:39.798+0000] {processor.py:186} INFO - Started process (PID=804) to work on /home/airflow/.local/lib/python3.12/site-packages/airflow/example_dags/example_trigger_target_dag.py
[2025-04-21T10:58:39.799+0000] {processor.py:914} INFO - Processing file /home/airflow/.local/lib/python3.12/site-packages/airflow/example_dags/example_trigger_target_dag.py for tasks to queue
[2025-04-21T10:58:39.801+0000] {logging_mixin.py:190} INFO - [2025-04-21T10:58:39.801+0000] {dagbag.py:588} INFO - Filling up the DagBag from /home/airflow/.local/lib/python3.12/site-packages/airflow/example_dags/example_trigger_target_dag.py
[2025-04-21T10:58:39.807+0000] {processor.py:925} INFO - DAG(s) 'example_trigger_target_dag' retrieved from /home/airflow/.local/lib/python3.12/site-packages/airflow/example_dags/example_trigger_target_dag.py
[2025-04-21T10:58:39.822+0000] {logging_mixin.py:190} INFO - [2025-04-21T10:58:39.822+0000] {dag.py:3239} INFO - Sync 1 DAGs
[2025-04-21T10:58:39.833+0000] {logging_mixin.py:190} INFO - [2025-04-21T10:58:39.833+0000] {dag.py:4180} INFO - Setting next_dagrun for example_trigger_target_dag to None, run_after=None
[2025-04-21T10:58:39.847+0000] {processor.py:208} INFO - Processing /home/airflow/.local/lib/python3.12/site-packages/airflow/example_dags/example_trigger_target_dag.py took 0.053 seconds
[2025-04-21T10:59:10.077+0000] {processor.py:186} INFO - Started process (PID=867) to work on /home/airflow/.local/lib/python3.12/site-packages/airflow/example_dags/example_trigger_target_dag.py
[2025-04-21T10:59:10.077+0000] {processor.py:914} INFO - Processing file /home/airflow/.local/lib/python3.12/site-packages/airflow/example_dags/example_trigger_target_dag.py for tasks to queue
[2025-04-21T10:59:10.080+0000] {logging_mixin.py:190} INFO - [2025-04-21T10:59:10.080+0000] {dagbag.py:588} INFO - Filling up the DagBag from /home/airflow/.local/lib/python3.12/site-packages/airflow/example_dags/example_trigger_target_dag.py
[2025-04-21T10:59:10.086+0000] {processor.py:925} INFO - DAG(s) 'example_trigger_target_dag' retrieved from /home/airflow/.local/lib/python3.12/site-packages/airflow/example_dags/example_trigger_target_dag.py
[2025-04-21T10:59:10.101+0000] {logging_mixin.py:190} INFO - [2025-04-21T10:59:10.101+0000] {dag.py:3239} INFO - Sync 1 DAGs
[2025-04-21T10:59:10.112+0000] {logging_mixin.py:190} INFO - [2025-04-21T10:59:10.112+0000] {dag.py:4180} INFO - Setting next_dagrun for example_trigger_target_dag to None, run_after=None
[2025-04-21T10:59:10.126+0000] {processor.py:208} INFO - Processing /home/airflow/.local/lib/python3.12/site-packages/airflow/example_dags/example_trigger_target_dag.py took 0.053 seconds
[2025-04-21T10:59:40.535+0000] {processor.py:186} INFO - Started process (PID=930) to work on /home/airflow/.local/lib/python3.12/site-packages/airflow/example_dags/example_trigger_target_dag.py
[2025-04-21T10:59:40.536+0000] {processor.py:914} INFO - Processing file /home/airflow/.local/lib/python3.12/site-packages/airflow/example_dags/example_trigger_target_dag.py for tasks to queue
[2025-04-21T10:59:40.538+0000] {logging_mixin.py:190} INFO - [2025-04-21T10:59:40.538+0000] {dagbag.py:588} INFO - Filling up the DagBag from /home/airflow/.local/lib/python3.12/site-packages/airflow/example_dags/example_trigger_target_dag.py
[2025-04-21T10:59:40.544+0000] {processor.py:925} INFO - DAG(s) 'example_trigger_target_dag' retrieved from /home/airflow/.local/lib/python3.12/site-packages/airflow/example_dags/example_trigger_target_dag.py
[2025-04-21T10:59:40.560+0000] {logging_mixin.py:190} INFO - [2025-04-21T10:59:40.559+0000] {dag.py:3239} INFO - Sync 1 DAGs
[2025-04-21T10:59:40.571+0000] {logging_mixin.py:190} INFO - [2025-04-21T10:59:40.570+0000] {dag.py:4180} INFO - Setting next_dagrun for example_trigger_target_dag to None, run_after=None
[2025-04-21T10:59:40.585+0000] {processor.py:208} INFO - Processing /home/airflow/.local/lib/python3.12/site-packages/airflow/example_dags/example_trigger_target_dag.py took 0.054 seconds
[2025-04-21T11:00:10.808+0000] {processor.py:186} INFO - Started process (PID=993) to work on /home/airflow/.local/lib/python3.12/site-packages/airflow/example_dags/example_trigger_target_dag.py
[2025-04-21T11:00:10.809+0000] {processor.py:914} INFO - Processing file /home/airflow/.local/lib/python3.12/site-packages/airflow/example_dags/example_trigger_target_dag.py for tasks to queue
[2025-04-21T11:00:10.811+0000] {logging_mixin.py:190} INFO - [2025-04-21T11:00:10.811+0000] {dagbag.py:588} INFO - Filling up the DagBag from /home/airflow/.local/lib/python3.12/site-packages/airflow/example_dags/example_trigger_target_dag.py
[2025-04-21T11:00:10.818+0000] {processor.py:925} INFO - DAG(s) 'example_trigger_target_dag' retrieved from /home/airflow/.local/lib/python3.12/site-packages/airflow/example_dags/example_trigger_target_dag.py
[2025-04-21T11:00:10.832+0000] {logging_mixin.py:190} INFO - [2025-04-21T11:00:10.832+0000] {dag.py:3239} INFO - Sync 1 DAGs
[2025-04-21T11:00:10.842+0000] {logging_mixin.py:190} INFO - [2025-04-21T11:00:10.842+0000] {dag.py:4180} INFO - Setting next_dagrun for example_trigger_target_dag to None, run_after=None
[2025-04-21T11:00:10.857+0000] {processor.py:208} INFO - Processing /home/airflow/.local/lib/python3.12/site-packages/airflow/example_dags/example_trigger_target_dag.py took 0.053 seconds
[2025-04-21T11:00:41.350+0000] {processor.py:186} INFO - Started process (PID=1056) to work on /home/airflow/.local/lib/python3.12/site-packages/airflow/example_dags/example_trigger_target_dag.py
[2025-04-21T11:00:41.350+0000] {processor.py:914} INFO - Processing file /home/airflow/.local/lib/python3.12/site-packages/airflow/example_dags/example_trigger_target_dag.py for tasks to queue
[2025-04-21T11:00:41.352+0000] {logging_mixin.py:190} INFO - [2025-04-21T11:00:41.352+0000] {dagbag.py:588} INFO - Filling up the DagBag from /home/airflow/.local/lib/python3.12/site-packages/airflow/example_dags/example_trigger_target_dag.py
[2025-04-21T11:00:41.358+0000] {processor.py:925} INFO - DAG(s) 'example_trigger_target_dag' retrieved from /home/airflow/.local/lib/python3.12/site-packages/airflow/example_dags/example_trigger_target_dag.py
[2025-04-21T11:00:41.373+0000] {logging_mixin.py:190} INFO - [2025-04-21T11:00:41.373+0000] {dag.py:3239} INFO - Sync 1 DAGs
[2025-04-21T11:00:41.385+0000] {logging_mixin.py:190} INFO - [2025-04-21T11:00:41.384+0000] {dag.py:4180} INFO - Setting next_dagrun for example_trigger_target_dag to None, run_after=None
[2025-04-21T11:00:41.399+0000] {processor.py:208} INFO - Processing /home/airflow/.local/lib/python3.12/site-packages/airflow/example_dags/example_trigger_target_dag.py took 0.053 seconds
[2025-04-21T11:01:11.966+0000] {processor.py:186} INFO - Started process (PID=1119) to work on /home/airflow/.local/lib/python3.12/site-packages/airflow/example_dags/example_trigger_target_dag.py
[2025-04-21T11:01:11.967+0000] {processor.py:914} INFO - Processing file /home/airflow/.local/lib/python3.12/site-packages/airflow/example_dags/example_trigger_target_dag.py for tasks to queue
[2025-04-21T11:01:11.968+0000] {logging_mixin.py:190} INFO - [2025-04-21T11:01:11.968+0000] {dagbag.py:588} INFO - Filling up the DagBag from /home/airflow/.local/lib/python3.12/site-packages/airflow/example_dags/example_trigger_target_dag.py
[2025-04-21T11:01:11.974+0000] {processor.py:925} INFO - DAG(s) 'example_trigger_target_dag' retrieved from /home/airflow/.local/lib/python3.12/site-packages/airflow/example_dags/example_trigger_target_dag.py
[2025-04-21T11:01:11.988+0000] {logging_mixin.py:190} INFO - [2025-04-21T11:01:11.988+0000] {dag.py:3239} INFO - Sync 1 DAGs
[2025-04-21T11:01:11.999+0000] {logging_mixin.py:190} INFO - [2025-04-21T11:01:11.998+0000] {dag.py:4180} INFO - Setting next_dagrun for example_trigger_target_dag to None, run_after=None
[2025-04-21T11:01:12.012+0000] {processor.py:208} INFO - Processing /home/airflow/.local/lib/python3.12/site-packages/airflow/example_dags/example_trigger_target_dag.py took 0.050 seconds
[2025-04-21T11:01:42.365+0000] {processor.py:186} INFO - Started process (PID=1182) to work on /home/airflow/.local/lib/python3.12/site-packages/airflow/example_dags/example_trigger_target_dag.py
[2025-04-21T11:01:42.366+0000] {processor.py:914} INFO - Processing file /home/airflow/.local/lib/python3.12/site-packages/airflow/example_dags/example_trigger_target_dag.py for tasks to queue
[2025-04-21T11:01:42.368+0000] {logging_mixin.py:190} INFO - [2025-04-21T11:01:42.367+0000] {dagbag.py:588} INFO - Filling up the DagBag from /home/airflow/.local/lib/python3.12/site-packages/airflow/example_dags/example_trigger_target_dag.py
[2025-04-21T11:01:42.374+0000] {processor.py:925} INFO - DAG(s) 'example_trigger_target_dag' retrieved from /home/airflow/.local/lib/python3.12/site-packages/airflow/example_dags/example_trigger_target_dag.py
[2025-04-21T11:01:42.389+0000] {logging_mixin.py:190} INFO - [2025-04-21T11:01:42.389+0000] {dag.py:3239} INFO - Sync 1 DAGs
[2025-04-21T11:01:42.400+0000] {logging_mixin.py:190} INFO - [2025-04-21T11:01:42.400+0000] {dag.py:4180} INFO - Setting next_dagrun for example_trigger_target_dag to None, run_after=None
[2025-04-21T11:01:42.416+0000] {processor.py:208} INFO - Processing /home/airflow/.local/lib/python3.12/site-packages/airflow/example_dags/example_trigger_target_dag.py took 0.056 seconds
[2025-04-21T11:02:12.659+0000] {processor.py:186} INFO - Started process (PID=1245) to work on /home/airflow/.local/lib/python3.12/site-packages/airflow/example_dags/example_trigger_target_dag.py
[2025-04-21T11:02:12.660+0000] {processor.py:914} INFO - Processing file /home/airflow/.local/lib/python3.12/site-packages/airflow/example_dags/example_trigger_target_dag.py for tasks to queue
[2025-04-21T11:02:12.662+0000] {logging_mixin.py:190} INFO - [2025-04-21T11:02:12.662+0000] {dagbag.py:588} INFO - Filling up the DagBag from /home/airflow/.local/lib/python3.12/site-packages/airflow/example_dags/example_trigger_target_dag.py
[2025-04-21T11:02:12.670+0000] {processor.py:925} INFO - DAG(s) 'example_trigger_target_dag' retrieved from /home/airflow/.local/lib/python3.12/site-packages/airflow/example_dags/example_trigger_target_dag.py
[2025-04-21T11:02:12.687+0000] {logging_mixin.py:190} INFO - [2025-04-21T11:02:12.686+0000] {dag.py:3239} INFO - Sync 1 DAGs
[2025-04-21T11:02:12.699+0000] {logging_mixin.py:190} INFO - [2025-04-21T11:02:12.699+0000] {dag.py:4180} INFO - Setting next_dagrun for example_trigger_target_dag to None, run_after=None
[2025-04-21T11:02:12.715+0000] {processor.py:208} INFO - Processing /home/airflow/.local/lib/python3.12/site-packages/airflow/example_dags/example_trigger_target_dag.py took 0.061 seconds
[2025-04-21T11:02:43.080+0000] {processor.py:186} INFO - Started process (PID=1308) to work on /home/airflow/.local/lib/python3.12/site-packages/airflow/example_dags/example_trigger_target_dag.py
[2025-04-21T11:02:43.081+0000] {processor.py:914} INFO - Processing file /home/airflow/.local/lib/python3.12/site-packages/airflow/example_dags/example_trigger_target_dag.py for tasks to queue
[2025-04-21T11:02:43.082+0000] {logging_mixin.py:190} INFO - [2025-04-21T11:02:43.082+0000] {dagbag.py:588} INFO - Filling up the DagBag from /home/airflow/.local/lib/python3.12/site-packages/airflow/example_dags/example_trigger_target_dag.py
[2025-04-21T11:02:43.089+0000] {processor.py:925} INFO - DAG(s) 'example_trigger_target_dag' retrieved from /home/airflow/.local/lib/python3.12/site-packages/airflow/example_dags/example_trigger_target_dag.py
[2025-04-21T11:02:43.106+0000] {logging_mixin.py:190} INFO - [2025-04-21T11:02:43.105+0000] {dag.py:3239} INFO - Sync 1 DAGs
[2025-04-21T11:02:43.118+0000] {logging_mixin.py:190} INFO - [2025-04-21T11:02:43.117+0000] {dag.py:4180} INFO - Setting next_dagrun for example_trigger_target_dag to None, run_after=None
[2025-04-21T11:02:43.133+0000] {processor.py:208} INFO - Processing /home/airflow/.local/lib/python3.12/site-packages/airflow/example_dags/example_trigger_target_dag.py took 0.057 seconds
[2025-04-21T11:03:13.468+0000] {processor.py:186} INFO - Started process (PID=1371) to work on /home/airflow/.local/lib/python3.12/site-packages/airflow/example_dags/example_trigger_target_dag.py
[2025-04-21T11:03:13.469+0000] {processor.py:914} INFO - Processing file /home/airflow/.local/lib/python3.12/site-packages/airflow/example_dags/example_trigger_target_dag.py for tasks to queue
[2025-04-21T11:03:13.472+0000] {logging_mixin.py:190} INFO - [2025-04-21T11:03:13.471+0000] {dagbag.py:588} INFO - Filling up the DagBag from /home/airflow/.local/lib/python3.12/site-packages/airflow/example_dags/example_trigger_target_dag.py
[2025-04-21T11:03:13.479+0000] {processor.py:925} INFO - DAG(s) 'example_trigger_target_dag' retrieved from /home/airflow/.local/lib/python3.12/site-packages/airflow/example_dags/example_trigger_target_dag.py
[2025-04-21T11:03:13.499+0000] {logging_mixin.py:190} INFO - [2025-04-21T11:03:13.499+0000] {dag.py:3239} INFO - Sync 1 DAGs
[2025-04-21T11:03:13.511+0000] {logging_mixin.py:190} INFO - [2025-04-21T11:03:13.511+0000] {dag.py:4180} INFO - Setting next_dagrun for example_trigger_target_dag to None, run_after=None
[2025-04-21T11:03:13.527+0000] {processor.py:208} INFO - Processing /home/airflow/.local/lib/python3.12/site-packages/airflow/example_dags/example_trigger_target_dag.py took 0.064 seconds
[2025-04-21T11:03:44.482+0000] {processor.py:186} INFO - Started process (PID=1434) to work on /home/airflow/.local/lib/python3.12/site-packages/airflow/example_dags/example_trigger_target_dag.py
[2025-04-21T11:03:44.483+0000] {processor.py:914} INFO - Processing file /home/airflow/.local/lib/python3.12/site-packages/airflow/example_dags/example_trigger_target_dag.py for tasks to queue
[2025-04-21T11:03:44.485+0000] {logging_mixin.py:190} INFO - [2025-04-21T11:03:44.484+0000] {dagbag.py:588} INFO - Filling up the DagBag from /home/airflow/.local/lib/python3.12/site-packages/airflow/example_dags/example_trigger_target_dag.py
[2025-04-21T11:03:44.491+0000] {processor.py:925} INFO - DAG(s) 'example_trigger_target_dag' retrieved from /home/airflow/.local/lib/python3.12/site-packages/airflow/example_dags/example_trigger_target_dag.py
[2025-04-21T11:03:44.507+0000] {logging_mixin.py:190} INFO - [2025-04-21T11:03:44.507+0000] {dag.py:3239} INFO - Sync 1 DAGs
[2025-04-21T11:03:44.518+0000] {logging_mixin.py:190} INFO - [2025-04-21T11:03:44.518+0000] {dag.py:4180} INFO - Setting next_dagrun for example_trigger_target_dag to None, run_after=None
[2025-04-21T11:03:44.534+0000] {processor.py:208} INFO - Processing /home/airflow/.local/lib/python3.12/site-packages/airflow/example_dags/example_trigger_target_dag.py took 0.056 seconds
[2025-04-21T11:04:15.095+0000] {processor.py:186} INFO - Started process (PID=1497) to work on /home/airflow/.local/lib/python3.12/site-packages/airflow/example_dags/example_trigger_target_dag.py
[2025-04-21T11:04:15.096+0000] {processor.py:914} INFO - Processing file /home/airflow/.local/lib/python3.12/site-packages/airflow/example_dags/example_trigger_target_dag.py for tasks to queue
[2025-04-21T11:04:15.098+0000] {logging_mixin.py:190} INFO - [2025-04-21T11:04:15.098+0000] {dagbag.py:588} INFO - Filling up the DagBag from /home/airflow/.local/lib/python3.12/site-packages/airflow/example_dags/example_trigger_target_dag.py
[2025-04-21T11:04:15.104+0000] {processor.py:925} INFO - DAG(s) 'example_trigger_target_dag' retrieved from /home/airflow/.local/lib/python3.12/site-packages/airflow/example_dags/example_trigger_target_dag.py
[2025-04-21T11:04:15.121+0000] {logging_mixin.py:190} INFO - [2025-04-21T11:04:15.120+0000] {dag.py:3239} INFO - Sync 1 DAGs
[2025-04-21T11:04:15.133+0000] {logging_mixin.py:190} INFO - [2025-04-21T11:04:15.133+0000] {dag.py:4180} INFO - Setting next_dagrun for example_trigger_target_dag to None, run_after=None
[2025-04-21T11:04:15.146+0000] {processor.py:208} INFO - Processing /home/airflow/.local/lib/python3.12/site-packages/airflow/example_dags/example_trigger_target_dag.py took 0.055 seconds
[2025-04-21T11:04:45.861+0000] {processor.py:186} INFO - Started process (PID=1560) to work on /home/airflow/.local/lib/python3.12/site-packages/airflow/example_dags/example_trigger_target_dag.py
[2025-04-21T11:04:45.862+0000] {processor.py:914} INFO - Processing file /home/airflow/.local/lib/python3.12/site-packages/airflow/example_dags/example_trigger_target_dag.py for tasks to queue
[2025-04-21T11:04:45.864+0000] {logging_mixin.py:190} INFO - [2025-04-21T11:04:45.864+0000] {dagbag.py:588} INFO - Filling up the DagBag from /home/airflow/.local/lib/python3.12/site-packages/airflow/example_dags/example_trigger_target_dag.py
[2025-04-21T11:04:45.870+0000] {processor.py:925} INFO - DAG(s) 'example_trigger_target_dag' retrieved from /home/airflow/.local/lib/python3.12/site-packages/airflow/example_dags/example_trigger_target_dag.py
[2025-04-21T11:04:45.886+0000] {logging_mixin.py:190} INFO - [2025-04-21T11:04:45.886+0000] {dag.py:3239} INFO - Sync 1 DAGs
[2025-04-21T11:04:45.898+0000] {logging_mixin.py:190} INFO - [2025-04-21T11:04:45.897+0000] {dag.py:4180} INFO - Setting next_dagrun for example_trigger_target_dag to None, run_after=None
[2025-04-21T11:04:45.915+0000] {processor.py:208} INFO - Processing /home/airflow/.local/lib/python3.12/site-packages/airflow/example_dags/example_trigger_target_dag.py took 0.058 seconds
[2025-04-21T11:05:16.392+0000] {processor.py:186} INFO - Started process (PID=1623) to work on /home/airflow/.local/lib/python3.12/site-packages/airflow/example_dags/example_trigger_target_dag.py
[2025-04-21T11:05:16.393+0000] {processor.py:914} INFO - Processing file /home/airflow/.local/lib/python3.12/site-packages/airflow/example_dags/example_trigger_target_dag.py for tasks to queue
[2025-04-21T11:05:16.394+0000] {logging_mixin.py:190} INFO - [2025-04-21T11:05:16.394+0000] {dagbag.py:588} INFO - Filling up the DagBag from /home/airflow/.local/lib/python3.12/site-packages/airflow/example_dags/example_trigger_target_dag.py
[2025-04-21T11:05:16.400+0000] {processor.py:925} INFO - DAG(s) 'example_trigger_target_dag' retrieved from /home/airflow/.local/lib/python3.12/site-packages/airflow/example_dags/example_trigger_target_dag.py
[2025-04-21T11:05:16.415+0000] {logging_mixin.py:190} INFO - [2025-04-21T11:05:16.415+0000] {dag.py:3239} INFO - Sync 1 DAGs
[2025-04-21T11:05:16.427+0000] {logging_mixin.py:190} INFO - [2025-04-21T11:05:16.427+0000] {dag.py:4180} INFO - Setting next_dagrun for example_trigger_target_dag to None, run_after=None
[2025-04-21T11:05:16.443+0000] {processor.py:208} INFO - Processing /home/airflow/.local/lib/python3.12/site-packages/airflow/example_dags/example_trigger_target_dag.py took 0.055 seconds
[2025-04-21T11:05:47.054+0000] {processor.py:186} INFO - Started process (PID=1686) to work on /home/airflow/.local/lib/python3.12/site-packages/airflow/example_dags/example_trigger_target_dag.py
[2025-04-21T11:05:47.055+0000] {processor.py:914} INFO - Processing file /home/airflow/.local/lib/python3.12/site-packages/airflow/example_dags/example_trigger_target_dag.py for tasks to queue
[2025-04-21T11:05:47.057+0000] {logging_mixin.py:190} INFO - [2025-04-21T11:05:47.057+0000] {dagbag.py:588} INFO - Filling up the DagBag from /home/airflow/.local/lib/python3.12/site-packages/airflow/example_dags/example_trigger_target_dag.py
[2025-04-21T11:05:47.062+0000] {processor.py:925} INFO - DAG(s) 'example_trigger_target_dag' retrieved from /home/airflow/.local/lib/python3.12/site-packages/airflow/example_dags/example_trigger_target_dag.py
[2025-04-21T11:05:47.077+0000] {logging_mixin.py:190} INFO - [2025-04-21T11:05:47.077+0000] {dag.py:3239} INFO - Sync 1 DAGs
[2025-04-21T11:05:47.089+0000] {logging_mixin.py:190} INFO - [2025-04-21T11:05:47.089+0000] {dag.py:4180} INFO - Setting next_dagrun for example_trigger_target_dag to None, run_after=None
[2025-04-21T11:05:47.104+0000] {processor.py:208} INFO - Processing /home/airflow/.local/lib/python3.12/site-packages/airflow/example_dags/example_trigger_target_dag.py took 0.053 seconds
[2025-04-21T11:06:17.555+0000] {processor.py:186} INFO - Started process (PID=1749) to work on /home/airflow/.local/lib/python3.12/site-packages/airflow/example_dags/example_trigger_target_dag.py
[2025-04-21T11:06:17.556+0000] {processor.py:914} INFO - Processing file /home/airflow/.local/lib/python3.12/site-packages/airflow/example_dags/example_trigger_target_dag.py for tasks to queue
[2025-04-21T11:06:17.557+0000] {logging_mixin.py:190} INFO - [2025-04-21T11:06:17.557+0000] {dagbag.py:588} INFO - Filling up the DagBag from /home/airflow/.local/lib/python3.12/site-packages/airflow/example_dags/example_trigger_target_dag.py
[2025-04-21T11:06:17.563+0000] {processor.py:925} INFO - DAG(s) 'example_trigger_target_dag' retrieved from /home/airflow/.local/lib/python3.12/site-packages/airflow/example_dags/example_trigger_target_dag.py
[2025-04-21T11:06:17.577+0000] {logging_mixin.py:190} INFO - [2025-04-21T11:06:17.576+0000] {dag.py:3239} INFO - Sync 1 DAGs
[2025-04-21T11:06:17.587+0000] {logging_mixin.py:190} INFO - [2025-04-21T11:06:17.586+0000] {dag.py:4180} INFO - Setting next_dagrun for example_trigger_target_dag to None, run_after=None
[2025-04-21T11:06:17.600+0000] {processor.py:208} INFO - Processing /home/airflow/.local/lib/python3.12/site-packages/airflow/example_dags/example_trigger_target_dag.py took 0.051 seconds
[2025-04-21T11:06:48.061+0000] {processor.py:186} INFO - Started process (PID=1812) to work on /home/airflow/.local/lib/python3.12/site-packages/airflow/example_dags/example_trigger_target_dag.py
[2025-04-21T11:06:48.062+0000] {processor.py:914} INFO - Processing file /home/airflow/.local/lib/python3.12/site-packages/airflow/example_dags/example_trigger_target_dag.py for tasks to queue
[2025-04-21T11:06:48.063+0000] {logging_mixin.py:190} INFO - [2025-04-21T11:06:48.063+0000] {dagbag.py:588} INFO - Filling up the DagBag from /home/airflow/.local/lib/python3.12/site-packages/airflow/example_dags/example_trigger_target_dag.py
[2025-04-21T11:06:48.069+0000] {processor.py:925} INFO - DAG(s) 'example_trigger_target_dag' retrieved from /home/airflow/.local/lib/python3.12/site-packages/airflow/example_dags/example_trigger_target_dag.py
[2025-04-21T11:06:48.083+0000] {logging_mixin.py:190} INFO - [2025-04-21T11:06:48.082+0000] {dag.py:3239} INFO - Sync 1 DAGs
[2025-04-21T11:06:48.094+0000] {logging_mixin.py:190} INFO - [2025-04-21T11:06:48.093+0000] {dag.py:4180} INFO - Setting next_dagrun for example_trigger_target_dag to None, run_after=None
[2025-04-21T11:06:48.108+0000] {processor.py:208} INFO - Processing /home/airflow/.local/lib/python3.12/site-packages/airflow/example_dags/example_trigger_target_dag.py took 0.051 seconds
[2025-04-21T11:07:18.305+0000] {processor.py:186} INFO - Started process (PID=1875) to work on /home/airflow/.local/lib/python3.12/site-packages/airflow/example_dags/example_trigger_target_dag.py
[2025-04-21T11:07:18.306+0000] {processor.py:914} INFO - Processing file /home/airflow/.local/lib/python3.12/site-packages/airflow/example_dags/example_trigger_target_dag.py for tasks to queue
[2025-04-21T11:07:18.309+0000] {logging_mixin.py:190} INFO - [2025-04-21T11:07:18.308+0000] {dagbag.py:588} INFO - Filling up the DagBag from /home/airflow/.local/lib/python3.12/site-packages/airflow/example_dags/example_trigger_target_dag.py
[2025-04-21T11:07:18.314+0000] {processor.py:925} INFO - DAG(s) 'example_trigger_target_dag' retrieved from /home/airflow/.local/lib/python3.12/site-packages/airflow/example_dags/example_trigger_target_dag.py
[2025-04-21T11:07:18.328+0000] {logging_mixin.py:190} INFO - [2025-04-21T11:07:18.327+0000] {dag.py:3239} INFO - Sync 1 DAGs
[2025-04-21T11:07:18.338+0000] {logging_mixin.py:190} INFO - [2025-04-21T11:07:18.338+0000] {dag.py:4180} INFO - Setting next_dagrun for example_trigger_target_dag to None, run_after=None
[2025-04-21T11:07:18.352+0000] {processor.py:208} INFO - Processing /home/airflow/.local/lib/python3.12/site-packages/airflow/example_dags/example_trigger_target_dag.py took 0.050 seconds
[2025-04-21T11:07:48.401+0000] {processor.py:186} INFO - Started process (PID=1938) to work on /home/airflow/.local/lib/python3.12/site-packages/airflow/example_dags/example_trigger_target_dag.py
[2025-04-21T11:07:48.402+0000] {processor.py:914} INFO - Processing file /home/airflow/.local/lib/python3.12/site-packages/airflow/example_dags/example_trigger_target_dag.py for tasks to queue
[2025-04-21T11:07:48.404+0000] {logging_mixin.py:190} INFO - [2025-04-21T11:07:48.403+0000] {dagbag.py:588} INFO - Filling up the DagBag from /home/airflow/.local/lib/python3.12/site-packages/airflow/example_dags/example_trigger_target_dag.py
[2025-04-21T11:07:48.410+0000] {processor.py:925} INFO - DAG(s) 'example_trigger_target_dag' retrieved from /home/airflow/.local/lib/python3.12/site-packages/airflow/example_dags/example_trigger_target_dag.py
[2025-04-21T11:07:48.425+0000] {logging_mixin.py:190} INFO - [2025-04-21T11:07:48.425+0000] {dag.py:3239} INFO - Sync 1 DAGs
[2025-04-21T11:07:48.437+0000] {logging_mixin.py:190} INFO - [2025-04-21T11:07:48.437+0000] {dag.py:4180} INFO - Setting next_dagrun for example_trigger_target_dag to None, run_after=None
[2025-04-21T11:07:48.453+0000] {processor.py:208} INFO - Processing /home/airflow/.local/lib/python3.12/site-packages/airflow/example_dags/example_trigger_target_dag.py took 0.056 seconds
[2025-04-21T11:08:19.241+0000] {processor.py:186} INFO - Started process (PID=2001) to work on /home/airflow/.local/lib/python3.12/site-packages/airflow/example_dags/example_trigger_target_dag.py
[2025-04-21T11:08:19.242+0000] {processor.py:914} INFO - Processing file /home/airflow/.local/lib/python3.12/site-packages/airflow/example_dags/example_trigger_target_dag.py for tasks to queue
[2025-04-21T11:08:19.244+0000] {logging_mixin.py:190} INFO - [2025-04-21T11:08:19.244+0000] {dagbag.py:588} INFO - Filling up the DagBag from /home/airflow/.local/lib/python3.12/site-packages/airflow/example_dags/example_trigger_target_dag.py
[2025-04-21T11:08:19.251+0000] {processor.py:925} INFO - DAG(s) 'example_trigger_target_dag' retrieved from /home/airflow/.local/lib/python3.12/site-packages/airflow/example_dags/example_trigger_target_dag.py
[2025-04-21T11:08:19.268+0000] {logging_mixin.py:190} INFO - [2025-04-21T11:08:19.267+0000] {dag.py:3239} INFO - Sync 1 DAGs
[2025-04-21T11:08:19.280+0000] {logging_mixin.py:190} INFO - [2025-04-21T11:08:19.279+0000] {dag.py:4180} INFO - Setting next_dagrun for example_trigger_target_dag to None, run_after=None
[2025-04-21T11:08:19.294+0000] {processor.py:208} INFO - Processing /home/airflow/.local/lib/python3.12/site-packages/airflow/example_dags/example_trigger_target_dag.py took 0.057 seconds
[2025-04-21T11:08:49.817+0000] {processor.py:186} INFO - Started process (PID=2064) to work on /home/airflow/.local/lib/python3.12/site-packages/airflow/example_dags/example_trigger_target_dag.py
[2025-04-21T11:08:49.818+0000] {processor.py:914} INFO - Processing file /home/airflow/.local/lib/python3.12/site-packages/airflow/example_dags/example_trigger_target_dag.py for tasks to queue
[2025-04-21T11:08:49.820+0000] {logging_mixin.py:190} INFO - [2025-04-21T11:08:49.820+0000] {dagbag.py:588} INFO - Filling up the DagBag from /home/airflow/.local/lib/python3.12/site-packages/airflow/example_dags/example_trigger_target_dag.py
[2025-04-21T11:08:49.827+0000] {processor.py:925} INFO - DAG(s) 'example_trigger_target_dag' retrieved from /home/airflow/.local/lib/python3.12/site-packages/airflow/example_dags/example_trigger_target_dag.py
[2025-04-21T11:08:49.844+0000] {logging_mixin.py:190} INFO - [2025-04-21T11:08:49.844+0000] {dag.py:3239} INFO - Sync 1 DAGs
[2025-04-21T11:08:49.855+0000] {logging_mixin.py:190} INFO - [2025-04-21T11:08:49.855+0000] {dag.py:4180} INFO - Setting next_dagrun for example_trigger_target_dag to None, run_after=None
[2025-04-21T11:08:49.869+0000] {processor.py:208} INFO - Processing /home/airflow/.local/lib/python3.12/site-packages/airflow/example_dags/example_trigger_target_dag.py took 0.058 seconds
[2025-04-21T11:09:20.720+0000] {processor.py:186} INFO - Started process (PID=2127) to work on /home/airflow/.local/lib/python3.12/site-packages/airflow/example_dags/example_trigger_target_dag.py
[2025-04-21T11:09:20.720+0000] {processor.py:914} INFO - Processing file /home/airflow/.local/lib/python3.12/site-packages/airflow/example_dags/example_trigger_target_dag.py for tasks to queue
[2025-04-21T11:09:20.722+0000] {logging_mixin.py:190} INFO - [2025-04-21T11:09:20.722+0000] {dagbag.py:588} INFO - Filling up the DagBag from /home/airflow/.local/lib/python3.12/site-packages/airflow/example_dags/example_trigger_target_dag.py
[2025-04-21T11:09:20.728+0000] {processor.py:925} INFO - DAG(s) 'example_trigger_target_dag' retrieved from /home/airflow/.local/lib/python3.12/site-packages/airflow/example_dags/example_trigger_target_dag.py
[2025-04-21T11:09:20.743+0000] {logging_mixin.py:190} INFO - [2025-04-21T11:09:20.743+0000] {dag.py:3239} INFO - Sync 1 DAGs
[2025-04-21T11:09:20.755+0000] {logging_mixin.py:190} INFO - [2025-04-21T11:09:20.755+0000] {dag.py:4180} INFO - Setting next_dagrun for example_trigger_target_dag to None, run_after=None
[2025-04-21T11:09:20.770+0000] {processor.py:208} INFO - Processing /home/airflow/.local/lib/python3.12/site-packages/airflow/example_dags/example_trigger_target_dag.py took 0.054 seconds
[2025-04-21T11:09:51.599+0000] {processor.py:186} INFO - Started process (PID=2190) to work on /home/airflow/.local/lib/python3.12/site-packages/airflow/example_dags/example_trigger_target_dag.py
[2025-04-21T11:09:51.599+0000] {processor.py:914} INFO - Processing file /home/airflow/.local/lib/python3.12/site-packages/airflow/example_dags/example_trigger_target_dag.py for tasks to queue
[2025-04-21T11:09:51.601+0000] {logging_mixin.py:190} INFO - [2025-04-21T11:09:51.601+0000] {dagbag.py:588} INFO - Filling up the DagBag from /home/airflow/.local/lib/python3.12/site-packages/airflow/example_dags/example_trigger_target_dag.py
[2025-04-21T11:09:51.607+0000] {processor.py:925} INFO - DAG(s) 'example_trigger_target_dag' retrieved from /home/airflow/.local/lib/python3.12/site-packages/airflow/example_dags/example_trigger_target_dag.py
[2025-04-21T11:09:51.620+0000] {logging_mixin.py:190} INFO - [2025-04-21T11:09:51.620+0000] {dag.py:3239} INFO - Sync 1 DAGs
[2025-04-21T11:09:51.630+0000] {logging_mixin.py:190} INFO - [2025-04-21T11:09:51.630+0000] {dag.py:4180} INFO - Setting next_dagrun for example_trigger_target_dag to None, run_after=None
[2025-04-21T11:09:51.645+0000] {processor.py:208} INFO - Processing /home/airflow/.local/lib/python3.12/site-packages/airflow/example_dags/example_trigger_target_dag.py took 0.050 seconds
[2025-04-21T11:10:21.965+0000] {processor.py:186} INFO - Started process (PID=2253) to work on /home/airflow/.local/lib/python3.12/site-packages/airflow/example_dags/example_trigger_target_dag.py
[2025-04-21T11:10:21.965+0000] {processor.py:914} INFO - Processing file /home/airflow/.local/lib/python3.12/site-packages/airflow/example_dags/example_trigger_target_dag.py for tasks to queue
[2025-04-21T11:10:21.967+0000] {logging_mixin.py:190} INFO - [2025-04-21T11:10:21.967+0000] {dagbag.py:588} INFO - Filling up the DagBag from /home/airflow/.local/lib/python3.12/site-packages/airflow/example_dags/example_trigger_target_dag.py
[2025-04-21T11:10:21.973+0000] {processor.py:925} INFO - DAG(s) 'example_trigger_target_dag' retrieved from /home/airflow/.local/lib/python3.12/site-packages/airflow/example_dags/example_trigger_target_dag.py
[2025-04-21T11:10:21.990+0000] {logging_mixin.py:190} INFO - [2025-04-21T11:10:21.989+0000] {dag.py:3239} INFO - Sync 1 DAGs
[2025-04-21T11:10:22.001+0000] {logging_mixin.py:190} INFO - [2025-04-21T11:10:22.001+0000] {dag.py:4180} INFO - Setting next_dagrun for example_trigger_target_dag to None, run_after=None
[2025-04-21T11:10:22.014+0000] {processor.py:208} INFO - Processing /home/airflow/.local/lib/python3.12/site-packages/airflow/example_dags/example_trigger_target_dag.py took 0.053 seconds
[2025-04-21T11:10:52.673+0000] {processor.py:186} INFO - Started process (PID=2316) to work on /home/airflow/.local/lib/python3.12/site-packages/airflow/example_dags/example_trigger_target_dag.py
[2025-04-21T11:10:52.674+0000] {processor.py:914} INFO - Processing file /home/airflow/.local/lib/python3.12/site-packages/airflow/example_dags/example_trigger_target_dag.py for tasks to queue
[2025-04-21T11:10:52.676+0000] {logging_mixin.py:190} INFO - [2025-04-21T11:10:52.676+0000] {dagbag.py:588} INFO - Filling up the DagBag from /home/airflow/.local/lib/python3.12/site-packages/airflow/example_dags/example_trigger_target_dag.py
[2025-04-21T11:10:52.681+0000] {processor.py:925} INFO - DAG(s) 'example_trigger_target_dag' retrieved from /home/airflow/.local/lib/python3.12/site-packages/airflow/example_dags/example_trigger_target_dag.py
[2025-04-21T11:10:52.697+0000] {logging_mixin.py:190} INFO - [2025-04-21T11:10:52.697+0000] {dag.py:3239} INFO - Sync 1 DAGs
[2025-04-21T11:10:52.706+0000] {logging_mixin.py:190} INFO - [2025-04-21T11:10:52.706+0000] {dag.py:4180} INFO - Setting next_dagrun for example_trigger_target_dag to None, run_after=None
[2025-04-21T11:10:52.720+0000] {processor.py:208} INFO - Processing /home/airflow/.local/lib/python3.12/site-packages/airflow/example_dags/example_trigger_target_dag.py took 0.050 seconds
[2025-04-21T11:11:23.336+0000] {processor.py:186} INFO - Started process (PID=2379) to work on /home/airflow/.local/lib/python3.12/site-packages/airflow/example_dags/example_trigger_target_dag.py
[2025-04-21T11:11:23.336+0000] {processor.py:914} INFO - Processing file /home/airflow/.local/lib/python3.12/site-packages/airflow/example_dags/example_trigger_target_dag.py for tasks to queue
[2025-04-21T11:11:23.338+0000] {logging_mixin.py:190} INFO - [2025-04-21T11:11:23.338+0000] {dagbag.py:588} INFO - Filling up the DagBag from /home/airflow/.local/lib/python3.12/site-packages/airflow/example_dags/example_trigger_target_dag.py
[2025-04-21T11:11:23.344+0000] {processor.py:925} INFO - DAG(s) 'example_trigger_target_dag' retrieved from /home/airflow/.local/lib/python3.12/site-packages/airflow/example_dags/example_trigger_target_dag.py
[2025-04-21T11:11:23.359+0000] {logging_mixin.py:190} INFO - [2025-04-21T11:11:23.358+0000] {dag.py:3239} INFO - Sync 1 DAGs
[2025-04-21T11:11:23.369+0000] {logging_mixin.py:190} INFO - [2025-04-21T11:11:23.369+0000] {dag.py:4180} INFO - Setting next_dagrun for example_trigger_target_dag to None, run_after=None
[2025-04-21T11:11:23.383+0000] {processor.py:208} INFO - Processing /home/airflow/.local/lib/python3.12/site-packages/airflow/example_dags/example_trigger_target_dag.py took 0.051 seconds
[2025-04-21T11:11:53.976+0000] {processor.py:186} INFO - Started process (PID=2442) to work on /home/airflow/.local/lib/python3.12/site-packages/airflow/example_dags/example_trigger_target_dag.py
[2025-04-21T11:11:53.977+0000] {processor.py:914} INFO - Processing file /home/airflow/.local/lib/python3.12/site-packages/airflow/example_dags/example_trigger_target_dag.py for tasks to queue
[2025-04-21T11:11:53.978+0000] {logging_mixin.py:190} INFO - [2025-04-21T11:11:53.978+0000] {dagbag.py:588} INFO - Filling up the DagBag from /home/airflow/.local/lib/python3.12/site-packages/airflow/example_dags/example_trigger_target_dag.py
[2025-04-21T11:11:53.984+0000] {processor.py:925} INFO - DAG(s) 'example_trigger_target_dag' retrieved from /home/airflow/.local/lib/python3.12/site-packages/airflow/example_dags/example_trigger_target_dag.py
[2025-04-21T11:11:54.001+0000] {logging_mixin.py:190} INFO - [2025-04-21T11:11:54.000+0000] {dag.py:3239} INFO - Sync 1 DAGs
[2025-04-21T11:11:54.012+0000] {logging_mixin.py:190} INFO - [2025-04-21T11:11:54.011+0000] {dag.py:4180} INFO - Setting next_dagrun for example_trigger_target_dag to None, run_after=None
[2025-04-21T11:11:54.024+0000] {processor.py:208} INFO - Processing /home/airflow/.local/lib/python3.12/site-packages/airflow/example_dags/example_trigger_target_dag.py took 0.052 seconds
[2025-04-21T11:12:24.852+0000] {processor.py:186} INFO - Started process (PID=2505) to work on /home/airflow/.local/lib/python3.12/site-packages/airflow/example_dags/example_trigger_target_dag.py
[2025-04-21T11:12:24.853+0000] {processor.py:914} INFO - Processing file /home/airflow/.local/lib/python3.12/site-packages/airflow/example_dags/example_trigger_target_dag.py for tasks to queue
[2025-04-21T11:12:24.855+0000] {logging_mixin.py:190} INFO - [2025-04-21T11:12:24.854+0000] {dagbag.py:588} INFO - Filling up the DagBag from /home/airflow/.local/lib/python3.12/site-packages/airflow/example_dags/example_trigger_target_dag.py
[2025-04-21T11:12:24.861+0000] {processor.py:925} INFO - DAG(s) 'example_trigger_target_dag' retrieved from /home/airflow/.local/lib/python3.12/site-packages/airflow/example_dags/example_trigger_target_dag.py
[2025-04-21T11:12:24.883+0000] {logging_mixin.py:190} INFO - [2025-04-21T11:12:24.883+0000] {dag.py:3239} INFO - Sync 1 DAGs
[2025-04-21T11:12:24.896+0000] {logging_mixin.py:190} INFO - [2025-04-21T11:12:24.896+0000] {dag.py:4180} INFO - Setting next_dagrun for example_trigger_target_dag to None, run_after=None
[2025-04-21T11:12:24.911+0000] {processor.py:208} INFO - Processing /home/airflow/.local/lib/python3.12/site-packages/airflow/example_dags/example_trigger_target_dag.py took 0.063 seconds
[2025-04-21T11:12:55.030+0000] {processor.py:186} INFO - Started process (PID=2568) to work on /home/airflow/.local/lib/python3.12/site-packages/airflow/example_dags/example_trigger_target_dag.py
[2025-04-21T11:12:55.031+0000] {processor.py:914} INFO - Processing file /home/airflow/.local/lib/python3.12/site-packages/airflow/example_dags/example_trigger_target_dag.py for tasks to queue
[2025-04-21T11:12:55.033+0000] {logging_mixin.py:190} INFO - [2025-04-21T11:12:55.033+0000] {dagbag.py:588} INFO - Filling up the DagBag from /home/airflow/.local/lib/python3.12/site-packages/airflow/example_dags/example_trigger_target_dag.py
[2025-04-21T11:12:55.039+0000] {processor.py:925} INFO - DAG(s) 'example_trigger_target_dag' retrieved from /home/airflow/.local/lib/python3.12/site-packages/airflow/example_dags/example_trigger_target_dag.py
[2025-04-21T11:12:55.054+0000] {logging_mixin.py:190} INFO - [2025-04-21T11:12:55.054+0000] {dag.py:3239} INFO - Sync 1 DAGs
[2025-04-21T11:12:55.067+0000] {logging_mixin.py:190} INFO - [2025-04-21T11:12:55.067+0000] {dag.py:4180} INFO - Setting next_dagrun for example_trigger_target_dag to None, run_after=None
[2025-04-21T11:12:55.082+0000] {processor.py:208} INFO - Processing /home/airflow/.local/lib/python3.12/site-packages/airflow/example_dags/example_trigger_target_dag.py took 0.056 seconds
[2025-04-21T11:13:25.329+0000] {processor.py:186} INFO - Started process (PID=2631) to work on /home/airflow/.local/lib/python3.12/site-packages/airflow/example_dags/example_trigger_target_dag.py
[2025-04-21T11:13:25.332+0000] {processor.py:914} INFO - Processing file /home/airflow/.local/lib/python3.12/site-packages/airflow/example_dags/example_trigger_target_dag.py for tasks to queue
[2025-04-21T11:13:25.334+0000] {logging_mixin.py:190} INFO - [2025-04-21T11:13:25.334+0000] {dagbag.py:588} INFO - Filling up the DagBag from /home/airflow/.local/lib/python3.12/site-packages/airflow/example_dags/example_trigger_target_dag.py
[2025-04-21T11:13:25.343+0000] {processor.py:925} INFO - DAG(s) 'example_trigger_target_dag' retrieved from /home/airflow/.local/lib/python3.12/site-packages/airflow/example_dags/example_trigger_target_dag.py
[2025-04-21T11:13:25.359+0000] {logging_mixin.py:190} INFO - [2025-04-21T11:13:25.359+0000] {dag.py:3239} INFO - Sync 1 DAGs
[2025-04-21T11:13:25.371+0000] {logging_mixin.py:190} INFO - [2025-04-21T11:13:25.371+0000] {dag.py:4180} INFO - Setting next_dagrun for example_trigger_target_dag to None, run_after=None
[2025-04-21T11:13:25.386+0000] {processor.py:208} INFO - Processing /home/airflow/.local/lib/python3.12/site-packages/airflow/example_dags/example_trigger_target_dag.py took 0.062 seconds
[2025-04-21T11:13:55.547+0000] {processor.py:186} INFO - Started process (PID=2694) to work on /home/airflow/.local/lib/python3.12/site-packages/airflow/example_dags/example_trigger_target_dag.py
[2025-04-21T11:13:55.547+0000] {processor.py:914} INFO - Processing file /home/airflow/.local/lib/python3.12/site-packages/airflow/example_dags/example_trigger_target_dag.py for tasks to queue
[2025-04-21T11:13:55.549+0000] {logging_mixin.py:190} INFO - [2025-04-21T11:13:55.549+0000] {dagbag.py:588} INFO - Filling up the DagBag from /home/airflow/.local/lib/python3.12/site-packages/airflow/example_dags/example_trigger_target_dag.py
[2025-04-21T11:13:55.556+0000] {processor.py:925} INFO - DAG(s) 'example_trigger_target_dag' retrieved from /home/airflow/.local/lib/python3.12/site-packages/airflow/example_dags/example_trigger_target_dag.py
[2025-04-21T11:13:55.571+0000] {logging_mixin.py:190} INFO - [2025-04-21T11:13:55.571+0000] {dag.py:3239} INFO - Sync 1 DAGs
[2025-04-21T11:13:55.583+0000] {logging_mixin.py:190} INFO - [2025-04-21T11:13:55.583+0000] {dag.py:4180} INFO - Setting next_dagrun for example_trigger_target_dag to None, run_after=None
[2025-04-21T11:13:55.598+0000] {processor.py:208} INFO - Processing /home/airflow/.local/lib/python3.12/site-packages/airflow/example_dags/example_trigger_target_dag.py took 0.056 seconds
[2025-04-21T11:14:25.669+0000] {processor.py:186} INFO - Started process (PID=2756) to work on /home/airflow/.local/lib/python3.12/site-packages/airflow/example_dags/example_trigger_target_dag.py
[2025-04-21T11:14:25.670+0000] {processor.py:914} INFO - Processing file /home/airflow/.local/lib/python3.12/site-packages/airflow/example_dags/example_trigger_target_dag.py for tasks to queue
[2025-04-21T11:14:25.672+0000] {logging_mixin.py:190} INFO - [2025-04-21T11:14:25.672+0000] {dagbag.py:588} INFO - Filling up the DagBag from /home/airflow/.local/lib/python3.12/site-packages/airflow/example_dags/example_trigger_target_dag.py
[2025-04-21T11:14:25.678+0000] {processor.py:925} INFO - DAG(s) 'example_trigger_target_dag' retrieved from /home/airflow/.local/lib/python3.12/site-packages/airflow/example_dags/example_trigger_target_dag.py
[2025-04-21T11:14:25.695+0000] {logging_mixin.py:190} INFO - [2025-04-21T11:14:25.694+0000] {dag.py:3239} INFO - Sync 1 DAGs
[2025-04-21T11:14:25.707+0000] {logging_mixin.py:190} INFO - [2025-04-21T11:14:25.707+0000] {dag.py:4180} INFO - Setting next_dagrun for example_trigger_target_dag to None, run_after=None
[2025-04-21T11:14:25.723+0000] {processor.py:208} INFO - Processing /home/airflow/.local/lib/python3.12/site-packages/airflow/example_dags/example_trigger_target_dag.py took 0.058 seconds
[2025-04-21T11:14:55.958+0000] {processor.py:186} INFO - Started process (PID=2819) to work on /home/airflow/.local/lib/python3.12/site-packages/airflow/example_dags/example_trigger_target_dag.py
[2025-04-21T11:14:55.959+0000] {processor.py:914} INFO - Processing file /home/airflow/.local/lib/python3.12/site-packages/airflow/example_dags/example_trigger_target_dag.py for tasks to queue
[2025-04-21T11:14:55.961+0000] {logging_mixin.py:190} INFO - [2025-04-21T11:14:55.961+0000] {dagbag.py:588} INFO - Filling up the DagBag from /home/airflow/.local/lib/python3.12/site-packages/airflow/example_dags/example_trigger_target_dag.py
[2025-04-21T11:14:55.967+0000] {processor.py:925} INFO - DAG(s) 'example_trigger_target_dag' retrieved from /home/airflow/.local/lib/python3.12/site-packages/airflow/example_dags/example_trigger_target_dag.py
[2025-04-21T11:14:55.984+0000] {logging_mixin.py:190} INFO - [2025-04-21T11:14:55.984+0000] {dag.py:3239} INFO - Sync 1 DAGs
[2025-04-21T11:14:55.996+0000] {logging_mixin.py:190} INFO - [2025-04-21T11:14:55.995+0000] {dag.py:4180} INFO - Setting next_dagrun for example_trigger_target_dag to None, run_after=None
[2025-04-21T11:14:56.011+0000] {processor.py:208} INFO - Processing /home/airflow/.local/lib/python3.12/site-packages/airflow/example_dags/example_trigger_target_dag.py took 0.057 seconds
[2025-04-21T11:15:26.528+0000] {processor.py:186} INFO - Started process (PID=2882) to work on /home/airflow/.local/lib/python3.12/site-packages/airflow/example_dags/example_trigger_target_dag.py
[2025-04-21T11:15:26.528+0000] {processor.py:914} INFO - Processing file /home/airflow/.local/lib/python3.12/site-packages/airflow/example_dags/example_trigger_target_dag.py for tasks to queue
[2025-04-21T11:15:26.530+0000] {logging_mixin.py:190} INFO - [2025-04-21T11:15:26.530+0000] {dagbag.py:588} INFO - Filling up the DagBag from /home/airflow/.local/lib/python3.12/site-packages/airflow/example_dags/example_trigger_target_dag.py
[2025-04-21T11:15:26.536+0000] {processor.py:925} INFO - DAG(s) 'example_trigger_target_dag' retrieved from /home/airflow/.local/lib/python3.12/site-packages/airflow/example_dags/example_trigger_target_dag.py
[2025-04-21T11:15:26.550+0000] {logging_mixin.py:190} INFO - [2025-04-21T11:15:26.550+0000] {dag.py:3239} INFO - Sync 1 DAGs
[2025-04-21T11:15:26.561+0000] {logging_mixin.py:190} INFO - [2025-04-21T11:15:26.560+0000] {dag.py:4180} INFO - Setting next_dagrun for example_trigger_target_dag to None, run_after=None
[2025-04-21T11:15:26.574+0000] {processor.py:208} INFO - Processing /home/airflow/.local/lib/python3.12/site-packages/airflow/example_dags/example_trigger_target_dag.py took 0.050 seconds
[2025-04-21T11:15:57.054+0000] {processor.py:186} INFO - Started process (PID=2945) to work on /home/airflow/.local/lib/python3.12/site-packages/airflow/example_dags/example_trigger_target_dag.py
[2025-04-21T11:15:57.055+0000] {processor.py:914} INFO - Processing file /home/airflow/.local/lib/python3.12/site-packages/airflow/example_dags/example_trigger_target_dag.py for tasks to queue
[2025-04-21T11:15:57.057+0000] {logging_mixin.py:190} INFO - [2025-04-21T11:15:57.057+0000] {dagbag.py:588} INFO - Filling up the DagBag from /home/airflow/.local/lib/python3.12/site-packages/airflow/example_dags/example_trigger_target_dag.py
[2025-04-21T11:15:57.063+0000] {processor.py:925} INFO - DAG(s) 'example_trigger_target_dag' retrieved from /home/airflow/.local/lib/python3.12/site-packages/airflow/example_dags/example_trigger_target_dag.py
[2025-04-21T11:15:57.078+0000] {logging_mixin.py:190} INFO - [2025-04-21T11:15:57.078+0000] {dag.py:3239} INFO - Sync 1 DAGs
[2025-04-21T11:15:57.091+0000] {logging_mixin.py:190} INFO - [2025-04-21T11:15:57.090+0000] {dag.py:4180} INFO - Setting next_dagrun for example_trigger_target_dag to None, run_after=None
[2025-04-21T11:15:57.106+0000] {processor.py:208} INFO - Processing /home/airflow/.local/lib/python3.12/site-packages/airflow/example_dags/example_trigger_target_dag.py took 0.057 seconds
[2025-04-21T11:16:27.176+0000] {processor.py:186} INFO - Started process (PID=3008) to work on /home/airflow/.local/lib/python3.12/site-packages/airflow/example_dags/example_trigger_target_dag.py
[2025-04-21T11:16:27.177+0000] {processor.py:914} INFO - Processing file /home/airflow/.local/lib/python3.12/site-packages/airflow/example_dags/example_trigger_target_dag.py for tasks to queue
[2025-04-21T11:16:27.179+0000] {logging_mixin.py:190} INFO - [2025-04-21T11:16:27.179+0000] {dagbag.py:588} INFO - Filling up the DagBag from /home/airflow/.local/lib/python3.12/site-packages/airflow/example_dags/example_trigger_target_dag.py
[2025-04-21T11:16:27.184+0000] {processor.py:925} INFO - DAG(s) 'example_trigger_target_dag' retrieved from /home/airflow/.local/lib/python3.12/site-packages/airflow/example_dags/example_trigger_target_dag.py
[2025-04-21T11:16:27.199+0000] {logging_mixin.py:190} INFO - [2025-04-21T11:16:27.199+0000] {dag.py:3239} INFO - Sync 1 DAGs
[2025-04-21T11:16:27.209+0000] {logging_mixin.py:190} INFO - [2025-04-21T11:16:27.209+0000] {dag.py:4180} INFO - Setting next_dagrun for example_trigger_target_dag to None, run_after=None
[2025-04-21T11:16:27.222+0000] {processor.py:208} INFO - Processing /home/airflow/.local/lib/python3.12/site-packages/airflow/example_dags/example_trigger_target_dag.py took 0.050 seconds
[2025-04-21T11:16:57.349+0000] {processor.py:186} INFO - Started process (PID=3071) to work on /home/airflow/.local/lib/python3.12/site-packages/airflow/example_dags/example_trigger_target_dag.py
[2025-04-21T11:16:57.350+0000] {processor.py:914} INFO - Processing file /home/airflow/.local/lib/python3.12/site-packages/airflow/example_dags/example_trigger_target_dag.py for tasks to queue
[2025-04-21T11:16:57.352+0000] {logging_mixin.py:190} INFO - [2025-04-21T11:16:57.352+0000] {dagbag.py:588} INFO - Filling up the DagBag from /home/airflow/.local/lib/python3.12/site-packages/airflow/example_dags/example_trigger_target_dag.py
[2025-04-21T11:16:57.358+0000] {processor.py:925} INFO - DAG(s) 'example_trigger_target_dag' retrieved from /home/airflow/.local/lib/python3.12/site-packages/airflow/example_dags/example_trigger_target_dag.py
[2025-04-21T11:16:57.373+0000] {logging_mixin.py:190} INFO - [2025-04-21T11:16:57.373+0000] {dag.py:3239} INFO - Sync 1 DAGs
[2025-04-21T11:16:57.383+0000] {logging_mixin.py:190} INFO - [2025-04-21T11:16:57.383+0000] {dag.py:4180} INFO - Setting next_dagrun for example_trigger_target_dag to None, run_after=None
[2025-04-21T11:16:57.396+0000] {processor.py:208} INFO - Processing /home/airflow/.local/lib/python3.12/site-packages/airflow/example_dags/example_trigger_target_dag.py took 0.051 seconds
[2025-04-21T11:17:27.949+0000] {processor.py:186} INFO - Started process (PID=3134) to work on /home/airflow/.local/lib/python3.12/site-packages/airflow/example_dags/example_trigger_target_dag.py
[2025-04-21T11:17:27.950+0000] {processor.py:914} INFO - Processing file /home/airflow/.local/lib/python3.12/site-packages/airflow/example_dags/example_trigger_target_dag.py for tasks to queue
[2025-04-21T11:17:27.952+0000] {logging_mixin.py:190} INFO - [2025-04-21T11:17:27.951+0000] {dagbag.py:588} INFO - Filling up the DagBag from /home/airflow/.local/lib/python3.12/site-packages/airflow/example_dags/example_trigger_target_dag.py
[2025-04-21T11:17:27.957+0000] {processor.py:925} INFO - DAG(s) 'example_trigger_target_dag' retrieved from /home/airflow/.local/lib/python3.12/site-packages/airflow/example_dags/example_trigger_target_dag.py
[2025-04-21T11:17:27.971+0000] {logging_mixin.py:190} INFO - [2025-04-21T11:17:27.970+0000] {dag.py:3239} INFO - Sync 1 DAGs
[2025-04-21T11:17:27.982+0000] {logging_mixin.py:190} INFO - [2025-04-21T11:17:27.982+0000] {dag.py:4180} INFO - Setting next_dagrun for example_trigger_target_dag to None, run_after=None
[2025-04-21T11:17:27.996+0000] {processor.py:208} INFO - Processing /home/airflow/.local/lib/python3.12/site-packages/airflow/example_dags/example_trigger_target_dag.py took 0.051 seconds
[2025-04-21T11:17:58.632+0000] {processor.py:186} INFO - Started process (PID=3197) to work on /home/airflow/.local/lib/python3.12/site-packages/airflow/example_dags/example_trigger_target_dag.py
[2025-04-21T11:17:58.633+0000] {processor.py:914} INFO - Processing file /home/airflow/.local/lib/python3.12/site-packages/airflow/example_dags/example_trigger_target_dag.py for tasks to queue
[2025-04-21T11:17:58.636+0000] {logging_mixin.py:190} INFO - [2025-04-21T11:17:58.635+0000] {dagbag.py:588} INFO - Filling up the DagBag from /home/airflow/.local/lib/python3.12/site-packages/airflow/example_dags/example_trigger_target_dag.py
[2025-04-21T11:17:58.641+0000] {processor.py:925} INFO - DAG(s) 'example_trigger_target_dag' retrieved from /home/airflow/.local/lib/python3.12/site-packages/airflow/example_dags/example_trigger_target_dag.py
[2025-04-21T11:17:58.656+0000] {logging_mixin.py:190} INFO - [2025-04-21T11:17:58.656+0000] {dag.py:3239} INFO - Sync 1 DAGs
[2025-04-21T11:17:58.666+0000] {logging_mixin.py:190} INFO - [2025-04-21T11:17:58.666+0000] {dag.py:4180} INFO - Setting next_dagrun for example_trigger_target_dag to None, run_after=None
[2025-04-21T11:17:58.679+0000] {processor.py:208} INFO - Processing /home/airflow/.local/lib/python3.12/site-packages/airflow/example_dags/example_trigger_target_dag.py took 0.051 seconds
[2025-04-21T11:18:29.174+0000] {processor.py:186} INFO - Started process (PID=3260) to work on /home/airflow/.local/lib/python3.12/site-packages/airflow/example_dags/example_trigger_target_dag.py
[2025-04-21T11:18:29.175+0000] {processor.py:914} INFO - Processing file /home/airflow/.local/lib/python3.12/site-packages/airflow/example_dags/example_trigger_target_dag.py for tasks to queue
[2025-04-21T11:18:29.178+0000] {logging_mixin.py:190} INFO - [2025-04-21T11:18:29.178+0000] {dagbag.py:588} INFO - Filling up the DagBag from /home/airflow/.local/lib/python3.12/site-packages/airflow/example_dags/example_trigger_target_dag.py
[2025-04-21T11:18:29.184+0000] {processor.py:925} INFO - DAG(s) 'example_trigger_target_dag' retrieved from /home/airflow/.local/lib/python3.12/site-packages/airflow/example_dags/example_trigger_target_dag.py
[2025-04-21T11:18:29.200+0000] {logging_mixin.py:190} INFO - [2025-04-21T11:18:29.200+0000] {dag.py:3239} INFO - Sync 1 DAGs
[2025-04-21T11:18:29.211+0000] {logging_mixin.py:190} INFO - [2025-04-21T11:18:29.211+0000] {dag.py:4180} INFO - Setting next_dagrun for example_trigger_target_dag to None, run_after=None
[2025-04-21T11:18:29.226+0000] {processor.py:208} INFO - Processing /home/airflow/.local/lib/python3.12/site-packages/airflow/example_dags/example_trigger_target_dag.py took 0.056 seconds
[2025-04-21T11:18:59.681+0000] {processor.py:186} INFO - Started process (PID=3323) to work on /home/airflow/.local/lib/python3.12/site-packages/airflow/example_dags/example_trigger_target_dag.py
[2025-04-21T11:18:59.681+0000] {processor.py:914} INFO - Processing file /home/airflow/.local/lib/python3.12/site-packages/airflow/example_dags/example_trigger_target_dag.py for tasks to queue
[2025-04-21T11:18:59.683+0000] {logging_mixin.py:190} INFO - [2025-04-21T11:18:59.683+0000] {dagbag.py:588} INFO - Filling up the DagBag from /home/airflow/.local/lib/python3.12/site-packages/airflow/example_dags/example_trigger_target_dag.py
[2025-04-21T11:18:59.688+0000] {processor.py:925} INFO - DAG(s) 'example_trigger_target_dag' retrieved from /home/airflow/.local/lib/python3.12/site-packages/airflow/example_dags/example_trigger_target_dag.py
[2025-04-21T11:18:59.702+0000] {logging_mixin.py:190} INFO - [2025-04-21T11:18:59.702+0000] {dag.py:3239} INFO - Sync 1 DAGs
[2025-04-21T11:18:59.712+0000] {logging_mixin.py:190} INFO - [2025-04-21T11:18:59.712+0000] {dag.py:4180} INFO - Setting next_dagrun for example_trigger_target_dag to None, run_after=None
[2025-04-21T11:18:59.726+0000] {processor.py:208} INFO - Processing /home/airflow/.local/lib/python3.12/site-packages/airflow/example_dags/example_trigger_target_dag.py took 0.050 seconds
[2025-04-21T11:19:29.935+0000] {processor.py:186} INFO - Started process (PID=3386) to work on /home/airflow/.local/lib/python3.12/site-packages/airflow/example_dags/example_trigger_target_dag.py
[2025-04-21T11:19:29.936+0000] {processor.py:914} INFO - Processing file /home/airflow/.local/lib/python3.12/site-packages/airflow/example_dags/example_trigger_target_dag.py for tasks to queue
[2025-04-21T11:19:29.938+0000] {logging_mixin.py:190} INFO - [2025-04-21T11:19:29.937+0000] {dagbag.py:588} INFO - Filling up the DagBag from /home/airflow/.local/lib/python3.12/site-packages/airflow/example_dags/example_trigger_target_dag.py
[2025-04-21T11:19:29.947+0000] {processor.py:925} INFO - DAG(s) 'example_trigger_target_dag' retrieved from /home/airflow/.local/lib/python3.12/site-packages/airflow/example_dags/example_trigger_target_dag.py
[2025-04-21T11:19:29.964+0000] {logging_mixin.py:190} INFO - [2025-04-21T11:19:29.964+0000] {dag.py:3239} INFO - Sync 1 DAGs
[2025-04-21T11:19:29.974+0000] {logging_mixin.py:190} INFO - [2025-04-21T11:19:29.974+0000] {dag.py:4180} INFO - Setting next_dagrun for example_trigger_target_dag to None, run_after=None
[2025-04-21T11:19:29.988+0000] {processor.py:208} INFO - Processing /home/airflow/.local/lib/python3.12/site-packages/airflow/example_dags/example_trigger_target_dag.py took 0.057 seconds
[2025-04-21T11:20:00.418+0000] {processor.py:186} INFO - Started process (PID=3449) to work on /home/airflow/.local/lib/python3.12/site-packages/airflow/example_dags/example_trigger_target_dag.py
[2025-04-21T11:20:00.419+0000] {processor.py:914} INFO - Processing file /home/airflow/.local/lib/python3.12/site-packages/airflow/example_dags/example_trigger_target_dag.py for tasks to queue
[2025-04-21T11:20:00.421+0000] {logging_mixin.py:190} INFO - [2025-04-21T11:20:00.421+0000] {dagbag.py:588} INFO - Filling up the DagBag from /home/airflow/.local/lib/python3.12/site-packages/airflow/example_dags/example_trigger_target_dag.py
[2025-04-21T11:20:00.429+0000] {processor.py:925} INFO - DAG(s) 'example_trigger_target_dag' retrieved from /home/airflow/.local/lib/python3.12/site-packages/airflow/example_dags/example_trigger_target_dag.py
[2025-04-21T11:20:00.446+0000] {logging_mixin.py:190} INFO - [2025-04-21T11:20:00.445+0000] {dag.py:3239} INFO - Sync 1 DAGs
[2025-04-21T11:20:00.458+0000] {logging_mixin.py:190} INFO - [2025-04-21T11:20:00.458+0000] {dag.py:4180} INFO - Setting next_dagrun for example_trigger_target_dag to None, run_after=None
[2025-04-21T11:20:00.479+0000] {processor.py:208} INFO - Processing /home/airflow/.local/lib/python3.12/site-packages/airflow/example_dags/example_trigger_target_dag.py took 0.066 seconds
[2025-04-21T11:20:30.592+0000] {processor.py:186} INFO - Started process (PID=3512) to work on /home/airflow/.local/lib/python3.12/site-packages/airflow/example_dags/example_trigger_target_dag.py
[2025-04-21T11:20:30.593+0000] {processor.py:914} INFO - Processing file /home/airflow/.local/lib/python3.12/site-packages/airflow/example_dags/example_trigger_target_dag.py for tasks to queue
[2025-04-21T11:20:30.595+0000] {logging_mixin.py:190} INFO - [2025-04-21T11:20:30.595+0000] {dagbag.py:588} INFO - Filling up the DagBag from /home/airflow/.local/lib/python3.12/site-packages/airflow/example_dags/example_trigger_target_dag.py
[2025-04-21T11:20:30.601+0000] {processor.py:925} INFO - DAG(s) 'example_trigger_target_dag' retrieved from /home/airflow/.local/lib/python3.12/site-packages/airflow/example_dags/example_trigger_target_dag.py
[2025-04-21T11:20:30.616+0000] {logging_mixin.py:190} INFO - [2025-04-21T11:20:30.615+0000] {dag.py:3239} INFO - Sync 1 DAGs
[2025-04-21T11:20:30.627+0000] {logging_mixin.py:190} INFO - [2025-04-21T11:20:30.627+0000] {dag.py:4180} INFO - Setting next_dagrun for example_trigger_target_dag to None, run_after=None
[2025-04-21T11:20:30.641+0000] {processor.py:208} INFO - Processing /home/airflow/.local/lib/python3.12/site-packages/airflow/example_dags/example_trigger_target_dag.py took 0.054 seconds
[2025-04-21T11:21:01.181+0000] {processor.py:186} INFO - Started process (PID=3575) to work on /home/airflow/.local/lib/python3.12/site-packages/airflow/example_dags/example_trigger_target_dag.py
[2025-04-21T11:21:01.182+0000] {processor.py:914} INFO - Processing file /home/airflow/.local/lib/python3.12/site-packages/airflow/example_dags/example_trigger_target_dag.py for tasks to queue
[2025-04-21T11:21:01.184+0000] {logging_mixin.py:190} INFO - [2025-04-21T11:21:01.183+0000] {dagbag.py:588} INFO - Filling up the DagBag from /home/airflow/.local/lib/python3.12/site-packages/airflow/example_dags/example_trigger_target_dag.py
[2025-04-21T11:21:01.190+0000] {processor.py:925} INFO - DAG(s) 'example_trigger_target_dag' retrieved from /home/airflow/.local/lib/python3.12/site-packages/airflow/example_dags/example_trigger_target_dag.py
[2025-04-21T11:21:01.206+0000] {logging_mixin.py:190} INFO - [2025-04-21T11:21:01.206+0000] {dag.py:3239} INFO - Sync 1 DAGs
[2025-04-21T11:21:01.220+0000] {logging_mixin.py:190} INFO - [2025-04-21T11:21:01.219+0000] {dag.py:4180} INFO - Setting next_dagrun for example_trigger_target_dag to None, run_after=None
[2025-04-21T11:21:01.238+0000] {processor.py:208} INFO - Processing /home/airflow/.local/lib/python3.12/site-packages/airflow/example_dags/example_trigger_target_dag.py took 0.061 seconds
[2025-04-21T11:21:31.512+0000] {processor.py:186} INFO - Started process (PID=3638) to work on /home/airflow/.local/lib/python3.12/site-packages/airflow/example_dags/example_trigger_target_dag.py
[2025-04-21T11:21:31.513+0000] {processor.py:914} INFO - Processing file /home/airflow/.local/lib/python3.12/site-packages/airflow/example_dags/example_trigger_target_dag.py for tasks to queue
[2025-04-21T11:21:31.515+0000] {logging_mixin.py:190} INFO - [2025-04-21T11:21:31.514+0000] {dagbag.py:588} INFO - Filling up the DagBag from /home/airflow/.local/lib/python3.12/site-packages/airflow/example_dags/example_trigger_target_dag.py
[2025-04-21T11:21:31.520+0000] {processor.py:925} INFO - DAG(s) 'example_trigger_target_dag' retrieved from /home/airflow/.local/lib/python3.12/site-packages/airflow/example_dags/example_trigger_target_dag.py
[2025-04-21T11:21:31.536+0000] {logging_mixin.py:190} INFO - [2025-04-21T11:21:31.535+0000] {dag.py:3239} INFO - Sync 1 DAGs
[2025-04-21T11:21:31.548+0000] {logging_mixin.py:190} INFO - [2025-04-21T11:21:31.548+0000] {dag.py:4180} INFO - Setting next_dagrun for example_trigger_target_dag to None, run_after=None
[2025-04-21T11:21:31.561+0000] {processor.py:208} INFO - Processing /home/airflow/.local/lib/python3.12/site-packages/airflow/example_dags/example_trigger_target_dag.py took 0.054 seconds
[2025-04-21T11:22:01.980+0000] {processor.py:186} INFO - Started process (PID=3701) to work on /home/airflow/.local/lib/python3.12/site-packages/airflow/example_dags/example_trigger_target_dag.py
[2025-04-21T11:22:01.981+0000] {processor.py:914} INFO - Processing file /home/airflow/.local/lib/python3.12/site-packages/airflow/example_dags/example_trigger_target_dag.py for tasks to queue
[2025-04-21T11:22:01.983+0000] {logging_mixin.py:190} INFO - [2025-04-21T11:22:01.983+0000] {dagbag.py:588} INFO - Filling up the DagBag from /home/airflow/.local/lib/python3.12/site-packages/airflow/example_dags/example_trigger_target_dag.py
[2025-04-21T11:22:01.990+0000] {processor.py:925} INFO - DAG(s) 'example_trigger_target_dag' retrieved from /home/airflow/.local/lib/python3.12/site-packages/airflow/example_dags/example_trigger_target_dag.py
[2025-04-21T11:22:02.004+0000] {logging_mixin.py:190} INFO - [2025-04-21T11:22:02.004+0000] {dag.py:3239} INFO - Sync 1 DAGs
[2025-04-21T11:22:02.016+0000] {logging_mixin.py:190} INFO - [2025-04-21T11:22:02.016+0000] {dag.py:4180} INFO - Setting next_dagrun for example_trigger_target_dag to None, run_after=None
[2025-04-21T11:22:02.031+0000] {processor.py:208} INFO - Processing /home/airflow/.local/lib/python3.12/site-packages/airflow/example_dags/example_trigger_target_dag.py took 0.055 seconds
[2025-04-21T11:22:32.270+0000] {processor.py:186} INFO - Started process (PID=3764) to work on /home/airflow/.local/lib/python3.12/site-packages/airflow/example_dags/example_trigger_target_dag.py
[2025-04-21T11:22:32.271+0000] {processor.py:914} INFO - Processing file /home/airflow/.local/lib/python3.12/site-packages/airflow/example_dags/example_trigger_target_dag.py for tasks to queue
[2025-04-21T11:22:32.274+0000] {logging_mixin.py:190} INFO - [2025-04-21T11:22:32.273+0000] {dagbag.py:588} INFO - Filling up the DagBag from /home/airflow/.local/lib/python3.12/site-packages/airflow/example_dags/example_trigger_target_dag.py
[2025-04-21T11:22:32.280+0000] {processor.py:925} INFO - DAG(s) 'example_trigger_target_dag' retrieved from /home/airflow/.local/lib/python3.12/site-packages/airflow/example_dags/example_trigger_target_dag.py
[2025-04-21T11:22:32.295+0000] {logging_mixin.py:190} INFO - [2025-04-21T11:22:32.295+0000] {dag.py:3239} INFO - Sync 1 DAGs
[2025-04-21T11:22:32.307+0000] {logging_mixin.py:190} INFO - [2025-04-21T11:22:32.307+0000] {dag.py:4180} INFO - Setting next_dagrun for example_trigger_target_dag to None, run_after=None
[2025-04-21T11:22:32.322+0000] {processor.py:208} INFO - Processing /home/airflow/.local/lib/python3.12/site-packages/airflow/example_dags/example_trigger_target_dag.py took 0.056 seconds
[2025-04-21T11:23:03.772+0000] {processor.py:186} INFO - Started process (PID=3827) to work on /home/airflow/.local/lib/python3.12/site-packages/airflow/example_dags/example_trigger_target_dag.py
[2025-04-21T11:23:03.773+0000] {processor.py:914} INFO - Processing file /home/airflow/.local/lib/python3.12/site-packages/airflow/example_dags/example_trigger_target_dag.py for tasks to queue
[2025-04-21T11:23:03.775+0000] {logging_mixin.py:190} INFO - [2025-04-21T11:23:03.775+0000] {dagbag.py:588} INFO - Filling up the DagBag from /home/airflow/.local/lib/python3.12/site-packages/airflow/example_dags/example_trigger_target_dag.py
[2025-04-21T11:23:03.782+0000] {processor.py:925} INFO - DAG(s) 'example_trigger_target_dag' retrieved from /home/airflow/.local/lib/python3.12/site-packages/airflow/example_dags/example_trigger_target_dag.py
[2025-04-21T11:23:03.799+0000] {logging_mixin.py:190} INFO - [2025-04-21T11:23:03.799+0000] {dag.py:3239} INFO - Sync 1 DAGs
[2025-04-21T11:23:03.811+0000] {logging_mixin.py:190} INFO - [2025-04-21T11:23:03.811+0000] {dag.py:4180} INFO - Setting next_dagrun for example_trigger_target_dag to None, run_after=None
[2025-04-21T11:23:03.827+0000] {processor.py:208} INFO - Processing /home/airflow/.local/lib/python3.12/site-packages/airflow/example_dags/example_trigger_target_dag.py took 0.061 seconds
[2025-04-21T11:23:37.197+0000] {processor.py:186} INFO - Started process (PID=3895) to work on /home/airflow/.local/lib/python3.12/site-packages/airflow/example_dags/example_trigger_target_dag.py
[2025-04-21T11:23:37.198+0000] {processor.py:914} INFO - Processing file /home/airflow/.local/lib/python3.12/site-packages/airflow/example_dags/example_trigger_target_dag.py for tasks to queue
[2025-04-21T11:23:37.200+0000] {logging_mixin.py:190} INFO - [2025-04-21T11:23:37.200+0000] {dagbag.py:588} INFO - Filling up the DagBag from /home/airflow/.local/lib/python3.12/site-packages/airflow/example_dags/example_trigger_target_dag.py
[2025-04-21T11:23:37.369+0000] {processor.py:925} INFO - DAG(s) 'example_trigger_target_dag' retrieved from /home/airflow/.local/lib/python3.12/site-packages/airflow/example_dags/example_trigger_target_dag.py
[2025-04-21T11:23:37.386+0000] {logging_mixin.py:190} INFO - [2025-04-21T11:23:37.386+0000] {dag.py:3239} INFO - Sync 1 DAGs
[2025-04-21T11:23:37.398+0000] {logging_mixin.py:190} INFO - [2025-04-21T11:23:37.397+0000] {dag.py:4180} INFO - Setting next_dagrun for example_trigger_target_dag to None, run_after=None
[2025-04-21T11:23:37.416+0000] {processor.py:208} INFO - Processing /home/airflow/.local/lib/python3.12/site-packages/airflow/example_dags/example_trigger_target_dag.py took 0.224 seconds
[2025-04-21T11:24:07.708+0000] {processor.py:186} INFO - Started process (PID=3958) to work on /home/airflow/.local/lib/python3.12/site-packages/airflow/example_dags/example_trigger_target_dag.py
[2025-04-21T11:24:07.708+0000] {processor.py:914} INFO - Processing file /home/airflow/.local/lib/python3.12/site-packages/airflow/example_dags/example_trigger_target_dag.py for tasks to queue
[2025-04-21T11:24:07.710+0000] {logging_mixin.py:190} INFO - [2025-04-21T11:24:07.710+0000] {dagbag.py:588} INFO - Filling up the DagBag from /home/airflow/.local/lib/python3.12/site-packages/airflow/example_dags/example_trigger_target_dag.py
[2025-04-21T11:24:07.717+0000] {processor.py:925} INFO - DAG(s) 'example_trigger_target_dag' retrieved from /home/airflow/.local/lib/python3.12/site-packages/airflow/example_dags/example_trigger_target_dag.py
[2025-04-21T11:24:07.735+0000] {logging_mixin.py:190} INFO - [2025-04-21T11:24:07.735+0000] {dag.py:3239} INFO - Sync 1 DAGs
[2025-04-21T11:24:07.750+0000] {logging_mixin.py:190} INFO - [2025-04-21T11:24:07.749+0000] {dag.py:4180} INFO - Setting next_dagrun for example_trigger_target_dag to None, run_after=None
[2025-04-21T11:24:07.769+0000] {processor.py:208} INFO - Processing /home/airflow/.local/lib/python3.12/site-packages/airflow/example_dags/example_trigger_target_dag.py took 0.068 seconds
[2025-04-21T11:24:38.387+0000] {processor.py:186} INFO - Started process (PID=4021) to work on /home/airflow/.local/lib/python3.12/site-packages/airflow/example_dags/example_trigger_target_dag.py
[2025-04-21T11:24:38.388+0000] {processor.py:914} INFO - Processing file /home/airflow/.local/lib/python3.12/site-packages/airflow/example_dags/example_trigger_target_dag.py for tasks to queue
[2025-04-21T11:24:38.390+0000] {logging_mixin.py:190} INFO - [2025-04-21T11:24:38.390+0000] {dagbag.py:588} INFO - Filling up the DagBag from /home/airflow/.local/lib/python3.12/site-packages/airflow/example_dags/example_trigger_target_dag.py
[2025-04-21T11:24:38.396+0000] {processor.py:925} INFO - DAG(s) 'example_trigger_target_dag' retrieved from /home/airflow/.local/lib/python3.12/site-packages/airflow/example_dags/example_trigger_target_dag.py
[2025-04-21T11:24:38.412+0000] {logging_mixin.py:190} INFO - [2025-04-21T11:24:38.412+0000] {dag.py:3239} INFO - Sync 1 DAGs
[2025-04-21T11:24:38.425+0000] {logging_mixin.py:190} INFO - [2025-04-21T11:24:38.425+0000] {dag.py:4180} INFO - Setting next_dagrun for example_trigger_target_dag to None, run_after=None
[2025-04-21T11:24:38.442+0000] {processor.py:208} INFO - Processing /home/airflow/.local/lib/python3.12/site-packages/airflow/example_dags/example_trigger_target_dag.py took 0.059 seconds
[2025-04-21T11:25:08.797+0000] {processor.py:186} INFO - Started process (PID=4084) to work on /home/airflow/.local/lib/python3.12/site-packages/airflow/example_dags/example_trigger_target_dag.py
[2025-04-21T11:25:08.797+0000] {processor.py:914} INFO - Processing file /home/airflow/.local/lib/python3.12/site-packages/airflow/example_dags/example_trigger_target_dag.py for tasks to queue
[2025-04-21T11:25:08.800+0000] {logging_mixin.py:190} INFO - [2025-04-21T11:25:08.799+0000] {dagbag.py:588} INFO - Filling up the DagBag from /home/airflow/.local/lib/python3.12/site-packages/airflow/example_dags/example_trigger_target_dag.py
[2025-04-21T11:25:08.805+0000] {processor.py:925} INFO - DAG(s) 'example_trigger_target_dag' retrieved from /home/airflow/.local/lib/python3.12/site-packages/airflow/example_dags/example_trigger_target_dag.py
[2025-04-21T11:25:08.820+0000] {logging_mixin.py:190} INFO - [2025-04-21T11:25:08.820+0000] {dag.py:3239} INFO - Sync 1 DAGs
[2025-04-21T11:25:08.831+0000] {logging_mixin.py:190} INFO - [2025-04-21T11:25:08.831+0000] {dag.py:4180} INFO - Setting next_dagrun for example_trigger_target_dag to None, run_after=None
[2025-04-21T11:25:08.846+0000] {processor.py:208} INFO - Processing /home/airflow/.local/lib/python3.12/site-packages/airflow/example_dags/example_trigger_target_dag.py took 0.053 seconds
[2025-04-21T11:25:39.504+0000] {processor.py:186} INFO - Started process (PID=4147) to work on /home/airflow/.local/lib/python3.12/site-packages/airflow/example_dags/example_trigger_target_dag.py
[2025-04-21T11:25:39.505+0000] {processor.py:914} INFO - Processing file /home/airflow/.local/lib/python3.12/site-packages/airflow/example_dags/example_trigger_target_dag.py for tasks to queue
[2025-04-21T11:25:39.507+0000] {logging_mixin.py:190} INFO - [2025-04-21T11:25:39.506+0000] {dagbag.py:588} INFO - Filling up the DagBag from /home/airflow/.local/lib/python3.12/site-packages/airflow/example_dags/example_trigger_target_dag.py
[2025-04-21T11:25:39.512+0000] {processor.py:925} INFO - DAG(s) 'example_trigger_target_dag' retrieved from /home/airflow/.local/lib/python3.12/site-packages/airflow/example_dags/example_trigger_target_dag.py
[2025-04-21T11:25:39.527+0000] {logging_mixin.py:190} INFO - [2025-04-21T11:25:39.526+0000] {dag.py:3239} INFO - Sync 1 DAGs
[2025-04-21T11:25:39.537+0000] {logging_mixin.py:190} INFO - [2025-04-21T11:25:39.537+0000] {dag.py:4180} INFO - Setting next_dagrun for example_trigger_target_dag to None, run_after=None
[2025-04-21T11:25:39.550+0000] {processor.py:208} INFO - Processing /home/airflow/.local/lib/python3.12/site-packages/airflow/example_dags/example_trigger_target_dag.py took 0.051 seconds
[2025-04-21T11:26:10.193+0000] {processor.py:186} INFO - Started process (PID=4210) to work on /home/airflow/.local/lib/python3.12/site-packages/airflow/example_dags/example_trigger_target_dag.py
[2025-04-21T11:26:10.194+0000] {processor.py:914} INFO - Processing file /home/airflow/.local/lib/python3.12/site-packages/airflow/example_dags/example_trigger_target_dag.py for tasks to queue
[2025-04-21T11:26:10.196+0000] {logging_mixin.py:190} INFO - [2025-04-21T11:26:10.195+0000] {dagbag.py:588} INFO - Filling up the DagBag from /home/airflow/.local/lib/python3.12/site-packages/airflow/example_dags/example_trigger_target_dag.py
[2025-04-21T11:26:10.202+0000] {processor.py:925} INFO - DAG(s) 'example_trigger_target_dag' retrieved from /home/airflow/.local/lib/python3.12/site-packages/airflow/example_dags/example_trigger_target_dag.py
[2025-04-21T11:26:10.220+0000] {logging_mixin.py:190} INFO - [2025-04-21T11:26:10.220+0000] {dag.py:3239} INFO - Sync 1 DAGs
[2025-04-21T11:26:10.231+0000] {logging_mixin.py:190} INFO - [2025-04-21T11:26:10.231+0000] {dag.py:4180} INFO - Setting next_dagrun for example_trigger_target_dag to None, run_after=None
[2025-04-21T11:26:10.247+0000] {processor.py:208} INFO - Processing /home/airflow/.local/lib/python3.12/site-packages/airflow/example_dags/example_trigger_target_dag.py took 0.058 seconds
[2025-04-21T11:26:41.028+0000] {processor.py:186} INFO - Started process (PID=4273) to work on /home/airflow/.local/lib/python3.12/site-packages/airflow/example_dags/example_trigger_target_dag.py
[2025-04-21T11:26:41.030+0000] {processor.py:914} INFO - Processing file /home/airflow/.local/lib/python3.12/site-packages/airflow/example_dags/example_trigger_target_dag.py for tasks to queue
[2025-04-21T11:26:41.032+0000] {logging_mixin.py:190} INFO - [2025-04-21T11:26:41.032+0000] {dagbag.py:588} INFO - Filling up the DagBag from /home/airflow/.local/lib/python3.12/site-packages/airflow/example_dags/example_trigger_target_dag.py
[2025-04-21T11:26:41.038+0000] {processor.py:925} INFO - DAG(s) 'example_trigger_target_dag' retrieved from /home/airflow/.local/lib/python3.12/site-packages/airflow/example_dags/example_trigger_target_dag.py
[2025-04-21T11:26:41.053+0000] {logging_mixin.py:190} INFO - [2025-04-21T11:26:41.053+0000] {dag.py:3239} INFO - Sync 1 DAGs
[2025-04-21T11:26:41.064+0000] {logging_mixin.py:190} INFO - [2025-04-21T11:26:41.064+0000] {dag.py:4180} INFO - Setting next_dagrun for example_trigger_target_dag to None, run_after=None
[2025-04-21T11:26:41.082+0000] {processor.py:208} INFO - Processing /home/airflow/.local/lib/python3.12/site-packages/airflow/example_dags/example_trigger_target_dag.py took 0.058 seconds
[2025-04-21T11:27:12.042+0000] {processor.py:186} INFO - Started process (PID=4336) to work on /home/airflow/.local/lib/python3.12/site-packages/airflow/example_dags/example_trigger_target_dag.py
[2025-04-21T11:27:12.043+0000] {processor.py:914} INFO - Processing file /home/airflow/.local/lib/python3.12/site-packages/airflow/example_dags/example_trigger_target_dag.py for tasks to queue
[2025-04-21T11:27:12.044+0000] {logging_mixin.py:190} INFO - [2025-04-21T11:27:12.044+0000] {dagbag.py:588} INFO - Filling up the DagBag from /home/airflow/.local/lib/python3.12/site-packages/airflow/example_dags/example_trigger_target_dag.py
[2025-04-21T11:27:12.052+0000] {processor.py:925} INFO - DAG(s) 'example_trigger_target_dag' retrieved from /home/airflow/.local/lib/python3.12/site-packages/airflow/example_dags/example_trigger_target_dag.py
[2025-04-21T11:27:12.066+0000] {logging_mixin.py:190} INFO - [2025-04-21T11:27:12.066+0000] {dag.py:3239} INFO - Sync 1 DAGs
[2025-04-21T11:27:12.077+0000] {logging_mixin.py:190} INFO - [2025-04-21T11:27:12.077+0000] {dag.py:4180} INFO - Setting next_dagrun for example_trigger_target_dag to None, run_after=None
[2025-04-21T11:27:12.095+0000] {processor.py:208} INFO - Processing /home/airflow/.local/lib/python3.12/site-packages/airflow/example_dags/example_trigger_target_dag.py took 0.057 seconds
[2025-04-21T11:27:42.690+0000] {processor.py:186} INFO - Started process (PID=4399) to work on /home/airflow/.local/lib/python3.12/site-packages/airflow/example_dags/example_trigger_target_dag.py
[2025-04-21T11:27:42.691+0000] {processor.py:914} INFO - Processing file /home/airflow/.local/lib/python3.12/site-packages/airflow/example_dags/example_trigger_target_dag.py for tasks to queue
[2025-04-21T11:27:42.694+0000] {logging_mixin.py:190} INFO - [2025-04-21T11:27:42.693+0000] {dagbag.py:588} INFO - Filling up the DagBag from /home/airflow/.local/lib/python3.12/site-packages/airflow/example_dags/example_trigger_target_dag.py
[2025-04-21T11:27:42.701+0000] {processor.py:925} INFO - DAG(s) 'example_trigger_target_dag' retrieved from /home/airflow/.local/lib/python3.12/site-packages/airflow/example_dags/example_trigger_target_dag.py
[2025-04-21T11:27:42.717+0000] {logging_mixin.py:190} INFO - [2025-04-21T11:27:42.717+0000] {dag.py:3239} INFO - Sync 1 DAGs
[2025-04-21T11:27:42.731+0000] {logging_mixin.py:190} INFO - [2025-04-21T11:27:42.731+0000] {dag.py:4180} INFO - Setting next_dagrun for example_trigger_target_dag to None, run_after=None
[2025-04-21T11:27:42.750+0000] {processor.py:208} INFO - Processing /home/airflow/.local/lib/python3.12/site-packages/airflow/example_dags/example_trigger_target_dag.py took 0.065 seconds
[2025-04-21T11:28:13.338+0000] {processor.py:186} INFO - Started process (PID=4462) to work on /home/airflow/.local/lib/python3.12/site-packages/airflow/example_dags/example_trigger_target_dag.py
[2025-04-21T11:28:13.339+0000] {processor.py:914} INFO - Processing file /home/airflow/.local/lib/python3.12/site-packages/airflow/example_dags/example_trigger_target_dag.py for tasks to queue
[2025-04-21T11:28:13.340+0000] {logging_mixin.py:190} INFO - [2025-04-21T11:28:13.340+0000] {dagbag.py:588} INFO - Filling up the DagBag from /home/airflow/.local/lib/python3.12/site-packages/airflow/example_dags/example_trigger_target_dag.py
[2025-04-21T11:28:13.347+0000] {processor.py:925} INFO - DAG(s) 'example_trigger_target_dag' retrieved from /home/airflow/.local/lib/python3.12/site-packages/airflow/example_dags/example_trigger_target_dag.py
[2025-04-21T11:28:13.363+0000] {logging_mixin.py:190} INFO - [2025-04-21T11:28:13.363+0000] {dag.py:3239} INFO - Sync 1 DAGs
[2025-04-21T11:28:13.376+0000] {logging_mixin.py:190} INFO - [2025-04-21T11:28:13.376+0000] {dag.py:4180} INFO - Setting next_dagrun for example_trigger_target_dag to None, run_after=None
[2025-04-21T11:28:13.392+0000] {processor.py:208} INFO - Processing /home/airflow/.local/lib/python3.12/site-packages/airflow/example_dags/example_trigger_target_dag.py took 0.058 seconds
[2025-04-21T11:28:43.778+0000] {processor.py:186} INFO - Started process (PID=4525) to work on /home/airflow/.local/lib/python3.12/site-packages/airflow/example_dags/example_trigger_target_dag.py
[2025-04-21T11:28:43.778+0000] {processor.py:914} INFO - Processing file /home/airflow/.local/lib/python3.12/site-packages/airflow/example_dags/example_trigger_target_dag.py for tasks to queue
[2025-04-21T11:28:43.781+0000] {logging_mixin.py:190} INFO - [2025-04-21T11:28:43.780+0000] {dagbag.py:588} INFO - Filling up the DagBag from /home/airflow/.local/lib/python3.12/site-packages/airflow/example_dags/example_trigger_target_dag.py
[2025-04-21T11:28:43.788+0000] {processor.py:925} INFO - DAG(s) 'example_trigger_target_dag' retrieved from /home/airflow/.local/lib/python3.12/site-packages/airflow/example_dags/example_trigger_target_dag.py
[2025-04-21T11:28:43.803+0000] {logging_mixin.py:190} INFO - [2025-04-21T11:28:43.803+0000] {dag.py:3239} INFO - Sync 1 DAGs
[2025-04-21T11:28:43.814+0000] {logging_mixin.py:190} INFO - [2025-04-21T11:28:43.814+0000] {dag.py:4180} INFO - Setting next_dagrun for example_trigger_target_dag to None, run_after=None
[2025-04-21T11:28:43.834+0000] {processor.py:208} INFO - Processing /home/airflow/.local/lib/python3.12/site-packages/airflow/example_dags/example_trigger_target_dag.py took 0.061 seconds
[2025-04-21T11:29:14.244+0000] {processor.py:186} INFO - Started process (PID=4587) to work on /home/airflow/.local/lib/python3.12/site-packages/airflow/example_dags/example_trigger_target_dag.py
[2025-04-21T11:29:14.245+0000] {processor.py:914} INFO - Processing file /home/airflow/.local/lib/python3.12/site-packages/airflow/example_dags/example_trigger_target_dag.py for tasks to queue
[2025-04-21T11:29:14.247+0000] {logging_mixin.py:190} INFO - [2025-04-21T11:29:14.247+0000] {dagbag.py:588} INFO - Filling up the DagBag from /home/airflow/.local/lib/python3.12/site-packages/airflow/example_dags/example_trigger_target_dag.py
[2025-04-21T11:29:14.253+0000] {processor.py:925} INFO - DAG(s) 'example_trigger_target_dag' retrieved from /home/airflow/.local/lib/python3.12/site-packages/airflow/example_dags/example_trigger_target_dag.py
[2025-04-21T11:29:14.268+0000] {logging_mixin.py:190} INFO - [2025-04-21T11:29:14.268+0000] {dag.py:3239} INFO - Sync 1 DAGs
[2025-04-21T11:29:14.278+0000] {logging_mixin.py:190} INFO - [2025-04-21T11:29:14.278+0000] {dag.py:4180} INFO - Setting next_dagrun for example_trigger_target_dag to None, run_after=None
[2025-04-21T11:29:14.292+0000] {processor.py:208} INFO - Processing /home/airflow/.local/lib/python3.12/site-packages/airflow/example_dags/example_trigger_target_dag.py took 0.053 seconds
[2025-04-21T11:29:44.635+0000] {processor.py:186} INFO - Started process (PID=4651) to work on /home/airflow/.local/lib/python3.12/site-packages/airflow/example_dags/example_trigger_target_dag.py
[2025-04-21T11:29:44.636+0000] {processor.py:914} INFO - Processing file /home/airflow/.local/lib/python3.12/site-packages/airflow/example_dags/example_trigger_target_dag.py for tasks to queue
[2025-04-21T11:29:44.638+0000] {logging_mixin.py:190} INFO - [2025-04-21T11:29:44.638+0000] {dagbag.py:588} INFO - Filling up the DagBag from /home/airflow/.local/lib/python3.12/site-packages/airflow/example_dags/example_trigger_target_dag.py
[2025-04-21T11:29:44.644+0000] {processor.py:925} INFO - DAG(s) 'example_trigger_target_dag' retrieved from /home/airflow/.local/lib/python3.12/site-packages/airflow/example_dags/example_trigger_target_dag.py
[2025-04-21T11:29:44.658+0000] {logging_mixin.py:190} INFO - [2025-04-21T11:29:44.658+0000] {dag.py:3239} INFO - Sync 1 DAGs
[2025-04-21T11:29:44.668+0000] {logging_mixin.py:190} INFO - [2025-04-21T11:29:44.668+0000] {dag.py:4180} INFO - Setting next_dagrun for example_trigger_target_dag to None, run_after=None
[2025-04-21T11:29:44.682+0000] {processor.py:208} INFO - Processing /home/airflow/.local/lib/python3.12/site-packages/airflow/example_dags/example_trigger_target_dag.py took 0.052 seconds
[2025-04-21T11:30:15.133+0000] {processor.py:186} INFO - Started process (PID=4714) to work on /home/airflow/.local/lib/python3.12/site-packages/airflow/example_dags/example_trigger_target_dag.py
[2025-04-21T11:30:15.134+0000] {processor.py:914} INFO - Processing file /home/airflow/.local/lib/python3.12/site-packages/airflow/example_dags/example_trigger_target_dag.py for tasks to queue
[2025-04-21T11:30:15.135+0000] {logging_mixin.py:190} INFO - [2025-04-21T11:30:15.135+0000] {dagbag.py:588} INFO - Filling up the DagBag from /home/airflow/.local/lib/python3.12/site-packages/airflow/example_dags/example_trigger_target_dag.py
[2025-04-21T11:30:15.143+0000] {processor.py:925} INFO - DAG(s) 'example_trigger_target_dag' retrieved from /home/airflow/.local/lib/python3.12/site-packages/airflow/example_dags/example_trigger_target_dag.py
[2025-04-21T11:30:15.160+0000] {logging_mixin.py:190} INFO - [2025-04-21T11:30:15.160+0000] {dag.py:3239} INFO - Sync 1 DAGs
[2025-04-21T11:30:15.171+0000] {logging_mixin.py:190} INFO - [2025-04-21T11:30:15.171+0000] {dag.py:4180} INFO - Setting next_dagrun for example_trigger_target_dag to None, run_after=None
[2025-04-21T11:30:15.185+0000] {processor.py:208} INFO - Processing /home/airflow/.local/lib/python3.12/site-packages/airflow/example_dags/example_trigger_target_dag.py took 0.056 seconds
[2025-04-21T11:30:45.684+0000] {processor.py:186} INFO - Started process (PID=4777) to work on /home/airflow/.local/lib/python3.12/site-packages/airflow/example_dags/example_trigger_target_dag.py
[2025-04-21T11:30:45.685+0000] {processor.py:914} INFO - Processing file /home/airflow/.local/lib/python3.12/site-packages/airflow/example_dags/example_trigger_target_dag.py for tasks to queue
[2025-04-21T11:30:45.687+0000] {logging_mixin.py:190} INFO - [2025-04-21T11:30:45.686+0000] {dagbag.py:588} INFO - Filling up the DagBag from /home/airflow/.local/lib/python3.12/site-packages/airflow/example_dags/example_trigger_target_dag.py
[2025-04-21T11:30:45.693+0000] {processor.py:925} INFO - DAG(s) 'example_trigger_target_dag' retrieved from /home/airflow/.local/lib/python3.12/site-packages/airflow/example_dags/example_trigger_target_dag.py
[2025-04-21T11:30:45.710+0000] {logging_mixin.py:190} INFO - [2025-04-21T11:30:45.710+0000] {dag.py:3239} INFO - Sync 1 DAGs
[2025-04-21T11:30:45.722+0000] {logging_mixin.py:190} INFO - [2025-04-21T11:30:45.722+0000] {dag.py:4180} INFO - Setting next_dagrun for example_trigger_target_dag to None, run_after=None
[2025-04-21T11:30:45.738+0000] {processor.py:208} INFO - Processing /home/airflow/.local/lib/python3.12/site-packages/airflow/example_dags/example_trigger_target_dag.py took 0.058 seconds
[2025-04-21T11:31:16.211+0000] {processor.py:186} INFO - Started process (PID=4840) to work on /home/airflow/.local/lib/python3.12/site-packages/airflow/example_dags/example_trigger_target_dag.py
[2025-04-21T11:31:16.212+0000] {processor.py:914} INFO - Processing file /home/airflow/.local/lib/python3.12/site-packages/airflow/example_dags/example_trigger_target_dag.py for tasks to queue
[2025-04-21T11:31:16.214+0000] {logging_mixin.py:190} INFO - [2025-04-21T11:31:16.214+0000] {dagbag.py:588} INFO - Filling up the DagBag from /home/airflow/.local/lib/python3.12/site-packages/airflow/example_dags/example_trigger_target_dag.py
[2025-04-21T11:31:16.220+0000] {processor.py:925} INFO - DAG(s) 'example_trigger_target_dag' retrieved from /home/airflow/.local/lib/python3.12/site-packages/airflow/example_dags/example_trigger_target_dag.py
[2025-04-21T11:31:16.235+0000] {logging_mixin.py:190} INFO - [2025-04-21T11:31:16.234+0000] {dag.py:3239} INFO - Sync 1 DAGs
[2025-04-21T11:31:16.245+0000] {logging_mixin.py:190} INFO - [2025-04-21T11:31:16.245+0000] {dag.py:4180} INFO - Setting next_dagrun for example_trigger_target_dag to None, run_after=None
[2025-04-21T11:31:16.261+0000] {processor.py:208} INFO - Processing /home/airflow/.local/lib/python3.12/site-packages/airflow/example_dags/example_trigger_target_dag.py took 0.054 seconds
[2025-04-21T11:31:46.696+0000] {processor.py:186} INFO - Started process (PID=4903) to work on /home/airflow/.local/lib/python3.12/site-packages/airflow/example_dags/example_trigger_target_dag.py
[2025-04-21T11:31:46.697+0000] {processor.py:914} INFO - Processing file /home/airflow/.local/lib/python3.12/site-packages/airflow/example_dags/example_trigger_target_dag.py for tasks to queue
[2025-04-21T11:31:46.699+0000] {logging_mixin.py:190} INFO - [2025-04-21T11:31:46.699+0000] {dagbag.py:588} INFO - Filling up the DagBag from /home/airflow/.local/lib/python3.12/site-packages/airflow/example_dags/example_trigger_target_dag.py
[2025-04-21T11:31:46.705+0000] {processor.py:925} INFO - DAG(s) 'example_trigger_target_dag' retrieved from /home/airflow/.local/lib/python3.12/site-packages/airflow/example_dags/example_trigger_target_dag.py
[2025-04-21T11:31:46.719+0000] {logging_mixin.py:190} INFO - [2025-04-21T11:31:46.719+0000] {dag.py:3239} INFO - Sync 1 DAGs
[2025-04-21T11:31:46.730+0000] {logging_mixin.py:190} INFO - [2025-04-21T11:31:46.730+0000] {dag.py:4180} INFO - Setting next_dagrun for example_trigger_target_dag to None, run_after=None
[2025-04-21T11:31:46.748+0000] {processor.py:208} INFO - Processing /home/airflow/.local/lib/python3.12/site-packages/airflow/example_dags/example_trigger_target_dag.py took 0.055 seconds
[2025-04-21T11:32:16.920+0000] {processor.py:186} INFO - Started process (PID=4966) to work on /home/airflow/.local/lib/python3.12/site-packages/airflow/example_dags/example_trigger_target_dag.py
[2025-04-21T11:32:16.920+0000] {processor.py:914} INFO - Processing file /home/airflow/.local/lib/python3.12/site-packages/airflow/example_dags/example_trigger_target_dag.py for tasks to queue
[2025-04-21T11:32:16.923+0000] {logging_mixin.py:190} INFO - [2025-04-21T11:32:16.923+0000] {dagbag.py:588} INFO - Filling up the DagBag from /home/airflow/.local/lib/python3.12/site-packages/airflow/example_dags/example_trigger_target_dag.py
[2025-04-21T11:32:16.931+0000] {processor.py:925} INFO - DAG(s) 'example_trigger_target_dag' retrieved from /home/airflow/.local/lib/python3.12/site-packages/airflow/example_dags/example_trigger_target_dag.py
[2025-04-21T11:32:16.950+0000] {logging_mixin.py:190} INFO - [2025-04-21T11:32:16.949+0000] {dag.py:3239} INFO - Sync 1 DAGs
[2025-04-21T11:32:16.964+0000] {logging_mixin.py:190} INFO - [2025-04-21T11:32:16.964+0000] {dag.py:4180} INFO - Setting next_dagrun for example_trigger_target_dag to None, run_after=None
[2025-04-21T11:32:16.982+0000] {processor.py:208} INFO - Processing /home/airflow/.local/lib/python3.12/site-packages/airflow/example_dags/example_trigger_target_dag.py took 0.067 seconds
[2025-04-21T11:32:47.358+0000] {processor.py:186} INFO - Started process (PID=5028) to work on /home/airflow/.local/lib/python3.12/site-packages/airflow/example_dags/example_trigger_target_dag.py
[2025-04-21T11:32:47.358+0000] {processor.py:914} INFO - Processing file /home/airflow/.local/lib/python3.12/site-packages/airflow/example_dags/example_trigger_target_dag.py for tasks to queue
[2025-04-21T11:32:47.360+0000] {logging_mixin.py:190} INFO - [2025-04-21T11:32:47.360+0000] {dagbag.py:588} INFO - Filling up the DagBag from /home/airflow/.local/lib/python3.12/site-packages/airflow/example_dags/example_trigger_target_dag.py
[2025-04-21T11:32:47.368+0000] {processor.py:925} INFO - DAG(s) 'example_trigger_target_dag' retrieved from /home/airflow/.local/lib/python3.12/site-packages/airflow/example_dags/example_trigger_target_dag.py
[2025-04-21T11:32:47.385+0000] {logging_mixin.py:190} INFO - [2025-04-21T11:32:47.384+0000] {dag.py:3239} INFO - Sync 1 DAGs
[2025-04-21T11:32:47.396+0000] {logging_mixin.py:190} INFO - [2025-04-21T11:32:47.396+0000] {dag.py:4180} INFO - Setting next_dagrun for example_trigger_target_dag to None, run_after=None
[2025-04-21T11:32:47.415+0000] {processor.py:208} INFO - Processing /home/airflow/.local/lib/python3.12/site-packages/airflow/example_dags/example_trigger_target_dag.py took 0.062 seconds
[2025-04-21T11:33:17.797+0000] {processor.py:186} INFO - Started process (PID=5092) to work on /home/airflow/.local/lib/python3.12/site-packages/airflow/example_dags/example_trigger_target_dag.py
[2025-04-21T11:33:17.797+0000] {processor.py:914} INFO - Processing file /home/airflow/.local/lib/python3.12/site-packages/airflow/example_dags/example_trigger_target_dag.py for tasks to queue
[2025-04-21T11:33:17.799+0000] {logging_mixin.py:190} INFO - [2025-04-21T11:33:17.799+0000] {dagbag.py:588} INFO - Filling up the DagBag from /home/airflow/.local/lib/python3.12/site-packages/airflow/example_dags/example_trigger_target_dag.py
[2025-04-21T11:33:17.806+0000] {processor.py:925} INFO - DAG(s) 'example_trigger_target_dag' retrieved from /home/airflow/.local/lib/python3.12/site-packages/airflow/example_dags/example_trigger_target_dag.py
[2025-04-21T11:33:17.826+0000] {logging_mixin.py:190} INFO - [2025-04-21T11:33:17.826+0000] {dag.py:3239} INFO - Sync 1 DAGs
[2025-04-21T11:33:17.838+0000] {logging_mixin.py:190} INFO - [2025-04-21T11:33:17.837+0000] {dag.py:4180} INFO - Setting next_dagrun for example_trigger_target_dag to None, run_after=None
[2025-04-21T11:33:17.859+0000] {processor.py:208} INFO - Processing /home/airflow/.local/lib/python3.12/site-packages/airflow/example_dags/example_trigger_target_dag.py took 0.068 seconds
[2025-04-21T11:33:49.033+0000] {processor.py:186} INFO - Started process (PID=5156) to work on /home/airflow/.local/lib/python3.12/site-packages/airflow/example_dags/example_trigger_target_dag.py
[2025-04-21T11:33:49.034+0000] {processor.py:914} INFO - Processing file /home/airflow/.local/lib/python3.12/site-packages/airflow/example_dags/example_trigger_target_dag.py for tasks to queue
[2025-04-21T11:33:49.036+0000] {logging_mixin.py:190} INFO - [2025-04-21T11:33:49.036+0000] {dagbag.py:588} INFO - Filling up the DagBag from /home/airflow/.local/lib/python3.12/site-packages/airflow/example_dags/example_trigger_target_dag.py
[2025-04-21T11:33:49.042+0000] {processor.py:925} INFO - DAG(s) 'example_trigger_target_dag' retrieved from /home/airflow/.local/lib/python3.12/site-packages/airflow/example_dags/example_trigger_target_dag.py
[2025-04-21T11:33:49.056+0000] {logging_mixin.py:190} INFO - [2025-04-21T11:33:49.056+0000] {dag.py:3239} INFO - Sync 1 DAGs
[2025-04-21T11:33:49.067+0000] {logging_mixin.py:190} INFO - [2025-04-21T11:33:49.067+0000] {dag.py:4180} INFO - Setting next_dagrun for example_trigger_target_dag to None, run_after=None
[2025-04-21T11:33:49.080+0000] {processor.py:208} INFO - Processing /home/airflow/.local/lib/python3.12/site-packages/airflow/example_dags/example_trigger_target_dag.py took 0.052 seconds
[2025-04-21T11:34:19.667+0000] {processor.py:186} INFO - Started process (PID=5210) to work on /home/airflow/.local/lib/python3.12/site-packages/airflow/example_dags/example_trigger_target_dag.py
[2025-04-21T11:34:19.668+0000] {processor.py:914} INFO - Processing file /home/airflow/.local/lib/python3.12/site-packages/airflow/example_dags/example_trigger_target_dag.py for tasks to queue
[2025-04-21T11:34:19.670+0000] {logging_mixin.py:190} INFO - [2025-04-21T11:34:19.670+0000] {dagbag.py:588} INFO - Filling up the DagBag from /home/airflow/.local/lib/python3.12/site-packages/airflow/example_dags/example_trigger_target_dag.py
[2025-04-21T11:34:19.676+0000] {processor.py:925} INFO - DAG(s) 'example_trigger_target_dag' retrieved from /home/airflow/.local/lib/python3.12/site-packages/airflow/example_dags/example_trigger_target_dag.py
[2025-04-21T11:34:19.693+0000] {logging_mixin.py:190} INFO - [2025-04-21T11:34:19.692+0000] {dag.py:3239} INFO - Sync 1 DAGs
[2025-04-21T11:34:19.706+0000] {logging_mixin.py:190} INFO - [2025-04-21T11:34:19.705+0000] {dag.py:4180} INFO - Setting next_dagrun for example_trigger_target_dag to None, run_after=None
[2025-04-21T11:34:19.721+0000] {processor.py:208} INFO - Processing /home/airflow/.local/lib/python3.12/site-packages/airflow/example_dags/example_trigger_target_dag.py took 0.059 seconds
[2025-04-21T11:34:50.066+0000] {processor.py:186} INFO - Started process (PID=5273) to work on /home/airflow/.local/lib/python3.12/site-packages/airflow/example_dags/example_trigger_target_dag.py
[2025-04-21T11:34:50.067+0000] {processor.py:914} INFO - Processing file /home/airflow/.local/lib/python3.12/site-packages/airflow/example_dags/example_trigger_target_dag.py for tasks to queue
[2025-04-21T11:34:50.069+0000] {logging_mixin.py:190} INFO - [2025-04-21T11:34:50.068+0000] {dagbag.py:588} INFO - Filling up the DagBag from /home/airflow/.local/lib/python3.12/site-packages/airflow/example_dags/example_trigger_target_dag.py
[2025-04-21T11:34:50.075+0000] {processor.py:925} INFO - DAG(s) 'example_trigger_target_dag' retrieved from /home/airflow/.local/lib/python3.12/site-packages/airflow/example_dags/example_trigger_target_dag.py
[2025-04-21T11:34:50.093+0000] {logging_mixin.py:190} INFO - [2025-04-21T11:34:50.093+0000] {dag.py:3239} INFO - Sync 1 DAGs
[2025-04-21T11:34:50.104+0000] {logging_mixin.py:190} INFO - [2025-04-21T11:34:50.104+0000] {dag.py:4180} INFO - Setting next_dagrun for example_trigger_target_dag to None, run_after=None
[2025-04-21T11:34:50.120+0000] {processor.py:208} INFO - Processing /home/airflow/.local/lib/python3.12/site-packages/airflow/example_dags/example_trigger_target_dag.py took 0.059 seconds
[2025-04-21T11:35:21.491+0000] {processor.py:186} INFO - Started process (PID=5338) to work on /home/airflow/.local/lib/python3.12/site-packages/airflow/example_dags/example_trigger_target_dag.py
[2025-04-21T11:35:21.491+0000] {processor.py:914} INFO - Processing file /home/airflow/.local/lib/python3.12/site-packages/airflow/example_dags/example_trigger_target_dag.py for tasks to queue
[2025-04-21T11:35:21.494+0000] {logging_mixin.py:190} INFO - [2025-04-21T11:35:21.493+0000] {dagbag.py:588} INFO - Filling up the DagBag from /home/airflow/.local/lib/python3.12/site-packages/airflow/example_dags/example_trigger_target_dag.py
[2025-04-21T11:35:21.501+0000] {processor.py:925} INFO - DAG(s) 'example_trigger_target_dag' retrieved from /home/airflow/.local/lib/python3.12/site-packages/airflow/example_dags/example_trigger_target_dag.py
[2025-04-21T11:35:21.521+0000] {logging_mixin.py:190} INFO - [2025-04-21T11:35:21.521+0000] {dag.py:3239} INFO - Sync 1 DAGs
[2025-04-21T11:35:21.534+0000] {logging_mixin.py:190} INFO - [2025-04-21T11:35:21.534+0000] {dag.py:4180} INFO - Setting next_dagrun for example_trigger_target_dag to None, run_after=None
[2025-04-21T11:35:21.552+0000] {processor.py:208} INFO - Processing /home/airflow/.local/lib/python3.12/site-packages/airflow/example_dags/example_trigger_target_dag.py took 0.066 seconds
[2025-04-21T11:35:52.046+0000] {processor.py:186} INFO - Started process (PID=5403) to work on /home/airflow/.local/lib/python3.12/site-packages/airflow/example_dags/example_trigger_target_dag.py
[2025-04-21T11:35:52.047+0000] {processor.py:914} INFO - Processing file /home/airflow/.local/lib/python3.12/site-packages/airflow/example_dags/example_trigger_target_dag.py for tasks to queue
[2025-04-21T11:35:52.049+0000] {logging_mixin.py:190} INFO - [2025-04-21T11:35:52.049+0000] {dagbag.py:588} INFO - Filling up the DagBag from /home/airflow/.local/lib/python3.12/site-packages/airflow/example_dags/example_trigger_target_dag.py
[2025-04-21T11:35:52.055+0000] {processor.py:925} INFO - DAG(s) 'example_trigger_target_dag' retrieved from /home/airflow/.local/lib/python3.12/site-packages/airflow/example_dags/example_trigger_target_dag.py
[2025-04-21T11:35:52.070+0000] {logging_mixin.py:190} INFO - [2025-04-21T11:35:52.070+0000] {dag.py:3239} INFO - Sync 1 DAGs
[2025-04-21T11:35:52.082+0000] {logging_mixin.py:190} INFO - [2025-04-21T11:35:52.082+0000] {dag.py:4180} INFO - Setting next_dagrun for example_trigger_target_dag to None, run_after=None
[2025-04-21T11:35:52.096+0000] {processor.py:208} INFO - Processing /home/airflow/.local/lib/python3.12/site-packages/airflow/example_dags/example_trigger_target_dag.py took 0.054 seconds
[2025-04-21T11:36:22.693+0000] {processor.py:186} INFO - Started process (PID=5467) to work on /home/airflow/.local/lib/python3.12/site-packages/airflow/example_dags/example_trigger_target_dag.py
[2025-04-21T11:36:22.694+0000] {processor.py:914} INFO - Processing file /home/airflow/.local/lib/python3.12/site-packages/airflow/example_dags/example_trigger_target_dag.py for tasks to queue
[2025-04-21T11:36:22.696+0000] {logging_mixin.py:190} INFO - [2025-04-21T11:36:22.696+0000] {dagbag.py:588} INFO - Filling up the DagBag from /home/airflow/.local/lib/python3.12/site-packages/airflow/example_dags/example_trigger_target_dag.py
[2025-04-21T11:36:22.702+0000] {processor.py:925} INFO - DAG(s) 'example_trigger_target_dag' retrieved from /home/airflow/.local/lib/python3.12/site-packages/airflow/example_dags/example_trigger_target_dag.py
[2025-04-21T11:36:22.716+0000] {logging_mixin.py:190} INFO - [2025-04-21T11:36:22.716+0000] {dag.py:3239} INFO - Sync 1 DAGs
[2025-04-21T11:36:22.728+0000] {logging_mixin.py:190} INFO - [2025-04-21T11:36:22.728+0000] {dag.py:4180} INFO - Setting next_dagrun for example_trigger_target_dag to None, run_after=None
[2025-04-21T11:36:22.743+0000] {processor.py:208} INFO - Processing /home/airflow/.local/lib/python3.12/site-packages/airflow/example_dags/example_trigger_target_dag.py took 0.054 seconds
[2025-04-21T11:36:53.350+0000] {processor.py:186} INFO - Started process (PID=5531) to work on /home/airflow/.local/lib/python3.12/site-packages/airflow/example_dags/example_trigger_target_dag.py
[2025-04-21T11:36:53.351+0000] {processor.py:914} INFO - Processing file /home/airflow/.local/lib/python3.12/site-packages/airflow/example_dags/example_trigger_target_dag.py for tasks to queue
[2025-04-21T11:36:53.353+0000] {logging_mixin.py:190} INFO - [2025-04-21T11:36:53.353+0000] {dagbag.py:588} INFO - Filling up the DagBag from /home/airflow/.local/lib/python3.12/site-packages/airflow/example_dags/example_trigger_target_dag.py
[2025-04-21T11:36:53.359+0000] {processor.py:925} INFO - DAG(s) 'example_trigger_target_dag' retrieved from /home/airflow/.local/lib/python3.12/site-packages/airflow/example_dags/example_trigger_target_dag.py
[2025-04-21T11:36:53.375+0000] {logging_mixin.py:190} INFO - [2025-04-21T11:36:53.374+0000] {dag.py:3239} INFO - Sync 1 DAGs
[2025-04-21T11:36:53.386+0000] {logging_mixin.py:190} INFO - [2025-04-21T11:36:53.386+0000] {dag.py:4180} INFO - Setting next_dagrun for example_trigger_target_dag to None, run_after=None
[2025-04-21T11:36:53.402+0000] {processor.py:208} INFO - Processing /home/airflow/.local/lib/python3.12/site-packages/airflow/example_dags/example_trigger_target_dag.py took 0.056 seconds
[2025-04-21T11:37:23.691+0000] {processor.py:186} INFO - Started process (PID=5594) to work on /home/airflow/.local/lib/python3.12/site-packages/airflow/example_dags/example_trigger_target_dag.py
[2025-04-21T11:37:23.692+0000] {processor.py:914} INFO - Processing file /home/airflow/.local/lib/python3.12/site-packages/airflow/example_dags/example_trigger_target_dag.py for tasks to queue
[2025-04-21T11:37:23.694+0000] {logging_mixin.py:190} INFO - [2025-04-21T11:37:23.693+0000] {dagbag.py:588} INFO - Filling up the DagBag from /home/airflow/.local/lib/python3.12/site-packages/airflow/example_dags/example_trigger_target_dag.py
[2025-04-21T11:37:23.700+0000] {processor.py:925} INFO - DAG(s) 'example_trigger_target_dag' retrieved from /home/airflow/.local/lib/python3.12/site-packages/airflow/example_dags/example_trigger_target_dag.py
[2025-04-21T11:37:23.714+0000] {logging_mixin.py:190} INFO - [2025-04-21T11:37:23.714+0000] {dag.py:3239} INFO - Sync 1 DAGs
[2025-04-21T11:37:23.727+0000] {logging_mixin.py:190} INFO - [2025-04-21T11:37:23.727+0000] {dag.py:4180} INFO - Setting next_dagrun for example_trigger_target_dag to None, run_after=None
[2025-04-21T11:37:23.742+0000] {processor.py:208} INFO - Processing /home/airflow/.local/lib/python3.12/site-packages/airflow/example_dags/example_trigger_target_dag.py took 0.056 seconds
[2025-04-21T11:37:54.373+0000] {processor.py:186} INFO - Started process (PID=5658) to work on /home/airflow/.local/lib/python3.12/site-packages/airflow/example_dags/example_trigger_target_dag.py
[2025-04-21T11:37:54.374+0000] {processor.py:914} INFO - Processing file /home/airflow/.local/lib/python3.12/site-packages/airflow/example_dags/example_trigger_target_dag.py for tasks to queue
[2025-04-21T11:37:54.376+0000] {logging_mixin.py:190} INFO - [2025-04-21T11:37:54.376+0000] {dagbag.py:588} INFO - Filling up the DagBag from /home/airflow/.local/lib/python3.12/site-packages/airflow/example_dags/example_trigger_target_dag.py
[2025-04-21T11:37:54.383+0000] {processor.py:925} INFO - DAG(s) 'example_trigger_target_dag' retrieved from /home/airflow/.local/lib/python3.12/site-packages/airflow/example_dags/example_trigger_target_dag.py
[2025-04-21T11:37:54.400+0000] {logging_mixin.py:190} INFO - [2025-04-21T11:37:54.400+0000] {dag.py:3239} INFO - Sync 1 DAGs
[2025-04-21T11:37:54.412+0000] {logging_mixin.py:190} INFO - [2025-04-21T11:37:54.412+0000] {dag.py:4180} INFO - Setting next_dagrun for example_trigger_target_dag to None, run_after=None
[2025-04-21T11:37:54.430+0000] {processor.py:208} INFO - Processing /home/airflow/.local/lib/python3.12/site-packages/airflow/example_dags/example_trigger_target_dag.py took 0.061 seconds
[2025-04-21T11:38:24.693+0000] {processor.py:186} INFO - Started process (PID=5721) to work on /home/airflow/.local/lib/python3.12/site-packages/airflow/example_dags/example_trigger_target_dag.py
[2025-04-21T11:38:24.693+0000] {processor.py:914} INFO - Processing file /home/airflow/.local/lib/python3.12/site-packages/airflow/example_dags/example_trigger_target_dag.py for tasks to queue
[2025-04-21T11:38:24.695+0000] {logging_mixin.py:190} INFO - [2025-04-21T11:38:24.695+0000] {dagbag.py:588} INFO - Filling up the DagBag from /home/airflow/.local/lib/python3.12/site-packages/airflow/example_dags/example_trigger_target_dag.py
[2025-04-21T11:38:24.702+0000] {processor.py:925} INFO - DAG(s) 'example_trigger_target_dag' retrieved from /home/airflow/.local/lib/python3.12/site-packages/airflow/example_dags/example_trigger_target_dag.py
[2025-04-21T11:38:24.718+0000] {logging_mixin.py:190} INFO - [2025-04-21T11:38:24.718+0000] {dag.py:3239} INFO - Sync 1 DAGs
[2025-04-21T11:38:24.729+0000] {logging_mixin.py:190} INFO - [2025-04-21T11:38:24.729+0000] {dag.py:4180} INFO - Setting next_dagrun for example_trigger_target_dag to None, run_after=None
[2025-04-21T11:38:24.747+0000] {processor.py:208} INFO - Processing /home/airflow/.local/lib/python3.12/site-packages/airflow/example_dags/example_trigger_target_dag.py took 0.058 seconds
[2025-04-21T11:38:54.923+0000] {processor.py:186} INFO - Started process (PID=5785) to work on /home/airflow/.local/lib/python3.12/site-packages/airflow/example_dags/example_trigger_target_dag.py
[2025-04-21T11:38:54.924+0000] {processor.py:914} INFO - Processing file /home/airflow/.local/lib/python3.12/site-packages/airflow/example_dags/example_trigger_target_dag.py for tasks to queue
[2025-04-21T11:38:54.926+0000] {logging_mixin.py:190} INFO - [2025-04-21T11:38:54.926+0000] {dagbag.py:588} INFO - Filling up the DagBag from /home/airflow/.local/lib/python3.12/site-packages/airflow/example_dags/example_trigger_target_dag.py
[2025-04-21T11:38:54.932+0000] {processor.py:925} INFO - DAG(s) 'example_trigger_target_dag' retrieved from /home/airflow/.local/lib/python3.12/site-packages/airflow/example_dags/example_trigger_target_dag.py
[2025-04-21T11:38:54.950+0000] {logging_mixin.py:190} INFO - [2025-04-21T11:38:54.950+0000] {dag.py:3239} INFO - Sync 1 DAGs
[2025-04-21T11:38:54.961+0000] {logging_mixin.py:190} INFO - [2025-04-21T11:38:54.961+0000] {dag.py:4180} INFO - Setting next_dagrun for example_trigger_target_dag to None, run_after=None
[2025-04-21T11:38:54.977+0000] {processor.py:208} INFO - Processing /home/airflow/.local/lib/python3.12/site-packages/airflow/example_dags/example_trigger_target_dag.py took 0.058 seconds
[2025-04-21T11:39:25.786+0000] {processor.py:186} INFO - Started process (PID=5849) to work on /home/airflow/.local/lib/python3.12/site-packages/airflow/example_dags/example_trigger_target_dag.py
[2025-04-21T11:39:25.787+0000] {processor.py:914} INFO - Processing file /home/airflow/.local/lib/python3.12/site-packages/airflow/example_dags/example_trigger_target_dag.py for tasks to queue
[2025-04-21T11:39:25.789+0000] {logging_mixin.py:190} INFO - [2025-04-21T11:39:25.789+0000] {dagbag.py:588} INFO - Filling up the DagBag from /home/airflow/.local/lib/python3.12/site-packages/airflow/example_dags/example_trigger_target_dag.py
[2025-04-21T11:39:25.795+0000] {processor.py:925} INFO - DAG(s) 'example_trigger_target_dag' retrieved from /home/airflow/.local/lib/python3.12/site-packages/airflow/example_dags/example_trigger_target_dag.py
[2025-04-21T11:39:25.813+0000] {logging_mixin.py:190} INFO - [2025-04-21T11:39:25.812+0000] {dag.py:3239} INFO - Sync 1 DAGs
[2025-04-21T11:39:25.824+0000] {logging_mixin.py:190} INFO - [2025-04-21T11:39:25.823+0000] {dag.py:4180} INFO - Setting next_dagrun for example_trigger_target_dag to None, run_after=None
[2025-04-21T11:39:25.841+0000] {processor.py:208} INFO - Processing /home/airflow/.local/lib/python3.12/site-packages/airflow/example_dags/example_trigger_target_dag.py took 0.058 seconds
[2025-04-21T11:39:56.515+0000] {processor.py:186} INFO - Started process (PID=5913) to work on /home/airflow/.local/lib/python3.12/site-packages/airflow/example_dags/example_trigger_target_dag.py
[2025-04-21T11:39:56.516+0000] {processor.py:914} INFO - Processing file /home/airflow/.local/lib/python3.12/site-packages/airflow/example_dags/example_trigger_target_dag.py for tasks to queue
[2025-04-21T11:39:56.518+0000] {logging_mixin.py:190} INFO - [2025-04-21T11:39:56.518+0000] {dagbag.py:588} INFO - Filling up the DagBag from /home/airflow/.local/lib/python3.12/site-packages/airflow/example_dags/example_trigger_target_dag.py
[2025-04-21T11:39:56.525+0000] {processor.py:925} INFO - DAG(s) 'example_trigger_target_dag' retrieved from /home/airflow/.local/lib/python3.12/site-packages/airflow/example_dags/example_trigger_target_dag.py
[2025-04-21T11:39:56.541+0000] {logging_mixin.py:190} INFO - [2025-04-21T11:39:56.541+0000] {dag.py:3239} INFO - Sync 1 DAGs
[2025-04-21T11:39:56.556+0000] {logging_mixin.py:190} INFO - [2025-04-21T11:39:56.555+0000] {dag.py:4180} INFO - Setting next_dagrun for example_trigger_target_dag to None, run_after=None
[2025-04-21T11:39:56.576+0000] {processor.py:208} INFO - Processing /home/airflow/.local/lib/python3.12/site-packages/airflow/example_dags/example_trigger_target_dag.py took 0.066 seconds
[2025-04-21T11:40:26.713+0000] {processor.py:186} INFO - Started process (PID=5977) to work on /home/airflow/.local/lib/python3.12/site-packages/airflow/example_dags/example_trigger_target_dag.py
[2025-04-21T11:40:26.713+0000] {processor.py:914} INFO - Processing file /home/airflow/.local/lib/python3.12/site-packages/airflow/example_dags/example_trigger_target_dag.py for tasks to queue
[2025-04-21T11:40:26.715+0000] {logging_mixin.py:190} INFO - [2025-04-21T11:40:26.715+0000] {dagbag.py:588} INFO - Filling up the DagBag from /home/airflow/.local/lib/python3.12/site-packages/airflow/example_dags/example_trigger_target_dag.py
[2025-04-21T11:40:26.722+0000] {processor.py:925} INFO - DAG(s) 'example_trigger_target_dag' retrieved from /home/airflow/.local/lib/python3.12/site-packages/airflow/example_dags/example_trigger_target_dag.py
[2025-04-21T11:40:26.738+0000] {logging_mixin.py:190} INFO - [2025-04-21T11:40:26.738+0000] {dag.py:3239} INFO - Sync 1 DAGs
[2025-04-21T11:40:26.752+0000] {logging_mixin.py:190} INFO - [2025-04-21T11:40:26.752+0000] {dag.py:4180} INFO - Setting next_dagrun for example_trigger_target_dag to None, run_after=None
[2025-04-21T11:40:26.770+0000] {processor.py:208} INFO - Processing /home/airflow/.local/lib/python3.12/site-packages/airflow/example_dags/example_trigger_target_dag.py took 0.061 seconds
[2025-04-21T11:40:57.835+0000] {processor.py:186} INFO - Started process (PID=6041) to work on /home/airflow/.local/lib/python3.12/site-packages/airflow/example_dags/example_trigger_target_dag.py
[2025-04-21T11:40:57.836+0000] {processor.py:914} INFO - Processing file /home/airflow/.local/lib/python3.12/site-packages/airflow/example_dags/example_trigger_target_dag.py for tasks to queue
[2025-04-21T11:40:57.838+0000] {logging_mixin.py:190} INFO - [2025-04-21T11:40:57.838+0000] {dagbag.py:588} INFO - Filling up the DagBag from /home/airflow/.local/lib/python3.12/site-packages/airflow/example_dags/example_trigger_target_dag.py
[2025-04-21T11:40:57.845+0000] {processor.py:925} INFO - DAG(s) 'example_trigger_target_dag' retrieved from /home/airflow/.local/lib/python3.12/site-packages/airflow/example_dags/example_trigger_target_dag.py
[2025-04-21T11:40:57.861+0000] {logging_mixin.py:190} INFO - [2025-04-21T11:40:57.861+0000] {dag.py:3239} INFO - Sync 1 DAGs
[2025-04-21T11:40:57.872+0000] {logging_mixin.py:190} INFO - [2025-04-21T11:40:57.872+0000] {dag.py:4180} INFO - Setting next_dagrun for example_trigger_target_dag to None, run_after=None
[2025-04-21T11:40:57.891+0000] {processor.py:208} INFO - Processing /home/airflow/.local/lib/python3.12/site-packages/airflow/example_dags/example_trigger_target_dag.py took 0.061 seconds
[2025-04-21T11:41:28.996+0000] {processor.py:186} INFO - Started process (PID=6105) to work on /home/airflow/.local/lib/python3.12/site-packages/airflow/example_dags/example_trigger_target_dag.py
[2025-04-21T11:41:28.996+0000] {processor.py:914} INFO - Processing file /home/airflow/.local/lib/python3.12/site-packages/airflow/example_dags/example_trigger_target_dag.py for tasks to queue
[2025-04-21T11:41:28.999+0000] {logging_mixin.py:190} INFO - [2025-04-21T11:41:28.998+0000] {dagbag.py:588} INFO - Filling up the DagBag from /home/airflow/.local/lib/python3.12/site-packages/airflow/example_dags/example_trigger_target_dag.py
[2025-04-21T11:41:29.006+0000] {processor.py:925} INFO - DAG(s) 'example_trigger_target_dag' retrieved from /home/airflow/.local/lib/python3.12/site-packages/airflow/example_dags/example_trigger_target_dag.py
[2025-04-21T11:41:29.024+0000] {logging_mixin.py:190} INFO - [2025-04-21T11:41:29.024+0000] {dag.py:3239} INFO - Sync 1 DAGs
[2025-04-21T11:41:29.036+0000] {logging_mixin.py:190} INFO - [2025-04-21T11:41:29.036+0000] {dag.py:4180} INFO - Setting next_dagrun for example_trigger_target_dag to None, run_after=None
[2025-04-21T11:41:29.056+0000] {processor.py:208} INFO - Processing /home/airflow/.local/lib/python3.12/site-packages/airflow/example_dags/example_trigger_target_dag.py took 0.066 seconds
[2025-04-21T11:41:59.103+0000] {processor.py:186} INFO - Started process (PID=6168) to work on /home/airflow/.local/lib/python3.12/site-packages/airflow/example_dags/example_trigger_target_dag.py
[2025-04-21T11:41:59.103+0000] {processor.py:914} INFO - Processing file /home/airflow/.local/lib/python3.12/site-packages/airflow/example_dags/example_trigger_target_dag.py for tasks to queue
[2025-04-21T11:41:59.105+0000] {logging_mixin.py:190} INFO - [2025-04-21T11:41:59.105+0000] {dagbag.py:588} INFO - Filling up the DagBag from /home/airflow/.local/lib/python3.12/site-packages/airflow/example_dags/example_trigger_target_dag.py
[2025-04-21T11:41:59.111+0000] {processor.py:925} INFO - DAG(s) 'example_trigger_target_dag' retrieved from /home/airflow/.local/lib/python3.12/site-packages/airflow/example_dags/example_trigger_target_dag.py
[2025-04-21T11:41:59.125+0000] {logging_mixin.py:190} INFO - [2025-04-21T11:41:59.125+0000] {dag.py:3239} INFO - Sync 1 DAGs
[2025-04-21T11:41:59.137+0000] {logging_mixin.py:190} INFO - [2025-04-21T11:41:59.137+0000] {dag.py:4180} INFO - Setting next_dagrun for example_trigger_target_dag to None, run_after=None
[2025-04-21T11:41:59.154+0000] {processor.py:208} INFO - Processing /home/airflow/.local/lib/python3.12/site-packages/airflow/example_dags/example_trigger_target_dag.py took 0.056 seconds
[2025-04-21T11:42:29.710+0000] {processor.py:186} INFO - Started process (PID=6232) to work on /home/airflow/.local/lib/python3.12/site-packages/airflow/example_dags/example_trigger_target_dag.py
[2025-04-21T11:42:29.712+0000] {processor.py:914} INFO - Processing file /home/airflow/.local/lib/python3.12/site-packages/airflow/example_dags/example_trigger_target_dag.py for tasks to queue
[2025-04-21T11:42:29.714+0000] {logging_mixin.py:190} INFO - [2025-04-21T11:42:29.713+0000] {dagbag.py:588} INFO - Filling up the DagBag from /home/airflow/.local/lib/python3.12/site-packages/airflow/example_dags/example_trigger_target_dag.py
[2025-04-21T11:42:29.720+0000] {processor.py:925} INFO - DAG(s) 'example_trigger_target_dag' retrieved from /home/airflow/.local/lib/python3.12/site-packages/airflow/example_dags/example_trigger_target_dag.py
[2025-04-21T11:42:29.737+0000] {logging_mixin.py:190} INFO - [2025-04-21T11:42:29.737+0000] {dag.py:3239} INFO - Sync 1 DAGs
[2025-04-21T11:42:29.747+0000] {logging_mixin.py:190} INFO - [2025-04-21T11:42:29.747+0000] {dag.py:4180} INFO - Setting next_dagrun for example_trigger_target_dag to None, run_after=None
[2025-04-21T11:42:29.763+0000] {processor.py:208} INFO - Processing /home/airflow/.local/lib/python3.12/site-packages/airflow/example_dags/example_trigger_target_dag.py took 0.058 seconds
[2025-04-21T11:43:00.757+0000] {processor.py:186} INFO - Started process (PID=6296) to work on /home/airflow/.local/lib/python3.12/site-packages/airflow/example_dags/example_trigger_target_dag.py
[2025-04-21T11:43:00.759+0000] {processor.py:914} INFO - Processing file /home/airflow/.local/lib/python3.12/site-packages/airflow/example_dags/example_trigger_target_dag.py for tasks to queue
[2025-04-21T11:43:00.762+0000] {logging_mixin.py:190} INFO - [2025-04-21T11:43:00.761+0000] {dagbag.py:588} INFO - Filling up the DagBag from /home/airflow/.local/lib/python3.12/site-packages/airflow/example_dags/example_trigger_target_dag.py
[2025-04-21T11:43:00.774+0000] {processor.py:925} INFO - DAG(s) 'example_trigger_target_dag' retrieved from /home/airflow/.local/lib/python3.12/site-packages/airflow/example_dags/example_trigger_target_dag.py
[2025-04-21T11:43:00.806+0000] {logging_mixin.py:190} INFO - [2025-04-21T11:43:00.806+0000] {dag.py:3239} INFO - Sync 1 DAGs
[2025-04-21T11:43:00.828+0000] {logging_mixin.py:190} INFO - [2025-04-21T11:43:00.827+0000] {dag.py:4180} INFO - Setting next_dagrun for example_trigger_target_dag to None, run_after=None
[2025-04-21T11:43:00.864+0000] {processor.py:208} INFO - Processing /home/airflow/.local/lib/python3.12/site-packages/airflow/example_dags/example_trigger_target_dag.py took 0.114 seconds
[2025-04-21T11:43:31.734+0000] {processor.py:186} INFO - Started process (PID=6360) to work on /home/airflow/.local/lib/python3.12/site-packages/airflow/example_dags/example_trigger_target_dag.py
[2025-04-21T11:43:31.735+0000] {processor.py:914} INFO - Processing file /home/airflow/.local/lib/python3.12/site-packages/airflow/example_dags/example_trigger_target_dag.py for tasks to queue
[2025-04-21T11:43:31.741+0000] {logging_mixin.py:190} INFO - [2025-04-21T11:43:31.740+0000] {dagbag.py:588} INFO - Filling up the DagBag from /home/airflow/.local/lib/python3.12/site-packages/airflow/example_dags/example_trigger_target_dag.py
[2025-04-21T11:43:31.755+0000] {processor.py:925} INFO - DAG(s) 'example_trigger_target_dag' retrieved from /home/airflow/.local/lib/python3.12/site-packages/airflow/example_dags/example_trigger_target_dag.py
[2025-04-21T11:43:31.783+0000] {logging_mixin.py:190} INFO - [2025-04-21T11:43:31.782+0000] {dag.py:3239} INFO - Sync 1 DAGs
[2025-04-21T11:43:31.807+0000] {logging_mixin.py:190} INFO - [2025-04-21T11:43:31.807+0000] {dag.py:4180} INFO - Setting next_dagrun for example_trigger_target_dag to None, run_after=None
[2025-04-21T11:43:31.838+0000] {processor.py:208} INFO - Processing /home/airflow/.local/lib/python3.12/site-packages/airflow/example_dags/example_trigger_target_dag.py took 0.112 seconds
[2025-04-21T11:44:02.300+0000] {processor.py:186} INFO - Started process (PID=6424) to work on /home/airflow/.local/lib/python3.12/site-packages/airflow/example_dags/example_trigger_target_dag.py
[2025-04-21T11:44:02.301+0000] {processor.py:914} INFO - Processing file /home/airflow/.local/lib/python3.12/site-packages/airflow/example_dags/example_trigger_target_dag.py for tasks to queue
[2025-04-21T11:44:02.305+0000] {logging_mixin.py:190} INFO - [2025-04-21T11:44:02.305+0000] {dagbag.py:588} INFO - Filling up the DagBag from /home/airflow/.local/lib/python3.12/site-packages/airflow/example_dags/example_trigger_target_dag.py
[2025-04-21T11:44:02.317+0000] {processor.py:925} INFO - DAG(s) 'example_trigger_target_dag' retrieved from /home/airflow/.local/lib/python3.12/site-packages/airflow/example_dags/example_trigger_target_dag.py
[2025-04-21T11:44:02.351+0000] {logging_mixin.py:190} INFO - [2025-04-21T11:44:02.350+0000] {dag.py:3239} INFO - Sync 1 DAGs
[2025-04-21T11:44:02.383+0000] {logging_mixin.py:190} INFO - [2025-04-21T11:44:02.382+0000] {dag.py:4180} INFO - Setting next_dagrun for example_trigger_target_dag to None, run_after=None
[2025-04-21T11:44:02.426+0000] {processor.py:208} INFO - Processing /home/airflow/.local/lib/python3.12/site-packages/airflow/example_dags/example_trigger_target_dag.py took 0.134 seconds
[2025-04-21T11:44:32.977+0000] {processor.py:186} INFO - Started process (PID=6488) to work on /home/airflow/.local/lib/python3.12/site-packages/airflow/example_dags/example_trigger_target_dag.py
[2025-04-21T11:44:32.978+0000] {processor.py:914} INFO - Processing file /home/airflow/.local/lib/python3.12/site-packages/airflow/example_dags/example_trigger_target_dag.py for tasks to queue
[2025-04-21T11:44:32.983+0000] {logging_mixin.py:190} INFO - [2025-04-21T11:44:32.982+0000] {dagbag.py:588} INFO - Filling up the DagBag from /home/airflow/.local/lib/python3.12/site-packages/airflow/example_dags/example_trigger_target_dag.py
[2025-04-21T11:44:32.995+0000] {processor.py:925} INFO - DAG(s) 'example_trigger_target_dag' retrieved from /home/airflow/.local/lib/python3.12/site-packages/airflow/example_dags/example_trigger_target_dag.py
[2025-04-21T11:44:33.021+0000] {logging_mixin.py:190} INFO - [2025-04-21T11:44:33.021+0000] {dag.py:3239} INFO - Sync 1 DAGs
[2025-04-21T11:44:33.042+0000] {logging_mixin.py:190} INFO - [2025-04-21T11:44:33.042+0000] {dag.py:4180} INFO - Setting next_dagrun for example_trigger_target_dag to None, run_after=None
[2025-04-21T11:44:33.071+0000] {processor.py:208} INFO - Processing /home/airflow/.local/lib/python3.12/site-packages/airflow/example_dags/example_trigger_target_dag.py took 0.102 seconds
[2025-04-21T11:45:03.633+0000] {processor.py:186} INFO - Started process (PID=6552) to work on /home/airflow/.local/lib/python3.12/site-packages/airflow/example_dags/example_trigger_target_dag.py
[2025-04-21T11:45:03.635+0000] {processor.py:914} INFO - Processing file /home/airflow/.local/lib/python3.12/site-packages/airflow/example_dags/example_trigger_target_dag.py for tasks to queue
[2025-04-21T11:45:03.641+0000] {logging_mixin.py:190} INFO - [2025-04-21T11:45:03.640+0000] {dagbag.py:588} INFO - Filling up the DagBag from /home/airflow/.local/lib/python3.12/site-packages/airflow/example_dags/example_trigger_target_dag.py
[2025-04-21T11:45:03.659+0000] {processor.py:925} INFO - DAG(s) 'example_trigger_target_dag' retrieved from /home/airflow/.local/lib/python3.12/site-packages/airflow/example_dags/example_trigger_target_dag.py
[2025-04-21T11:45:03.701+0000] {logging_mixin.py:190} INFO - [2025-04-21T11:45:03.700+0000] {dag.py:3239} INFO - Sync 1 DAGs
[2025-04-21T11:45:03.733+0000] {logging_mixin.py:190} INFO - [2025-04-21T11:45:03.732+0000] {dag.py:4180} INFO - Setting next_dagrun for example_trigger_target_dag to None, run_after=None
[2025-04-21T11:45:03.774+0000] {processor.py:208} INFO - Processing /home/airflow/.local/lib/python3.12/site-packages/airflow/example_dags/example_trigger_target_dag.py took 0.152 seconds
[2025-04-21T11:45:33.930+0000] {processor.py:186} INFO - Started process (PID=6616) to work on /home/airflow/.local/lib/python3.12/site-packages/airflow/example_dags/example_trigger_target_dag.py
[2025-04-21T11:45:33.932+0000] {processor.py:914} INFO - Processing file /home/airflow/.local/lib/python3.12/site-packages/airflow/example_dags/example_trigger_target_dag.py for tasks to queue
[2025-04-21T11:45:33.936+0000] {logging_mixin.py:190} INFO - [2025-04-21T11:45:33.936+0000] {dagbag.py:588} INFO - Filling up the DagBag from /home/airflow/.local/lib/python3.12/site-packages/airflow/example_dags/example_trigger_target_dag.py
[2025-04-21T11:45:33.948+0000] {processor.py:925} INFO - DAG(s) 'example_trigger_target_dag' retrieved from /home/airflow/.local/lib/python3.12/site-packages/airflow/example_dags/example_trigger_target_dag.py
[2025-04-21T11:45:33.980+0000] {logging_mixin.py:190} INFO - [2025-04-21T11:45:33.979+0000] {dag.py:3239} INFO - Sync 1 DAGs
[2025-04-21T11:45:34.010+0000] {logging_mixin.py:190} INFO - [2025-04-21T11:45:34.010+0000] {dag.py:4180} INFO - Setting next_dagrun for example_trigger_target_dag to None, run_after=None
[2025-04-21T11:45:34.048+0000] {processor.py:208} INFO - Processing /home/airflow/.local/lib/python3.12/site-packages/airflow/example_dags/example_trigger_target_dag.py took 0.126 seconds
[2025-04-21T11:46:04.134+0000] {processor.py:186} INFO - Started process (PID=6679) to work on /home/airflow/.local/lib/python3.12/site-packages/airflow/example_dags/example_trigger_target_dag.py
[2025-04-21T11:46:04.136+0000] {processor.py:914} INFO - Processing file /home/airflow/.local/lib/python3.12/site-packages/airflow/example_dags/example_trigger_target_dag.py for tasks to queue
[2025-04-21T11:46:04.140+0000] {logging_mixin.py:190} INFO - [2025-04-21T11:46:04.139+0000] {dagbag.py:588} INFO - Filling up the DagBag from /home/airflow/.local/lib/python3.12/site-packages/airflow/example_dags/example_trigger_target_dag.py
[2025-04-21T11:46:04.152+0000] {processor.py:925} INFO - DAG(s) 'example_trigger_target_dag' retrieved from /home/airflow/.local/lib/python3.12/site-packages/airflow/example_dags/example_trigger_target_dag.py
[2025-04-21T11:46:04.190+0000] {logging_mixin.py:190} INFO - [2025-04-21T11:46:04.190+0000] {dag.py:3239} INFO - Sync 1 DAGs
[2025-04-21T11:46:04.216+0000] {logging_mixin.py:190} INFO - [2025-04-21T11:46:04.215+0000] {dag.py:4180} INFO - Setting next_dagrun for example_trigger_target_dag to None, run_after=None
[2025-04-21T11:46:04.249+0000] {processor.py:208} INFO - Processing /home/airflow/.local/lib/python3.12/site-packages/airflow/example_dags/example_trigger_target_dag.py took 0.123 seconds
[2025-04-21T11:46:35.093+0000] {processor.py:186} INFO - Started process (PID=6744) to work on /home/airflow/.local/lib/python3.12/site-packages/airflow/example_dags/example_trigger_target_dag.py
[2025-04-21T11:46:35.095+0000] {processor.py:914} INFO - Processing file /home/airflow/.local/lib/python3.12/site-packages/airflow/example_dags/example_trigger_target_dag.py for tasks to queue
[2025-04-21T11:46:35.098+0000] {logging_mixin.py:190} INFO - [2025-04-21T11:46:35.098+0000] {dagbag.py:588} INFO - Filling up the DagBag from /home/airflow/.local/lib/python3.12/site-packages/airflow/example_dags/example_trigger_target_dag.py
[2025-04-21T11:46:35.108+0000] {processor.py:925} INFO - DAG(s) 'example_trigger_target_dag' retrieved from /home/airflow/.local/lib/python3.12/site-packages/airflow/example_dags/example_trigger_target_dag.py
[2025-04-21T11:46:35.133+0000] {logging_mixin.py:190} INFO - [2025-04-21T11:46:35.133+0000] {dag.py:3239} INFO - Sync 1 DAGs
[2025-04-21T11:46:35.153+0000] {logging_mixin.py:190} INFO - [2025-04-21T11:46:35.152+0000] {dag.py:4180} INFO - Setting next_dagrun for example_trigger_target_dag to None, run_after=None
[2025-04-21T11:46:35.179+0000] {processor.py:208} INFO - Processing /home/airflow/.local/lib/python3.12/site-packages/airflow/example_dags/example_trigger_target_dag.py took 0.092 seconds
[2025-04-21T11:47:05.711+0000] {processor.py:186} INFO - Started process (PID=6808) to work on /home/airflow/.local/lib/python3.12/site-packages/airflow/example_dags/example_trigger_target_dag.py
[2025-04-21T11:47:05.713+0000] {processor.py:914} INFO - Processing file /home/airflow/.local/lib/python3.12/site-packages/airflow/example_dags/example_trigger_target_dag.py for tasks to queue
[2025-04-21T11:47:05.716+0000] {logging_mixin.py:190} INFO - [2025-04-21T11:47:05.716+0000] {dagbag.py:588} INFO - Filling up the DagBag from /home/airflow/.local/lib/python3.12/site-packages/airflow/example_dags/example_trigger_target_dag.py
[2025-04-21T11:47:05.728+0000] {processor.py:925} INFO - DAG(s) 'example_trigger_target_dag' retrieved from /home/airflow/.local/lib/python3.12/site-packages/airflow/example_dags/example_trigger_target_dag.py
[2025-04-21T11:47:05.766+0000] {logging_mixin.py:190} INFO - [2025-04-21T11:47:05.765+0000] {dag.py:3239} INFO - Sync 1 DAGs
[2025-04-21T11:47:05.794+0000] {logging_mixin.py:190} INFO - [2025-04-21T11:47:05.794+0000] {dag.py:4180} INFO - Setting next_dagrun for example_trigger_target_dag to None, run_after=None
[2025-04-21T11:47:05.824+0000] {processor.py:208} INFO - Processing /home/airflow/.local/lib/python3.12/site-packages/airflow/example_dags/example_trigger_target_dag.py took 0.119 seconds
[2025-04-21T11:47:36.061+0000] {processor.py:186} INFO - Started process (PID=6872) to work on /home/airflow/.local/lib/python3.12/site-packages/airflow/example_dags/example_trigger_target_dag.py
[2025-04-21T11:47:36.062+0000] {processor.py:914} INFO - Processing file /home/airflow/.local/lib/python3.12/site-packages/airflow/example_dags/example_trigger_target_dag.py for tasks to queue
[2025-04-21T11:47:36.068+0000] {logging_mixin.py:190} INFO - [2025-04-21T11:47:36.067+0000] {dagbag.py:588} INFO - Filling up the DagBag from /home/airflow/.local/lib/python3.12/site-packages/airflow/example_dags/example_trigger_target_dag.py
[2025-04-21T11:47:36.086+0000] {processor.py:925} INFO - DAG(s) 'example_trigger_target_dag' retrieved from /home/airflow/.local/lib/python3.12/site-packages/airflow/example_dags/example_trigger_target_dag.py
[2025-04-21T11:47:36.123+0000] {logging_mixin.py:190} INFO - [2025-04-21T11:47:36.122+0000] {dag.py:3239} INFO - Sync 1 DAGs
[2025-04-21T11:47:36.145+0000] {logging_mixin.py:190} INFO - [2025-04-21T11:47:36.144+0000] {dag.py:4180} INFO - Setting next_dagrun for example_trigger_target_dag to None, run_after=None
[2025-04-21T11:47:36.174+0000] {processor.py:208} INFO - Processing /home/airflow/.local/lib/python3.12/site-packages/airflow/example_dags/example_trigger_target_dag.py took 0.125 seconds
[2025-04-21T11:48:06.663+0000] {processor.py:186} INFO - Started process (PID=6935) to work on /home/airflow/.local/lib/python3.12/site-packages/airflow/example_dags/example_trigger_target_dag.py
[2025-04-21T11:48:06.665+0000] {processor.py:914} INFO - Processing file /home/airflow/.local/lib/python3.12/site-packages/airflow/example_dags/example_trigger_target_dag.py for tasks to queue
[2025-04-21T11:48:06.669+0000] {logging_mixin.py:190} INFO - [2025-04-21T11:48:06.669+0000] {dagbag.py:588} INFO - Filling up the DagBag from /home/airflow/.local/lib/python3.12/site-packages/airflow/example_dags/example_trigger_target_dag.py
[2025-04-21T11:48:06.681+0000] {processor.py:925} INFO - DAG(s) 'example_trigger_target_dag' retrieved from /home/airflow/.local/lib/python3.12/site-packages/airflow/example_dags/example_trigger_target_dag.py
[2025-04-21T11:48:06.720+0000] {logging_mixin.py:190} INFO - [2025-04-21T11:48:06.719+0000] {dag.py:3239} INFO - Sync 1 DAGs
[2025-04-21T11:48:06.750+0000] {logging_mixin.py:190} INFO - [2025-04-21T11:48:06.749+0000] {dag.py:4180} INFO - Setting next_dagrun for example_trigger_target_dag to None, run_after=None
[2025-04-21T11:48:06.789+0000] {processor.py:208} INFO - Processing /home/airflow/.local/lib/python3.12/site-packages/airflow/example_dags/example_trigger_target_dag.py took 0.135 seconds
[2025-04-21T11:48:37.343+0000] {processor.py:186} INFO - Started process (PID=6999) to work on /home/airflow/.local/lib/python3.12/site-packages/airflow/example_dags/example_trigger_target_dag.py
[2025-04-21T11:48:37.346+0000] {processor.py:914} INFO - Processing file /home/airflow/.local/lib/python3.12/site-packages/airflow/example_dags/example_trigger_target_dag.py for tasks to queue
[2025-04-21T11:48:37.350+0000] {logging_mixin.py:190} INFO - [2025-04-21T11:48:37.350+0000] {dagbag.py:588} INFO - Filling up the DagBag from /home/airflow/.local/lib/python3.12/site-packages/airflow/example_dags/example_trigger_target_dag.py
[2025-04-21T11:48:37.364+0000] {processor.py:925} INFO - DAG(s) 'example_trigger_target_dag' retrieved from /home/airflow/.local/lib/python3.12/site-packages/airflow/example_dags/example_trigger_target_dag.py
[2025-04-21T11:48:37.396+0000] {logging_mixin.py:190} INFO - [2025-04-21T11:48:37.396+0000] {dag.py:3239} INFO - Sync 1 DAGs
[2025-04-21T11:48:37.418+0000] {logging_mixin.py:190} INFO - [2025-04-21T11:48:37.418+0000] {dag.py:4180} INFO - Setting next_dagrun for example_trigger_target_dag to None, run_after=None
[2025-04-21T11:48:37.455+0000] {processor.py:208} INFO - Processing /home/airflow/.local/lib/python3.12/site-packages/airflow/example_dags/example_trigger_target_dag.py took 0.125 seconds
[2025-04-21T11:49:07.779+0000] {processor.py:186} INFO - Started process (PID=7063) to work on /home/airflow/.local/lib/python3.12/site-packages/airflow/example_dags/example_trigger_target_dag.py
[2025-04-21T11:49:07.783+0000] {processor.py:914} INFO - Processing file /home/airflow/.local/lib/python3.12/site-packages/airflow/example_dags/example_trigger_target_dag.py for tasks to queue
[2025-04-21T11:49:07.788+0000] {logging_mixin.py:190} INFO - [2025-04-21T11:49:07.787+0000] {dagbag.py:588} INFO - Filling up the DagBag from /home/airflow/.local/lib/python3.12/site-packages/airflow/example_dags/example_trigger_target_dag.py
[2025-04-21T11:49:07.805+0000] {processor.py:925} INFO - DAG(s) 'example_trigger_target_dag' retrieved from /home/airflow/.local/lib/python3.12/site-packages/airflow/example_dags/example_trigger_target_dag.py
[2025-04-21T11:49:07.837+0000] {logging_mixin.py:190} INFO - [2025-04-21T11:49:07.836+0000] {dag.py:3239} INFO - Sync 1 DAGs
[2025-04-21T11:49:07.864+0000] {logging_mixin.py:190} INFO - [2025-04-21T11:49:07.864+0000] {dag.py:4180} INFO - Setting next_dagrun for example_trigger_target_dag to None, run_after=None
[2025-04-21T11:49:07.901+0000] {processor.py:208} INFO - Processing /home/airflow/.local/lib/python3.12/site-packages/airflow/example_dags/example_trigger_target_dag.py took 0.132 seconds
[2025-04-21T11:49:38.023+0000] {processor.py:186} INFO - Started process (PID=7127) to work on /home/airflow/.local/lib/python3.12/site-packages/airflow/example_dags/example_trigger_target_dag.py
[2025-04-21T11:49:38.025+0000] {processor.py:914} INFO - Processing file /home/airflow/.local/lib/python3.12/site-packages/airflow/example_dags/example_trigger_target_dag.py for tasks to queue
[2025-04-21T11:49:38.030+0000] {logging_mixin.py:190} INFO - [2025-04-21T11:49:38.030+0000] {dagbag.py:588} INFO - Filling up the DagBag from /home/airflow/.local/lib/python3.12/site-packages/airflow/example_dags/example_trigger_target_dag.py
[2025-04-21T11:49:38.045+0000] {processor.py:925} INFO - DAG(s) 'example_trigger_target_dag' retrieved from /home/airflow/.local/lib/python3.12/site-packages/airflow/example_dags/example_trigger_target_dag.py
[2025-04-21T11:49:38.087+0000] {logging_mixin.py:190} INFO - [2025-04-21T11:49:38.086+0000] {dag.py:3239} INFO - Sync 1 DAGs
[2025-04-21T11:49:38.119+0000] {logging_mixin.py:190} INFO - [2025-04-21T11:49:38.119+0000] {dag.py:4180} INFO - Setting next_dagrun for example_trigger_target_dag to None, run_after=None
[2025-04-21T11:49:38.154+0000] {processor.py:208} INFO - Processing /home/airflow/.local/lib/python3.12/site-packages/airflow/example_dags/example_trigger_target_dag.py took 0.142 seconds
[2025-04-21T11:50:08.298+0000] {processor.py:186} INFO - Started process (PID=7191) to work on /home/airflow/.local/lib/python3.12/site-packages/airflow/example_dags/example_trigger_target_dag.py
[2025-04-21T11:50:08.300+0000] {processor.py:914} INFO - Processing file /home/airflow/.local/lib/python3.12/site-packages/airflow/example_dags/example_trigger_target_dag.py for tasks to queue
[2025-04-21T11:50:08.306+0000] {logging_mixin.py:190} INFO - [2025-04-21T11:50:08.305+0000] {dagbag.py:588} INFO - Filling up the DagBag from /home/airflow/.local/lib/python3.12/site-packages/airflow/example_dags/example_trigger_target_dag.py
[2025-04-21T11:50:08.322+0000] {processor.py:925} INFO - DAG(s) 'example_trigger_target_dag' retrieved from /home/airflow/.local/lib/python3.12/site-packages/airflow/example_dags/example_trigger_target_dag.py
[2025-04-21T11:50:08.358+0000] {logging_mixin.py:190} INFO - [2025-04-21T11:50:08.357+0000] {dag.py:3239} INFO - Sync 1 DAGs
[2025-04-21T11:50:08.389+0000] {logging_mixin.py:190} INFO - [2025-04-21T11:50:08.388+0000] {dag.py:4180} INFO - Setting next_dagrun for example_trigger_target_dag to None, run_after=None
[2025-04-21T11:50:08.425+0000] {processor.py:208} INFO - Processing /home/airflow/.local/lib/python3.12/site-packages/airflow/example_dags/example_trigger_target_dag.py took 0.140 seconds
[2025-04-21T11:50:39.330+0000] {processor.py:186} INFO - Started process (PID=7255) to work on /home/airflow/.local/lib/python3.12/site-packages/airflow/example_dags/example_trigger_target_dag.py
[2025-04-21T11:50:39.331+0000] {processor.py:914} INFO - Processing file /home/airflow/.local/lib/python3.12/site-packages/airflow/example_dags/example_trigger_target_dag.py for tasks to queue
[2025-04-21T11:50:39.335+0000] {logging_mixin.py:190} INFO - [2025-04-21T11:50:39.335+0000] {dagbag.py:588} INFO - Filling up the DagBag from /home/airflow/.local/lib/python3.12/site-packages/airflow/example_dags/example_trigger_target_dag.py
[2025-04-21T11:50:39.350+0000] {processor.py:925} INFO - DAG(s) 'example_trigger_target_dag' retrieved from /home/airflow/.local/lib/python3.12/site-packages/airflow/example_dags/example_trigger_target_dag.py
[2025-04-21T11:50:39.380+0000] {logging_mixin.py:190} INFO - [2025-04-21T11:50:39.379+0000] {dag.py:3239} INFO - Sync 1 DAGs
[2025-04-21T11:50:39.400+0000] {logging_mixin.py:190} INFO - [2025-04-21T11:50:39.399+0000] {dag.py:4180} INFO - Setting next_dagrun for example_trigger_target_dag to None, run_after=None
[2025-04-21T11:50:39.428+0000] {processor.py:208} INFO - Processing /home/airflow/.local/lib/python3.12/site-packages/airflow/example_dags/example_trigger_target_dag.py took 0.108 seconds
[2025-04-21T11:51:10.029+0000] {processor.py:186} INFO - Started process (PID=7325) to work on /home/airflow/.local/lib/python3.12/site-packages/airflow/example_dags/example_trigger_target_dag.py
[2025-04-21T11:51:10.030+0000] {processor.py:914} INFO - Processing file /home/airflow/.local/lib/python3.12/site-packages/airflow/example_dags/example_trigger_target_dag.py for tasks to queue
[2025-04-21T11:51:10.034+0000] {logging_mixin.py:190} INFO - [2025-04-21T11:51:10.034+0000] {dagbag.py:588} INFO - Filling up the DagBag from /home/airflow/.local/lib/python3.12/site-packages/airflow/example_dags/example_trigger_target_dag.py
[2025-04-21T11:51:10.047+0000] {processor.py:925} INFO - DAG(s) 'example_trigger_target_dag' retrieved from /home/airflow/.local/lib/python3.12/site-packages/airflow/example_dags/example_trigger_target_dag.py
[2025-04-21T11:51:10.077+0000] {logging_mixin.py:190} INFO - [2025-04-21T11:51:10.077+0000] {dag.py:3239} INFO - Sync 1 DAGs
[2025-04-21T11:51:10.102+0000] {logging_mixin.py:190} INFO - [2025-04-21T11:51:10.102+0000] {dag.py:4180} INFO - Setting next_dagrun for example_trigger_target_dag to None, run_after=None
[2025-04-21T11:51:10.132+0000] {processor.py:208} INFO - Processing /home/airflow/.local/lib/python3.12/site-packages/airflow/example_dags/example_trigger_target_dag.py took 0.111 seconds
[2025-04-21T11:51:40.203+0000] {processor.py:186} INFO - Started process (PID=7389) to work on /home/airflow/.local/lib/python3.12/site-packages/airflow/example_dags/example_trigger_target_dag.py
[2025-04-21T11:51:40.205+0000] {processor.py:914} INFO - Processing file /home/airflow/.local/lib/python3.12/site-packages/airflow/example_dags/example_trigger_target_dag.py for tasks to queue
[2025-04-21T11:51:40.210+0000] {logging_mixin.py:190} INFO - [2025-04-21T11:51:40.210+0000] {dagbag.py:588} INFO - Filling up the DagBag from /home/airflow/.local/lib/python3.12/site-packages/airflow/example_dags/example_trigger_target_dag.py
[2025-04-21T11:51:40.221+0000] {processor.py:925} INFO - DAG(s) 'example_trigger_target_dag' retrieved from /home/airflow/.local/lib/python3.12/site-packages/airflow/example_dags/example_trigger_target_dag.py
[2025-04-21T11:51:40.250+0000] {logging_mixin.py:190} INFO - [2025-04-21T11:51:40.250+0000] {dag.py:3239} INFO - Sync 1 DAGs
[2025-04-21T11:51:40.277+0000] {logging_mixin.py:190} INFO - [2025-04-21T11:51:40.276+0000] {dag.py:4180} INFO - Setting next_dagrun for example_trigger_target_dag to None, run_after=None
[2025-04-21T11:51:40.311+0000] {processor.py:208} INFO - Processing /home/airflow/.local/lib/python3.12/site-packages/airflow/example_dags/example_trigger_target_dag.py took 0.119 seconds
[2025-04-21T11:52:12.995+0000] {processor.py:186} INFO - Started process (PID=7453) to work on /home/airflow/.local/lib/python3.12/site-packages/airflow/example_dags/example_trigger_target_dag.py
[2025-04-21T11:52:12.997+0000] {processor.py:914} INFO - Processing file /home/airflow/.local/lib/python3.12/site-packages/airflow/example_dags/example_trigger_target_dag.py for tasks to queue
[2025-04-21T11:52:13.002+0000] {logging_mixin.py:190} INFO - [2025-04-21T11:52:13.001+0000] {dagbag.py:588} INFO - Filling up the DagBag from /home/airflow/.local/lib/python3.12/site-packages/airflow/example_dags/example_trigger_target_dag.py
[2025-04-21T11:52:13.014+0000] {processor.py:925} INFO - DAG(s) 'example_trigger_target_dag' retrieved from /home/airflow/.local/lib/python3.12/site-packages/airflow/example_dags/example_trigger_target_dag.py
[2025-04-21T11:52:13.045+0000] {logging_mixin.py:190} INFO - [2025-04-21T11:52:13.044+0000] {dag.py:3239} INFO - Sync 1 DAGs
[2025-04-21T11:52:13.073+0000] {logging_mixin.py:190} INFO - [2025-04-21T11:52:13.073+0000] {dag.py:4180} INFO - Setting next_dagrun for example_trigger_target_dag to None, run_after=None
[2025-04-21T11:52:13.107+0000] {processor.py:208} INFO - Processing /home/airflow/.local/lib/python3.12/site-packages/airflow/example_dags/example_trigger_target_dag.py took 0.121 seconds
[2025-04-21T11:52:43.931+0000] {processor.py:186} INFO - Started process (PID=7517) to work on /home/airflow/.local/lib/python3.12/site-packages/airflow/example_dags/example_trigger_target_dag.py
[2025-04-21T11:52:43.932+0000] {processor.py:914} INFO - Processing file /home/airflow/.local/lib/python3.12/site-packages/airflow/example_dags/example_trigger_target_dag.py for tasks to queue
[2025-04-21T11:52:43.938+0000] {logging_mixin.py:190} INFO - [2025-04-21T11:52:43.937+0000] {dagbag.py:588} INFO - Filling up the DagBag from /home/airflow/.local/lib/python3.12/site-packages/airflow/example_dags/example_trigger_target_dag.py
[2025-04-21T11:52:43.949+0000] {processor.py:925} INFO - DAG(s) 'example_trigger_target_dag' retrieved from /home/airflow/.local/lib/python3.12/site-packages/airflow/example_dags/example_trigger_target_dag.py
[2025-04-21T11:52:43.987+0000] {logging_mixin.py:190} INFO - [2025-04-21T11:52:43.987+0000] {dag.py:3239} INFO - Sync 1 DAGs
[2025-04-21T11:52:44.016+0000] {logging_mixin.py:190} INFO - [2025-04-21T11:52:44.016+0000] {dag.py:4180} INFO - Setting next_dagrun for example_trigger_target_dag to None, run_after=None
[2025-04-21T11:52:44.049+0000] {processor.py:208} INFO - Processing /home/airflow/.local/lib/python3.12/site-packages/airflow/example_dags/example_trigger_target_dag.py took 0.125 seconds
[2025-04-21T11:53:15.436+0000] {processor.py:186} INFO - Started process (PID=7581) to work on /home/airflow/.local/lib/python3.12/site-packages/airflow/example_dags/example_trigger_target_dag.py
[2025-04-21T11:53:15.438+0000] {processor.py:914} INFO - Processing file /home/airflow/.local/lib/python3.12/site-packages/airflow/example_dags/example_trigger_target_dag.py for tasks to queue
[2025-04-21T11:53:15.443+0000] {logging_mixin.py:190} INFO - [2025-04-21T11:53:15.442+0000] {dagbag.py:588} INFO - Filling up the DagBag from /home/airflow/.local/lib/python3.12/site-packages/airflow/example_dags/example_trigger_target_dag.py
[2025-04-21T11:53:15.455+0000] {processor.py:925} INFO - DAG(s) 'example_trigger_target_dag' retrieved from /home/airflow/.local/lib/python3.12/site-packages/airflow/example_dags/example_trigger_target_dag.py
[2025-04-21T11:53:15.497+0000] {logging_mixin.py:190} INFO - [2025-04-21T11:53:15.496+0000] {dag.py:3239} INFO - Sync 1 DAGs
[2025-04-21T11:53:15.528+0000] {logging_mixin.py:190} INFO - [2025-04-21T11:53:15.527+0000] {dag.py:4180} INFO - Setting next_dagrun for example_trigger_target_dag to None, run_after=None
[2025-04-21T11:53:15.568+0000] {processor.py:208} INFO - Processing /home/airflow/.local/lib/python3.12/site-packages/airflow/example_dags/example_trigger_target_dag.py took 0.144 seconds
[2025-04-21T11:53:45.940+0000] {processor.py:186} INFO - Started process (PID=7644) to work on /home/airflow/.local/lib/python3.12/site-packages/airflow/example_dags/example_trigger_target_dag.py
[2025-04-21T11:53:45.942+0000] {processor.py:914} INFO - Processing file /home/airflow/.local/lib/python3.12/site-packages/airflow/example_dags/example_trigger_target_dag.py for tasks to queue
[2025-04-21T11:53:45.948+0000] {logging_mixin.py:190} INFO - [2025-04-21T11:53:45.947+0000] {dagbag.py:588} INFO - Filling up the DagBag from /home/airflow/.local/lib/python3.12/site-packages/airflow/example_dags/example_trigger_target_dag.py
[2025-04-21T11:53:45.965+0000] {processor.py:925} INFO - DAG(s) 'example_trigger_target_dag' retrieved from /home/airflow/.local/lib/python3.12/site-packages/airflow/example_dags/example_trigger_target_dag.py
[2025-04-21T11:53:45.997+0000] {logging_mixin.py:190} INFO - [2025-04-21T11:53:45.997+0000] {dag.py:3239} INFO - Sync 1 DAGs
[2025-04-21T11:53:46.021+0000] {logging_mixin.py:190} INFO - [2025-04-21T11:53:46.021+0000] {dag.py:4180} INFO - Setting next_dagrun for example_trigger_target_dag to None, run_after=None
[2025-04-21T11:53:46.061+0000] {processor.py:208} INFO - Processing /home/airflow/.local/lib/python3.12/site-packages/airflow/example_dags/example_trigger_target_dag.py took 0.132 seconds
[2025-04-21T11:54:17.008+0000] {processor.py:186} INFO - Started process (PID=7708) to work on /home/airflow/.local/lib/python3.12/site-packages/airflow/example_dags/example_trigger_target_dag.py
[2025-04-21T11:54:17.010+0000] {processor.py:914} INFO - Processing file /home/airflow/.local/lib/python3.12/site-packages/airflow/example_dags/example_trigger_target_dag.py for tasks to queue
[2025-04-21T11:54:17.015+0000] {logging_mixin.py:190} INFO - [2025-04-21T11:54:17.014+0000] {dagbag.py:588} INFO - Filling up the DagBag from /home/airflow/.local/lib/python3.12/site-packages/airflow/example_dags/example_trigger_target_dag.py
[2025-04-21T11:54:17.032+0000] {processor.py:925} INFO - DAG(s) 'example_trigger_target_dag' retrieved from /home/airflow/.local/lib/python3.12/site-packages/airflow/example_dags/example_trigger_target_dag.py
[2025-04-21T11:54:17.072+0000] {logging_mixin.py:190} INFO - [2025-04-21T11:54:17.072+0000] {dag.py:3239} INFO - Sync 1 DAGs
[2025-04-21T11:54:17.102+0000] {logging_mixin.py:190} INFO - [2025-04-21T11:54:17.101+0000] {dag.py:4180} INFO - Setting next_dagrun for example_trigger_target_dag to None, run_after=None
[2025-04-21T11:54:17.143+0000] {processor.py:208} INFO - Processing /home/airflow/.local/lib/python3.12/site-packages/airflow/example_dags/example_trigger_target_dag.py took 0.147 seconds
[2025-04-21T11:54:48.064+0000] {processor.py:186} INFO - Started process (PID=7772) to work on /home/airflow/.local/lib/python3.12/site-packages/airflow/example_dags/example_trigger_target_dag.py
[2025-04-21T11:54:48.065+0000] {processor.py:914} INFO - Processing file /home/airflow/.local/lib/python3.12/site-packages/airflow/example_dags/example_trigger_target_dag.py for tasks to queue
[2025-04-21T11:54:48.068+0000] {logging_mixin.py:190} INFO - [2025-04-21T11:54:48.067+0000] {dagbag.py:588} INFO - Filling up the DagBag from /home/airflow/.local/lib/python3.12/site-packages/airflow/example_dags/example_trigger_target_dag.py
[2025-04-21T11:54:48.077+0000] {processor.py:925} INFO - DAG(s) 'example_trigger_target_dag' retrieved from /home/airflow/.local/lib/python3.12/site-packages/airflow/example_dags/example_trigger_target_dag.py
[2025-04-21T11:54:48.102+0000] {logging_mixin.py:190} INFO - [2025-04-21T11:54:48.101+0000] {dag.py:3239} INFO - Sync 1 DAGs
[2025-04-21T11:54:48.119+0000] {logging_mixin.py:190} INFO - [2025-04-21T11:54:48.118+0000] {dag.py:4180} INFO - Setting next_dagrun for example_trigger_target_dag to None, run_after=None
[2025-04-21T11:54:48.145+0000] {processor.py:208} INFO - Processing /home/airflow/.local/lib/python3.12/site-packages/airflow/example_dags/example_trigger_target_dag.py took 0.086 seconds
[2025-04-21T11:55:18.473+0000] {processor.py:186} INFO - Started process (PID=7835) to work on /home/airflow/.local/lib/python3.12/site-packages/airflow/example_dags/example_trigger_target_dag.py
[2025-04-21T11:55:18.475+0000] {processor.py:914} INFO - Processing file /home/airflow/.local/lib/python3.12/site-packages/airflow/example_dags/example_trigger_target_dag.py for tasks to queue
[2025-04-21T11:55:18.480+0000] {logging_mixin.py:190} INFO - [2025-04-21T11:55:18.480+0000] {dagbag.py:588} INFO - Filling up the DagBag from /home/airflow/.local/lib/python3.12/site-packages/airflow/example_dags/example_trigger_target_dag.py
[2025-04-21T11:55:18.496+0000] {processor.py:925} INFO - DAG(s) 'example_trigger_target_dag' retrieved from /home/airflow/.local/lib/python3.12/site-packages/airflow/example_dags/example_trigger_target_dag.py
[2025-04-21T11:55:18.534+0000] {logging_mixin.py:190} INFO - [2025-04-21T11:55:18.533+0000] {dag.py:3239} INFO - Sync 1 DAGs
[2025-04-21T11:55:18.563+0000] {logging_mixin.py:190} INFO - [2025-04-21T11:55:18.562+0000] {dag.py:4180} INFO - Setting next_dagrun for example_trigger_target_dag to None, run_after=None
[2025-04-21T11:55:18.600+0000] {processor.py:208} INFO - Processing /home/airflow/.local/lib/python3.12/site-packages/airflow/example_dags/example_trigger_target_dag.py took 0.138 seconds
[2025-04-21T11:55:49.403+0000] {processor.py:186} INFO - Started process (PID=7899) to work on /home/airflow/.local/lib/python3.12/site-packages/airflow/example_dags/example_trigger_target_dag.py
[2025-04-21T11:55:49.405+0000] {processor.py:914} INFO - Processing file /home/airflow/.local/lib/python3.12/site-packages/airflow/example_dags/example_trigger_target_dag.py for tasks to queue
[2025-04-21T11:55:49.411+0000] {logging_mixin.py:190} INFO - [2025-04-21T11:55:49.410+0000] {dagbag.py:588} INFO - Filling up the DagBag from /home/airflow/.local/lib/python3.12/site-packages/airflow/example_dags/example_trigger_target_dag.py
[2025-04-21T11:55:49.422+0000] {processor.py:925} INFO - DAG(s) 'example_trigger_target_dag' retrieved from /home/airflow/.local/lib/python3.12/site-packages/airflow/example_dags/example_trigger_target_dag.py
[2025-04-21T11:55:49.462+0000] {logging_mixin.py:190} INFO - [2025-04-21T11:55:49.461+0000] {dag.py:3239} INFO - Sync 1 DAGs
[2025-04-21T11:55:49.490+0000] {logging_mixin.py:190} INFO - [2025-04-21T11:55:49.490+0000] {dag.py:4180} INFO - Setting next_dagrun for example_trigger_target_dag to None, run_after=None
[2025-04-21T11:55:49.526+0000] {processor.py:208} INFO - Processing /home/airflow/.local/lib/python3.12/site-packages/airflow/example_dags/example_trigger_target_dag.py took 0.134 seconds
[2025-04-21T11:56:20.333+0000] {processor.py:186} INFO - Started process (PID=7963) to work on /home/airflow/.local/lib/python3.12/site-packages/airflow/example_dags/example_trigger_target_dag.py
[2025-04-21T11:56:20.335+0000] {processor.py:914} INFO - Processing file /home/airflow/.local/lib/python3.12/site-packages/airflow/example_dags/example_trigger_target_dag.py for tasks to queue
[2025-04-21T11:56:20.341+0000] {logging_mixin.py:190} INFO - [2025-04-21T11:56:20.340+0000] {dagbag.py:588} INFO - Filling up the DagBag from /home/airflow/.local/lib/python3.12/site-packages/airflow/example_dags/example_trigger_target_dag.py
[2025-04-21T11:56:20.359+0000] {processor.py:925} INFO - DAG(s) 'example_trigger_target_dag' retrieved from /home/airflow/.local/lib/python3.12/site-packages/airflow/example_dags/example_trigger_target_dag.py
[2025-04-21T11:56:20.407+0000] {logging_mixin.py:190} INFO - [2025-04-21T11:56:20.406+0000] {dag.py:3239} INFO - Sync 1 DAGs
[2025-04-21T11:56:20.435+0000] {logging_mixin.py:190} INFO - [2025-04-21T11:56:20.434+0000] {dag.py:4180} INFO - Setting next_dagrun for example_trigger_target_dag to None, run_after=None
[2025-04-21T11:56:20.471+0000] {processor.py:208} INFO - Processing /home/airflow/.local/lib/python3.12/site-packages/airflow/example_dags/example_trigger_target_dag.py took 0.150 seconds
[2025-04-21T11:56:50.572+0000] {processor.py:186} INFO - Started process (PID=8027) to work on /home/airflow/.local/lib/python3.12/site-packages/airflow/example_dags/example_trigger_target_dag.py
[2025-04-21T11:56:50.574+0000] {processor.py:914} INFO - Processing file /home/airflow/.local/lib/python3.12/site-packages/airflow/example_dags/example_trigger_target_dag.py for tasks to queue
[2025-04-21T11:56:50.577+0000] {logging_mixin.py:190} INFO - [2025-04-21T11:56:50.577+0000] {dagbag.py:588} INFO - Filling up the DagBag from /home/airflow/.local/lib/python3.12/site-packages/airflow/example_dags/example_trigger_target_dag.py
[2025-04-21T11:56:50.588+0000] {processor.py:925} INFO - DAG(s) 'example_trigger_target_dag' retrieved from /home/airflow/.local/lib/python3.12/site-packages/airflow/example_dags/example_trigger_target_dag.py
[2025-04-21T11:56:50.617+0000] {logging_mixin.py:190} INFO - [2025-04-21T11:56:50.617+0000] {dag.py:3239} INFO - Sync 1 DAGs
[2025-04-21T11:56:50.638+0000] {logging_mixin.py:190} INFO - [2025-04-21T11:56:50.638+0000] {dag.py:4180} INFO - Setting next_dagrun for example_trigger_target_dag to None, run_after=None
[2025-04-21T11:56:50.667+0000] {processor.py:208} INFO - Processing /home/airflow/.local/lib/python3.12/site-packages/airflow/example_dags/example_trigger_target_dag.py took 0.105 seconds
[2025-04-21T11:57:21.227+0000] {processor.py:186} INFO - Started process (PID=8091) to work on /home/airflow/.local/lib/python3.12/site-packages/airflow/example_dags/example_trigger_target_dag.py
[2025-04-21T11:57:21.228+0000] {processor.py:914} INFO - Processing file /home/airflow/.local/lib/python3.12/site-packages/airflow/example_dags/example_trigger_target_dag.py for tasks to queue
[2025-04-21T11:57:21.231+0000] {logging_mixin.py:190} INFO - [2025-04-21T11:57:21.230+0000] {dagbag.py:588} INFO - Filling up the DagBag from /home/airflow/.local/lib/python3.12/site-packages/airflow/example_dags/example_trigger_target_dag.py
[2025-04-21T11:57:21.242+0000] {processor.py:925} INFO - DAG(s) 'example_trigger_target_dag' retrieved from /home/airflow/.local/lib/python3.12/site-packages/airflow/example_dags/example_trigger_target_dag.py
[2025-04-21T11:57:21.270+0000] {logging_mixin.py:190} INFO - [2025-04-21T11:57:21.270+0000] {dag.py:3239} INFO - Sync 1 DAGs
[2025-04-21T11:57:21.295+0000] {logging_mixin.py:190} INFO - [2025-04-21T11:57:21.295+0000] {dag.py:4180} INFO - Setting next_dagrun for example_trigger_target_dag to None, run_after=None
[2025-04-21T11:57:21.325+0000] {processor.py:208} INFO - Processing /home/airflow/.local/lib/python3.12/site-packages/airflow/example_dags/example_trigger_target_dag.py took 0.105 seconds
[2025-04-21T11:57:53.042+0000] {processor.py:186} INFO - Started process (PID=8155) to work on /home/airflow/.local/lib/python3.12/site-packages/airflow/example_dags/example_trigger_target_dag.py
[2025-04-21T11:57:53.044+0000] {processor.py:914} INFO - Processing file /home/airflow/.local/lib/python3.12/site-packages/airflow/example_dags/example_trigger_target_dag.py for tasks to queue
[2025-04-21T11:57:53.050+0000] {logging_mixin.py:190} INFO - [2025-04-21T11:57:53.049+0000] {dagbag.py:588} INFO - Filling up the DagBag from /home/airflow/.local/lib/python3.12/site-packages/airflow/example_dags/example_trigger_target_dag.py
[2025-04-21T11:57:53.064+0000] {processor.py:925} INFO - DAG(s) 'example_trigger_target_dag' retrieved from /home/airflow/.local/lib/python3.12/site-packages/airflow/example_dags/example_trigger_target_dag.py
[2025-04-21T11:57:53.102+0000] {logging_mixin.py:190} INFO - [2025-04-21T11:57:53.102+0000] {dag.py:3239} INFO - Sync 1 DAGs
[2025-04-21T11:57:53.130+0000] {logging_mixin.py:190} INFO - [2025-04-21T11:57:53.130+0000] {dag.py:4180} INFO - Setting next_dagrun for example_trigger_target_dag to None, run_after=None
[2025-04-21T11:57:53.163+0000] {processor.py:208} INFO - Processing /home/airflow/.local/lib/python3.12/site-packages/airflow/example_dags/example_trigger_target_dag.py took 0.132 seconds
[2025-04-21T11:58:24.745+0000] {processor.py:186} INFO - Started process (PID=8219) to work on /home/airflow/.local/lib/python3.12/site-packages/airflow/example_dags/example_trigger_target_dag.py
[2025-04-21T11:58:24.747+0000] {processor.py:914} INFO - Processing file /home/airflow/.local/lib/python3.12/site-packages/airflow/example_dags/example_trigger_target_dag.py for tasks to queue
[2025-04-21T11:58:24.753+0000] {logging_mixin.py:190} INFO - [2025-04-21T11:58:24.752+0000] {dagbag.py:588} INFO - Filling up the DagBag from /home/airflow/.local/lib/python3.12/site-packages/airflow/example_dags/example_trigger_target_dag.py
[2025-04-21T11:58:24.769+0000] {processor.py:925} INFO - DAG(s) 'example_trigger_target_dag' retrieved from /home/airflow/.local/lib/python3.12/site-packages/airflow/example_dags/example_trigger_target_dag.py
[2025-04-21T11:58:24.808+0000] {logging_mixin.py:190} INFO - [2025-04-21T11:58:24.807+0000] {dag.py:3239} INFO - Sync 1 DAGs
[2025-04-21T11:58:24.840+0000] {logging_mixin.py:190} INFO - [2025-04-21T11:58:24.840+0000] {dag.py:4180} INFO - Setting next_dagrun for example_trigger_target_dag to None, run_after=None
[2025-04-21T11:58:24.879+0000] {processor.py:208} INFO - Processing /home/airflow/.local/lib/python3.12/site-packages/airflow/example_dags/example_trigger_target_dag.py took 0.146 seconds
[2025-04-21T11:58:56.374+0000] {processor.py:186} INFO - Started process (PID=8284) to work on /home/airflow/.local/lib/python3.12/site-packages/airflow/example_dags/example_trigger_target_dag.py
[2025-04-21T11:58:56.376+0000] {processor.py:914} INFO - Processing file /home/airflow/.local/lib/python3.12/site-packages/airflow/example_dags/example_trigger_target_dag.py for tasks to queue
[2025-04-21T11:58:56.382+0000] {logging_mixin.py:190} INFO - [2025-04-21T11:58:56.381+0000] {dagbag.py:588} INFO - Filling up the DagBag from /home/airflow/.local/lib/python3.12/site-packages/airflow/example_dags/example_trigger_target_dag.py
[2025-04-21T11:58:56.396+0000] {processor.py:925} INFO - DAG(s) 'example_trigger_target_dag' retrieved from /home/airflow/.local/lib/python3.12/site-packages/airflow/example_dags/example_trigger_target_dag.py
[2025-04-21T11:58:56.428+0000] {logging_mixin.py:190} INFO - [2025-04-21T11:58:56.428+0000] {dag.py:3239} INFO - Sync 1 DAGs
[2025-04-21T11:58:56.448+0000] {logging_mixin.py:190} INFO - [2025-04-21T11:58:56.448+0000] {dag.py:4180} INFO - Setting next_dagrun for example_trigger_target_dag to None, run_after=None
[2025-04-21T11:58:56.476+0000] {processor.py:208} INFO - Processing /home/airflow/.local/lib/python3.12/site-packages/airflow/example_dags/example_trigger_target_dag.py took 0.113 seconds
[2025-04-21T11:59:27.690+0000] {processor.py:186} INFO - Started process (PID=8348) to work on /home/airflow/.local/lib/python3.12/site-packages/airflow/example_dags/example_trigger_target_dag.py
[2025-04-21T11:59:27.692+0000] {processor.py:914} INFO - Processing file /home/airflow/.local/lib/python3.12/site-packages/airflow/example_dags/example_trigger_target_dag.py for tasks to queue
[2025-04-21T11:59:27.696+0000] {logging_mixin.py:190} INFO - [2025-04-21T11:59:27.695+0000] {dagbag.py:588} INFO - Filling up the DagBag from /home/airflow/.local/lib/python3.12/site-packages/airflow/example_dags/example_trigger_target_dag.py
[2025-04-21T11:59:27.708+0000] {processor.py:925} INFO - DAG(s) 'example_trigger_target_dag' retrieved from /home/airflow/.local/lib/python3.12/site-packages/airflow/example_dags/example_trigger_target_dag.py
[2025-04-21T11:59:27.740+0000] {logging_mixin.py:190} INFO - [2025-04-21T11:59:27.739+0000] {dag.py:3239} INFO - Sync 1 DAGs
[2025-04-21T11:59:27.761+0000] {logging_mixin.py:190} INFO - [2025-04-21T11:59:27.761+0000] {dag.py:4180} INFO - Setting next_dagrun for example_trigger_target_dag to None, run_after=None
[2025-04-21T11:59:27.792+0000] {processor.py:208} INFO - Processing /home/airflow/.local/lib/python3.12/site-packages/airflow/example_dags/example_trigger_target_dag.py took 0.110 seconds
[2025-04-21T11:59:59.107+0000] {processor.py:186} INFO - Started process (PID=8412) to work on /home/airflow/.local/lib/python3.12/site-packages/airflow/example_dags/example_trigger_target_dag.py
[2025-04-21T11:59:59.109+0000] {processor.py:914} INFO - Processing file /home/airflow/.local/lib/python3.12/site-packages/airflow/example_dags/example_trigger_target_dag.py for tasks to queue
[2025-04-21T11:59:59.114+0000] {logging_mixin.py:190} INFO - [2025-04-21T11:59:59.113+0000] {dagbag.py:588} INFO - Filling up the DagBag from /home/airflow/.local/lib/python3.12/site-packages/airflow/example_dags/example_trigger_target_dag.py
[2025-04-21T11:59:59.130+0000] {processor.py:925} INFO - DAG(s) 'example_trigger_target_dag' retrieved from /home/airflow/.local/lib/python3.12/site-packages/airflow/example_dags/example_trigger_target_dag.py
[2025-04-21T11:59:59.173+0000] {logging_mixin.py:190} INFO - [2025-04-21T11:59:59.172+0000] {dag.py:3239} INFO - Sync 1 DAGs
[2025-04-21T11:59:59.203+0000] {logging_mixin.py:190} INFO - [2025-04-21T11:59:59.202+0000] {dag.py:4180} INFO - Setting next_dagrun for example_trigger_target_dag to None, run_after=None
[2025-04-21T11:59:59.241+0000] {processor.py:208} INFO - Processing /home/airflow/.local/lib/python3.12/site-packages/airflow/example_dags/example_trigger_target_dag.py took 0.145 seconds
[2025-04-21T12:00:30.732+0000] {processor.py:186} INFO - Started process (PID=8475) to work on /home/airflow/.local/lib/python3.12/site-packages/airflow/example_dags/example_trigger_target_dag.py
[2025-04-21T12:00:30.734+0000] {processor.py:914} INFO - Processing file /home/airflow/.local/lib/python3.12/site-packages/airflow/example_dags/example_trigger_target_dag.py for tasks to queue
[2025-04-21T12:00:30.737+0000] {logging_mixin.py:190} INFO - [2025-04-21T12:00:30.737+0000] {dagbag.py:588} INFO - Filling up the DagBag from /home/airflow/.local/lib/python3.12/site-packages/airflow/example_dags/example_trigger_target_dag.py
[2025-04-21T12:00:30.751+0000] {processor.py:925} INFO - DAG(s) 'example_trigger_target_dag' retrieved from /home/airflow/.local/lib/python3.12/site-packages/airflow/example_dags/example_trigger_target_dag.py
[2025-04-21T12:00:30.785+0000] {logging_mixin.py:190} INFO - [2025-04-21T12:00:30.785+0000] {dag.py:3239} INFO - Sync 1 DAGs
[2025-04-21T12:00:30.815+0000] {logging_mixin.py:190} INFO - [2025-04-21T12:00:30.815+0000] {dag.py:4180} INFO - Setting next_dagrun for example_trigger_target_dag to None, run_after=None
[2025-04-21T12:00:30.855+0000] {processor.py:208} INFO - Processing /home/airflow/.local/lib/python3.12/site-packages/airflow/example_dags/example_trigger_target_dag.py took 0.132 seconds
[2025-04-21T12:01:02.169+0000] {processor.py:186} INFO - Started process (PID=8539) to work on /home/airflow/.local/lib/python3.12/site-packages/airflow/example_dags/example_trigger_target_dag.py
[2025-04-21T12:01:02.171+0000] {processor.py:914} INFO - Processing file /home/airflow/.local/lib/python3.12/site-packages/airflow/example_dags/example_trigger_target_dag.py for tasks to queue
[2025-04-21T12:01:02.176+0000] {logging_mixin.py:190} INFO - [2025-04-21T12:01:02.175+0000] {dagbag.py:588} INFO - Filling up the DagBag from /home/airflow/.local/lib/python3.12/site-packages/airflow/example_dags/example_trigger_target_dag.py
[2025-04-21T12:01:02.193+0000] {processor.py:925} INFO - DAG(s) 'example_trigger_target_dag' retrieved from /home/airflow/.local/lib/python3.12/site-packages/airflow/example_dags/example_trigger_target_dag.py
[2025-04-21T12:01:02.233+0000] {logging_mixin.py:190} INFO - [2025-04-21T12:01:02.233+0000] {dag.py:3239} INFO - Sync 1 DAGs
[2025-04-21T12:01:02.263+0000] {logging_mixin.py:190} INFO - [2025-04-21T12:01:02.263+0000] {dag.py:4180} INFO - Setting next_dagrun for example_trigger_target_dag to None, run_after=None
[2025-04-21T12:01:02.301+0000] {processor.py:208} INFO - Processing /home/airflow/.local/lib/python3.12/site-packages/airflow/example_dags/example_trigger_target_dag.py took 0.144 seconds
[2025-04-21T12:01:32.366+0000] {processor.py:186} INFO - Started process (PID=8602) to work on /home/airflow/.local/lib/python3.12/site-packages/airflow/example_dags/example_trigger_target_dag.py
[2025-04-21T12:01:32.367+0000] {processor.py:914} INFO - Processing file /home/airflow/.local/lib/python3.12/site-packages/airflow/example_dags/example_trigger_target_dag.py for tasks to queue
[2025-04-21T12:01:32.371+0000] {logging_mixin.py:190} INFO - [2025-04-21T12:01:32.371+0000] {dagbag.py:588} INFO - Filling up the DagBag from /home/airflow/.local/lib/python3.12/site-packages/airflow/example_dags/example_trigger_target_dag.py
[2025-04-21T12:01:32.385+0000] {processor.py:925} INFO - DAG(s) 'example_trigger_target_dag' retrieved from /home/airflow/.local/lib/python3.12/site-packages/airflow/example_dags/example_trigger_target_dag.py
[2025-04-21T12:01:32.431+0000] {logging_mixin.py:190} INFO - [2025-04-21T12:01:32.430+0000] {dag.py:3239} INFO - Sync 1 DAGs
[2025-04-21T12:01:32.464+0000] {logging_mixin.py:190} INFO - [2025-04-21T12:01:32.464+0000] {dag.py:4180} INFO - Setting next_dagrun for example_trigger_target_dag to None, run_after=None
[2025-04-21T12:01:32.504+0000] {processor.py:208} INFO - Processing /home/airflow/.local/lib/python3.12/site-packages/airflow/example_dags/example_trigger_target_dag.py took 0.147 seconds
[2025-04-21T12:02:03.004+0000] {processor.py:186} INFO - Started process (PID=8665) to work on /home/airflow/.local/lib/python3.12/site-packages/airflow/example_dags/example_trigger_target_dag.py
[2025-04-21T12:02:03.006+0000] {processor.py:914} INFO - Processing file /home/airflow/.local/lib/python3.12/site-packages/airflow/example_dags/example_trigger_target_dag.py for tasks to queue
[2025-04-21T12:02:03.010+0000] {logging_mixin.py:190} INFO - [2025-04-21T12:02:03.010+0000] {dagbag.py:588} INFO - Filling up the DagBag from /home/airflow/.local/lib/python3.12/site-packages/airflow/example_dags/example_trigger_target_dag.py
[2025-04-21T12:02:03.023+0000] {processor.py:925} INFO - DAG(s) 'example_trigger_target_dag' retrieved from /home/airflow/.local/lib/python3.12/site-packages/airflow/example_dags/example_trigger_target_dag.py
[2025-04-21T12:02:03.062+0000] {logging_mixin.py:190} INFO - [2025-04-21T12:02:03.062+0000] {dag.py:3239} INFO - Sync 1 DAGs
[2025-04-21T12:02:03.094+0000] {logging_mixin.py:190} INFO - [2025-04-21T12:02:03.094+0000] {dag.py:4180} INFO - Setting next_dagrun for example_trigger_target_dag to None, run_after=None
[2025-04-21T12:02:03.134+0000] {processor.py:208} INFO - Processing /home/airflow/.local/lib/python3.12/site-packages/airflow/example_dags/example_trigger_target_dag.py took 0.139 seconds
[2025-04-21T12:02:33.480+0000] {processor.py:186} INFO - Started process (PID=8728) to work on /home/airflow/.local/lib/python3.12/site-packages/airflow/example_dags/example_trigger_target_dag.py
[2025-04-21T12:02:33.482+0000] {processor.py:914} INFO - Processing file /home/airflow/.local/lib/python3.12/site-packages/airflow/example_dags/example_trigger_target_dag.py for tasks to queue
[2025-04-21T12:02:33.490+0000] {logging_mixin.py:190} INFO - [2025-04-21T12:02:33.489+0000] {dagbag.py:588} INFO - Filling up the DagBag from /home/airflow/.local/lib/python3.12/site-packages/airflow/example_dags/example_trigger_target_dag.py
[2025-04-21T12:02:33.506+0000] {processor.py:925} INFO - DAG(s) 'example_trigger_target_dag' retrieved from /home/airflow/.local/lib/python3.12/site-packages/airflow/example_dags/example_trigger_target_dag.py
[2025-04-21T12:02:33.545+0000] {logging_mixin.py:190} INFO - [2025-04-21T12:02:33.545+0000] {dag.py:3239} INFO - Sync 1 DAGs
[2025-04-21T12:02:33.575+0000] {logging_mixin.py:190} INFO - [2025-04-21T12:02:33.575+0000] {dag.py:4180} INFO - Setting next_dagrun for example_trigger_target_dag to None, run_after=None
[2025-04-21T12:02:33.618+0000] {processor.py:208} INFO - Processing /home/airflow/.local/lib/python3.12/site-packages/airflow/example_dags/example_trigger_target_dag.py took 0.149 seconds
[2025-04-21T12:03:04.070+0000] {processor.py:186} INFO - Started process (PID=8792) to work on /home/airflow/.local/lib/python3.12/site-packages/airflow/example_dags/example_trigger_target_dag.py
[2025-04-21T12:03:04.072+0000] {processor.py:914} INFO - Processing file /home/airflow/.local/lib/python3.12/site-packages/airflow/example_dags/example_trigger_target_dag.py for tasks to queue
[2025-04-21T12:03:04.079+0000] {logging_mixin.py:190} INFO - [2025-04-21T12:03:04.078+0000] {dagbag.py:588} INFO - Filling up the DagBag from /home/airflow/.local/lib/python3.12/site-packages/airflow/example_dags/example_trigger_target_dag.py
[2025-04-21T12:03:04.100+0000] {processor.py:925} INFO - DAG(s) 'example_trigger_target_dag' retrieved from /home/airflow/.local/lib/python3.12/site-packages/airflow/example_dags/example_trigger_target_dag.py
[2025-04-21T12:03:04.140+0000] {logging_mixin.py:190} INFO - [2025-04-21T12:03:04.140+0000] {dag.py:3239} INFO - Sync 1 DAGs
[2025-04-21T12:03:04.169+0000] {logging_mixin.py:190} INFO - [2025-04-21T12:03:04.169+0000] {dag.py:4180} INFO - Setting next_dagrun for example_trigger_target_dag to None, run_after=None
[2025-04-21T12:03:04.208+0000] {processor.py:208} INFO - Processing /home/airflow/.local/lib/python3.12/site-packages/airflow/example_dags/example_trigger_target_dag.py took 0.151 seconds
