[2025-04-21T10:53:04.895+0000] {processor.py:186} INFO - Started process (PID=114) to work on /home/airflow/.local/lib/python3.12/site-packages/airflow/example_dags/example_outlet_event_extra.py
[2025-04-21T10:53:04.895+0000] {processor.py:914} INFO - Processing file /home/airflow/.local/lib/python3.12/site-packages/airflow/example_dags/example_outlet_event_extra.py for tasks to queue
[2025-04-21T10:53:04.898+0000] {logging_mixin.py:190} INFO - [2025-04-21T10:53:04.897+0000] {dagbag.py:588} INFO - Filling up the DagBag from /home/airflow/.local/lib/python3.12/site-packages/airflow/example_dags/example_outlet_event_extra.py
[2025-04-21T10:53:05.382+0000] {processor.py:925} INFO - DAG(s) 'dataset_with_extra_by_context', 'dataset_with_extra_by_yield', 'dataset_with_extra_from_classic_operator' retrieved from /home/airflow/.local/lib/python3.12/site-packages/airflow/example_dags/example_outlet_event_extra.py
[2025-04-21T10:53:05.462+0000] {logging_mixin.py:190} INFO - [2025-04-21T10:53:05.462+0000] {override.py:1912} INFO - Created Permission View: can edit on DAG:dataset_with_extra_by_context
[2025-04-21T10:53:05.471+0000] {logging_mixin.py:190} INFO - [2025-04-21T10:53:05.471+0000] {override.py:1912} INFO - Created Permission View: can read on DAG:dataset_with_extra_by_context
[2025-04-21T10:53:05.478+0000] {logging_mixin.py:190} INFO - [2025-04-21T10:53:05.477+0000] {override.py:1912} INFO - Created Permission View: can delete on DAG:dataset_with_extra_by_context
[2025-04-21T10:53:05.485+0000] {logging_mixin.py:190} INFO - [2025-04-21T10:53:05.484+0000] {override.py:1912} INFO - Created Permission View: menu access on DAG Run:dataset_with_extra_by_context
[2025-04-21T10:53:05.490+0000] {logging_mixin.py:190} INFO - [2025-04-21T10:53:05.490+0000] {override.py:1912} INFO - Created Permission View: can create on DAG Run:dataset_with_extra_by_context
[2025-04-21T10:53:05.495+0000] {logging_mixin.py:190} INFO - [2025-04-21T10:53:05.495+0000] {override.py:1912} INFO - Created Permission View: can read on DAG Run:dataset_with_extra_by_context
[2025-04-21T10:53:05.501+0000] {logging_mixin.py:190} INFO - [2025-04-21T10:53:05.500+0000] {override.py:1912} INFO - Created Permission View: can delete on DAG Run:dataset_with_extra_by_context
[2025-04-21T10:53:05.512+0000] {logging_mixin.py:190} INFO - [2025-04-21T10:53:05.511+0000] {override.py:1912} INFO - Created Permission View: can edit on DAG:dataset_with_extra_by_yield
[2025-04-21T10:53:05.518+0000] {logging_mixin.py:190} INFO - [2025-04-21T10:53:05.518+0000] {override.py:1912} INFO - Created Permission View: can read on DAG:dataset_with_extra_by_yield
[2025-04-21T10:53:05.524+0000] {logging_mixin.py:190} INFO - [2025-04-21T10:53:05.523+0000] {override.py:1912} INFO - Created Permission View: can delete on DAG:dataset_with_extra_by_yield
[2025-04-21T10:53:05.530+0000] {logging_mixin.py:190} INFO - [2025-04-21T10:53:05.530+0000] {override.py:1912} INFO - Created Permission View: menu access on DAG Run:dataset_with_extra_by_yield
[2025-04-21T10:53:05.537+0000] {logging_mixin.py:190} INFO - [2025-04-21T10:53:05.537+0000] {override.py:1912} INFO - Created Permission View: can create on DAG Run:dataset_with_extra_by_yield
[2025-04-21T10:53:05.543+0000] {logging_mixin.py:190} INFO - [2025-04-21T10:53:05.543+0000] {override.py:1912} INFO - Created Permission View: can read on DAG Run:dataset_with_extra_by_yield
[2025-04-21T10:53:05.549+0000] {logging_mixin.py:190} INFO - [2025-04-21T10:53:05.549+0000] {override.py:1912} INFO - Created Permission View: can delete on DAG Run:dataset_with_extra_by_yield
[2025-04-21T10:53:05.561+0000] {logging_mixin.py:190} INFO - [2025-04-21T10:53:05.561+0000] {override.py:1912} INFO - Created Permission View: can edit on DAG:dataset_with_extra_from_classic_operator
[2025-04-21T10:53:05.567+0000] {logging_mixin.py:190} INFO - [2025-04-21T10:53:05.567+0000] {override.py:1912} INFO - Created Permission View: can read on DAG:dataset_with_extra_from_classic_operator
[2025-04-21T10:53:05.572+0000] {logging_mixin.py:190} INFO - [2025-04-21T10:53:05.572+0000] {override.py:1912} INFO - Created Permission View: can delete on DAG:dataset_with_extra_from_classic_operator
[2025-04-21T10:53:05.580+0000] {logging_mixin.py:190} INFO - [2025-04-21T10:53:05.580+0000] {override.py:1912} INFO - Created Permission View: menu access on DAG Run:dataset_with_extra_from_classic_operator
[2025-04-21T10:53:05.585+0000] {logging_mixin.py:190} INFO - [2025-04-21T10:53:05.585+0000] {override.py:1912} INFO - Created Permission View: can create on DAG Run:dataset_with_extra_from_classic_operator
[2025-04-21T10:53:05.591+0000] {logging_mixin.py:190} INFO - [2025-04-21T10:53:05.591+0000] {override.py:1912} INFO - Created Permission View: can read on DAG Run:dataset_with_extra_from_classic_operator
[2025-04-21T10:53:05.597+0000] {logging_mixin.py:190} INFO - [2025-04-21T10:53:05.597+0000] {override.py:1912} INFO - Created Permission View: can delete on DAG Run:dataset_with_extra_from_classic_operator
[2025-04-21T10:53:05.597+0000] {logging_mixin.py:190} INFO - [2025-04-21T10:53:05.597+0000] {dag.py:3239} INFO - Sync 3 DAGs
[2025-04-21T10:53:05.607+0000] {logging_mixin.py:190} INFO - [2025-04-21T10:53:05.607+0000] {dag.py:3262} INFO - Creating ORM DAG for dataset_with_extra_by_yield
[2025-04-21T10:53:05.608+0000] {logging_mixin.py:190} INFO - [2025-04-21T10:53:05.608+0000] {dag.py:3262} INFO - Creating ORM DAG for dataset_with_extra_from_classic_operator
[2025-04-21T10:53:05.609+0000] {logging_mixin.py:190} INFO - [2025-04-21T10:53:05.609+0000] {dag.py:3262} INFO - Creating ORM DAG for dataset_with_extra_by_context
[2025-04-21T10:53:05.617+0000] {logging_mixin.py:190} INFO - [2025-04-21T10:53:05.616+0000] {dag.py:4180} INFO - Setting next_dagrun for dataset_with_extra_by_context to 2025-04-20 00:00:00+00:00, run_after=2025-04-21 00:00:00+00:00
[2025-04-21T10:53:05.618+0000] {logging_mixin.py:190} INFO - [2025-04-21T10:53:05.618+0000] {dag.py:4180} INFO - Setting next_dagrun for dataset_with_extra_by_yield to 2025-04-20 00:00:00+00:00, run_after=2025-04-21 00:00:00+00:00
[2025-04-21T10:53:05.619+0000] {logging_mixin.py:190} INFO - [2025-04-21T10:53:05.619+0000] {dag.py:4180} INFO - Setting next_dagrun for dataset_with_extra_from_classic_operator to 2025-04-20 00:00:00+00:00, run_after=2025-04-21 00:00:00+00:00
[2025-04-21T10:53:05.637+0000] {processor.py:208} INFO - Processing /home/airflow/.local/lib/python3.12/site-packages/airflow/example_dags/example_outlet_event_extra.py took 0.747 seconds
[2025-04-21T10:53:36.070+0000] {processor.py:186} INFO - Started process (PID=177) to work on /home/airflow/.local/lib/python3.12/site-packages/airflow/example_dags/example_outlet_event_extra.py
[2025-04-21T10:53:36.072+0000] {processor.py:914} INFO - Processing file /home/airflow/.local/lib/python3.12/site-packages/airflow/example_dags/example_outlet_event_extra.py for tasks to queue
[2025-04-21T10:53:36.074+0000] {logging_mixin.py:190} INFO - [2025-04-21T10:53:36.074+0000] {dagbag.py:588} INFO - Filling up the DagBag from /home/airflow/.local/lib/python3.12/site-packages/airflow/example_dags/example_outlet_event_extra.py
[2025-04-21T10:53:36.614+0000] {processor.py:925} INFO - DAG(s) 'dataset_with_extra_by_yield', 'dataset_with_extra_by_context', 'dataset_with_extra_from_classic_operator' retrieved from /home/airflow/.local/lib/python3.12/site-packages/airflow/example_dags/example_outlet_event_extra.py
[2025-04-21T10:53:36.633+0000] {logging_mixin.py:190} INFO - [2025-04-21T10:53:36.633+0000] {dag.py:3239} INFO - Sync 3 DAGs
[2025-04-21T10:53:36.654+0000] {logging_mixin.py:190} INFO - [2025-04-21T10:53:36.654+0000] {dag.py:4180} INFO - Setting next_dagrun for dataset_with_extra_by_context to 2025-04-20 00:00:00+00:00, run_after=2025-04-21 00:00:00+00:00
[2025-04-21T10:53:36.658+0000] {logging_mixin.py:190} INFO - [2025-04-21T10:53:36.658+0000] {dag.py:4180} INFO - Setting next_dagrun for dataset_with_extra_by_yield to 2025-04-20 00:00:00+00:00, run_after=2025-04-21 00:00:00+00:00
[2025-04-21T10:53:36.660+0000] {logging_mixin.py:190} INFO - [2025-04-21T10:53:36.660+0000] {dag.py:4180} INFO - Setting next_dagrun for dataset_with_extra_from_classic_operator to 2025-04-20 00:00:00+00:00, run_after=2025-04-21 00:00:00+00:00
[2025-04-21T10:53:36.677+0000] {processor.py:208} INFO - Processing /home/airflow/.local/lib/python3.12/site-packages/airflow/example_dags/example_outlet_event_extra.py took 0.613 seconds
[2025-04-21T10:54:07.466+0000] {processor.py:186} INFO - Started process (PID=243) to work on /home/airflow/.local/lib/python3.12/site-packages/airflow/example_dags/example_outlet_event_extra.py
[2025-04-21T10:54:07.467+0000] {processor.py:914} INFO - Processing file /home/airflow/.local/lib/python3.12/site-packages/airflow/example_dags/example_outlet_event_extra.py for tasks to queue
[2025-04-21T10:54:07.469+0000] {logging_mixin.py:190} INFO - [2025-04-21T10:54:07.469+0000] {dagbag.py:588} INFO - Filling up the DagBag from /home/airflow/.local/lib/python3.12/site-packages/airflow/example_dags/example_outlet_event_extra.py
[2025-04-21T10:54:07.990+0000] {processor.py:925} INFO - DAG(s) 'dataset_with_extra_by_yield', 'dataset_with_extra_from_classic_operator', 'dataset_with_extra_by_context' retrieved from /home/airflow/.local/lib/python3.12/site-packages/airflow/example_dags/example_outlet_event_extra.py
[2025-04-21T10:54:08.012+0000] {logging_mixin.py:190} INFO - [2025-04-21T10:54:08.012+0000] {dag.py:3239} INFO - Sync 3 DAGs
[2025-04-21T10:54:08.033+0000] {logging_mixin.py:190} INFO - [2025-04-21T10:54:08.033+0000] {dag.py:4180} INFO - Setting next_dagrun for dataset_with_extra_by_context to 2025-04-20 00:00:00+00:00, run_after=2025-04-21 00:00:00+00:00
[2025-04-21T10:54:08.038+0000] {logging_mixin.py:190} INFO - [2025-04-21T10:54:08.037+0000] {dag.py:4180} INFO - Setting next_dagrun for dataset_with_extra_by_yield to 2025-04-20 00:00:00+00:00, run_after=2025-04-21 00:00:00+00:00
[2025-04-21T10:54:08.040+0000] {logging_mixin.py:190} INFO - [2025-04-21T10:54:08.040+0000] {dag.py:4180} INFO - Setting next_dagrun for dataset_with_extra_from_classic_operator to 2025-04-20 00:00:00+00:00, run_after=2025-04-21 00:00:00+00:00
[2025-04-21T10:54:08.092+0000] {processor.py:208} INFO - Processing /home/airflow/.local/lib/python3.12/site-packages/airflow/example_dags/example_outlet_event_extra.py took 0.630 seconds
[2025-04-21T10:54:38.506+0000] {processor.py:186} INFO - Started process (PID=306) to work on /home/airflow/.local/lib/python3.12/site-packages/airflow/example_dags/example_outlet_event_extra.py
[2025-04-21T10:54:38.506+0000] {processor.py:914} INFO - Processing file /home/airflow/.local/lib/python3.12/site-packages/airflow/example_dags/example_outlet_event_extra.py for tasks to queue
[2025-04-21T10:54:38.509+0000] {logging_mixin.py:190} INFO - [2025-04-21T10:54:38.508+0000] {dagbag.py:588} INFO - Filling up the DagBag from /home/airflow/.local/lib/python3.12/site-packages/airflow/example_dags/example_outlet_event_extra.py
[2025-04-21T10:54:38.982+0000] {processor.py:925} INFO - DAG(s) 'dataset_with_extra_by_context', 'dataset_with_extra_by_yield', 'dataset_with_extra_from_classic_operator' retrieved from /home/airflow/.local/lib/python3.12/site-packages/airflow/example_dags/example_outlet_event_extra.py
[2025-04-21T10:54:39.002+0000] {logging_mixin.py:190} INFO - [2025-04-21T10:54:39.001+0000] {dag.py:3239} INFO - Sync 3 DAGs
[2025-04-21T10:54:39.023+0000] {logging_mixin.py:190} INFO - [2025-04-21T10:54:39.023+0000] {dag.py:4180} INFO - Setting next_dagrun for dataset_with_extra_by_context to 2025-04-20 00:00:00+00:00, run_after=2025-04-21 00:00:00+00:00
[2025-04-21T10:54:39.027+0000] {logging_mixin.py:190} INFO - [2025-04-21T10:54:39.027+0000] {dag.py:4180} INFO - Setting next_dagrun for dataset_with_extra_by_yield to 2025-04-20 00:00:00+00:00, run_after=2025-04-21 00:00:00+00:00
[2025-04-21T10:54:39.029+0000] {logging_mixin.py:190} INFO - [2025-04-21T10:54:39.029+0000] {dag.py:4180} INFO - Setting next_dagrun for dataset_with_extra_from_classic_operator to 2025-04-20 00:00:00+00:00, run_after=2025-04-21 00:00:00+00:00
[2025-04-21T10:54:39.049+0000] {processor.py:208} INFO - Processing /home/airflow/.local/lib/python3.12/site-packages/airflow/example_dags/example_outlet_event_extra.py took 0.548 seconds
[2025-04-21T10:55:09.494+0000] {processor.py:186} INFO - Started process (PID=369) to work on /home/airflow/.local/lib/python3.12/site-packages/airflow/example_dags/example_outlet_event_extra.py
[2025-04-21T10:55:09.495+0000] {processor.py:914} INFO - Processing file /home/airflow/.local/lib/python3.12/site-packages/airflow/example_dags/example_outlet_event_extra.py for tasks to queue
[2025-04-21T10:55:09.497+0000] {logging_mixin.py:190} INFO - [2025-04-21T10:55:09.497+0000] {dagbag.py:588} INFO - Filling up the DagBag from /home/airflow/.local/lib/python3.12/site-packages/airflow/example_dags/example_outlet_event_extra.py
[2025-04-21T10:55:09.945+0000] {processor.py:925} INFO - DAG(s) 'dataset_with_extra_by_context', 'dataset_with_extra_from_classic_operator', 'dataset_with_extra_by_yield' retrieved from /home/airflow/.local/lib/python3.12/site-packages/airflow/example_dags/example_outlet_event_extra.py
[2025-04-21T10:55:09.964+0000] {logging_mixin.py:190} INFO - [2025-04-21T10:55:09.963+0000] {dag.py:3239} INFO - Sync 3 DAGs
[2025-04-21T10:55:09.981+0000] {logging_mixin.py:190} INFO - [2025-04-21T10:55:09.981+0000] {dag.py:4180} INFO - Setting next_dagrun for dataset_with_extra_by_context to 2025-04-20 00:00:00+00:00, run_after=2025-04-21 00:00:00+00:00
[2025-04-21T10:55:09.985+0000] {logging_mixin.py:190} INFO - [2025-04-21T10:55:09.985+0000] {dag.py:4180} INFO - Setting next_dagrun for dataset_with_extra_by_yield to 2025-04-20 00:00:00+00:00, run_after=2025-04-21 00:00:00+00:00
[2025-04-21T10:55:09.987+0000] {logging_mixin.py:190} INFO - [2025-04-21T10:55:09.987+0000] {dag.py:4180} INFO - Setting next_dagrun for dataset_with_extra_from_classic_operator to 2025-04-20 00:00:00+00:00, run_after=2025-04-21 00:00:00+00:00
[2025-04-21T10:55:10.006+0000] {processor.py:208} INFO - Processing /home/airflow/.local/lib/python3.12/site-packages/airflow/example_dags/example_outlet_event_extra.py took 0.516 seconds
[2025-04-21T10:55:40.856+0000] {processor.py:186} INFO - Started process (PID=433) to work on /home/airflow/.local/lib/python3.12/site-packages/airflow/example_dags/example_outlet_event_extra.py
[2025-04-21T10:55:40.856+0000] {processor.py:914} INFO - Processing file /home/airflow/.local/lib/python3.12/site-packages/airflow/example_dags/example_outlet_event_extra.py for tasks to queue
[2025-04-21T10:55:40.858+0000] {logging_mixin.py:190} INFO - [2025-04-21T10:55:40.858+0000] {dagbag.py:588} INFO - Filling up the DagBag from /home/airflow/.local/lib/python3.12/site-packages/airflow/example_dags/example_outlet_event_extra.py
[2025-04-21T10:55:41.288+0000] {processor.py:925} INFO - DAG(s) 'dataset_with_extra_from_classic_operator', 'dataset_with_extra_by_yield', 'dataset_with_extra_by_context' retrieved from /home/airflow/.local/lib/python3.12/site-packages/airflow/example_dags/example_outlet_event_extra.py
[2025-04-21T10:55:41.306+0000] {logging_mixin.py:190} INFO - [2025-04-21T10:55:41.305+0000] {dag.py:3239} INFO - Sync 3 DAGs
[2025-04-21T10:55:41.324+0000] {logging_mixin.py:190} INFO - [2025-04-21T10:55:41.324+0000] {dag.py:4180} INFO - Setting next_dagrun for dataset_with_extra_by_context to 2025-04-20 00:00:00+00:00, run_after=2025-04-21 00:00:00+00:00
[2025-04-21T10:55:41.327+0000] {logging_mixin.py:190} INFO - [2025-04-21T10:55:41.327+0000] {dag.py:4180} INFO - Setting next_dagrun for dataset_with_extra_by_yield to 2025-04-20 00:00:00+00:00, run_after=2025-04-21 00:00:00+00:00
[2025-04-21T10:55:41.330+0000] {logging_mixin.py:190} INFO - [2025-04-21T10:55:41.329+0000] {dag.py:4180} INFO - Setting next_dagrun for dataset_with_extra_from_classic_operator to 2025-04-20 00:00:00+00:00, run_after=2025-04-21 00:00:00+00:00
[2025-04-21T10:55:41.344+0000] {processor.py:208} INFO - Processing /home/airflow/.local/lib/python3.12/site-packages/airflow/example_dags/example_outlet_event_extra.py took 0.493 seconds
[2025-04-21T10:56:11.482+0000] {processor.py:186} INFO - Started process (PID=496) to work on /home/airflow/.local/lib/python3.12/site-packages/airflow/example_dags/example_outlet_event_extra.py
[2025-04-21T10:56:11.483+0000] {processor.py:914} INFO - Processing file /home/airflow/.local/lib/python3.12/site-packages/airflow/example_dags/example_outlet_event_extra.py for tasks to queue
[2025-04-21T10:56:11.484+0000] {logging_mixin.py:190} INFO - [2025-04-21T10:56:11.484+0000] {dagbag.py:588} INFO - Filling up the DagBag from /home/airflow/.local/lib/python3.12/site-packages/airflow/example_dags/example_outlet_event_extra.py
[2025-04-21T10:56:11.914+0000] {processor.py:925} INFO - DAG(s) 'dataset_with_extra_by_yield', 'dataset_with_extra_from_classic_operator', 'dataset_with_extra_by_context' retrieved from /home/airflow/.local/lib/python3.12/site-packages/airflow/example_dags/example_outlet_event_extra.py
[2025-04-21T10:56:11.933+0000] {logging_mixin.py:190} INFO - [2025-04-21T10:56:11.932+0000] {dag.py:3239} INFO - Sync 3 DAGs
[2025-04-21T10:56:11.949+0000] {logging_mixin.py:190} INFO - [2025-04-21T10:56:11.949+0000] {dag.py:4180} INFO - Setting next_dagrun for dataset_with_extra_by_context to 2025-04-20 00:00:00+00:00, run_after=2025-04-21 00:00:00+00:00
[2025-04-21T10:56:11.953+0000] {logging_mixin.py:190} INFO - [2025-04-21T10:56:11.953+0000] {dag.py:4180} INFO - Setting next_dagrun for dataset_with_extra_by_yield to 2025-04-20 00:00:00+00:00, run_after=2025-04-21 00:00:00+00:00
[2025-04-21T10:56:11.955+0000] {logging_mixin.py:190} INFO - [2025-04-21T10:56:11.954+0000] {dag.py:4180} INFO - Setting next_dagrun for dataset_with_extra_from_classic_operator to 2025-04-20 00:00:00+00:00, run_after=2025-04-21 00:00:00+00:00
[2025-04-21T10:56:11.970+0000] {processor.py:208} INFO - Processing /home/airflow/.local/lib/python3.12/site-packages/airflow/example_dags/example_outlet_event_extra.py took 0.492 seconds
[2025-04-21T10:56:42.646+0000] {processor.py:186} INFO - Started process (PID=559) to work on /home/airflow/.local/lib/python3.12/site-packages/airflow/example_dags/example_outlet_event_extra.py
[2025-04-21T10:56:42.646+0000] {processor.py:914} INFO - Processing file /home/airflow/.local/lib/python3.12/site-packages/airflow/example_dags/example_outlet_event_extra.py for tasks to queue
[2025-04-21T10:56:42.649+0000] {logging_mixin.py:190} INFO - [2025-04-21T10:56:42.648+0000] {dagbag.py:588} INFO - Filling up the DagBag from /home/airflow/.local/lib/python3.12/site-packages/airflow/example_dags/example_outlet_event_extra.py
[2025-04-21T10:56:43.073+0000] {processor.py:925} INFO - DAG(s) 'dataset_with_extra_from_classic_operator', 'dataset_with_extra_by_yield', 'dataset_with_extra_by_context' retrieved from /home/airflow/.local/lib/python3.12/site-packages/airflow/example_dags/example_outlet_event_extra.py
[2025-04-21T10:56:43.091+0000] {logging_mixin.py:190} INFO - [2025-04-21T10:56:43.091+0000] {dag.py:3239} INFO - Sync 3 DAGs
[2025-04-21T10:56:43.109+0000] {logging_mixin.py:190} INFO - [2025-04-21T10:56:43.109+0000] {dag.py:4180} INFO - Setting next_dagrun for dataset_with_extra_by_context to 2025-04-20 00:00:00+00:00, run_after=2025-04-21 00:00:00+00:00
[2025-04-21T10:56:43.113+0000] {logging_mixin.py:190} INFO - [2025-04-21T10:56:43.112+0000] {dag.py:4180} INFO - Setting next_dagrun for dataset_with_extra_by_yield to 2025-04-20 00:00:00+00:00, run_after=2025-04-21 00:00:00+00:00
[2025-04-21T10:56:43.115+0000] {logging_mixin.py:190} INFO - [2025-04-21T10:56:43.114+0000] {dag.py:4180} INFO - Setting next_dagrun for dataset_with_extra_from_classic_operator to 2025-04-20 00:00:00+00:00, run_after=2025-04-21 00:00:00+00:00
[2025-04-21T10:56:43.130+0000] {processor.py:208} INFO - Processing /home/airflow/.local/lib/python3.12/site-packages/airflow/example_dags/example_outlet_event_extra.py took 0.489 seconds
[2025-04-21T10:57:13.606+0000] {processor.py:186} INFO - Started process (PID=621) to work on /home/airflow/.local/lib/python3.12/site-packages/airflow/example_dags/example_outlet_event_extra.py
[2025-04-21T10:57:13.607+0000] {processor.py:914} INFO - Processing file /home/airflow/.local/lib/python3.12/site-packages/airflow/example_dags/example_outlet_event_extra.py for tasks to queue
[2025-04-21T10:57:13.609+0000] {logging_mixin.py:190} INFO - [2025-04-21T10:57:13.609+0000] {dagbag.py:588} INFO - Filling up the DagBag from /home/airflow/.local/lib/python3.12/site-packages/airflow/example_dags/example_outlet_event_extra.py
[2025-04-21T10:57:14.073+0000] {processor.py:925} INFO - DAG(s) 'dataset_with_extra_by_yield', 'dataset_with_extra_by_context', 'dataset_with_extra_from_classic_operator' retrieved from /home/airflow/.local/lib/python3.12/site-packages/airflow/example_dags/example_outlet_event_extra.py
[2025-04-21T10:57:14.091+0000] {logging_mixin.py:190} INFO - [2025-04-21T10:57:14.091+0000] {dag.py:3239} INFO - Sync 3 DAGs
[2025-04-21T10:57:14.110+0000] {logging_mixin.py:190} INFO - [2025-04-21T10:57:14.110+0000] {dag.py:4180} INFO - Setting next_dagrun for dataset_with_extra_by_context to 2025-04-20 00:00:00+00:00, run_after=2025-04-21 00:00:00+00:00
[2025-04-21T10:57:14.115+0000] {logging_mixin.py:190} INFO - [2025-04-21T10:57:14.114+0000] {dag.py:4180} INFO - Setting next_dagrun for dataset_with_extra_by_yield to 2025-04-20 00:00:00+00:00, run_after=2025-04-21 00:00:00+00:00
[2025-04-21T10:57:14.117+0000] {logging_mixin.py:190} INFO - [2025-04-21T10:57:14.116+0000] {dag.py:4180} INFO - Setting next_dagrun for dataset_with_extra_from_classic_operator to 2025-04-20 00:00:00+00:00, run_after=2025-04-21 00:00:00+00:00
[2025-04-21T10:57:14.152+0000] {processor.py:208} INFO - Processing /home/airflow/.local/lib/python3.12/site-packages/airflow/example_dags/example_outlet_event_extra.py took 0.550 seconds
[2025-04-21T10:57:44.327+0000] {processor.py:186} INFO - Started process (PID=684) to work on /home/airflow/.local/lib/python3.12/site-packages/airflow/example_dags/example_outlet_event_extra.py
[2025-04-21T10:57:44.328+0000] {processor.py:914} INFO - Processing file /home/airflow/.local/lib/python3.12/site-packages/airflow/example_dags/example_outlet_event_extra.py for tasks to queue
[2025-04-21T10:57:44.330+0000] {logging_mixin.py:190} INFO - [2025-04-21T10:57:44.330+0000] {dagbag.py:588} INFO - Filling up the DagBag from /home/airflow/.local/lib/python3.12/site-packages/airflow/example_dags/example_outlet_event_extra.py
[2025-04-21T10:57:44.778+0000] {processor.py:925} INFO - DAG(s) 'dataset_with_extra_by_context', 'dataset_with_extra_from_classic_operator', 'dataset_with_extra_by_yield' retrieved from /home/airflow/.local/lib/python3.12/site-packages/airflow/example_dags/example_outlet_event_extra.py
[2025-04-21T10:57:44.799+0000] {logging_mixin.py:190} INFO - [2025-04-21T10:57:44.799+0000] {dag.py:3239} INFO - Sync 3 DAGs
[2025-04-21T10:57:44.821+0000] {logging_mixin.py:190} INFO - [2025-04-21T10:57:44.821+0000] {dag.py:4180} INFO - Setting next_dagrun for dataset_with_extra_by_context to 2025-04-20 00:00:00+00:00, run_after=2025-04-21 00:00:00+00:00
[2025-04-21T10:57:44.826+0000] {logging_mixin.py:190} INFO - [2025-04-21T10:57:44.826+0000] {dag.py:4180} INFO - Setting next_dagrun for dataset_with_extra_by_yield to 2025-04-20 00:00:00+00:00, run_after=2025-04-21 00:00:00+00:00
[2025-04-21T10:57:44.828+0000] {logging_mixin.py:190} INFO - [2025-04-21T10:57:44.828+0000] {dag.py:4180} INFO - Setting next_dagrun for dataset_with_extra_from_classic_operator to 2025-04-20 00:00:00+00:00, run_after=2025-04-21 00:00:00+00:00
[2025-04-21T10:57:44.848+0000] {processor.py:208} INFO - Processing /home/airflow/.local/lib/python3.12/site-packages/airflow/example_dags/example_outlet_event_extra.py took 0.524 seconds
[2025-04-21T10:58:15.041+0000] {processor.py:186} INFO - Started process (PID=747) to work on /home/airflow/.local/lib/python3.12/site-packages/airflow/example_dags/example_outlet_event_extra.py
[2025-04-21T10:58:15.042+0000] {processor.py:914} INFO - Processing file /home/airflow/.local/lib/python3.12/site-packages/airflow/example_dags/example_outlet_event_extra.py for tasks to queue
[2025-04-21T10:58:15.044+0000] {logging_mixin.py:190} INFO - [2025-04-21T10:58:15.044+0000] {dagbag.py:588} INFO - Filling up the DagBag from /home/airflow/.local/lib/python3.12/site-packages/airflow/example_dags/example_outlet_event_extra.py
[2025-04-21T10:58:15.469+0000] {processor.py:925} INFO - DAG(s) 'dataset_with_extra_from_classic_operator', 'dataset_with_extra_by_context', 'dataset_with_extra_by_yield' retrieved from /home/airflow/.local/lib/python3.12/site-packages/airflow/example_dags/example_outlet_event_extra.py
[2025-04-21T10:58:15.486+0000] {logging_mixin.py:190} INFO - [2025-04-21T10:58:15.485+0000] {dag.py:3239} INFO - Sync 3 DAGs
[2025-04-21T10:58:15.505+0000] {logging_mixin.py:190} INFO - [2025-04-21T10:58:15.505+0000] {dag.py:4180} INFO - Setting next_dagrun for dataset_with_extra_by_context to 2025-04-20 00:00:00+00:00, run_after=2025-04-21 00:00:00+00:00
[2025-04-21T10:58:15.509+0000] {logging_mixin.py:190} INFO - [2025-04-21T10:58:15.508+0000] {dag.py:4180} INFO - Setting next_dagrun for dataset_with_extra_by_yield to 2025-04-20 00:00:00+00:00, run_after=2025-04-21 00:00:00+00:00
[2025-04-21T10:58:15.510+0000] {logging_mixin.py:190} INFO - [2025-04-21T10:58:15.510+0000] {dag.py:4180} INFO - Setting next_dagrun for dataset_with_extra_from_classic_operator to 2025-04-20 00:00:00+00:00, run_after=2025-04-21 00:00:00+00:00
[2025-04-21T10:58:15.528+0000] {processor.py:208} INFO - Processing /home/airflow/.local/lib/python3.12/site-packages/airflow/example_dags/example_outlet_event_extra.py took 0.491 seconds
[2025-04-21T10:58:46.060+0000] {processor.py:186} INFO - Started process (PID=810) to work on /home/airflow/.local/lib/python3.12/site-packages/airflow/example_dags/example_outlet_event_extra.py
[2025-04-21T10:58:46.060+0000] {processor.py:914} INFO - Processing file /home/airflow/.local/lib/python3.12/site-packages/airflow/example_dags/example_outlet_event_extra.py for tasks to queue
[2025-04-21T10:58:46.062+0000] {logging_mixin.py:190} INFO - [2025-04-21T10:58:46.062+0000] {dagbag.py:588} INFO - Filling up the DagBag from /home/airflow/.local/lib/python3.12/site-packages/airflow/example_dags/example_outlet_event_extra.py
[2025-04-21T10:58:46.498+0000] {processor.py:925} INFO - DAG(s) 'dataset_with_extra_by_context', 'dataset_with_extra_by_yield', 'dataset_with_extra_from_classic_operator' retrieved from /home/airflow/.local/lib/python3.12/site-packages/airflow/example_dags/example_outlet_event_extra.py
[2025-04-21T10:58:46.515+0000] {logging_mixin.py:190} INFO - [2025-04-21T10:58:46.515+0000] {dag.py:3239} INFO - Sync 3 DAGs
[2025-04-21T10:58:46.533+0000] {logging_mixin.py:190} INFO - [2025-04-21T10:58:46.532+0000] {dag.py:4180} INFO - Setting next_dagrun for dataset_with_extra_by_context to 2025-04-20 00:00:00+00:00, run_after=2025-04-21 00:00:00+00:00
[2025-04-21T10:58:46.536+0000] {logging_mixin.py:190} INFO - [2025-04-21T10:58:46.536+0000] {dag.py:4180} INFO - Setting next_dagrun for dataset_with_extra_by_yield to 2025-04-20 00:00:00+00:00, run_after=2025-04-21 00:00:00+00:00
[2025-04-21T10:58:46.538+0000] {logging_mixin.py:190} INFO - [2025-04-21T10:58:46.538+0000] {dag.py:4180} INFO - Setting next_dagrun for dataset_with_extra_from_classic_operator to 2025-04-20 00:00:00+00:00, run_after=2025-04-21 00:00:00+00:00
[2025-04-21T10:58:46.552+0000] {processor.py:208} INFO - Processing /home/airflow/.local/lib/python3.12/site-packages/airflow/example_dags/example_outlet_event_extra.py took 0.496 seconds
[2025-04-21T10:59:16.775+0000] {processor.py:186} INFO - Started process (PID=873) to work on /home/airflow/.local/lib/python3.12/site-packages/airflow/example_dags/example_outlet_event_extra.py
[2025-04-21T10:59:16.775+0000] {processor.py:914} INFO - Processing file /home/airflow/.local/lib/python3.12/site-packages/airflow/example_dags/example_outlet_event_extra.py for tasks to queue
[2025-04-21T10:59:16.777+0000] {logging_mixin.py:190} INFO - [2025-04-21T10:59:16.777+0000] {dagbag.py:588} INFO - Filling up the DagBag from /home/airflow/.local/lib/python3.12/site-packages/airflow/example_dags/example_outlet_event_extra.py
[2025-04-21T10:59:17.204+0000] {processor.py:925} INFO - DAG(s) 'dataset_with_extra_by_yield', 'dataset_with_extra_from_classic_operator', 'dataset_with_extra_by_context' retrieved from /home/airflow/.local/lib/python3.12/site-packages/airflow/example_dags/example_outlet_event_extra.py
[2025-04-21T10:59:17.222+0000] {logging_mixin.py:190} INFO - [2025-04-21T10:59:17.222+0000] {dag.py:3239} INFO - Sync 3 DAGs
[2025-04-21T10:59:17.242+0000] {logging_mixin.py:190} INFO - [2025-04-21T10:59:17.242+0000] {dag.py:4180} INFO - Setting next_dagrun for dataset_with_extra_by_context to 2025-04-20 00:00:00+00:00, run_after=2025-04-21 00:00:00+00:00
[2025-04-21T10:59:17.246+0000] {logging_mixin.py:190} INFO - [2025-04-21T10:59:17.246+0000] {dag.py:4180} INFO - Setting next_dagrun for dataset_with_extra_by_yield to 2025-04-20 00:00:00+00:00, run_after=2025-04-21 00:00:00+00:00
[2025-04-21T10:59:17.248+0000] {logging_mixin.py:190} INFO - [2025-04-21T10:59:17.248+0000] {dag.py:4180} INFO - Setting next_dagrun for dataset_with_extra_from_classic_operator to 2025-04-20 00:00:00+00:00, run_after=2025-04-21 00:00:00+00:00
[2025-04-21T10:59:17.263+0000] {processor.py:208} INFO - Processing /home/airflow/.local/lib/python3.12/site-packages/airflow/example_dags/example_outlet_event_extra.py took 0.493 seconds
[2025-04-21T10:59:47.733+0000] {processor.py:186} INFO - Started process (PID=936) to work on /home/airflow/.local/lib/python3.12/site-packages/airflow/example_dags/example_outlet_event_extra.py
[2025-04-21T10:59:47.735+0000] {processor.py:914} INFO - Processing file /home/airflow/.local/lib/python3.12/site-packages/airflow/example_dags/example_outlet_event_extra.py for tasks to queue
[2025-04-21T10:59:47.737+0000] {logging_mixin.py:190} INFO - [2025-04-21T10:59:47.736+0000] {dagbag.py:588} INFO - Filling up the DagBag from /home/airflow/.local/lib/python3.12/site-packages/airflow/example_dags/example_outlet_event_extra.py
[2025-04-21T10:59:48.178+0000] {processor.py:925} INFO - DAG(s) 'dataset_with_extra_by_context', 'dataset_with_extra_by_yield', 'dataset_with_extra_from_classic_operator' retrieved from /home/airflow/.local/lib/python3.12/site-packages/airflow/example_dags/example_outlet_event_extra.py
[2025-04-21T10:59:48.194+0000] {logging_mixin.py:190} INFO - [2025-04-21T10:59:48.194+0000] {dag.py:3239} INFO - Sync 3 DAGs
[2025-04-21T10:59:48.210+0000] {logging_mixin.py:190} INFO - [2025-04-21T10:59:48.210+0000] {dag.py:4180} INFO - Setting next_dagrun for dataset_with_extra_by_context to 2025-04-20 00:00:00+00:00, run_after=2025-04-21 00:00:00+00:00
[2025-04-21T10:59:48.214+0000] {logging_mixin.py:190} INFO - [2025-04-21T10:59:48.214+0000] {dag.py:4180} INFO - Setting next_dagrun for dataset_with_extra_by_yield to 2025-04-20 00:00:00+00:00, run_after=2025-04-21 00:00:00+00:00
[2025-04-21T10:59:48.216+0000] {logging_mixin.py:190} INFO - [2025-04-21T10:59:48.216+0000] {dag.py:4180} INFO - Setting next_dagrun for dataset_with_extra_from_classic_operator to 2025-04-20 00:00:00+00:00, run_after=2025-04-21 00:00:00+00:00
[2025-04-21T10:59:48.233+0000] {processor.py:208} INFO - Processing /home/airflow/.local/lib/python3.12/site-packages/airflow/example_dags/example_outlet_event_extra.py took 0.505 seconds
[2025-04-21T11:00:18.492+0000] {processor.py:186} INFO - Started process (PID=999) to work on /home/airflow/.local/lib/python3.12/site-packages/airflow/example_dags/example_outlet_event_extra.py
[2025-04-21T11:00:18.492+0000] {processor.py:914} INFO - Processing file /home/airflow/.local/lib/python3.12/site-packages/airflow/example_dags/example_outlet_event_extra.py for tasks to queue
[2025-04-21T11:00:18.494+0000] {logging_mixin.py:190} INFO - [2025-04-21T11:00:18.494+0000] {dagbag.py:588} INFO - Filling up the DagBag from /home/airflow/.local/lib/python3.12/site-packages/airflow/example_dags/example_outlet_event_extra.py
[2025-04-21T11:00:18.941+0000] {processor.py:925} INFO - DAG(s) 'dataset_with_extra_from_classic_operator', 'dataset_with_extra_by_context', 'dataset_with_extra_by_yield' retrieved from /home/airflow/.local/lib/python3.12/site-packages/airflow/example_dags/example_outlet_event_extra.py
[2025-04-21T11:00:18.960+0000] {logging_mixin.py:190} INFO - [2025-04-21T11:00:18.960+0000] {dag.py:3239} INFO - Sync 3 DAGs
[2025-04-21T11:00:18.984+0000] {logging_mixin.py:190} INFO - [2025-04-21T11:00:18.983+0000] {dag.py:4180} INFO - Setting next_dagrun for dataset_with_extra_by_context to 2025-04-20 00:00:00+00:00, run_after=2025-04-21 00:00:00+00:00
[2025-04-21T11:00:18.989+0000] {logging_mixin.py:190} INFO - [2025-04-21T11:00:18.988+0000] {dag.py:4180} INFO - Setting next_dagrun for dataset_with_extra_by_yield to 2025-04-20 00:00:00+00:00, run_after=2025-04-21 00:00:00+00:00
[2025-04-21T11:00:18.991+0000] {logging_mixin.py:190} INFO - [2025-04-21T11:00:18.991+0000] {dag.py:4180} INFO - Setting next_dagrun for dataset_with_extra_from_classic_operator to 2025-04-20 00:00:00+00:00, run_after=2025-04-21 00:00:00+00:00
[2025-04-21T11:00:19.033+0000] {processor.py:208} INFO - Processing /home/airflow/.local/lib/python3.12/site-packages/airflow/example_dags/example_outlet_event_extra.py took 0.545 seconds
[2025-04-21T11:00:49.185+0000] {processor.py:186} INFO - Started process (PID=1062) to work on /home/airflow/.local/lib/python3.12/site-packages/airflow/example_dags/example_outlet_event_extra.py
[2025-04-21T11:00:49.185+0000] {processor.py:914} INFO - Processing file /home/airflow/.local/lib/python3.12/site-packages/airflow/example_dags/example_outlet_event_extra.py for tasks to queue
[2025-04-21T11:00:49.187+0000] {logging_mixin.py:190} INFO - [2025-04-21T11:00:49.187+0000] {dagbag.py:588} INFO - Filling up the DagBag from /home/airflow/.local/lib/python3.12/site-packages/airflow/example_dags/example_outlet_event_extra.py
[2025-04-21T11:00:49.634+0000] {processor.py:925} INFO - DAG(s) 'dataset_with_extra_by_context', 'dataset_with_extra_from_classic_operator', 'dataset_with_extra_by_yield' retrieved from /home/airflow/.local/lib/python3.12/site-packages/airflow/example_dags/example_outlet_event_extra.py
[2025-04-21T11:00:49.652+0000] {logging_mixin.py:190} INFO - [2025-04-21T11:00:49.652+0000] {dag.py:3239} INFO - Sync 3 DAGs
[2025-04-21T11:00:49.672+0000] {logging_mixin.py:190} INFO - [2025-04-21T11:00:49.672+0000] {dag.py:4180} INFO - Setting next_dagrun for dataset_with_extra_by_context to 2025-04-20 00:00:00+00:00, run_after=2025-04-21 00:00:00+00:00
[2025-04-21T11:00:49.676+0000] {logging_mixin.py:190} INFO - [2025-04-21T11:00:49.676+0000] {dag.py:4180} INFO - Setting next_dagrun for dataset_with_extra_by_yield to 2025-04-20 00:00:00+00:00, run_after=2025-04-21 00:00:00+00:00
[2025-04-21T11:00:49.678+0000] {logging_mixin.py:190} INFO - [2025-04-21T11:00:49.678+0000] {dag.py:4180} INFO - Setting next_dagrun for dataset_with_extra_from_classic_operator to 2025-04-20 00:00:00+00:00, run_after=2025-04-21 00:00:00+00:00
[2025-04-21T11:00:49.695+0000] {processor.py:208} INFO - Processing /home/airflow/.local/lib/python3.12/site-packages/airflow/example_dags/example_outlet_event_extra.py took 0.515 seconds
[2025-04-21T11:01:20.185+0000] {processor.py:186} INFO - Started process (PID=1125) to work on /home/airflow/.local/lib/python3.12/site-packages/airflow/example_dags/example_outlet_event_extra.py
[2025-04-21T11:01:20.186+0000] {processor.py:914} INFO - Processing file /home/airflow/.local/lib/python3.12/site-packages/airflow/example_dags/example_outlet_event_extra.py for tasks to queue
[2025-04-21T11:01:20.188+0000] {logging_mixin.py:190} INFO - [2025-04-21T11:01:20.188+0000] {dagbag.py:588} INFO - Filling up the DagBag from /home/airflow/.local/lib/python3.12/site-packages/airflow/example_dags/example_outlet_event_extra.py
[2025-04-21T11:01:20.643+0000] {processor.py:925} INFO - DAG(s) 'dataset_with_extra_from_classic_operator', 'dataset_with_extra_by_context', 'dataset_with_extra_by_yield' retrieved from /home/airflow/.local/lib/python3.12/site-packages/airflow/example_dags/example_outlet_event_extra.py
[2025-04-21T11:01:20.661+0000] {logging_mixin.py:190} INFO - [2025-04-21T11:01:20.661+0000] {dag.py:3239} INFO - Sync 3 DAGs
[2025-04-21T11:01:20.679+0000] {logging_mixin.py:190} INFO - [2025-04-21T11:01:20.679+0000] {dag.py:4180} INFO - Setting next_dagrun for dataset_with_extra_by_context to 2025-04-20 00:00:00+00:00, run_after=2025-04-21 00:00:00+00:00
[2025-04-21T11:01:20.682+0000] {logging_mixin.py:190} INFO - [2025-04-21T11:01:20.682+0000] {dag.py:4180} INFO - Setting next_dagrun for dataset_with_extra_by_yield to 2025-04-20 00:00:00+00:00, run_after=2025-04-21 00:00:00+00:00
[2025-04-21T11:01:20.684+0000] {logging_mixin.py:190} INFO - [2025-04-21T11:01:20.684+0000] {dag.py:4180} INFO - Setting next_dagrun for dataset_with_extra_from_classic_operator to 2025-04-20 00:00:00+00:00, run_after=2025-04-21 00:00:00+00:00
[2025-04-21T11:01:20.703+0000] {processor.py:208} INFO - Processing /home/airflow/.local/lib/python3.12/site-packages/airflow/example_dags/example_outlet_event_extra.py took 0.522 seconds
[2025-04-21T11:01:51.098+0000] {processor.py:186} INFO - Started process (PID=1188) to work on /home/airflow/.local/lib/python3.12/site-packages/airflow/example_dags/example_outlet_event_extra.py
[2025-04-21T11:01:51.098+0000] {processor.py:914} INFO - Processing file /home/airflow/.local/lib/python3.12/site-packages/airflow/example_dags/example_outlet_event_extra.py for tasks to queue
[2025-04-21T11:01:51.100+0000] {logging_mixin.py:190} INFO - [2025-04-21T11:01:51.100+0000] {dagbag.py:588} INFO - Filling up the DagBag from /home/airflow/.local/lib/python3.12/site-packages/airflow/example_dags/example_outlet_event_extra.py
[2025-04-21T11:01:51.524+0000] {processor.py:925} INFO - DAG(s) 'dataset_with_extra_from_classic_operator', 'dataset_with_extra_by_yield', 'dataset_with_extra_by_context' retrieved from /home/airflow/.local/lib/python3.12/site-packages/airflow/example_dags/example_outlet_event_extra.py
[2025-04-21T11:01:51.542+0000] {logging_mixin.py:190} INFO - [2025-04-21T11:01:51.542+0000] {dag.py:3239} INFO - Sync 3 DAGs
[2025-04-21T11:01:51.560+0000] {logging_mixin.py:190} INFO - [2025-04-21T11:01:51.560+0000] {dag.py:4180} INFO - Setting next_dagrun for dataset_with_extra_by_context to 2025-04-20 00:00:00+00:00, run_after=2025-04-21 00:00:00+00:00
[2025-04-21T11:01:51.563+0000] {logging_mixin.py:190} INFO - [2025-04-21T11:01:51.563+0000] {dag.py:4180} INFO - Setting next_dagrun for dataset_with_extra_by_yield to 2025-04-20 00:00:00+00:00, run_after=2025-04-21 00:00:00+00:00
[2025-04-21T11:01:51.565+0000] {logging_mixin.py:190} INFO - [2025-04-21T11:01:51.565+0000] {dag.py:4180} INFO - Setting next_dagrun for dataset_with_extra_from_classic_operator to 2025-04-20 00:00:00+00:00, run_after=2025-04-21 00:00:00+00:00
[2025-04-21T11:01:51.582+0000] {processor.py:208} INFO - Processing /home/airflow/.local/lib/python3.12/site-packages/airflow/example_dags/example_outlet_event_extra.py took 0.489 seconds
[2025-04-21T11:02:21.897+0000] {processor.py:186} INFO - Started process (PID=1251) to work on /home/airflow/.local/lib/python3.12/site-packages/airflow/example_dags/example_outlet_event_extra.py
[2025-04-21T11:02:21.898+0000] {processor.py:914} INFO - Processing file /home/airflow/.local/lib/python3.12/site-packages/airflow/example_dags/example_outlet_event_extra.py for tasks to queue
[2025-04-21T11:02:21.900+0000] {logging_mixin.py:190} INFO - [2025-04-21T11:02:21.899+0000] {dagbag.py:588} INFO - Filling up the DagBag from /home/airflow/.local/lib/python3.12/site-packages/airflow/example_dags/example_outlet_event_extra.py
[2025-04-21T11:02:22.322+0000] {processor.py:925} INFO - DAG(s) 'dataset_with_extra_by_context', 'dataset_with_extra_by_yield', 'dataset_with_extra_from_classic_operator' retrieved from /home/airflow/.local/lib/python3.12/site-packages/airflow/example_dags/example_outlet_event_extra.py
[2025-04-21T11:02:22.339+0000] {logging_mixin.py:190} INFO - [2025-04-21T11:02:22.339+0000] {dag.py:3239} INFO - Sync 3 DAGs
[2025-04-21T11:02:22.358+0000] {logging_mixin.py:190} INFO - [2025-04-21T11:02:22.358+0000] {dag.py:4180} INFO - Setting next_dagrun for dataset_with_extra_by_context to 2025-04-20 00:00:00+00:00, run_after=2025-04-21 00:00:00+00:00
[2025-04-21T11:02:22.361+0000] {logging_mixin.py:190} INFO - [2025-04-21T11:02:22.361+0000] {dag.py:4180} INFO - Setting next_dagrun for dataset_with_extra_by_yield to 2025-04-20 00:00:00+00:00, run_after=2025-04-21 00:00:00+00:00
[2025-04-21T11:02:22.363+0000] {logging_mixin.py:190} INFO - [2025-04-21T11:02:22.363+0000] {dag.py:4180} INFO - Setting next_dagrun for dataset_with_extra_from_classic_operator to 2025-04-20 00:00:00+00:00, run_after=2025-04-21 00:00:00+00:00
[2025-04-21T11:02:22.378+0000] {processor.py:208} INFO - Processing /home/airflow/.local/lib/python3.12/site-packages/airflow/example_dags/example_outlet_event_extra.py took 0.485 seconds
[2025-04-21T11:02:52.812+0000] {processor.py:186} INFO - Started process (PID=1314) to work on /home/airflow/.local/lib/python3.12/site-packages/airflow/example_dags/example_outlet_event_extra.py
[2025-04-21T11:02:52.813+0000] {processor.py:914} INFO - Processing file /home/airflow/.local/lib/python3.12/site-packages/airflow/example_dags/example_outlet_event_extra.py for tasks to queue
[2025-04-21T11:02:52.814+0000] {logging_mixin.py:190} INFO - [2025-04-21T11:02:52.814+0000] {dagbag.py:588} INFO - Filling up the DagBag from /home/airflow/.local/lib/python3.12/site-packages/airflow/example_dags/example_outlet_event_extra.py
[2025-04-21T11:02:53.242+0000] {processor.py:925} INFO - DAG(s) 'dataset_with_extra_by_yield', 'dataset_with_extra_by_context', 'dataset_with_extra_from_classic_operator' retrieved from /home/airflow/.local/lib/python3.12/site-packages/airflow/example_dags/example_outlet_event_extra.py
[2025-04-21T11:02:53.259+0000] {logging_mixin.py:190} INFO - [2025-04-21T11:02:53.259+0000] {dag.py:3239} INFO - Sync 3 DAGs
[2025-04-21T11:02:53.278+0000] {logging_mixin.py:190} INFO - [2025-04-21T11:02:53.278+0000] {dag.py:4180} INFO - Setting next_dagrun for dataset_with_extra_by_context to 2025-04-20 00:00:00+00:00, run_after=2025-04-21 00:00:00+00:00
[2025-04-21T11:02:53.282+0000] {logging_mixin.py:190} INFO - [2025-04-21T11:02:53.282+0000] {dag.py:4180} INFO - Setting next_dagrun for dataset_with_extra_by_yield to 2025-04-20 00:00:00+00:00, run_after=2025-04-21 00:00:00+00:00
[2025-04-21T11:02:53.284+0000] {logging_mixin.py:190} INFO - [2025-04-21T11:02:53.284+0000] {dag.py:4180} INFO - Setting next_dagrun for dataset_with_extra_from_classic_operator to 2025-04-20 00:00:00+00:00, run_after=2025-04-21 00:00:00+00:00
[2025-04-21T11:02:53.300+0000] {processor.py:208} INFO - Processing /home/airflow/.local/lib/python3.12/site-packages/airflow/example_dags/example_outlet_event_extra.py took 0.492 seconds
[2025-04-21T11:03:24.225+0000] {processor.py:186} INFO - Started process (PID=1377) to work on /home/airflow/.local/lib/python3.12/site-packages/airflow/example_dags/example_outlet_event_extra.py
[2025-04-21T11:03:24.226+0000] {processor.py:914} INFO - Processing file /home/airflow/.local/lib/python3.12/site-packages/airflow/example_dags/example_outlet_event_extra.py for tasks to queue
[2025-04-21T11:03:24.228+0000] {logging_mixin.py:190} INFO - [2025-04-21T11:03:24.227+0000] {dagbag.py:588} INFO - Filling up the DagBag from /home/airflow/.local/lib/python3.12/site-packages/airflow/example_dags/example_outlet_event_extra.py
[2025-04-21T11:03:24.666+0000] {processor.py:925} INFO - DAG(s) 'dataset_with_extra_by_yield', 'dataset_with_extra_from_classic_operator', 'dataset_with_extra_by_context' retrieved from /home/airflow/.local/lib/python3.12/site-packages/airflow/example_dags/example_outlet_event_extra.py
[2025-04-21T11:03:24.686+0000] {logging_mixin.py:190} INFO - [2025-04-21T11:03:24.686+0000] {dag.py:3239} INFO - Sync 3 DAGs
[2025-04-21T11:03:24.706+0000] {logging_mixin.py:190} INFO - [2025-04-21T11:03:24.706+0000] {dag.py:4180} INFO - Setting next_dagrun for dataset_with_extra_by_context to 2025-04-20 00:00:00+00:00, run_after=2025-04-21 00:00:00+00:00
[2025-04-21T11:03:24.710+0000] {logging_mixin.py:190} INFO - [2025-04-21T11:03:24.710+0000] {dag.py:4180} INFO - Setting next_dagrun for dataset_with_extra_by_yield to 2025-04-20 00:00:00+00:00, run_after=2025-04-21 00:00:00+00:00
[2025-04-21T11:03:24.712+0000] {logging_mixin.py:190} INFO - [2025-04-21T11:03:24.712+0000] {dag.py:4180} INFO - Setting next_dagrun for dataset_with_extra_from_classic_operator to 2025-04-20 00:00:00+00:00, run_after=2025-04-21 00:00:00+00:00
[2025-04-21T11:03:24.729+0000] {processor.py:208} INFO - Processing /home/airflow/.local/lib/python3.12/site-packages/airflow/example_dags/example_outlet_event_extra.py took 0.508 seconds
[2025-04-21T11:03:55.251+0000] {processor.py:186} INFO - Started process (PID=1440) to work on /home/airflow/.local/lib/python3.12/site-packages/airflow/example_dags/example_outlet_event_extra.py
[2025-04-21T11:03:55.252+0000] {processor.py:914} INFO - Processing file /home/airflow/.local/lib/python3.12/site-packages/airflow/example_dags/example_outlet_event_extra.py for tasks to queue
[2025-04-21T11:03:55.254+0000] {logging_mixin.py:190} INFO - [2025-04-21T11:03:55.254+0000] {dagbag.py:588} INFO - Filling up the DagBag from /home/airflow/.local/lib/python3.12/site-packages/airflow/example_dags/example_outlet_event_extra.py
[2025-04-21T11:03:55.717+0000] {processor.py:925} INFO - DAG(s) 'dataset_with_extra_by_context', 'dataset_with_extra_from_classic_operator', 'dataset_with_extra_by_yield' retrieved from /home/airflow/.local/lib/python3.12/site-packages/airflow/example_dags/example_outlet_event_extra.py
[2025-04-21T11:03:55.735+0000] {logging_mixin.py:190} INFO - [2025-04-21T11:03:55.735+0000] {dag.py:3239} INFO - Sync 3 DAGs
[2025-04-21T11:03:55.758+0000] {logging_mixin.py:190} INFO - [2025-04-21T11:03:55.758+0000] {dag.py:4180} INFO - Setting next_dagrun for dataset_with_extra_by_context to 2025-04-20 00:00:00+00:00, run_after=2025-04-21 00:00:00+00:00
[2025-04-21T11:03:55.762+0000] {logging_mixin.py:190} INFO - [2025-04-21T11:03:55.762+0000] {dag.py:4180} INFO - Setting next_dagrun for dataset_with_extra_by_yield to 2025-04-20 00:00:00+00:00, run_after=2025-04-21 00:00:00+00:00
[2025-04-21T11:03:55.765+0000] {logging_mixin.py:190} INFO - [2025-04-21T11:03:55.765+0000] {dag.py:4180} INFO - Setting next_dagrun for dataset_with_extra_from_classic_operator to 2025-04-20 00:00:00+00:00, run_after=2025-04-21 00:00:00+00:00
[2025-04-21T11:03:55.783+0000] {processor.py:208} INFO - Processing /home/airflow/.local/lib/python3.12/site-packages/airflow/example_dags/example_outlet_event_extra.py took 0.536 seconds
[2025-04-21T11:04:25.854+0000] {processor.py:186} INFO - Started process (PID=1503) to work on /home/airflow/.local/lib/python3.12/site-packages/airflow/example_dags/example_outlet_event_extra.py
[2025-04-21T11:04:25.855+0000] {processor.py:914} INFO - Processing file /home/airflow/.local/lib/python3.12/site-packages/airflow/example_dags/example_outlet_event_extra.py for tasks to queue
[2025-04-21T11:04:25.857+0000] {logging_mixin.py:190} INFO - [2025-04-21T11:04:25.856+0000] {dagbag.py:588} INFO - Filling up the DagBag from /home/airflow/.local/lib/python3.12/site-packages/airflow/example_dags/example_outlet_event_extra.py
[2025-04-21T11:04:26.339+0000] {processor.py:925} INFO - DAG(s) 'dataset_with_extra_from_classic_operator', 'dataset_with_extra_by_context', 'dataset_with_extra_by_yield' retrieved from /home/airflow/.local/lib/python3.12/site-packages/airflow/example_dags/example_outlet_event_extra.py
[2025-04-21T11:04:26.359+0000] {logging_mixin.py:190} INFO - [2025-04-21T11:04:26.359+0000] {dag.py:3239} INFO - Sync 3 DAGs
[2025-04-21T11:04:26.379+0000] {logging_mixin.py:190} INFO - [2025-04-21T11:04:26.379+0000] {dag.py:4180} INFO - Setting next_dagrun for dataset_with_extra_by_context to 2025-04-20 00:00:00+00:00, run_after=2025-04-21 00:00:00+00:00
[2025-04-21T11:04:26.385+0000] {logging_mixin.py:190} INFO - [2025-04-21T11:04:26.385+0000] {dag.py:4180} INFO - Setting next_dagrun for dataset_with_extra_by_yield to 2025-04-20 00:00:00+00:00, run_after=2025-04-21 00:00:00+00:00
[2025-04-21T11:04:26.387+0000] {logging_mixin.py:190} INFO - [2025-04-21T11:04:26.387+0000] {dag.py:4180} INFO - Setting next_dagrun for dataset_with_extra_from_classic_operator to 2025-04-20 00:00:00+00:00, run_after=2025-04-21 00:00:00+00:00
[2025-04-21T11:04:26.404+0000] {processor.py:208} INFO - Processing /home/airflow/.local/lib/python3.12/site-packages/airflow/example_dags/example_outlet_event_extra.py took 0.554 seconds
[2025-04-21T11:04:56.648+0000] {processor.py:186} INFO - Started process (PID=1566) to work on /home/airflow/.local/lib/python3.12/site-packages/airflow/example_dags/example_outlet_event_extra.py
[2025-04-21T11:04:56.649+0000] {processor.py:914} INFO - Processing file /home/airflow/.local/lib/python3.12/site-packages/airflow/example_dags/example_outlet_event_extra.py for tasks to queue
[2025-04-21T11:04:56.651+0000] {logging_mixin.py:190} INFO - [2025-04-21T11:04:56.650+0000] {dagbag.py:588} INFO - Filling up the DagBag from /home/airflow/.local/lib/python3.12/site-packages/airflow/example_dags/example_outlet_event_extra.py
[2025-04-21T11:04:57.069+0000] {processor.py:925} INFO - DAG(s) 'dataset_with_extra_from_classic_operator', 'dataset_with_extra_by_yield', 'dataset_with_extra_by_context' retrieved from /home/airflow/.local/lib/python3.12/site-packages/airflow/example_dags/example_outlet_event_extra.py
[2025-04-21T11:04:57.087+0000] {logging_mixin.py:190} INFO - [2025-04-21T11:04:57.087+0000] {dag.py:3239} INFO - Sync 3 DAGs
[2025-04-21T11:04:57.105+0000] {logging_mixin.py:190} INFO - [2025-04-21T11:04:57.105+0000] {dag.py:4180} INFO - Setting next_dagrun for dataset_with_extra_by_context to 2025-04-20 00:00:00+00:00, run_after=2025-04-21 00:00:00+00:00
[2025-04-21T11:04:57.108+0000] {logging_mixin.py:190} INFO - [2025-04-21T11:04:57.108+0000] {dag.py:4180} INFO - Setting next_dagrun for dataset_with_extra_by_yield to 2025-04-20 00:00:00+00:00, run_after=2025-04-21 00:00:00+00:00
[2025-04-21T11:04:57.110+0000] {logging_mixin.py:190} INFO - [2025-04-21T11:04:57.110+0000] {dag.py:4180} INFO - Setting next_dagrun for dataset_with_extra_from_classic_operator to 2025-04-20 00:00:00+00:00, run_after=2025-04-21 00:00:00+00:00
[2025-04-21T11:04:57.127+0000] {processor.py:208} INFO - Processing /home/airflow/.local/lib/python3.12/site-packages/airflow/example_dags/example_outlet_event_extra.py took 0.483 seconds
[2025-04-21T11:05:27.631+0000] {processor.py:186} INFO - Started process (PID=1630) to work on /home/airflow/.local/lib/python3.12/site-packages/airflow/example_dags/example_outlet_event_extra.py
[2025-04-21T11:05:27.632+0000] {processor.py:914} INFO - Processing file /home/airflow/.local/lib/python3.12/site-packages/airflow/example_dags/example_outlet_event_extra.py for tasks to queue
[2025-04-21T11:05:27.634+0000] {logging_mixin.py:190} INFO - [2025-04-21T11:05:27.633+0000] {dagbag.py:588} INFO - Filling up the DagBag from /home/airflow/.local/lib/python3.12/site-packages/airflow/example_dags/example_outlet_event_extra.py
[2025-04-21T11:05:28.122+0000] {processor.py:925} INFO - DAG(s) 'dataset_with_extra_by_yield', 'dataset_with_extra_by_context', 'dataset_with_extra_from_classic_operator' retrieved from /home/airflow/.local/lib/python3.12/site-packages/airflow/example_dags/example_outlet_event_extra.py
[2025-04-21T11:05:28.140+0000] {logging_mixin.py:190} INFO - [2025-04-21T11:05:28.140+0000] {dag.py:3239} INFO - Sync 3 DAGs
[2025-04-21T11:05:28.166+0000] {logging_mixin.py:190} INFO - [2025-04-21T11:05:28.165+0000] {dag.py:4180} INFO - Setting next_dagrun for dataset_with_extra_by_context to 2025-04-20 00:00:00+00:00, run_after=2025-04-21 00:00:00+00:00
[2025-04-21T11:05:28.170+0000] {logging_mixin.py:190} INFO - [2025-04-21T11:05:28.169+0000] {dag.py:4180} INFO - Setting next_dagrun for dataset_with_extra_by_yield to 2025-04-20 00:00:00+00:00, run_after=2025-04-21 00:00:00+00:00
[2025-04-21T11:05:28.172+0000] {logging_mixin.py:190} INFO - [2025-04-21T11:05:28.172+0000] {dag.py:4180} INFO - Setting next_dagrun for dataset_with_extra_from_classic_operator to 2025-04-20 00:00:00+00:00, run_after=2025-04-21 00:00:00+00:00
[2025-04-21T11:05:28.188+0000] {processor.py:208} INFO - Processing /home/airflow/.local/lib/python3.12/site-packages/airflow/example_dags/example_outlet_event_extra.py took 0.560 seconds
[2025-04-21T11:05:58.229+0000] {processor.py:186} INFO - Started process (PID=1699) to work on /home/airflow/.local/lib/python3.12/site-packages/airflow/example_dags/example_outlet_event_extra.py
[2025-04-21T11:05:58.230+0000] {processor.py:914} INFO - Processing file /home/airflow/.local/lib/python3.12/site-packages/airflow/example_dags/example_outlet_event_extra.py for tasks to queue
[2025-04-21T11:05:58.233+0000] {logging_mixin.py:190} INFO - [2025-04-21T11:05:58.232+0000] {dagbag.py:588} INFO - Filling up the DagBag from /home/airflow/.local/lib/python3.12/site-packages/airflow/example_dags/example_outlet_event_extra.py
[2025-04-21T11:05:58.660+0000] {processor.py:925} INFO - DAG(s) 'dataset_with_extra_by_context', 'dataset_with_extra_by_yield', 'dataset_with_extra_from_classic_operator' retrieved from /home/airflow/.local/lib/python3.12/site-packages/airflow/example_dags/example_outlet_event_extra.py
[2025-04-21T11:05:58.677+0000] {logging_mixin.py:190} INFO - [2025-04-21T11:05:58.677+0000] {dag.py:3239} INFO - Sync 3 DAGs
[2025-04-21T11:05:58.695+0000] {logging_mixin.py:190} INFO - [2025-04-21T11:05:58.695+0000] {dag.py:4180} INFO - Setting next_dagrun for dataset_with_extra_by_context to 2025-04-20 00:00:00+00:00, run_after=2025-04-21 00:00:00+00:00
[2025-04-21T11:05:58.698+0000] {logging_mixin.py:190} INFO - [2025-04-21T11:05:58.698+0000] {dag.py:4180} INFO - Setting next_dagrun for dataset_with_extra_by_yield to 2025-04-20 00:00:00+00:00, run_after=2025-04-21 00:00:00+00:00
[2025-04-21T11:05:58.700+0000] {logging_mixin.py:190} INFO - [2025-04-21T11:05:58.700+0000] {dag.py:4180} INFO - Setting next_dagrun for dataset_with_extra_from_classic_operator to 2025-04-20 00:00:00+00:00, run_after=2025-04-21 00:00:00+00:00
[2025-04-21T11:05:58.716+0000] {processor.py:208} INFO - Processing /home/airflow/.local/lib/python3.12/site-packages/airflow/example_dags/example_outlet_event_extra.py took 0.490 seconds
[2025-04-21T11:06:28.769+0000] {processor.py:186} INFO - Started process (PID=1762) to work on /home/airflow/.local/lib/python3.12/site-packages/airflow/example_dags/example_outlet_event_extra.py
[2025-04-21T11:06:28.770+0000] {processor.py:914} INFO - Processing file /home/airflow/.local/lib/python3.12/site-packages/airflow/example_dags/example_outlet_event_extra.py for tasks to queue
[2025-04-21T11:06:28.772+0000] {logging_mixin.py:190} INFO - [2025-04-21T11:06:28.772+0000] {dagbag.py:588} INFO - Filling up the DagBag from /home/airflow/.local/lib/python3.12/site-packages/airflow/example_dags/example_outlet_event_extra.py
[2025-04-21T11:06:29.199+0000] {processor.py:925} INFO - DAG(s) 'dataset_with_extra_by_yield', 'dataset_with_extra_by_context', 'dataset_with_extra_from_classic_operator' retrieved from /home/airflow/.local/lib/python3.12/site-packages/airflow/example_dags/example_outlet_event_extra.py
[2025-04-21T11:06:29.217+0000] {logging_mixin.py:190} INFO - [2025-04-21T11:06:29.217+0000] {dag.py:3239} INFO - Sync 3 DAGs
[2025-04-21T11:06:29.236+0000] {logging_mixin.py:190} INFO - [2025-04-21T11:06:29.235+0000] {dag.py:4180} INFO - Setting next_dagrun for dataset_with_extra_by_context to 2025-04-20 00:00:00+00:00, run_after=2025-04-21 00:00:00+00:00
[2025-04-21T11:06:29.239+0000] {logging_mixin.py:190} INFO - [2025-04-21T11:06:29.239+0000] {dag.py:4180} INFO - Setting next_dagrun for dataset_with_extra_by_yield to 2025-04-20 00:00:00+00:00, run_after=2025-04-21 00:00:00+00:00
[2025-04-21T11:06:29.241+0000] {logging_mixin.py:190} INFO - [2025-04-21T11:06:29.241+0000] {dag.py:4180} INFO - Setting next_dagrun for dataset_with_extra_from_classic_operator to 2025-04-20 00:00:00+00:00, run_after=2025-04-21 00:00:00+00:00
[2025-04-21T11:06:29.259+0000] {processor.py:208} INFO - Processing /home/airflow/.local/lib/python3.12/site-packages/airflow/example_dags/example_outlet_event_extra.py took 0.493 seconds
[2025-04-21T11:07:00.330+0000] {processor.py:186} INFO - Started process (PID=1828) to work on /home/airflow/.local/lib/python3.12/site-packages/airflow/example_dags/example_outlet_event_extra.py
[2025-04-21T11:07:00.331+0000] {processor.py:914} INFO - Processing file /home/airflow/.local/lib/python3.12/site-packages/airflow/example_dags/example_outlet_event_extra.py for tasks to queue
[2025-04-21T11:07:00.333+0000] {logging_mixin.py:190} INFO - [2025-04-21T11:07:00.333+0000] {dagbag.py:588} INFO - Filling up the DagBag from /home/airflow/.local/lib/python3.12/site-packages/airflow/example_dags/example_outlet_event_extra.py
[2025-04-21T11:07:00.782+0000] {processor.py:925} INFO - DAG(s) 'dataset_with_extra_by_yield', 'dataset_with_extra_from_classic_operator', 'dataset_with_extra_by_context' retrieved from /home/airflow/.local/lib/python3.12/site-packages/airflow/example_dags/example_outlet_event_extra.py
[2025-04-21T11:07:00.801+0000] {logging_mixin.py:190} INFO - [2025-04-21T11:07:00.801+0000] {dag.py:3239} INFO - Sync 3 DAGs
[2025-04-21T11:07:00.820+0000] {logging_mixin.py:190} INFO - [2025-04-21T11:07:00.820+0000] {dag.py:4180} INFO - Setting next_dagrun for dataset_with_extra_by_context to 2025-04-20 00:00:00+00:00, run_after=2025-04-21 00:00:00+00:00
[2025-04-21T11:07:00.824+0000] {logging_mixin.py:190} INFO - [2025-04-21T11:07:00.824+0000] {dag.py:4180} INFO - Setting next_dagrun for dataset_with_extra_by_yield to 2025-04-20 00:00:00+00:00, run_after=2025-04-21 00:00:00+00:00
[2025-04-21T11:07:00.826+0000] {logging_mixin.py:190} INFO - [2025-04-21T11:07:00.826+0000] {dag.py:4180} INFO - Setting next_dagrun for dataset_with_extra_from_classic_operator to 2025-04-20 00:00:00+00:00, run_after=2025-04-21 00:00:00+00:00
[2025-04-21T11:07:00.844+0000] {processor.py:208} INFO - Processing /home/airflow/.local/lib/python3.12/site-packages/airflow/example_dags/example_outlet_event_extra.py took 0.518 seconds
[2025-04-21T11:07:31.617+0000] {processor.py:186} INFO - Started process (PID=1891) to work on /home/airflow/.local/lib/python3.12/site-packages/airflow/example_dags/example_outlet_event_extra.py
[2025-04-21T11:07:31.618+0000] {processor.py:914} INFO - Processing file /home/airflow/.local/lib/python3.12/site-packages/airflow/example_dags/example_outlet_event_extra.py for tasks to queue
[2025-04-21T11:07:31.620+0000] {logging_mixin.py:190} INFO - [2025-04-21T11:07:31.620+0000] {dagbag.py:588} INFO - Filling up the DagBag from /home/airflow/.local/lib/python3.12/site-packages/airflow/example_dags/example_outlet_event_extra.py
[2025-04-21T11:07:32.061+0000] {processor.py:925} INFO - DAG(s) 'dataset_with_extra_from_classic_operator', 'dataset_with_extra_by_yield', 'dataset_with_extra_by_context' retrieved from /home/airflow/.local/lib/python3.12/site-packages/airflow/example_dags/example_outlet_event_extra.py
[2025-04-21T11:07:32.080+0000] {logging_mixin.py:190} INFO - [2025-04-21T11:07:32.080+0000] {dag.py:3239} INFO - Sync 3 DAGs
[2025-04-21T11:07:32.099+0000] {logging_mixin.py:190} INFO - [2025-04-21T11:07:32.098+0000] {dag.py:4180} INFO - Setting next_dagrun for dataset_with_extra_by_context to 2025-04-20 00:00:00+00:00, run_after=2025-04-21 00:00:00+00:00
[2025-04-21T11:07:32.104+0000] {logging_mixin.py:190} INFO - [2025-04-21T11:07:32.104+0000] {dag.py:4180} INFO - Setting next_dagrun for dataset_with_extra_by_yield to 2025-04-20 00:00:00+00:00, run_after=2025-04-21 00:00:00+00:00
[2025-04-21T11:07:32.106+0000] {logging_mixin.py:190} INFO - [2025-04-21T11:07:32.105+0000] {dag.py:4180} INFO - Setting next_dagrun for dataset_with_extra_from_classic_operator to 2025-04-20 00:00:00+00:00, run_after=2025-04-21 00:00:00+00:00
[2025-04-21T11:07:32.121+0000] {processor.py:208} INFO - Processing /home/airflow/.local/lib/python3.12/site-packages/airflow/example_dags/example_outlet_event_extra.py took 0.508 seconds
[2025-04-21T11:08:02.830+0000] {processor.py:186} INFO - Started process (PID=1954) to work on /home/airflow/.local/lib/python3.12/site-packages/airflow/example_dags/example_outlet_event_extra.py
[2025-04-21T11:08:02.831+0000] {processor.py:914} INFO - Processing file /home/airflow/.local/lib/python3.12/site-packages/airflow/example_dags/example_outlet_event_extra.py for tasks to queue
[2025-04-21T11:08:02.833+0000] {logging_mixin.py:190} INFO - [2025-04-21T11:08:02.832+0000] {dagbag.py:588} INFO - Filling up the DagBag from /home/airflow/.local/lib/python3.12/site-packages/airflow/example_dags/example_outlet_event_extra.py
[2025-04-21T11:08:03.276+0000] {processor.py:925} INFO - DAG(s) 'dataset_with_extra_by_context', 'dataset_with_extra_by_yield', 'dataset_with_extra_from_classic_operator' retrieved from /home/airflow/.local/lib/python3.12/site-packages/airflow/example_dags/example_outlet_event_extra.py
[2025-04-21T11:08:03.294+0000] {logging_mixin.py:190} INFO - [2025-04-21T11:08:03.294+0000] {dag.py:3239} INFO - Sync 3 DAGs
[2025-04-21T11:08:03.311+0000] {logging_mixin.py:190} INFO - [2025-04-21T11:08:03.311+0000] {dag.py:4180} INFO - Setting next_dagrun for dataset_with_extra_by_context to 2025-04-20 00:00:00+00:00, run_after=2025-04-21 00:00:00+00:00
[2025-04-21T11:08:03.316+0000] {logging_mixin.py:190} INFO - [2025-04-21T11:08:03.316+0000] {dag.py:4180} INFO - Setting next_dagrun for dataset_with_extra_by_yield to 2025-04-20 00:00:00+00:00, run_after=2025-04-21 00:00:00+00:00
[2025-04-21T11:08:03.318+0000] {logging_mixin.py:190} INFO - [2025-04-21T11:08:03.318+0000] {dag.py:4180} INFO - Setting next_dagrun for dataset_with_extra_from_classic_operator to 2025-04-20 00:00:00+00:00, run_after=2025-04-21 00:00:00+00:00
[2025-04-21T11:08:03.335+0000] {processor.py:208} INFO - Processing /home/airflow/.local/lib/python3.12/site-packages/airflow/example_dags/example_outlet_event_extra.py took 0.510 seconds
[2025-04-21T11:08:33.499+0000] {processor.py:186} INFO - Started process (PID=2017) to work on /home/airflow/.local/lib/python3.12/site-packages/airflow/example_dags/example_outlet_event_extra.py
[2025-04-21T11:08:33.500+0000] {processor.py:914} INFO - Processing file /home/airflow/.local/lib/python3.12/site-packages/airflow/example_dags/example_outlet_event_extra.py for tasks to queue
[2025-04-21T11:08:33.502+0000] {logging_mixin.py:190} INFO - [2025-04-21T11:08:33.502+0000] {dagbag.py:588} INFO - Filling up the DagBag from /home/airflow/.local/lib/python3.12/site-packages/airflow/example_dags/example_outlet_event_extra.py
[2025-04-21T11:08:33.954+0000] {processor.py:925} INFO - DAG(s) 'dataset_with_extra_by_context', 'dataset_with_extra_from_classic_operator', 'dataset_with_extra_by_yield' retrieved from /home/airflow/.local/lib/python3.12/site-packages/airflow/example_dags/example_outlet_event_extra.py
[2025-04-21T11:08:33.973+0000] {logging_mixin.py:190} INFO - [2025-04-21T11:08:33.973+0000] {dag.py:3239} INFO - Sync 3 DAGs
[2025-04-21T11:08:33.992+0000] {logging_mixin.py:190} INFO - [2025-04-21T11:08:33.992+0000] {dag.py:4180} INFO - Setting next_dagrun for dataset_with_extra_by_context to 2025-04-20 00:00:00+00:00, run_after=2025-04-21 00:00:00+00:00
[2025-04-21T11:08:33.996+0000] {logging_mixin.py:190} INFO - [2025-04-21T11:08:33.995+0000] {dag.py:4180} INFO - Setting next_dagrun for dataset_with_extra_by_yield to 2025-04-20 00:00:00+00:00, run_after=2025-04-21 00:00:00+00:00
[2025-04-21T11:08:33.998+0000] {logging_mixin.py:190} INFO - [2025-04-21T11:08:33.998+0000] {dag.py:4180} INFO - Setting next_dagrun for dataset_with_extra_from_classic_operator to 2025-04-20 00:00:00+00:00, run_after=2025-04-21 00:00:00+00:00
[2025-04-21T11:08:34.017+0000] {processor.py:208} INFO - Processing /home/airflow/.local/lib/python3.12/site-packages/airflow/example_dags/example_outlet_event_extra.py took 0.522 seconds
[2025-04-21T11:09:04.432+0000] {processor.py:186} INFO - Started process (PID=2080) to work on /home/airflow/.local/lib/python3.12/site-packages/airflow/example_dags/example_outlet_event_extra.py
[2025-04-21T11:09:04.433+0000] {processor.py:914} INFO - Processing file /home/airflow/.local/lib/python3.12/site-packages/airflow/example_dags/example_outlet_event_extra.py for tasks to queue
[2025-04-21T11:09:04.435+0000] {logging_mixin.py:190} INFO - [2025-04-21T11:09:04.435+0000] {dagbag.py:588} INFO - Filling up the DagBag from /home/airflow/.local/lib/python3.12/site-packages/airflow/example_dags/example_outlet_event_extra.py
[2025-04-21T11:09:04.866+0000] {processor.py:925} INFO - DAG(s) 'dataset_with_extra_by_context', 'dataset_with_extra_by_yield', 'dataset_with_extra_from_classic_operator' retrieved from /home/airflow/.local/lib/python3.12/site-packages/airflow/example_dags/example_outlet_event_extra.py
[2025-04-21T11:09:04.887+0000] {logging_mixin.py:190} INFO - [2025-04-21T11:09:04.887+0000] {dag.py:3239} INFO - Sync 3 DAGs
[2025-04-21T11:09:04.905+0000] {logging_mixin.py:190} INFO - [2025-04-21T11:09:04.905+0000] {dag.py:4180} INFO - Setting next_dagrun for dataset_with_extra_by_context to 2025-04-20 00:00:00+00:00, run_after=2025-04-21 00:00:00+00:00
[2025-04-21T11:09:04.908+0000] {logging_mixin.py:190} INFO - [2025-04-21T11:09:04.908+0000] {dag.py:4180} INFO - Setting next_dagrun for dataset_with_extra_by_yield to 2025-04-20 00:00:00+00:00, run_after=2025-04-21 00:00:00+00:00
[2025-04-21T11:09:04.910+0000] {logging_mixin.py:190} INFO - [2025-04-21T11:09:04.910+0000] {dag.py:4180} INFO - Setting next_dagrun for dataset_with_extra_from_classic_operator to 2025-04-20 00:00:00+00:00, run_after=2025-04-21 00:00:00+00:00
[2025-04-21T11:09:04.929+0000] {processor.py:208} INFO - Processing /home/airflow/.local/lib/python3.12/site-packages/airflow/example_dags/example_outlet_event_extra.py took 0.501 seconds
[2025-04-21T11:09:35.366+0000] {processor.py:186} INFO - Started process (PID=2149) to work on /home/airflow/.local/lib/python3.12/site-packages/airflow/example_dags/example_outlet_event_extra.py
[2025-04-21T11:09:35.367+0000] {processor.py:914} INFO - Processing file /home/airflow/.local/lib/python3.12/site-packages/airflow/example_dags/example_outlet_event_extra.py for tasks to queue
[2025-04-21T11:09:35.369+0000] {logging_mixin.py:190} INFO - [2025-04-21T11:09:35.369+0000] {dagbag.py:588} INFO - Filling up the DagBag from /home/airflow/.local/lib/python3.12/site-packages/airflow/example_dags/example_outlet_event_extra.py
[2025-04-21T11:09:35.811+0000] {processor.py:925} INFO - DAG(s) 'dataset_with_extra_from_classic_operator', 'dataset_with_extra_by_yield', 'dataset_with_extra_by_context' retrieved from /home/airflow/.local/lib/python3.12/site-packages/airflow/example_dags/example_outlet_event_extra.py
[2025-04-21T11:09:35.832+0000] {logging_mixin.py:190} INFO - [2025-04-21T11:09:35.831+0000] {dag.py:3239} INFO - Sync 3 DAGs
[2025-04-21T11:09:35.850+0000] {logging_mixin.py:190} INFO - [2025-04-21T11:09:35.850+0000] {dag.py:4180} INFO - Setting next_dagrun for dataset_with_extra_by_context to 2025-04-20 00:00:00+00:00, run_after=2025-04-21 00:00:00+00:00
[2025-04-21T11:09:35.855+0000] {logging_mixin.py:190} INFO - [2025-04-21T11:09:35.855+0000] {dag.py:4180} INFO - Setting next_dagrun for dataset_with_extra_by_yield to 2025-04-20 00:00:00+00:00, run_after=2025-04-21 00:00:00+00:00
[2025-04-21T11:09:35.857+0000] {logging_mixin.py:190} INFO - [2025-04-21T11:09:35.857+0000] {dag.py:4180} INFO - Setting next_dagrun for dataset_with_extra_from_classic_operator to 2025-04-20 00:00:00+00:00, run_after=2025-04-21 00:00:00+00:00
[2025-04-21T11:09:35.877+0000] {processor.py:208} INFO - Processing /home/airflow/.local/lib/python3.12/site-packages/airflow/example_dags/example_outlet_event_extra.py took 0.517 seconds
[2025-04-21T11:10:06.138+0000] {processor.py:186} INFO - Started process (PID=2212) to work on /home/airflow/.local/lib/python3.12/site-packages/airflow/example_dags/example_outlet_event_extra.py
[2025-04-21T11:10:06.139+0000] {processor.py:914} INFO - Processing file /home/airflow/.local/lib/python3.12/site-packages/airflow/example_dags/example_outlet_event_extra.py for tasks to queue
[2025-04-21T11:10:06.140+0000] {logging_mixin.py:190} INFO - [2025-04-21T11:10:06.140+0000] {dagbag.py:588} INFO - Filling up the DagBag from /home/airflow/.local/lib/python3.12/site-packages/airflow/example_dags/example_outlet_event_extra.py
[2025-04-21T11:10:06.591+0000] {processor.py:925} INFO - DAG(s) 'dataset_with_extra_from_classic_operator', 'dataset_with_extra_by_yield', 'dataset_with_extra_by_context' retrieved from /home/airflow/.local/lib/python3.12/site-packages/airflow/example_dags/example_outlet_event_extra.py
[2025-04-21T11:10:06.616+0000] {logging_mixin.py:190} INFO - [2025-04-21T11:10:06.616+0000] {dag.py:3239} INFO - Sync 3 DAGs
[2025-04-21T11:10:06.637+0000] {logging_mixin.py:190} INFO - [2025-04-21T11:10:06.636+0000] {dag.py:4180} INFO - Setting next_dagrun for dataset_with_extra_by_context to 2025-04-20 00:00:00+00:00, run_after=2025-04-21 00:00:00+00:00
[2025-04-21T11:10:06.641+0000] {logging_mixin.py:190} INFO - [2025-04-21T11:10:06.641+0000] {dag.py:4180} INFO - Setting next_dagrun for dataset_with_extra_by_yield to 2025-04-20 00:00:00+00:00, run_after=2025-04-21 00:00:00+00:00
[2025-04-21T11:10:06.644+0000] {logging_mixin.py:190} INFO - [2025-04-21T11:10:06.643+0000] {dag.py:4180} INFO - Setting next_dagrun for dataset_with_extra_from_classic_operator to 2025-04-20 00:00:00+00:00, run_after=2025-04-21 00:00:00+00:00
[2025-04-21T11:10:06.665+0000] {processor.py:208} INFO - Processing /home/airflow/.local/lib/python3.12/site-packages/airflow/example_dags/example_outlet_event_extra.py took 0.531 seconds
[2025-04-21T11:10:37.326+0000] {processor.py:186} INFO - Started process (PID=2275) to work on /home/airflow/.local/lib/python3.12/site-packages/airflow/example_dags/example_outlet_event_extra.py
[2025-04-21T11:10:37.327+0000] {processor.py:914} INFO - Processing file /home/airflow/.local/lib/python3.12/site-packages/airflow/example_dags/example_outlet_event_extra.py for tasks to queue
[2025-04-21T11:10:37.330+0000] {logging_mixin.py:190} INFO - [2025-04-21T11:10:37.329+0000] {dagbag.py:588} INFO - Filling up the DagBag from /home/airflow/.local/lib/python3.12/site-packages/airflow/example_dags/example_outlet_event_extra.py
[2025-04-21T11:10:37.822+0000] {processor.py:925} INFO - DAG(s) 'dataset_with_extra_by_yield', 'dataset_with_extra_by_context', 'dataset_with_extra_from_classic_operator' retrieved from /home/airflow/.local/lib/python3.12/site-packages/airflow/example_dags/example_outlet_event_extra.py
[2025-04-21T11:10:37.855+0000] {logging_mixin.py:190} INFO - [2025-04-21T11:10:37.854+0000] {dag.py:3239} INFO - Sync 3 DAGs
[2025-04-21T11:10:37.875+0000] {logging_mixin.py:190} INFO - [2025-04-21T11:10:37.875+0000] {dag.py:4180} INFO - Setting next_dagrun for dataset_with_extra_by_context to 2025-04-20 00:00:00+00:00, run_after=2025-04-21 00:00:00+00:00
[2025-04-21T11:10:37.879+0000] {logging_mixin.py:190} INFO - [2025-04-21T11:10:37.879+0000] {dag.py:4180} INFO - Setting next_dagrun for dataset_with_extra_by_yield to 2025-04-20 00:00:00+00:00, run_after=2025-04-21 00:00:00+00:00
[2025-04-21T11:10:37.883+0000] {logging_mixin.py:190} INFO - [2025-04-21T11:10:37.882+0000] {dag.py:4180} INFO - Setting next_dagrun for dataset_with_extra_from_classic_operator to 2025-04-20 00:00:00+00:00, run_after=2025-04-21 00:00:00+00:00
[2025-04-21T11:10:37.903+0000] {processor.py:208} INFO - Processing /home/airflow/.local/lib/python3.12/site-packages/airflow/example_dags/example_outlet_event_extra.py took 0.580 seconds
[2025-04-21T11:11:08.050+0000] {processor.py:186} INFO - Started process (PID=2338) to work on /home/airflow/.local/lib/python3.12/site-packages/airflow/example_dags/example_outlet_event_extra.py
[2025-04-21T11:11:08.051+0000] {processor.py:914} INFO - Processing file /home/airflow/.local/lib/python3.12/site-packages/airflow/example_dags/example_outlet_event_extra.py for tasks to queue
[2025-04-21T11:11:08.053+0000] {logging_mixin.py:190} INFO - [2025-04-21T11:11:08.053+0000] {dagbag.py:588} INFO - Filling up the DagBag from /home/airflow/.local/lib/python3.12/site-packages/airflow/example_dags/example_outlet_event_extra.py
[2025-04-21T11:11:08.511+0000] {processor.py:925} INFO - DAG(s) 'dataset_with_extra_by_yield', 'dataset_with_extra_by_context', 'dataset_with_extra_from_classic_operator' retrieved from /home/airflow/.local/lib/python3.12/site-packages/airflow/example_dags/example_outlet_event_extra.py
[2025-04-21T11:11:08.531+0000] {logging_mixin.py:190} INFO - [2025-04-21T11:11:08.531+0000] {dag.py:3239} INFO - Sync 3 DAGs
[2025-04-21T11:11:08.552+0000] {logging_mixin.py:190} INFO - [2025-04-21T11:11:08.552+0000] {dag.py:4180} INFO - Setting next_dagrun for dataset_with_extra_by_context to 2025-04-20 00:00:00+00:00, run_after=2025-04-21 00:00:00+00:00
[2025-04-21T11:11:08.557+0000] {logging_mixin.py:190} INFO - [2025-04-21T11:11:08.556+0000] {dag.py:4180} INFO - Setting next_dagrun for dataset_with_extra_by_yield to 2025-04-20 00:00:00+00:00, run_after=2025-04-21 00:00:00+00:00
[2025-04-21T11:11:08.559+0000] {logging_mixin.py:190} INFO - [2025-04-21T11:11:08.558+0000] {dag.py:4180} INFO - Setting next_dagrun for dataset_with_extra_from_classic_operator to 2025-04-20 00:00:00+00:00, run_after=2025-04-21 00:00:00+00:00
[2025-04-21T11:11:08.576+0000] {processor.py:208} INFO - Processing /home/airflow/.local/lib/python3.12/site-packages/airflow/example_dags/example_outlet_event_extra.py took 0.530 seconds
[2025-04-21T11:11:38.692+0000] {processor.py:186} INFO - Started process (PID=2401) to work on /home/airflow/.local/lib/python3.12/site-packages/airflow/example_dags/example_outlet_event_extra.py
[2025-04-21T11:11:38.693+0000] {processor.py:914} INFO - Processing file /home/airflow/.local/lib/python3.12/site-packages/airflow/example_dags/example_outlet_event_extra.py for tasks to queue
[2025-04-21T11:11:38.696+0000] {logging_mixin.py:190} INFO - [2025-04-21T11:11:38.695+0000] {dagbag.py:588} INFO - Filling up the DagBag from /home/airflow/.local/lib/python3.12/site-packages/airflow/example_dags/example_outlet_event_extra.py
[2025-04-21T11:11:39.141+0000] {processor.py:925} INFO - DAG(s) 'dataset_with_extra_by_context', 'dataset_with_extra_by_yield', 'dataset_with_extra_from_classic_operator' retrieved from /home/airflow/.local/lib/python3.12/site-packages/airflow/example_dags/example_outlet_event_extra.py
[2025-04-21T11:11:39.163+0000] {logging_mixin.py:190} INFO - [2025-04-21T11:11:39.163+0000] {dag.py:3239} INFO - Sync 3 DAGs
[2025-04-21T11:11:39.184+0000] {logging_mixin.py:190} INFO - [2025-04-21T11:11:39.184+0000] {dag.py:4180} INFO - Setting next_dagrun for dataset_with_extra_by_context to 2025-04-20 00:00:00+00:00, run_after=2025-04-21 00:00:00+00:00
[2025-04-21T11:11:39.188+0000] {logging_mixin.py:190} INFO - [2025-04-21T11:11:39.188+0000] {dag.py:4180} INFO - Setting next_dagrun for dataset_with_extra_by_yield to 2025-04-20 00:00:00+00:00, run_after=2025-04-21 00:00:00+00:00
[2025-04-21T11:11:39.190+0000] {logging_mixin.py:190} INFO - [2025-04-21T11:11:39.190+0000] {dag.py:4180} INFO - Setting next_dagrun for dataset_with_extra_from_classic_operator to 2025-04-20 00:00:00+00:00, run_after=2025-04-21 00:00:00+00:00
[2025-04-21T11:11:39.208+0000] {processor.py:208} INFO - Processing /home/airflow/.local/lib/python3.12/site-packages/airflow/example_dags/example_outlet_event_extra.py took 0.520 seconds
[2025-04-21T11:12:09.549+0000] {processor.py:186} INFO - Started process (PID=2464) to work on /home/airflow/.local/lib/python3.12/site-packages/airflow/example_dags/example_outlet_event_extra.py
[2025-04-21T11:12:09.550+0000] {processor.py:914} INFO - Processing file /home/airflow/.local/lib/python3.12/site-packages/airflow/example_dags/example_outlet_event_extra.py for tasks to queue
[2025-04-21T11:12:09.552+0000] {logging_mixin.py:190} INFO - [2025-04-21T11:12:09.552+0000] {dagbag.py:588} INFO - Filling up the DagBag from /home/airflow/.local/lib/python3.12/site-packages/airflow/example_dags/example_outlet_event_extra.py
[2025-04-21T11:12:09.977+0000] {processor.py:925} INFO - DAG(s) 'dataset_with_extra_by_yield', 'dataset_with_extra_from_classic_operator', 'dataset_with_extra_by_context' retrieved from /home/airflow/.local/lib/python3.12/site-packages/airflow/example_dags/example_outlet_event_extra.py
[2025-04-21T11:12:09.996+0000] {logging_mixin.py:190} INFO - [2025-04-21T11:12:09.995+0000] {dag.py:3239} INFO - Sync 3 DAGs
[2025-04-21T11:12:10.017+0000] {logging_mixin.py:190} INFO - [2025-04-21T11:12:10.016+0000] {dag.py:4180} INFO - Setting next_dagrun for dataset_with_extra_by_context to 2025-04-20 00:00:00+00:00, run_after=2025-04-21 00:00:00+00:00
[2025-04-21T11:12:10.020+0000] {logging_mixin.py:190} INFO - [2025-04-21T11:12:10.020+0000] {dag.py:4180} INFO - Setting next_dagrun for dataset_with_extra_by_yield to 2025-04-20 00:00:00+00:00, run_after=2025-04-21 00:00:00+00:00
[2025-04-21T11:12:10.023+0000] {logging_mixin.py:190} INFO - [2025-04-21T11:12:10.022+0000] {dag.py:4180} INFO - Setting next_dagrun for dataset_with_extra_from_classic_operator to 2025-04-20 00:00:00+00:00, run_after=2025-04-21 00:00:00+00:00
[2025-04-21T11:12:10.040+0000] {processor.py:208} INFO - Processing /home/airflow/.local/lib/python3.12/site-packages/airflow/example_dags/example_outlet_event_extra.py took 0.495 seconds
[2025-04-21T11:12:40.477+0000] {processor.py:186} INFO - Started process (PID=2527) to work on /home/airflow/.local/lib/python3.12/site-packages/airflow/example_dags/example_outlet_event_extra.py
[2025-04-21T11:12:40.477+0000] {processor.py:914} INFO - Processing file /home/airflow/.local/lib/python3.12/site-packages/airflow/example_dags/example_outlet_event_extra.py for tasks to queue
[2025-04-21T11:12:40.479+0000] {logging_mixin.py:190} INFO - [2025-04-21T11:12:40.479+0000] {dagbag.py:588} INFO - Filling up the DagBag from /home/airflow/.local/lib/python3.12/site-packages/airflow/example_dags/example_outlet_event_extra.py
[2025-04-21T11:12:40.916+0000] {processor.py:925} INFO - DAG(s) 'dataset_with_extra_by_yield', 'dataset_with_extra_by_context', 'dataset_with_extra_from_classic_operator' retrieved from /home/airflow/.local/lib/python3.12/site-packages/airflow/example_dags/example_outlet_event_extra.py
[2025-04-21T11:12:40.934+0000] {logging_mixin.py:190} INFO - [2025-04-21T11:12:40.934+0000] {dag.py:3239} INFO - Sync 3 DAGs
[2025-04-21T11:12:40.955+0000] {logging_mixin.py:190} INFO - [2025-04-21T11:12:40.955+0000] {dag.py:4180} INFO - Setting next_dagrun for dataset_with_extra_by_context to 2025-04-20 00:00:00+00:00, run_after=2025-04-21 00:00:00+00:00
[2025-04-21T11:12:40.959+0000] {logging_mixin.py:190} INFO - [2025-04-21T11:12:40.959+0000] {dag.py:4180} INFO - Setting next_dagrun for dataset_with_extra_by_yield to 2025-04-20 00:00:00+00:00, run_after=2025-04-21 00:00:00+00:00
[2025-04-21T11:12:40.961+0000] {logging_mixin.py:190} INFO - [2025-04-21T11:12:40.961+0000] {dag.py:4180} INFO - Setting next_dagrun for dataset_with_extra_from_classic_operator to 2025-04-20 00:00:00+00:00, run_after=2025-04-21 00:00:00+00:00
[2025-04-21T11:12:40.980+0000] {processor.py:208} INFO - Processing /home/airflow/.local/lib/python3.12/site-packages/airflow/example_dags/example_outlet_event_extra.py took 0.507 seconds
[2025-04-21T11:13:11.205+0000] {processor.py:186} INFO - Started process (PID=2589) to work on /home/airflow/.local/lib/python3.12/site-packages/airflow/example_dags/example_outlet_event_extra.py
[2025-04-21T11:13:11.206+0000] {processor.py:914} INFO - Processing file /home/airflow/.local/lib/python3.12/site-packages/airflow/example_dags/example_outlet_event_extra.py for tasks to queue
[2025-04-21T11:13:11.208+0000] {logging_mixin.py:190} INFO - [2025-04-21T11:13:11.208+0000] {dagbag.py:588} INFO - Filling up the DagBag from /home/airflow/.local/lib/python3.12/site-packages/airflow/example_dags/example_outlet_event_extra.py
[2025-04-21T11:13:11.625+0000] {processor.py:925} INFO - DAG(s) 'dataset_with_extra_by_context', 'dataset_with_extra_by_yield', 'dataset_with_extra_from_classic_operator' retrieved from /home/airflow/.local/lib/python3.12/site-packages/airflow/example_dags/example_outlet_event_extra.py
[2025-04-21T11:13:11.642+0000] {logging_mixin.py:190} INFO - [2025-04-21T11:13:11.642+0000] {dag.py:3239} INFO - Sync 3 DAGs
[2025-04-21T11:13:11.661+0000] {logging_mixin.py:190} INFO - [2025-04-21T11:13:11.661+0000] {dag.py:4180} INFO - Setting next_dagrun for dataset_with_extra_by_context to 2025-04-20 00:00:00+00:00, run_after=2025-04-21 00:00:00+00:00
[2025-04-21T11:13:11.668+0000] {logging_mixin.py:190} INFO - [2025-04-21T11:13:11.668+0000] {dag.py:4180} INFO - Setting next_dagrun for dataset_with_extra_by_yield to 2025-04-20 00:00:00+00:00, run_after=2025-04-21 00:00:00+00:00
[2025-04-21T11:13:11.669+0000] {logging_mixin.py:190} INFO - [2025-04-21T11:13:11.669+0000] {dag.py:4180} INFO - Setting next_dagrun for dataset_with_extra_from_classic_operator to 2025-04-20 00:00:00+00:00, run_after=2025-04-21 00:00:00+00:00
[2025-04-21T11:13:11.686+0000] {processor.py:208} INFO - Processing /home/airflow/.local/lib/python3.12/site-packages/airflow/example_dags/example_outlet_event_extra.py took 0.485 seconds
[2025-04-21T11:13:42.395+0000] {processor.py:186} INFO - Started process (PID=2652) to work on /home/airflow/.local/lib/python3.12/site-packages/airflow/example_dags/example_outlet_event_extra.py
[2025-04-21T11:13:42.396+0000] {processor.py:914} INFO - Processing file /home/airflow/.local/lib/python3.12/site-packages/airflow/example_dags/example_outlet_event_extra.py for tasks to queue
[2025-04-21T11:13:42.397+0000] {logging_mixin.py:190} INFO - [2025-04-21T11:13:42.397+0000] {dagbag.py:588} INFO - Filling up the DagBag from /home/airflow/.local/lib/python3.12/site-packages/airflow/example_dags/example_outlet_event_extra.py
[2025-04-21T11:13:42.845+0000] {processor.py:925} INFO - DAG(s) 'dataset_with_extra_by_context', 'dataset_with_extra_by_yield', 'dataset_with_extra_from_classic_operator' retrieved from /home/airflow/.local/lib/python3.12/site-packages/airflow/example_dags/example_outlet_event_extra.py
[2025-04-21T11:13:42.866+0000] {logging_mixin.py:190} INFO - [2025-04-21T11:13:42.865+0000] {dag.py:3239} INFO - Sync 3 DAGs
[2025-04-21T11:13:42.887+0000] {logging_mixin.py:190} INFO - [2025-04-21T11:13:42.887+0000] {dag.py:4180} INFO - Setting next_dagrun for dataset_with_extra_by_context to 2025-04-20 00:00:00+00:00, run_after=2025-04-21 00:00:00+00:00
[2025-04-21T11:13:42.893+0000] {logging_mixin.py:190} INFO - [2025-04-21T11:13:42.892+0000] {dag.py:4180} INFO - Setting next_dagrun for dataset_with_extra_by_yield to 2025-04-20 00:00:00+00:00, run_after=2025-04-21 00:00:00+00:00
[2025-04-21T11:13:42.895+0000] {logging_mixin.py:190} INFO - [2025-04-21T11:13:42.895+0000] {dag.py:4180} INFO - Setting next_dagrun for dataset_with_extra_from_classic_operator to 2025-04-20 00:00:00+00:00, run_after=2025-04-21 00:00:00+00:00
[2025-04-21T11:13:42.919+0000] {processor.py:208} INFO - Processing /home/airflow/.local/lib/python3.12/site-packages/airflow/example_dags/example_outlet_event_extra.py took 0.528 seconds
[2025-04-21T11:14:13.755+0000] {processor.py:186} INFO - Started process (PID=2715) to work on /home/airflow/.local/lib/python3.12/site-packages/airflow/example_dags/example_outlet_event_extra.py
[2025-04-21T11:14:13.755+0000] {processor.py:914} INFO - Processing file /home/airflow/.local/lib/python3.12/site-packages/airflow/example_dags/example_outlet_event_extra.py for tasks to queue
[2025-04-21T11:14:13.757+0000] {logging_mixin.py:190} INFO - [2025-04-21T11:14:13.757+0000] {dagbag.py:588} INFO - Filling up the DagBag from /home/airflow/.local/lib/python3.12/site-packages/airflow/example_dags/example_outlet_event_extra.py
[2025-04-21T11:14:14.214+0000] {processor.py:925} INFO - DAG(s) 'dataset_with_extra_by_context', 'dataset_with_extra_from_classic_operator', 'dataset_with_extra_by_yield' retrieved from /home/airflow/.local/lib/python3.12/site-packages/airflow/example_dags/example_outlet_event_extra.py
[2025-04-21T11:14:14.236+0000] {logging_mixin.py:190} INFO - [2025-04-21T11:14:14.235+0000] {dag.py:3239} INFO - Sync 3 DAGs
[2025-04-21T11:14:14.255+0000] {logging_mixin.py:190} INFO - [2025-04-21T11:14:14.255+0000] {dag.py:4180} INFO - Setting next_dagrun for dataset_with_extra_by_context to 2025-04-20 00:00:00+00:00, run_after=2025-04-21 00:00:00+00:00
[2025-04-21T11:14:14.259+0000] {logging_mixin.py:190} INFO - [2025-04-21T11:14:14.259+0000] {dag.py:4180} INFO - Setting next_dagrun for dataset_with_extra_by_yield to 2025-04-20 00:00:00+00:00, run_after=2025-04-21 00:00:00+00:00
[2025-04-21T11:14:14.261+0000] {logging_mixin.py:190} INFO - [2025-04-21T11:14:14.261+0000] {dag.py:4180} INFO - Setting next_dagrun for dataset_with_extra_from_classic_operator to 2025-04-20 00:00:00+00:00, run_after=2025-04-21 00:00:00+00:00
[2025-04-21T11:14:14.280+0000] {processor.py:208} INFO - Processing /home/airflow/.local/lib/python3.12/site-packages/airflow/example_dags/example_outlet_event_extra.py took 0.529 seconds
[2025-04-21T11:14:44.805+0000] {processor.py:186} INFO - Started process (PID=2778) to work on /home/airflow/.local/lib/python3.12/site-packages/airflow/example_dags/example_outlet_event_extra.py
[2025-04-21T11:14:44.806+0000] {processor.py:914} INFO - Processing file /home/airflow/.local/lib/python3.12/site-packages/airflow/example_dags/example_outlet_event_extra.py for tasks to queue
[2025-04-21T11:14:44.808+0000] {logging_mixin.py:190} INFO - [2025-04-21T11:14:44.808+0000] {dagbag.py:588} INFO - Filling up the DagBag from /home/airflow/.local/lib/python3.12/site-packages/airflow/example_dags/example_outlet_event_extra.py
[2025-04-21T11:14:45.226+0000] {processor.py:925} INFO - DAG(s) 'dataset_with_extra_by_context', 'dataset_with_extra_by_yield', 'dataset_with_extra_from_classic_operator' retrieved from /home/airflow/.local/lib/python3.12/site-packages/airflow/example_dags/example_outlet_event_extra.py
[2025-04-21T11:14:45.249+0000] {logging_mixin.py:190} INFO - [2025-04-21T11:14:45.249+0000] {dag.py:3239} INFO - Sync 3 DAGs
[2025-04-21T11:14:45.267+0000] {logging_mixin.py:190} INFO - [2025-04-21T11:14:45.267+0000] {dag.py:4180} INFO - Setting next_dagrun for dataset_with_extra_by_context to 2025-04-20 00:00:00+00:00, run_after=2025-04-21 00:00:00+00:00
[2025-04-21T11:14:45.271+0000] {logging_mixin.py:190} INFO - [2025-04-21T11:14:45.271+0000] {dag.py:4180} INFO - Setting next_dagrun for dataset_with_extra_by_yield to 2025-04-20 00:00:00+00:00, run_after=2025-04-21 00:00:00+00:00
[2025-04-21T11:14:45.273+0000] {logging_mixin.py:190} INFO - [2025-04-21T11:14:45.273+0000] {dag.py:4180} INFO - Setting next_dagrun for dataset_with_extra_from_classic_operator to 2025-04-20 00:00:00+00:00, run_after=2025-04-21 00:00:00+00:00
[2025-04-21T11:14:45.289+0000] {processor.py:208} INFO - Processing /home/airflow/.local/lib/python3.12/site-packages/airflow/example_dags/example_outlet_event_extra.py took 0.488 seconds
[2025-04-21T11:15:15.899+0000] {processor.py:186} INFO - Started process (PID=2832) to work on /home/airflow/.local/lib/python3.12/site-packages/airflow/example_dags/example_outlet_event_extra.py
[2025-04-21T11:15:15.899+0000] {processor.py:914} INFO - Processing file /home/airflow/.local/lib/python3.12/site-packages/airflow/example_dags/example_outlet_event_extra.py for tasks to queue
[2025-04-21T11:15:15.901+0000] {logging_mixin.py:190} INFO - [2025-04-21T11:15:15.901+0000] {dagbag.py:588} INFO - Filling up the DagBag from /home/airflow/.local/lib/python3.12/site-packages/airflow/example_dags/example_outlet_event_extra.py
[2025-04-21T11:15:16.336+0000] {processor.py:925} INFO - DAG(s) 'dataset_with_extra_by_yield', 'dataset_with_extra_from_classic_operator', 'dataset_with_extra_by_context' retrieved from /home/airflow/.local/lib/python3.12/site-packages/airflow/example_dags/example_outlet_event_extra.py
[2025-04-21T11:15:16.358+0000] {logging_mixin.py:190} INFO - [2025-04-21T11:15:16.357+0000] {dag.py:3239} INFO - Sync 3 DAGs
[2025-04-21T11:15:16.376+0000] {logging_mixin.py:190} INFO - [2025-04-21T11:15:16.376+0000] {dag.py:4180} INFO - Setting next_dagrun for dataset_with_extra_by_context to 2025-04-20 00:00:00+00:00, run_after=2025-04-21 00:00:00+00:00
[2025-04-21T11:15:16.381+0000] {logging_mixin.py:190} INFO - [2025-04-21T11:15:16.380+0000] {dag.py:4180} INFO - Setting next_dagrun for dataset_with_extra_by_yield to 2025-04-20 00:00:00+00:00, run_after=2025-04-21 00:00:00+00:00
[2025-04-21T11:15:16.383+0000] {logging_mixin.py:190} INFO - [2025-04-21T11:15:16.383+0000] {dag.py:4180} INFO - Setting next_dagrun for dataset_with_extra_from_classic_operator to 2025-04-20 00:00:00+00:00, run_after=2025-04-21 00:00:00+00:00
[2025-04-21T11:15:16.402+0000] {processor.py:208} INFO - Processing /home/airflow/.local/lib/python3.12/site-packages/airflow/example_dags/example_outlet_event_extra.py took 0.507 seconds
[2025-04-21T11:15:47.391+0000] {processor.py:186} INFO - Started process (PID=2895) to work on /home/airflow/.local/lib/python3.12/site-packages/airflow/example_dags/example_outlet_event_extra.py
[2025-04-21T11:15:47.392+0000] {processor.py:914} INFO - Processing file /home/airflow/.local/lib/python3.12/site-packages/airflow/example_dags/example_outlet_event_extra.py for tasks to queue
[2025-04-21T11:15:47.394+0000] {logging_mixin.py:190} INFO - [2025-04-21T11:15:47.394+0000] {dagbag.py:588} INFO - Filling up the DagBag from /home/airflow/.local/lib/python3.12/site-packages/airflow/example_dags/example_outlet_event_extra.py
[2025-04-21T11:15:47.853+0000] {processor.py:925} INFO - DAG(s) 'dataset_with_extra_by_context', 'dataset_with_extra_by_yield', 'dataset_with_extra_from_classic_operator' retrieved from /home/airflow/.local/lib/python3.12/site-packages/airflow/example_dags/example_outlet_event_extra.py
[2025-04-21T11:15:47.878+0000] {logging_mixin.py:190} INFO - [2025-04-21T11:15:47.877+0000] {dag.py:3239} INFO - Sync 3 DAGs
[2025-04-21T11:15:47.895+0000] {logging_mixin.py:190} INFO - [2025-04-21T11:15:47.895+0000] {dag.py:4180} INFO - Setting next_dagrun for dataset_with_extra_by_context to 2025-04-20 00:00:00+00:00, run_after=2025-04-21 00:00:00+00:00
[2025-04-21T11:15:47.903+0000] {logging_mixin.py:190} INFO - [2025-04-21T11:15:47.903+0000] {dag.py:4180} INFO - Setting next_dagrun for dataset_with_extra_by_yield to 2025-04-20 00:00:00+00:00, run_after=2025-04-21 00:00:00+00:00
[2025-04-21T11:15:47.905+0000] {logging_mixin.py:190} INFO - [2025-04-21T11:15:47.905+0000] {dag.py:4180} INFO - Setting next_dagrun for dataset_with_extra_from_classic_operator to 2025-04-20 00:00:00+00:00, run_after=2025-04-21 00:00:00+00:00
[2025-04-21T11:15:47.922+0000] {processor.py:208} INFO - Processing /home/airflow/.local/lib/python3.12/site-packages/airflow/example_dags/example_outlet_event_extra.py took 0.535 seconds
[2025-04-21T11:16:18.012+0000] {processor.py:186} INFO - Started process (PID=2958) to work on /home/airflow/.local/lib/python3.12/site-packages/airflow/example_dags/example_outlet_event_extra.py
[2025-04-21T11:16:18.013+0000] {processor.py:914} INFO - Processing file /home/airflow/.local/lib/python3.12/site-packages/airflow/example_dags/example_outlet_event_extra.py for tasks to queue
[2025-04-21T11:16:18.015+0000] {logging_mixin.py:190} INFO - [2025-04-21T11:16:18.015+0000] {dagbag.py:588} INFO - Filling up the DagBag from /home/airflow/.local/lib/python3.12/site-packages/airflow/example_dags/example_outlet_event_extra.py
[2025-04-21T11:16:18.445+0000] {processor.py:925} INFO - DAG(s) 'dataset_with_extra_from_classic_operator', 'dataset_with_extra_by_context', 'dataset_with_extra_by_yield' retrieved from /home/airflow/.local/lib/python3.12/site-packages/airflow/example_dags/example_outlet_event_extra.py
[2025-04-21T11:16:18.468+0000] {logging_mixin.py:190} INFO - [2025-04-21T11:16:18.467+0000] {dag.py:3239} INFO - Sync 3 DAGs
[2025-04-21T11:16:18.489+0000] {logging_mixin.py:190} INFO - [2025-04-21T11:16:18.489+0000] {dag.py:4180} INFO - Setting next_dagrun for dataset_with_extra_by_context to 2025-04-20 00:00:00+00:00, run_after=2025-04-21 00:00:00+00:00
[2025-04-21T11:16:18.494+0000] {logging_mixin.py:190} INFO - [2025-04-21T11:16:18.493+0000] {dag.py:4180} INFO - Setting next_dagrun for dataset_with_extra_by_yield to 2025-04-20 00:00:00+00:00, run_after=2025-04-21 00:00:00+00:00
[2025-04-21T11:16:18.496+0000] {logging_mixin.py:190} INFO - [2025-04-21T11:16:18.496+0000] {dag.py:4180} INFO - Setting next_dagrun for dataset_with_extra_from_classic_operator to 2025-04-20 00:00:00+00:00, run_after=2025-04-21 00:00:00+00:00
[2025-04-21T11:16:18.518+0000] {processor.py:208} INFO - Processing /home/airflow/.local/lib/python3.12/site-packages/airflow/example_dags/example_outlet_event_extra.py took 0.510 seconds
[2025-04-21T11:16:49.313+0000] {processor.py:186} INFO - Started process (PID=3021) to work on /home/airflow/.local/lib/python3.12/site-packages/airflow/example_dags/example_outlet_event_extra.py
[2025-04-21T11:16:49.313+0000] {processor.py:914} INFO - Processing file /home/airflow/.local/lib/python3.12/site-packages/airflow/example_dags/example_outlet_event_extra.py for tasks to queue
[2025-04-21T11:16:49.316+0000] {logging_mixin.py:190} INFO - [2025-04-21T11:16:49.315+0000] {dagbag.py:588} INFO - Filling up the DagBag from /home/airflow/.local/lib/python3.12/site-packages/airflow/example_dags/example_outlet_event_extra.py
[2025-04-21T11:16:49.765+0000] {processor.py:925} INFO - DAG(s) 'dataset_with_extra_by_yield', 'dataset_with_extra_from_classic_operator', 'dataset_with_extra_by_context' retrieved from /home/airflow/.local/lib/python3.12/site-packages/airflow/example_dags/example_outlet_event_extra.py
[2025-04-21T11:16:49.787+0000] {logging_mixin.py:190} INFO - [2025-04-21T11:16:49.786+0000] {dag.py:3239} INFO - Sync 3 DAGs
[2025-04-21T11:16:49.810+0000] {logging_mixin.py:190} INFO - [2025-04-21T11:16:49.809+0000] {dag.py:4180} INFO - Setting next_dagrun for dataset_with_extra_by_context to 2025-04-20 00:00:00+00:00, run_after=2025-04-21 00:00:00+00:00
[2025-04-21T11:16:49.815+0000] {logging_mixin.py:190} INFO - [2025-04-21T11:16:49.814+0000] {dag.py:4180} INFO - Setting next_dagrun for dataset_with_extra_by_yield to 2025-04-20 00:00:00+00:00, run_after=2025-04-21 00:00:00+00:00
[2025-04-21T11:16:49.817+0000] {logging_mixin.py:190} INFO - [2025-04-21T11:16:49.816+0000] {dag.py:4180} INFO - Setting next_dagrun for dataset_with_extra_from_classic_operator to 2025-04-20 00:00:00+00:00, run_after=2025-04-21 00:00:00+00:00
[2025-04-21T11:16:49.835+0000] {processor.py:208} INFO - Processing /home/airflow/.local/lib/python3.12/site-packages/airflow/example_dags/example_outlet_event_extra.py took 0.527 seconds
[2025-04-21T11:17:20.248+0000] {processor.py:186} INFO - Started process (PID=3084) to work on /home/airflow/.local/lib/python3.12/site-packages/airflow/example_dags/example_outlet_event_extra.py
[2025-04-21T11:17:20.249+0000] {processor.py:914} INFO - Processing file /home/airflow/.local/lib/python3.12/site-packages/airflow/example_dags/example_outlet_event_extra.py for tasks to queue
[2025-04-21T11:17:20.251+0000] {logging_mixin.py:190} INFO - [2025-04-21T11:17:20.251+0000] {dagbag.py:588} INFO - Filling up the DagBag from /home/airflow/.local/lib/python3.12/site-packages/airflow/example_dags/example_outlet_event_extra.py
[2025-04-21T11:17:20.707+0000] {processor.py:925} INFO - DAG(s) 'dataset_with_extra_by_yield', 'dataset_with_extra_by_context', 'dataset_with_extra_from_classic_operator' retrieved from /home/airflow/.local/lib/python3.12/site-packages/airflow/example_dags/example_outlet_event_extra.py
[2025-04-21T11:17:20.727+0000] {logging_mixin.py:190} INFO - [2025-04-21T11:17:20.726+0000] {dag.py:3239} INFO - Sync 3 DAGs
[2025-04-21T11:17:20.747+0000] {logging_mixin.py:190} INFO - [2025-04-21T11:17:20.747+0000] {dag.py:4180} INFO - Setting next_dagrun for dataset_with_extra_by_context to 2025-04-20 00:00:00+00:00, run_after=2025-04-21 00:00:00+00:00
[2025-04-21T11:17:20.751+0000] {logging_mixin.py:190} INFO - [2025-04-21T11:17:20.751+0000] {dag.py:4180} INFO - Setting next_dagrun for dataset_with_extra_by_yield to 2025-04-20 00:00:00+00:00, run_after=2025-04-21 00:00:00+00:00
[2025-04-21T11:17:20.754+0000] {logging_mixin.py:190} INFO - [2025-04-21T11:17:20.754+0000] {dag.py:4180} INFO - Setting next_dagrun for dataset_with_extra_from_classic_operator to 2025-04-20 00:00:00+00:00, run_after=2025-04-21 00:00:00+00:00
[2025-04-21T11:17:20.770+0000] {processor.py:208} INFO - Processing /home/airflow/.local/lib/python3.12/site-packages/airflow/example_dags/example_outlet_event_extra.py took 0.526 seconds
[2025-04-21T11:17:50.865+0000] {processor.py:186} INFO - Started process (PID=3147) to work on /home/airflow/.local/lib/python3.12/site-packages/airflow/example_dags/example_outlet_event_extra.py
[2025-04-21T11:17:50.866+0000] {processor.py:914} INFO - Processing file /home/airflow/.local/lib/python3.12/site-packages/airflow/example_dags/example_outlet_event_extra.py for tasks to queue
[2025-04-21T11:17:50.868+0000] {logging_mixin.py:190} INFO - [2025-04-21T11:17:50.867+0000] {dagbag.py:588} INFO - Filling up the DagBag from /home/airflow/.local/lib/python3.12/site-packages/airflow/example_dags/example_outlet_event_extra.py
[2025-04-21T11:17:51.291+0000] {processor.py:925} INFO - DAG(s) 'dataset_with_extra_by_context', 'dataset_with_extra_from_classic_operator', 'dataset_with_extra_by_yield' retrieved from /home/airflow/.local/lib/python3.12/site-packages/airflow/example_dags/example_outlet_event_extra.py
[2025-04-21T11:17:51.311+0000] {logging_mixin.py:190} INFO - [2025-04-21T11:17:51.311+0000] {dag.py:3239} INFO - Sync 3 DAGs
[2025-04-21T11:17:51.330+0000] {logging_mixin.py:190} INFO - [2025-04-21T11:17:51.330+0000] {dag.py:4180} INFO - Setting next_dagrun for dataset_with_extra_by_context to 2025-04-20 00:00:00+00:00, run_after=2025-04-21 00:00:00+00:00
[2025-04-21T11:17:51.334+0000] {logging_mixin.py:190} INFO - [2025-04-21T11:17:51.334+0000] {dag.py:4180} INFO - Setting next_dagrun for dataset_with_extra_by_yield to 2025-04-20 00:00:00+00:00, run_after=2025-04-21 00:00:00+00:00
[2025-04-21T11:17:51.336+0000] {logging_mixin.py:190} INFO - [2025-04-21T11:17:51.336+0000] {dag.py:4180} INFO - Setting next_dagrun for dataset_with_extra_from_classic_operator to 2025-04-20 00:00:00+00:00, run_after=2025-04-21 00:00:00+00:00
[2025-04-21T11:17:51.352+0000] {processor.py:208} INFO - Processing /home/airflow/.local/lib/python3.12/site-packages/airflow/example_dags/example_outlet_event_extra.py took 0.491 seconds
[2025-04-21T11:18:21.512+0000] {processor.py:186} INFO - Started process (PID=3210) to work on /home/airflow/.local/lib/python3.12/site-packages/airflow/example_dags/example_outlet_event_extra.py
[2025-04-21T11:18:21.513+0000] {processor.py:914} INFO - Processing file /home/airflow/.local/lib/python3.12/site-packages/airflow/example_dags/example_outlet_event_extra.py for tasks to queue
[2025-04-21T11:18:21.514+0000] {logging_mixin.py:190} INFO - [2025-04-21T11:18:21.514+0000] {dagbag.py:588} INFO - Filling up the DagBag from /home/airflow/.local/lib/python3.12/site-packages/airflow/example_dags/example_outlet_event_extra.py
[2025-04-21T11:18:21.923+0000] {processor.py:925} INFO - DAG(s) 'dataset_with_extra_by_context', 'dataset_with_extra_by_yield', 'dataset_with_extra_from_classic_operator' retrieved from /home/airflow/.local/lib/python3.12/site-packages/airflow/example_dags/example_outlet_event_extra.py
[2025-04-21T11:18:21.946+0000] {logging_mixin.py:190} INFO - [2025-04-21T11:18:21.946+0000] {dag.py:3239} INFO - Sync 3 DAGs
[2025-04-21T11:18:21.967+0000] {logging_mixin.py:190} INFO - [2025-04-21T11:18:21.967+0000] {dag.py:4180} INFO - Setting next_dagrun for dataset_with_extra_by_context to 2025-04-20 00:00:00+00:00, run_after=2025-04-21 00:00:00+00:00
[2025-04-21T11:18:21.971+0000] {logging_mixin.py:190} INFO - [2025-04-21T11:18:21.971+0000] {dag.py:4180} INFO - Setting next_dagrun for dataset_with_extra_by_yield to 2025-04-20 00:00:00+00:00, run_after=2025-04-21 00:00:00+00:00
[2025-04-21T11:18:21.973+0000] {logging_mixin.py:190} INFO - [2025-04-21T11:18:21.973+0000] {dag.py:4180} INFO - Setting next_dagrun for dataset_with_extra_from_classic_operator to 2025-04-20 00:00:00+00:00, run_after=2025-04-21 00:00:00+00:00
[2025-04-21T11:18:21.990+0000] {processor.py:208} INFO - Processing /home/airflow/.local/lib/python3.12/site-packages/airflow/example_dags/example_outlet_event_extra.py took 0.482 seconds
[2025-04-21T11:18:52.036+0000] {processor.py:186} INFO - Started process (PID=3273) to work on /home/airflow/.local/lib/python3.12/site-packages/airflow/example_dags/example_outlet_event_extra.py
[2025-04-21T11:18:52.037+0000] {processor.py:914} INFO - Processing file /home/airflow/.local/lib/python3.12/site-packages/airflow/example_dags/example_outlet_event_extra.py for tasks to queue
[2025-04-21T11:18:52.039+0000] {logging_mixin.py:190} INFO - [2025-04-21T11:18:52.039+0000] {dagbag.py:588} INFO - Filling up the DagBag from /home/airflow/.local/lib/python3.12/site-packages/airflow/example_dags/example_outlet_event_extra.py
[2025-04-21T11:18:52.464+0000] {processor.py:925} INFO - DAG(s) 'dataset_with_extra_by_context', 'dataset_with_extra_from_classic_operator', 'dataset_with_extra_by_yield' retrieved from /home/airflow/.local/lib/python3.12/site-packages/airflow/example_dags/example_outlet_event_extra.py
[2025-04-21T11:18:52.485+0000] {logging_mixin.py:190} INFO - [2025-04-21T11:18:52.485+0000] {dag.py:3239} INFO - Sync 3 DAGs
[2025-04-21T11:18:52.507+0000] {logging_mixin.py:190} INFO - [2025-04-21T11:18:52.507+0000] {dag.py:4180} INFO - Setting next_dagrun for dataset_with_extra_by_context to 2025-04-20 00:00:00+00:00, run_after=2025-04-21 00:00:00+00:00
[2025-04-21T11:18:52.511+0000] {logging_mixin.py:190} INFO - [2025-04-21T11:18:52.511+0000] {dag.py:4180} INFO - Setting next_dagrun for dataset_with_extra_by_yield to 2025-04-20 00:00:00+00:00, run_after=2025-04-21 00:00:00+00:00
[2025-04-21T11:18:52.513+0000] {logging_mixin.py:190} INFO - [2025-04-21T11:18:52.513+0000] {dag.py:4180} INFO - Setting next_dagrun for dataset_with_extra_from_classic_operator to 2025-04-20 00:00:00+00:00, run_after=2025-04-21 00:00:00+00:00
[2025-04-21T11:18:52.531+0000] {processor.py:208} INFO - Processing /home/airflow/.local/lib/python3.12/site-packages/airflow/example_dags/example_outlet_event_extra.py took 0.499 seconds
[2025-04-21T11:19:23.059+0000] {processor.py:186} INFO - Started process (PID=3336) to work on /home/airflow/.local/lib/python3.12/site-packages/airflow/example_dags/example_outlet_event_extra.py
[2025-04-21T11:19:23.060+0000] {processor.py:914} INFO - Processing file /home/airflow/.local/lib/python3.12/site-packages/airflow/example_dags/example_outlet_event_extra.py for tasks to queue
[2025-04-21T11:19:23.062+0000] {logging_mixin.py:190} INFO - [2025-04-21T11:19:23.062+0000] {dagbag.py:588} INFO - Filling up the DagBag from /home/airflow/.local/lib/python3.12/site-packages/airflow/example_dags/example_outlet_event_extra.py
[2025-04-21T11:19:23.480+0000] {processor.py:925} INFO - DAG(s) 'dataset_with_extra_by_yield', 'dataset_with_extra_by_context', 'dataset_with_extra_from_classic_operator' retrieved from /home/airflow/.local/lib/python3.12/site-packages/airflow/example_dags/example_outlet_event_extra.py
[2025-04-21T11:19:23.502+0000] {logging_mixin.py:190} INFO - [2025-04-21T11:19:23.502+0000] {dag.py:3239} INFO - Sync 3 DAGs
[2025-04-21T11:19:23.519+0000] {logging_mixin.py:190} INFO - [2025-04-21T11:19:23.519+0000] {dag.py:4180} INFO - Setting next_dagrun for dataset_with_extra_by_context to 2025-04-20 00:00:00+00:00, run_after=2025-04-21 00:00:00+00:00
[2025-04-21T11:19:23.525+0000] {logging_mixin.py:190} INFO - [2025-04-21T11:19:23.525+0000] {dag.py:4180} INFO - Setting next_dagrun for dataset_with_extra_by_yield to 2025-04-20 00:00:00+00:00, run_after=2025-04-21 00:00:00+00:00
[2025-04-21T11:19:23.527+0000] {logging_mixin.py:190} INFO - [2025-04-21T11:19:23.527+0000] {dag.py:4180} INFO - Setting next_dagrun for dataset_with_extra_from_classic_operator to 2025-04-20 00:00:00+00:00, run_after=2025-04-21 00:00:00+00:00
[2025-04-21T11:19:23.542+0000] {processor.py:208} INFO - Processing /home/airflow/.local/lib/python3.12/site-packages/airflow/example_dags/example_outlet_event_extra.py took 0.487 seconds
[2025-04-21T11:19:53.687+0000] {processor.py:186} INFO - Started process (PID=3399) to work on /home/airflow/.local/lib/python3.12/site-packages/airflow/example_dags/example_outlet_event_extra.py
[2025-04-21T11:19:53.688+0000] {processor.py:914} INFO - Processing file /home/airflow/.local/lib/python3.12/site-packages/airflow/example_dags/example_outlet_event_extra.py for tasks to queue
[2025-04-21T11:19:53.690+0000] {logging_mixin.py:190} INFO - [2025-04-21T11:19:53.690+0000] {dagbag.py:588} INFO - Filling up the DagBag from /home/airflow/.local/lib/python3.12/site-packages/airflow/example_dags/example_outlet_event_extra.py
[2025-04-21T11:19:54.105+0000] {processor.py:925} INFO - DAG(s) 'dataset_with_extra_by_context', 'dataset_with_extra_from_classic_operator', 'dataset_with_extra_by_yield' retrieved from /home/airflow/.local/lib/python3.12/site-packages/airflow/example_dags/example_outlet_event_extra.py
[2025-04-21T11:19:54.125+0000] {logging_mixin.py:190} INFO - [2025-04-21T11:19:54.124+0000] {dag.py:3239} INFO - Sync 3 DAGs
[2025-04-21T11:19:54.143+0000] {logging_mixin.py:190} INFO - [2025-04-21T11:19:54.143+0000] {dag.py:4180} INFO - Setting next_dagrun for dataset_with_extra_by_context to 2025-04-20 00:00:00+00:00, run_after=2025-04-21 00:00:00+00:00
[2025-04-21T11:19:54.147+0000] {logging_mixin.py:190} INFO - [2025-04-21T11:19:54.147+0000] {dag.py:4180} INFO - Setting next_dagrun for dataset_with_extra_by_yield to 2025-04-20 00:00:00+00:00, run_after=2025-04-21 00:00:00+00:00
[2025-04-21T11:19:54.150+0000] {logging_mixin.py:190} INFO - [2025-04-21T11:19:54.149+0000] {dag.py:4180} INFO - Setting next_dagrun for dataset_with_extra_from_classic_operator to 2025-04-20 00:00:00+00:00, run_after=2025-04-21 00:00:00+00:00
[2025-04-21T11:19:54.168+0000] {processor.py:208} INFO - Processing /home/airflow/.local/lib/python3.12/site-packages/airflow/example_dags/example_outlet_event_extra.py took 0.485 seconds
[2025-04-21T11:20:24.317+0000] {processor.py:186} INFO - Started process (PID=3462) to work on /home/airflow/.local/lib/python3.12/site-packages/airflow/example_dags/example_outlet_event_extra.py
[2025-04-21T11:20:24.318+0000] {processor.py:914} INFO - Processing file /home/airflow/.local/lib/python3.12/site-packages/airflow/example_dags/example_outlet_event_extra.py for tasks to queue
[2025-04-21T11:20:24.320+0000] {logging_mixin.py:190} INFO - [2025-04-21T11:20:24.319+0000] {dagbag.py:588} INFO - Filling up the DagBag from /home/airflow/.local/lib/python3.12/site-packages/airflow/example_dags/example_outlet_event_extra.py
[2025-04-21T11:20:24.768+0000] {processor.py:925} INFO - DAG(s) 'dataset_with_extra_from_classic_operator', 'dataset_with_extra_by_context', 'dataset_with_extra_by_yield' retrieved from /home/airflow/.local/lib/python3.12/site-packages/airflow/example_dags/example_outlet_event_extra.py
[2025-04-21T11:20:24.787+0000] {logging_mixin.py:190} INFO - [2025-04-21T11:20:24.787+0000] {dag.py:3239} INFO - Sync 3 DAGs
[2025-04-21T11:20:24.805+0000] {logging_mixin.py:190} INFO - [2025-04-21T11:20:24.805+0000] {dag.py:4180} INFO - Setting next_dagrun for dataset_with_extra_by_context to 2025-04-20 00:00:00+00:00, run_after=2025-04-21 00:00:00+00:00
[2025-04-21T11:20:24.810+0000] {logging_mixin.py:190} INFO - [2025-04-21T11:20:24.810+0000] {dag.py:4180} INFO - Setting next_dagrun for dataset_with_extra_by_yield to 2025-04-20 00:00:00+00:00, run_after=2025-04-21 00:00:00+00:00
[2025-04-21T11:20:24.812+0000] {logging_mixin.py:190} INFO - [2025-04-21T11:20:24.812+0000] {dag.py:4180} INFO - Setting next_dagrun for dataset_with_extra_from_classic_operator to 2025-04-20 00:00:00+00:00, run_after=2025-04-21 00:00:00+00:00
[2025-04-21T11:20:24.834+0000] {processor.py:208} INFO - Processing /home/airflow/.local/lib/python3.12/site-packages/airflow/example_dags/example_outlet_event_extra.py took 0.521 seconds
[2025-04-21T11:20:55.541+0000] {processor.py:186} INFO - Started process (PID=3525) to work on /home/airflow/.local/lib/python3.12/site-packages/airflow/example_dags/example_outlet_event_extra.py
[2025-04-21T11:20:55.541+0000] {processor.py:914} INFO - Processing file /home/airflow/.local/lib/python3.12/site-packages/airflow/example_dags/example_outlet_event_extra.py for tasks to queue
[2025-04-21T11:20:55.543+0000] {logging_mixin.py:190} INFO - [2025-04-21T11:20:55.543+0000] {dagbag.py:588} INFO - Filling up the DagBag from /home/airflow/.local/lib/python3.12/site-packages/airflow/example_dags/example_outlet_event_extra.py
[2025-04-21T11:20:55.980+0000] {processor.py:925} INFO - DAG(s) 'dataset_with_extra_from_classic_operator', 'dataset_with_extra_by_context', 'dataset_with_extra_by_yield' retrieved from /home/airflow/.local/lib/python3.12/site-packages/airflow/example_dags/example_outlet_event_extra.py
[2025-04-21T11:20:56.004+0000] {logging_mixin.py:190} INFO - [2025-04-21T11:20:56.003+0000] {dag.py:3239} INFO - Sync 3 DAGs
[2025-04-21T11:20:56.021+0000] {logging_mixin.py:190} INFO - [2025-04-21T11:20:56.021+0000] {dag.py:4180} INFO - Setting next_dagrun for dataset_with_extra_by_context to 2025-04-20 00:00:00+00:00, run_after=2025-04-21 00:00:00+00:00
[2025-04-21T11:20:56.026+0000] {logging_mixin.py:190} INFO - [2025-04-21T11:20:56.026+0000] {dag.py:4180} INFO - Setting next_dagrun for dataset_with_extra_by_yield to 2025-04-20 00:00:00+00:00, run_after=2025-04-21 00:00:00+00:00
[2025-04-21T11:20:56.028+0000] {logging_mixin.py:190} INFO - [2025-04-21T11:20:56.028+0000] {dag.py:4180} INFO - Setting next_dagrun for dataset_with_extra_from_classic_operator to 2025-04-20 00:00:00+00:00, run_after=2025-04-21 00:00:00+00:00
[2025-04-21T11:20:56.046+0000] {processor.py:208} INFO - Processing /home/airflow/.local/lib/python3.12/site-packages/airflow/example_dags/example_outlet_event_extra.py took 0.510 seconds
[2025-04-21T11:21:26.170+0000] {processor.py:186} INFO - Started process (PID=3588) to work on /home/airflow/.local/lib/python3.12/site-packages/airflow/example_dags/example_outlet_event_extra.py
[2025-04-21T11:21:26.170+0000] {processor.py:914} INFO - Processing file /home/airflow/.local/lib/python3.12/site-packages/airflow/example_dags/example_outlet_event_extra.py for tasks to queue
[2025-04-21T11:21:26.173+0000] {logging_mixin.py:190} INFO - [2025-04-21T11:21:26.173+0000] {dagbag.py:588} INFO - Filling up the DagBag from /home/airflow/.local/lib/python3.12/site-packages/airflow/example_dags/example_outlet_event_extra.py
[2025-04-21T11:21:26.649+0000] {processor.py:925} INFO - DAG(s) 'dataset_with_extra_by_context', 'dataset_with_extra_by_yield', 'dataset_with_extra_from_classic_operator' retrieved from /home/airflow/.local/lib/python3.12/site-packages/airflow/example_dags/example_outlet_event_extra.py
[2025-04-21T11:21:26.671+0000] {logging_mixin.py:190} INFO - [2025-04-21T11:21:26.670+0000] {dag.py:3239} INFO - Sync 3 DAGs
[2025-04-21T11:21:26.693+0000] {logging_mixin.py:190} INFO - [2025-04-21T11:21:26.693+0000] {dag.py:4180} INFO - Setting next_dagrun for dataset_with_extra_by_context to 2025-04-20 00:00:00+00:00, run_after=2025-04-21 00:00:00+00:00
[2025-04-21T11:21:26.698+0000] {logging_mixin.py:190} INFO - [2025-04-21T11:21:26.697+0000] {dag.py:4180} INFO - Setting next_dagrun for dataset_with_extra_by_yield to 2025-04-20 00:00:00+00:00, run_after=2025-04-21 00:00:00+00:00
[2025-04-21T11:21:26.700+0000] {logging_mixin.py:190} INFO - [2025-04-21T11:21:26.700+0000] {dag.py:4180} INFO - Setting next_dagrun for dataset_with_extra_from_classic_operator to 2025-04-20 00:00:00+00:00, run_after=2025-04-21 00:00:00+00:00
[2025-04-21T11:21:26.721+0000] {processor.py:208} INFO - Processing /home/airflow/.local/lib/python3.12/site-packages/airflow/example_dags/example_outlet_event_extra.py took 0.556 seconds
[2025-04-21T11:21:57.537+0000] {processor.py:186} INFO - Started process (PID=3655) to work on /home/airflow/.local/lib/python3.12/site-packages/airflow/example_dags/example_outlet_event_extra.py
[2025-04-21T11:21:57.537+0000] {processor.py:914} INFO - Processing file /home/airflow/.local/lib/python3.12/site-packages/airflow/example_dags/example_outlet_event_extra.py for tasks to queue
[2025-04-21T11:21:57.539+0000] {logging_mixin.py:190} INFO - [2025-04-21T11:21:57.539+0000] {dagbag.py:588} INFO - Filling up the DagBag from /home/airflow/.local/lib/python3.12/site-packages/airflow/example_dags/example_outlet_event_extra.py
[2025-04-21T11:21:58.036+0000] {processor.py:925} INFO - DAG(s) 'dataset_with_extra_by_yield', 'dataset_with_extra_from_classic_operator', 'dataset_with_extra_by_context' retrieved from /home/airflow/.local/lib/python3.12/site-packages/airflow/example_dags/example_outlet_event_extra.py
[2025-04-21T11:21:58.060+0000] {logging_mixin.py:190} INFO - [2025-04-21T11:21:58.060+0000] {dag.py:3239} INFO - Sync 3 DAGs
[2025-04-21T11:21:58.082+0000] {logging_mixin.py:190} INFO - [2025-04-21T11:21:58.082+0000] {dag.py:4180} INFO - Setting next_dagrun for dataset_with_extra_by_context to 2025-04-20 00:00:00+00:00, run_after=2025-04-21 00:00:00+00:00
[2025-04-21T11:21:58.088+0000] {logging_mixin.py:190} INFO - [2025-04-21T11:21:58.088+0000] {dag.py:4180} INFO - Setting next_dagrun for dataset_with_extra_by_yield to 2025-04-20 00:00:00+00:00, run_after=2025-04-21 00:00:00+00:00
[2025-04-21T11:21:58.092+0000] {logging_mixin.py:190} INFO - [2025-04-21T11:21:58.091+0000] {dag.py:4180} INFO - Setting next_dagrun for dataset_with_extra_from_classic_operator to 2025-04-20 00:00:00+00:00, run_after=2025-04-21 00:00:00+00:00
[2025-04-21T11:21:58.116+0000] {processor.py:208} INFO - Processing /home/airflow/.local/lib/python3.12/site-packages/airflow/example_dags/example_outlet_event_extra.py took 0.584 seconds
[2025-04-21T11:22:28.302+0000] {processor.py:186} INFO - Started process (PID=3718) to work on /home/airflow/.local/lib/python3.12/site-packages/airflow/example_dags/example_outlet_event_extra.py
[2025-04-21T11:22:28.303+0000] {processor.py:914} INFO - Processing file /home/airflow/.local/lib/python3.12/site-packages/airflow/example_dags/example_outlet_event_extra.py for tasks to queue
[2025-04-21T11:22:28.305+0000] {logging_mixin.py:190} INFO - [2025-04-21T11:22:28.305+0000] {dagbag.py:588} INFO - Filling up the DagBag from /home/airflow/.local/lib/python3.12/site-packages/airflow/example_dags/example_outlet_event_extra.py
[2025-04-21T11:22:28.737+0000] {processor.py:925} INFO - DAG(s) 'dataset_with_extra_by_yield', 'dataset_with_extra_from_classic_operator', 'dataset_with_extra_by_context' retrieved from /home/airflow/.local/lib/python3.12/site-packages/airflow/example_dags/example_outlet_event_extra.py
[2025-04-21T11:22:28.755+0000] {logging_mixin.py:190} INFO - [2025-04-21T11:22:28.755+0000] {dag.py:3239} INFO - Sync 3 DAGs
[2025-04-21T11:22:28.775+0000] {logging_mixin.py:190} INFO - [2025-04-21T11:22:28.775+0000] {dag.py:4180} INFO - Setting next_dagrun for dataset_with_extra_by_context to 2025-04-20 00:00:00+00:00, run_after=2025-04-21 00:00:00+00:00
[2025-04-21T11:22:28.780+0000] {logging_mixin.py:190} INFO - [2025-04-21T11:22:28.779+0000] {dag.py:4180} INFO - Setting next_dagrun for dataset_with_extra_by_yield to 2025-04-20 00:00:00+00:00, run_after=2025-04-21 00:00:00+00:00
[2025-04-21T11:22:28.782+0000] {logging_mixin.py:190} INFO - [2025-04-21T11:22:28.782+0000] {dag.py:4180} INFO - Setting next_dagrun for dataset_with_extra_from_classic_operator to 2025-04-20 00:00:00+00:00, run_after=2025-04-21 00:00:00+00:00
[2025-04-21T11:22:28.804+0000] {processor.py:208} INFO - Processing /home/airflow/.local/lib/python3.12/site-packages/airflow/example_dags/example_outlet_event_extra.py took 0.506 seconds
[2025-04-21T11:22:59.625+0000] {processor.py:186} INFO - Started process (PID=3783) to work on /home/airflow/.local/lib/python3.12/site-packages/airflow/example_dags/example_outlet_event_extra.py
[2025-04-21T11:22:59.626+0000] {processor.py:914} INFO - Processing file /home/airflow/.local/lib/python3.12/site-packages/airflow/example_dags/example_outlet_event_extra.py for tasks to queue
[2025-04-21T11:22:59.628+0000] {logging_mixin.py:190} INFO - [2025-04-21T11:22:59.628+0000] {dagbag.py:588} INFO - Filling up the DagBag from /home/airflow/.local/lib/python3.12/site-packages/airflow/example_dags/example_outlet_event_extra.py
[2025-04-21T11:23:00.046+0000] {processor.py:925} INFO - DAG(s) 'dataset_with_extra_by_yield', 'dataset_with_extra_from_classic_operator', 'dataset_with_extra_by_context' retrieved from /home/airflow/.local/lib/python3.12/site-packages/airflow/example_dags/example_outlet_event_extra.py
[2025-04-21T11:23:00.064+0000] {logging_mixin.py:190} INFO - [2025-04-21T11:23:00.064+0000] {dag.py:3239} INFO - Sync 3 DAGs
[2025-04-21T11:23:00.083+0000] {logging_mixin.py:190} INFO - [2025-04-21T11:23:00.083+0000] {dag.py:4180} INFO - Setting next_dagrun for dataset_with_extra_by_context to 2025-04-20 00:00:00+00:00, run_after=2025-04-21 00:00:00+00:00
[2025-04-21T11:23:00.088+0000] {logging_mixin.py:190} INFO - [2025-04-21T11:23:00.088+0000] {dag.py:4180} INFO - Setting next_dagrun for dataset_with_extra_by_yield to 2025-04-20 00:00:00+00:00, run_after=2025-04-21 00:00:00+00:00
[2025-04-21T11:23:00.090+0000] {logging_mixin.py:190} INFO - [2025-04-21T11:23:00.090+0000] {dag.py:4180} INFO - Setting next_dagrun for dataset_with_extra_from_classic_operator to 2025-04-20 00:00:00+00:00, run_after=2025-04-21 00:00:00+00:00
[2025-04-21T11:23:00.114+0000] {processor.py:208} INFO - Processing /home/airflow/.local/lib/python3.12/site-packages/airflow/example_dags/example_outlet_event_extra.py took 0.493 seconds
[2025-04-21T11:23:30.268+0000] {processor.py:186} INFO - Started process (PID=3847) to work on /home/airflow/.local/lib/python3.12/site-packages/airflow/example_dags/example_outlet_event_extra.py
[2025-04-21T11:23:30.269+0000] {processor.py:914} INFO - Processing file /home/airflow/.local/lib/python3.12/site-packages/airflow/example_dags/example_outlet_event_extra.py for tasks to queue
[2025-04-21T11:23:30.271+0000] {logging_mixin.py:190} INFO - [2025-04-21T11:23:30.271+0000] {dagbag.py:588} INFO - Filling up the DagBag from /home/airflow/.local/lib/python3.12/site-packages/airflow/example_dags/example_outlet_event_extra.py
[2025-04-21T11:23:30.733+0000] {processor.py:925} INFO - DAG(s) 'dataset_with_extra_by_yield', 'dataset_with_extra_by_context', 'dataset_with_extra_from_classic_operator' retrieved from /home/airflow/.local/lib/python3.12/site-packages/airflow/example_dags/example_outlet_event_extra.py
[2025-04-21T11:23:30.752+0000] {logging_mixin.py:190} INFO - [2025-04-21T11:23:30.751+0000] {dag.py:3239} INFO - Sync 3 DAGs
[2025-04-21T11:23:30.771+0000] {logging_mixin.py:190} INFO - [2025-04-21T11:23:30.771+0000] {dag.py:4180} INFO - Setting next_dagrun for dataset_with_extra_by_context to 2025-04-20 00:00:00+00:00, run_after=2025-04-21 00:00:00+00:00
[2025-04-21T11:23:30.775+0000] {logging_mixin.py:190} INFO - [2025-04-21T11:23:30.775+0000] {dag.py:4180} INFO - Setting next_dagrun for dataset_with_extra_by_yield to 2025-04-20 00:00:00+00:00, run_after=2025-04-21 00:00:00+00:00
[2025-04-21T11:23:30.777+0000] {logging_mixin.py:190} INFO - [2025-04-21T11:23:30.777+0000] {dag.py:4180} INFO - Setting next_dagrun for dataset_with_extra_from_classic_operator to 2025-04-20 00:00:00+00:00, run_after=2025-04-21 00:00:00+00:00
[2025-04-21T11:23:30.796+0000] {processor.py:208} INFO - Processing /home/airflow/.local/lib/python3.12/site-packages/airflow/example_dags/example_outlet_event_extra.py took 0.531 seconds
[2025-04-21T11:24:00.909+0000] {processor.py:186} INFO - Started process (PID=3909) to work on /home/airflow/.local/lib/python3.12/site-packages/airflow/example_dags/example_outlet_event_extra.py
[2025-04-21T11:24:00.910+0000] {processor.py:914} INFO - Processing file /home/airflow/.local/lib/python3.12/site-packages/airflow/example_dags/example_outlet_event_extra.py for tasks to queue
[2025-04-21T11:24:00.913+0000] {logging_mixin.py:190} INFO - [2025-04-21T11:24:00.912+0000] {dagbag.py:588} INFO - Filling up the DagBag from /home/airflow/.local/lib/python3.12/site-packages/airflow/example_dags/example_outlet_event_extra.py
[2025-04-21T11:24:01.204+0000] {processor.py:925} INFO - DAG(s) 'dataset_with_extra_from_classic_operator', 'dataset_with_extra_by_yield', 'dataset_with_extra_by_context' retrieved from /home/airflow/.local/lib/python3.12/site-packages/airflow/example_dags/example_outlet_event_extra.py
[2025-04-21T11:24:01.227+0000] {logging_mixin.py:190} INFO - [2025-04-21T11:24:01.226+0000] {dag.py:3239} INFO - Sync 3 DAGs
[2025-04-21T11:24:01.249+0000] {logging_mixin.py:190} INFO - [2025-04-21T11:24:01.249+0000] {dag.py:4180} INFO - Setting next_dagrun for dataset_with_extra_by_context to 2025-04-20 00:00:00+00:00, run_after=2025-04-21 00:00:00+00:00
[2025-04-21T11:24:01.255+0000] {logging_mixin.py:190} INFO - [2025-04-21T11:24:01.255+0000] {dag.py:4180} INFO - Setting next_dagrun for dataset_with_extra_by_yield to 2025-04-20 00:00:00+00:00, run_after=2025-04-21 00:00:00+00:00
[2025-04-21T11:24:01.258+0000] {logging_mixin.py:190} INFO - [2025-04-21T11:24:01.258+0000] {dag.py:4180} INFO - Setting next_dagrun for dataset_with_extra_from_classic_operator to 2025-04-20 00:00:00+00:00, run_after=2025-04-21 00:00:00+00:00
[2025-04-21T11:24:01.279+0000] {processor.py:208} INFO - Processing /home/airflow/.local/lib/python3.12/site-packages/airflow/example_dags/example_outlet_event_extra.py took 0.374 seconds
[2025-04-21T11:24:31.838+0000] {processor.py:186} INFO - Started process (PID=3972) to work on /home/airflow/.local/lib/python3.12/site-packages/airflow/example_dags/example_outlet_event_extra.py
[2025-04-21T11:24:31.839+0000] {processor.py:914} INFO - Processing file /home/airflow/.local/lib/python3.12/site-packages/airflow/example_dags/example_outlet_event_extra.py for tasks to queue
[2025-04-21T11:24:31.841+0000] {logging_mixin.py:190} INFO - [2025-04-21T11:24:31.841+0000] {dagbag.py:588} INFO - Filling up the DagBag from /home/airflow/.local/lib/python3.12/site-packages/airflow/example_dags/example_outlet_event_extra.py
[2025-04-21T11:24:32.137+0000] {processor.py:925} INFO - DAG(s) 'dataset_with_extra_from_classic_operator', 'dataset_with_extra_by_yield', 'dataset_with_extra_by_context' retrieved from /home/airflow/.local/lib/python3.12/site-packages/airflow/example_dags/example_outlet_event_extra.py
[2025-04-21T11:24:32.162+0000] {logging_mixin.py:190} INFO - [2025-04-21T11:24:32.162+0000] {dag.py:3239} INFO - Sync 3 DAGs
[2025-04-21T11:24:32.183+0000] {logging_mixin.py:190} INFO - [2025-04-21T11:24:32.183+0000] {dag.py:4180} INFO - Setting next_dagrun for dataset_with_extra_by_context to 2025-04-20 00:00:00+00:00, run_after=2025-04-21 00:00:00+00:00
[2025-04-21T11:24:32.187+0000] {logging_mixin.py:190} INFO - [2025-04-21T11:24:32.187+0000] {dag.py:4180} INFO - Setting next_dagrun for dataset_with_extra_by_yield to 2025-04-20 00:00:00+00:00, run_after=2025-04-21 00:00:00+00:00
[2025-04-21T11:24:32.190+0000] {logging_mixin.py:190} INFO - [2025-04-21T11:24:32.190+0000] {dag.py:4180} INFO - Setting next_dagrun for dataset_with_extra_from_classic_operator to 2025-04-20 00:00:00+00:00, run_after=2025-04-21 00:00:00+00:00
[2025-04-21T11:24:32.208+0000] {processor.py:208} INFO - Processing /home/airflow/.local/lib/python3.12/site-packages/airflow/example_dags/example_outlet_event_extra.py took 0.374 seconds
[2025-04-21T11:25:02.425+0000] {processor.py:186} INFO - Started process (PID=4036) to work on /home/airflow/.local/lib/python3.12/site-packages/airflow/example_dags/example_outlet_event_extra.py
[2025-04-21T11:25:02.426+0000] {processor.py:914} INFO - Processing file /home/airflow/.local/lib/python3.12/site-packages/airflow/example_dags/example_outlet_event_extra.py for tasks to queue
[2025-04-21T11:25:02.428+0000] {logging_mixin.py:190} INFO - [2025-04-21T11:25:02.427+0000] {dagbag.py:588} INFO - Filling up the DagBag from /home/airflow/.local/lib/python3.12/site-packages/airflow/example_dags/example_outlet_event_extra.py
[2025-04-21T11:25:02.726+0000] {processor.py:925} INFO - DAG(s) 'dataset_with_extra_by_yield', 'dataset_with_extra_by_context', 'dataset_with_extra_from_classic_operator' retrieved from /home/airflow/.local/lib/python3.12/site-packages/airflow/example_dags/example_outlet_event_extra.py
[2025-04-21T11:25:02.751+0000] {logging_mixin.py:190} INFO - [2025-04-21T11:25:02.750+0000] {dag.py:3239} INFO - Sync 3 DAGs
[2025-04-21T11:25:02.771+0000] {logging_mixin.py:190} INFO - [2025-04-21T11:25:02.770+0000] {dag.py:4180} INFO - Setting next_dagrun for dataset_with_extra_by_context to 2025-04-20 00:00:00+00:00, run_after=2025-04-21 00:00:00+00:00
[2025-04-21T11:25:02.775+0000] {logging_mixin.py:190} INFO - [2025-04-21T11:25:02.775+0000] {dag.py:4180} INFO - Setting next_dagrun for dataset_with_extra_by_yield to 2025-04-20 00:00:00+00:00, run_after=2025-04-21 00:00:00+00:00
[2025-04-21T11:25:02.778+0000] {logging_mixin.py:190} INFO - [2025-04-21T11:25:02.778+0000] {dag.py:4180} INFO - Setting next_dagrun for dataset_with_extra_from_classic_operator to 2025-04-20 00:00:00+00:00, run_after=2025-04-21 00:00:00+00:00
[2025-04-21T11:25:02.794+0000] {processor.py:208} INFO - Processing /home/airflow/.local/lib/python3.12/site-packages/airflow/example_dags/example_outlet_event_extra.py took 0.373 seconds
[2025-04-21T11:25:34.405+0000] {processor.py:186} INFO - Started process (PID=4106) to work on /home/airflow/.local/lib/python3.12/site-packages/airflow/example_dags/example_outlet_event_extra.py
[2025-04-21T11:25:34.406+0000] {processor.py:914} INFO - Processing file /home/airflow/.local/lib/python3.12/site-packages/airflow/example_dags/example_outlet_event_extra.py for tasks to queue
[2025-04-21T11:25:34.408+0000] {logging_mixin.py:190} INFO - [2025-04-21T11:25:34.408+0000] {dagbag.py:588} INFO - Filling up the DagBag from /home/airflow/.local/lib/python3.12/site-packages/airflow/example_dags/example_outlet_event_extra.py
[2025-04-21T11:25:34.679+0000] {processor.py:925} INFO - DAG(s) 'dataset_with_extra_by_yield', 'dataset_with_extra_from_classic_operator', 'dataset_with_extra_by_context' retrieved from /home/airflow/.local/lib/python3.12/site-packages/airflow/example_dags/example_outlet_event_extra.py
[2025-04-21T11:25:34.702+0000] {logging_mixin.py:190} INFO - [2025-04-21T11:25:34.702+0000] {dag.py:3239} INFO - Sync 3 DAGs
[2025-04-21T11:25:34.723+0000] {logging_mixin.py:190} INFO - [2025-04-21T11:25:34.722+0000] {dag.py:4180} INFO - Setting next_dagrun for dataset_with_extra_by_context to 2025-04-20 00:00:00+00:00, run_after=2025-04-21 00:00:00+00:00
[2025-04-21T11:25:34.726+0000] {logging_mixin.py:190} INFO - [2025-04-21T11:25:34.726+0000] {dag.py:4180} INFO - Setting next_dagrun for dataset_with_extra_by_yield to 2025-04-20 00:00:00+00:00, run_after=2025-04-21 00:00:00+00:00
[2025-04-21T11:25:34.729+0000] {logging_mixin.py:190} INFO - [2025-04-21T11:25:34.729+0000] {dag.py:4180} INFO - Setting next_dagrun for dataset_with_extra_from_classic_operator to 2025-04-20 00:00:00+00:00, run_after=2025-04-21 00:00:00+00:00
[2025-04-21T11:25:34.745+0000] {processor.py:208} INFO - Processing /home/airflow/.local/lib/python3.12/site-packages/airflow/example_dags/example_outlet_event_extra.py took 0.345 seconds
[2025-04-21T11:26:05.148+0000] {processor.py:186} INFO - Started process (PID=4169) to work on /home/airflow/.local/lib/python3.12/site-packages/airflow/example_dags/example_outlet_event_extra.py
[2025-04-21T11:26:05.148+0000] {processor.py:914} INFO - Processing file /home/airflow/.local/lib/python3.12/site-packages/airflow/example_dags/example_outlet_event_extra.py for tasks to queue
[2025-04-21T11:26:05.151+0000] {logging_mixin.py:190} INFO - [2025-04-21T11:26:05.150+0000] {dagbag.py:588} INFO - Filling up the DagBag from /home/airflow/.local/lib/python3.12/site-packages/airflow/example_dags/example_outlet_event_extra.py
[2025-04-21T11:26:05.424+0000] {processor.py:925} INFO - DAG(s) 'dataset_with_extra_by_yield', 'dataset_with_extra_from_classic_operator', 'dataset_with_extra_by_context' retrieved from /home/airflow/.local/lib/python3.12/site-packages/airflow/example_dags/example_outlet_event_extra.py
[2025-04-21T11:26:05.447+0000] {logging_mixin.py:190} INFO - [2025-04-21T11:26:05.447+0000] {dag.py:3239} INFO - Sync 3 DAGs
[2025-04-21T11:26:05.467+0000] {logging_mixin.py:190} INFO - [2025-04-21T11:26:05.467+0000] {dag.py:4180} INFO - Setting next_dagrun for dataset_with_extra_by_context to 2025-04-20 00:00:00+00:00, run_after=2025-04-21 00:00:00+00:00
[2025-04-21T11:26:05.471+0000] {logging_mixin.py:190} INFO - [2025-04-21T11:26:05.471+0000] {dag.py:4180} INFO - Setting next_dagrun for dataset_with_extra_by_yield to 2025-04-20 00:00:00+00:00, run_after=2025-04-21 00:00:00+00:00
[2025-04-21T11:26:05.473+0000] {logging_mixin.py:190} INFO - [2025-04-21T11:26:05.473+0000] {dag.py:4180} INFO - Setting next_dagrun for dataset_with_extra_from_classic_operator to 2025-04-20 00:00:00+00:00, run_after=2025-04-21 00:00:00+00:00
[2025-04-21T11:26:05.494+0000] {processor.py:208} INFO - Processing /home/airflow/.local/lib/python3.12/site-packages/airflow/example_dags/example_outlet_event_extra.py took 0.350 seconds
[2025-04-21T11:26:35.889+0000] {processor.py:186} INFO - Started process (PID=4232) to work on /home/airflow/.local/lib/python3.12/site-packages/airflow/example_dags/example_outlet_event_extra.py
[2025-04-21T11:26:35.889+0000] {processor.py:914} INFO - Processing file /home/airflow/.local/lib/python3.12/site-packages/airflow/example_dags/example_outlet_event_extra.py for tasks to queue
[2025-04-21T11:26:35.891+0000] {logging_mixin.py:190} INFO - [2025-04-21T11:26:35.891+0000] {dagbag.py:588} INFO - Filling up the DagBag from /home/airflow/.local/lib/python3.12/site-packages/airflow/example_dags/example_outlet_event_extra.py
[2025-04-21T11:26:36.173+0000] {processor.py:925} INFO - DAG(s) 'dataset_with_extra_by_context', 'dataset_with_extra_by_yield', 'dataset_with_extra_from_classic_operator' retrieved from /home/airflow/.local/lib/python3.12/site-packages/airflow/example_dags/example_outlet_event_extra.py
[2025-04-21T11:26:36.193+0000] {logging_mixin.py:190} INFO - [2025-04-21T11:26:36.192+0000] {dag.py:3239} INFO - Sync 3 DAGs
[2025-04-21T11:26:36.213+0000] {logging_mixin.py:190} INFO - [2025-04-21T11:26:36.213+0000] {dag.py:4180} INFO - Setting next_dagrun for dataset_with_extra_by_context to 2025-04-20 00:00:00+00:00, run_after=2025-04-21 00:00:00+00:00
[2025-04-21T11:26:36.219+0000] {logging_mixin.py:190} INFO - [2025-04-21T11:26:36.219+0000] {dag.py:4180} INFO - Setting next_dagrun for dataset_with_extra_by_yield to 2025-04-20 00:00:00+00:00, run_after=2025-04-21 00:00:00+00:00
[2025-04-21T11:26:36.221+0000] {logging_mixin.py:190} INFO - [2025-04-21T11:26:36.221+0000] {dag.py:4180} INFO - Setting next_dagrun for dataset_with_extra_from_classic_operator to 2025-04-20 00:00:00+00:00, run_after=2025-04-21 00:00:00+00:00
[2025-04-21T11:26:36.238+0000] {processor.py:208} INFO - Processing /home/airflow/.local/lib/python3.12/site-packages/airflow/example_dags/example_outlet_event_extra.py took 0.354 seconds
[2025-04-21T11:27:06.791+0000] {processor.py:186} INFO - Started process (PID=4302) to work on /home/airflow/.local/lib/python3.12/site-packages/airflow/example_dags/example_outlet_event_extra.py
[2025-04-21T11:27:06.793+0000] {processor.py:914} INFO - Processing file /home/airflow/.local/lib/python3.12/site-packages/airflow/example_dags/example_outlet_event_extra.py for tasks to queue
[2025-04-21T11:27:06.796+0000] {logging_mixin.py:190} INFO - [2025-04-21T11:27:06.795+0000] {dagbag.py:588} INFO - Filling up the DagBag from /home/airflow/.local/lib/python3.12/site-packages/airflow/example_dags/example_outlet_event_extra.py
[2025-04-21T11:27:07.113+0000] {processor.py:925} INFO - DAG(s) 'dataset_with_extra_by_context', 'dataset_with_extra_from_classic_operator', 'dataset_with_extra_by_yield' retrieved from /home/airflow/.local/lib/python3.12/site-packages/airflow/example_dags/example_outlet_event_extra.py
[2025-04-21T11:27:07.137+0000] {logging_mixin.py:190} INFO - [2025-04-21T11:27:07.137+0000] {dag.py:3239} INFO - Sync 3 DAGs
[2025-04-21T11:27:07.160+0000] {logging_mixin.py:190} INFO - [2025-04-21T11:27:07.160+0000] {dag.py:4180} INFO - Setting next_dagrun for dataset_with_extra_by_context to 2025-04-20 00:00:00+00:00, run_after=2025-04-21 00:00:00+00:00
[2025-04-21T11:27:07.166+0000] {logging_mixin.py:190} INFO - [2025-04-21T11:27:07.166+0000] {dag.py:4180} INFO - Setting next_dagrun for dataset_with_extra_by_yield to 2025-04-20 00:00:00+00:00, run_after=2025-04-21 00:00:00+00:00
[2025-04-21T11:27:07.169+0000] {logging_mixin.py:190} INFO - [2025-04-21T11:27:07.169+0000] {dag.py:4180} INFO - Setting next_dagrun for dataset_with_extra_from_classic_operator to 2025-04-20 00:00:00+00:00, run_after=2025-04-21 00:00:00+00:00
[2025-04-21T11:27:07.188+0000] {processor.py:208} INFO - Processing /home/airflow/.local/lib/python3.12/site-packages/airflow/example_dags/example_outlet_event_extra.py took 0.402 seconds
[2025-04-21T11:27:37.531+0000] {processor.py:186} INFO - Started process (PID=4365) to work on /home/airflow/.local/lib/python3.12/site-packages/airflow/example_dags/example_outlet_event_extra.py
[2025-04-21T11:27:37.532+0000] {processor.py:914} INFO - Processing file /home/airflow/.local/lib/python3.12/site-packages/airflow/example_dags/example_outlet_event_extra.py for tasks to queue
[2025-04-21T11:27:37.535+0000] {logging_mixin.py:190} INFO - [2025-04-21T11:27:37.535+0000] {dagbag.py:588} INFO - Filling up the DagBag from /home/airflow/.local/lib/python3.12/site-packages/airflow/example_dags/example_outlet_event_extra.py
[2025-04-21T11:27:37.842+0000] {processor.py:925} INFO - DAG(s) 'dataset_with_extra_from_classic_operator', 'dataset_with_extra_by_context', 'dataset_with_extra_by_yield' retrieved from /home/airflow/.local/lib/python3.12/site-packages/airflow/example_dags/example_outlet_event_extra.py
[2025-04-21T11:27:37.869+0000] {logging_mixin.py:190} INFO - [2025-04-21T11:27:37.868+0000] {dag.py:3239} INFO - Sync 3 DAGs
[2025-04-21T11:27:37.891+0000] {logging_mixin.py:190} INFO - [2025-04-21T11:27:37.891+0000] {dag.py:4180} INFO - Setting next_dagrun for dataset_with_extra_by_context to 2025-04-20 00:00:00+00:00, run_after=2025-04-21 00:00:00+00:00
[2025-04-21T11:27:37.896+0000] {logging_mixin.py:190} INFO - [2025-04-21T11:27:37.895+0000] {dag.py:4180} INFO - Setting next_dagrun for dataset_with_extra_by_yield to 2025-04-20 00:00:00+00:00, run_after=2025-04-21 00:00:00+00:00
[2025-04-21T11:27:37.899+0000] {logging_mixin.py:190} INFO - [2025-04-21T11:27:37.899+0000] {dag.py:4180} INFO - Setting next_dagrun for dataset_with_extra_from_classic_operator to 2025-04-20 00:00:00+00:00, run_after=2025-04-21 00:00:00+00:00
[2025-04-21T11:27:37.920+0000] {processor.py:208} INFO - Processing /home/airflow/.local/lib/python3.12/site-packages/airflow/example_dags/example_outlet_event_extra.py took 0.393 seconds
[2025-04-21T11:28:07.973+0000] {processor.py:186} INFO - Started process (PID=4428) to work on /home/airflow/.local/lib/python3.12/site-packages/airflow/example_dags/example_outlet_event_extra.py
[2025-04-21T11:28:07.974+0000] {processor.py:914} INFO - Processing file /home/airflow/.local/lib/python3.12/site-packages/airflow/example_dags/example_outlet_event_extra.py for tasks to queue
[2025-04-21T11:28:07.976+0000] {logging_mixin.py:190} INFO - [2025-04-21T11:28:07.976+0000] {dagbag.py:588} INFO - Filling up the DagBag from /home/airflow/.local/lib/python3.12/site-packages/airflow/example_dags/example_outlet_event_extra.py
[2025-04-21T11:28:08.263+0000] {processor.py:925} INFO - DAG(s) 'dataset_with_extra_by_context', 'dataset_with_extra_by_yield', 'dataset_with_extra_from_classic_operator' retrieved from /home/airflow/.local/lib/python3.12/site-packages/airflow/example_dags/example_outlet_event_extra.py
[2025-04-21T11:28:08.289+0000] {logging_mixin.py:190} INFO - [2025-04-21T11:28:08.289+0000] {dag.py:3239} INFO - Sync 3 DAGs
[2025-04-21T11:28:08.308+0000] {logging_mixin.py:190} INFO - [2025-04-21T11:28:08.307+0000] {dag.py:4180} INFO - Setting next_dagrun for dataset_with_extra_by_context to 2025-04-20 00:00:00+00:00, run_after=2025-04-21 00:00:00+00:00
[2025-04-21T11:28:08.311+0000] {logging_mixin.py:190} INFO - [2025-04-21T11:28:08.311+0000] {dag.py:4180} INFO - Setting next_dagrun for dataset_with_extra_by_yield to 2025-04-20 00:00:00+00:00, run_after=2025-04-21 00:00:00+00:00
[2025-04-21T11:28:08.314+0000] {logging_mixin.py:190} INFO - [2025-04-21T11:28:08.314+0000] {dag.py:4180} INFO - Setting next_dagrun for dataset_with_extra_from_classic_operator to 2025-04-20 00:00:00+00:00, run_after=2025-04-21 00:00:00+00:00
[2025-04-21T11:28:08.335+0000] {processor.py:208} INFO - Processing /home/airflow/.local/lib/python3.12/site-packages/airflow/example_dags/example_outlet_event_extra.py took 0.366 seconds
[2025-04-21T11:28:38.701+0000] {processor.py:186} INFO - Started process (PID=4491) to work on /home/airflow/.local/lib/python3.12/site-packages/airflow/example_dags/example_outlet_event_extra.py
[2025-04-21T11:28:38.702+0000] {processor.py:914} INFO - Processing file /home/airflow/.local/lib/python3.12/site-packages/airflow/example_dags/example_outlet_event_extra.py for tasks to queue
[2025-04-21T11:28:38.704+0000] {logging_mixin.py:190} INFO - [2025-04-21T11:28:38.704+0000] {dagbag.py:588} INFO - Filling up the DagBag from /home/airflow/.local/lib/python3.12/site-packages/airflow/example_dags/example_outlet_event_extra.py
[2025-04-21T11:28:39.010+0000] {processor.py:925} INFO - DAG(s) 'dataset_with_extra_by_yield', 'dataset_with_extra_from_classic_operator', 'dataset_with_extra_by_context' retrieved from /home/airflow/.local/lib/python3.12/site-packages/airflow/example_dags/example_outlet_event_extra.py
[2025-04-21T11:28:39.032+0000] {logging_mixin.py:190} INFO - [2025-04-21T11:28:39.031+0000] {dag.py:3239} INFO - Sync 3 DAGs
[2025-04-21T11:28:39.053+0000] {logging_mixin.py:190} INFO - [2025-04-21T11:28:39.053+0000] {dag.py:4180} INFO - Setting next_dagrun for dataset_with_extra_by_context to 2025-04-20 00:00:00+00:00, run_after=2025-04-21 00:00:00+00:00
[2025-04-21T11:28:39.057+0000] {logging_mixin.py:190} INFO - [2025-04-21T11:28:39.057+0000] {dag.py:4180} INFO - Setting next_dagrun for dataset_with_extra_by_yield to 2025-04-20 00:00:00+00:00, run_after=2025-04-21 00:00:00+00:00
[2025-04-21T11:28:39.061+0000] {logging_mixin.py:190} INFO - [2025-04-21T11:28:39.061+0000] {dag.py:4180} INFO - Setting next_dagrun for dataset_with_extra_from_classic_operator to 2025-04-20 00:00:00+00:00, run_after=2025-04-21 00:00:00+00:00
[2025-04-21T11:28:39.079+0000] {processor.py:208} INFO - Processing /home/airflow/.local/lib/python3.12/site-packages/airflow/example_dags/example_outlet_event_extra.py took 0.383 seconds
[2025-04-21T11:29:09.137+0000] {processor.py:186} INFO - Started process (PID=4553) to work on /home/airflow/.local/lib/python3.12/site-packages/airflow/example_dags/example_outlet_event_extra.py
[2025-04-21T11:29:09.138+0000] {processor.py:914} INFO - Processing file /home/airflow/.local/lib/python3.12/site-packages/airflow/example_dags/example_outlet_event_extra.py for tasks to queue
[2025-04-21T11:29:09.140+0000] {logging_mixin.py:190} INFO - [2025-04-21T11:29:09.140+0000] {dagbag.py:588} INFO - Filling up the DagBag from /home/airflow/.local/lib/python3.12/site-packages/airflow/example_dags/example_outlet_event_extra.py
[2025-04-21T11:29:09.425+0000] {processor.py:925} INFO - DAG(s) 'dataset_with_extra_by_yield', 'dataset_with_extra_by_context', 'dataset_with_extra_from_classic_operator' retrieved from /home/airflow/.local/lib/python3.12/site-packages/airflow/example_dags/example_outlet_event_extra.py
[2025-04-21T11:29:09.448+0000] {logging_mixin.py:190} INFO - [2025-04-21T11:29:09.447+0000] {dag.py:3239} INFO - Sync 3 DAGs
[2025-04-21T11:29:09.470+0000] {logging_mixin.py:190} INFO - [2025-04-21T11:29:09.469+0000] {dag.py:4180} INFO - Setting next_dagrun for dataset_with_extra_by_context to 2025-04-20 00:00:00+00:00, run_after=2025-04-21 00:00:00+00:00
[2025-04-21T11:29:09.473+0000] {logging_mixin.py:190} INFO - [2025-04-21T11:29:09.473+0000] {dag.py:4180} INFO - Setting next_dagrun for dataset_with_extra_by_yield to 2025-04-20 00:00:00+00:00, run_after=2025-04-21 00:00:00+00:00
[2025-04-21T11:29:09.475+0000] {logging_mixin.py:190} INFO - [2025-04-21T11:29:09.475+0000] {dag.py:4180} INFO - Setting next_dagrun for dataset_with_extra_from_classic_operator to 2025-04-20 00:00:00+00:00, run_after=2025-04-21 00:00:00+00:00
[2025-04-21T11:29:09.493+0000] {processor.py:208} INFO - Processing /home/airflow/.local/lib/python3.12/site-packages/airflow/example_dags/example_outlet_event_extra.py took 0.360 seconds
[2025-04-21T11:29:39.608+0000] {processor.py:186} INFO - Started process (PID=4617) to work on /home/airflow/.local/lib/python3.12/site-packages/airflow/example_dags/example_outlet_event_extra.py
[2025-04-21T11:29:39.609+0000] {processor.py:914} INFO - Processing file /home/airflow/.local/lib/python3.12/site-packages/airflow/example_dags/example_outlet_event_extra.py for tasks to queue
[2025-04-21T11:29:39.611+0000] {logging_mixin.py:190} INFO - [2025-04-21T11:29:39.611+0000] {dagbag.py:588} INFO - Filling up the DagBag from /home/airflow/.local/lib/python3.12/site-packages/airflow/example_dags/example_outlet_event_extra.py
[2025-04-21T11:29:39.903+0000] {processor.py:925} INFO - DAG(s) 'dataset_with_extra_from_classic_operator', 'dataset_with_extra_by_yield', 'dataset_with_extra_by_context' retrieved from /home/airflow/.local/lib/python3.12/site-packages/airflow/example_dags/example_outlet_event_extra.py
[2025-04-21T11:29:39.925+0000] {logging_mixin.py:190} INFO - [2025-04-21T11:29:39.924+0000] {dag.py:3239} INFO - Sync 3 DAGs
[2025-04-21T11:29:39.945+0000] {logging_mixin.py:190} INFO - [2025-04-21T11:29:39.945+0000] {dag.py:4180} INFO - Setting next_dagrun for dataset_with_extra_by_context to 2025-04-20 00:00:00+00:00, run_after=2025-04-21 00:00:00+00:00
[2025-04-21T11:29:39.950+0000] {logging_mixin.py:190} INFO - [2025-04-21T11:29:39.949+0000] {dag.py:4180} INFO - Setting next_dagrun for dataset_with_extra_by_yield to 2025-04-20 00:00:00+00:00, run_after=2025-04-21 00:00:00+00:00
[2025-04-21T11:29:39.952+0000] {logging_mixin.py:190} INFO - [2025-04-21T11:29:39.952+0000] {dag.py:4180} INFO - Setting next_dagrun for dataset_with_extra_from_classic_operator to 2025-04-20 00:00:00+00:00, run_after=2025-04-21 00:00:00+00:00
[2025-04-21T11:29:39.970+0000] {processor.py:208} INFO - Processing /home/airflow/.local/lib/python3.12/site-packages/airflow/example_dags/example_outlet_event_extra.py took 0.366 seconds
[2025-04-21T11:30:10.234+0000] {processor.py:186} INFO - Started process (PID=4680) to work on /home/airflow/.local/lib/python3.12/site-packages/airflow/example_dags/example_outlet_event_extra.py
[2025-04-21T11:30:10.236+0000] {processor.py:914} INFO - Processing file /home/airflow/.local/lib/python3.12/site-packages/airflow/example_dags/example_outlet_event_extra.py for tasks to queue
[2025-04-21T11:30:10.238+0000] {logging_mixin.py:190} INFO - [2025-04-21T11:30:10.238+0000] {dagbag.py:588} INFO - Filling up the DagBag from /home/airflow/.local/lib/python3.12/site-packages/airflow/example_dags/example_outlet_event_extra.py
[2025-04-21T11:30:10.545+0000] {processor.py:925} INFO - DAG(s) 'dataset_with_extra_by_yield', 'dataset_with_extra_from_classic_operator', 'dataset_with_extra_by_context' retrieved from /home/airflow/.local/lib/python3.12/site-packages/airflow/example_dags/example_outlet_event_extra.py
[2025-04-21T11:30:10.569+0000] {logging_mixin.py:190} INFO - [2025-04-21T11:30:10.567+0000] {dag.py:3239} INFO - Sync 3 DAGs
[2025-04-21T11:30:10.591+0000] {logging_mixin.py:190} INFO - [2025-04-21T11:30:10.591+0000] {dag.py:4180} INFO - Setting next_dagrun for dataset_with_extra_by_context to 2025-04-20 00:00:00+00:00, run_after=2025-04-21 00:00:00+00:00
[2025-04-21T11:30:10.596+0000] {logging_mixin.py:190} INFO - [2025-04-21T11:30:10.596+0000] {dag.py:4180} INFO - Setting next_dagrun for dataset_with_extra_by_yield to 2025-04-20 00:00:00+00:00, run_after=2025-04-21 00:00:00+00:00
[2025-04-21T11:30:10.599+0000] {logging_mixin.py:190} INFO - [2025-04-21T11:30:10.598+0000] {dag.py:4180} INFO - Setting next_dagrun for dataset_with_extra_from_classic_operator to 2025-04-20 00:00:00+00:00, run_after=2025-04-21 00:00:00+00:00
[2025-04-21T11:30:10.615+0000] {processor.py:208} INFO - Processing /home/airflow/.local/lib/python3.12/site-packages/airflow/example_dags/example_outlet_event_extra.py took 0.386 seconds
[2025-04-21T11:30:41.489+0000] {processor.py:186} INFO - Started process (PID=4743) to work on /home/airflow/.local/lib/python3.12/site-packages/airflow/example_dags/example_outlet_event_extra.py
[2025-04-21T11:30:41.490+0000] {processor.py:914} INFO - Processing file /home/airflow/.local/lib/python3.12/site-packages/airflow/example_dags/example_outlet_event_extra.py for tasks to queue
[2025-04-21T11:30:41.493+0000] {logging_mixin.py:190} INFO - [2025-04-21T11:30:41.492+0000] {dagbag.py:588} INFO - Filling up the DagBag from /home/airflow/.local/lib/python3.12/site-packages/airflow/example_dags/example_outlet_event_extra.py
[2025-04-21T11:30:41.772+0000] {processor.py:925} INFO - DAG(s) 'dataset_with_extra_by_yield', 'dataset_with_extra_by_context', 'dataset_with_extra_from_classic_operator' retrieved from /home/airflow/.local/lib/python3.12/site-packages/airflow/example_dags/example_outlet_event_extra.py
[2025-04-21T11:30:41.795+0000] {logging_mixin.py:190} INFO - [2025-04-21T11:30:41.794+0000] {dag.py:3239} INFO - Sync 3 DAGs
[2025-04-21T11:30:41.818+0000] {logging_mixin.py:190} INFO - [2025-04-21T11:30:41.818+0000] {dag.py:4180} INFO - Setting next_dagrun for dataset_with_extra_by_context to 2025-04-20 00:00:00+00:00, run_after=2025-04-21 00:00:00+00:00
[2025-04-21T11:30:41.825+0000] {logging_mixin.py:190} INFO - [2025-04-21T11:30:41.825+0000] {dag.py:4180} INFO - Setting next_dagrun for dataset_with_extra_by_yield to 2025-04-20 00:00:00+00:00, run_after=2025-04-21 00:00:00+00:00
[2025-04-21T11:30:41.828+0000] {logging_mixin.py:190} INFO - [2025-04-21T11:30:41.828+0000] {dag.py:4180} INFO - Setting next_dagrun for dataset_with_extra_from_classic_operator to 2025-04-20 00:00:00+00:00, run_after=2025-04-21 00:00:00+00:00
[2025-04-21T11:30:41.850+0000] {processor.py:208} INFO - Processing /home/airflow/.local/lib/python3.12/site-packages/airflow/example_dags/example_outlet_event_extra.py took 0.365 seconds
[2025-04-21T11:31:12.224+0000] {processor.py:186} INFO - Started process (PID=4806) to work on /home/airflow/.local/lib/python3.12/site-packages/airflow/example_dags/example_outlet_event_extra.py
[2025-04-21T11:31:12.225+0000] {processor.py:914} INFO - Processing file /home/airflow/.local/lib/python3.12/site-packages/airflow/example_dags/example_outlet_event_extra.py for tasks to queue
[2025-04-21T11:31:12.228+0000] {logging_mixin.py:190} INFO - [2025-04-21T11:31:12.227+0000] {dagbag.py:588} INFO - Filling up the DagBag from /home/airflow/.local/lib/python3.12/site-packages/airflow/example_dags/example_outlet_event_extra.py
[2025-04-21T11:31:12.511+0000] {processor.py:925} INFO - DAG(s) 'dataset_with_extra_by_yield', 'dataset_with_extra_by_context', 'dataset_with_extra_from_classic_operator' retrieved from /home/airflow/.local/lib/python3.12/site-packages/airflow/example_dags/example_outlet_event_extra.py
[2025-04-21T11:31:12.532+0000] {logging_mixin.py:190} INFO - [2025-04-21T11:31:12.531+0000] {dag.py:3239} INFO - Sync 3 DAGs
[2025-04-21T11:31:12.553+0000] {logging_mixin.py:190} INFO - [2025-04-21T11:31:12.553+0000] {dag.py:4180} INFO - Setting next_dagrun for dataset_with_extra_by_context to 2025-04-20 00:00:00+00:00, run_after=2025-04-21 00:00:00+00:00
[2025-04-21T11:31:12.556+0000] {logging_mixin.py:190} INFO - [2025-04-21T11:31:12.556+0000] {dag.py:4180} INFO - Setting next_dagrun for dataset_with_extra_by_yield to 2025-04-20 00:00:00+00:00, run_after=2025-04-21 00:00:00+00:00
[2025-04-21T11:31:12.559+0000] {logging_mixin.py:190} INFO - [2025-04-21T11:31:12.558+0000] {dag.py:4180} INFO - Setting next_dagrun for dataset_with_extra_from_classic_operator to 2025-04-20 00:00:00+00:00, run_after=2025-04-21 00:00:00+00:00
[2025-04-21T11:31:12.578+0000] {processor.py:208} INFO - Processing /home/airflow/.local/lib/python3.12/site-packages/airflow/example_dags/example_outlet_event_extra.py took 0.358 seconds
[2025-04-21T11:31:43.978+0000] {processor.py:186} INFO - Started process (PID=4875) to work on /home/airflow/.local/lib/python3.12/site-packages/airflow/example_dags/example_outlet_event_extra.py
[2025-04-21T11:31:43.979+0000] {processor.py:914} INFO - Processing file /home/airflow/.local/lib/python3.12/site-packages/airflow/example_dags/example_outlet_event_extra.py for tasks to queue
[2025-04-21T11:31:43.982+0000] {logging_mixin.py:190} INFO - [2025-04-21T11:31:43.982+0000] {dagbag.py:588} INFO - Filling up the DagBag from /home/airflow/.local/lib/python3.12/site-packages/airflow/example_dags/example_outlet_event_extra.py
[2025-04-21T11:31:44.287+0000] {processor.py:925} INFO - DAG(s) 'dataset_with_extra_by_context', 'dataset_with_extra_by_yield', 'dataset_with_extra_from_classic_operator' retrieved from /home/airflow/.local/lib/python3.12/site-packages/airflow/example_dags/example_outlet_event_extra.py
[2025-04-21T11:31:44.310+0000] {logging_mixin.py:190} INFO - [2025-04-21T11:31:44.310+0000] {dag.py:3239} INFO - Sync 3 DAGs
[2025-04-21T11:31:44.333+0000] {logging_mixin.py:190} INFO - [2025-04-21T11:31:44.332+0000] {dag.py:4180} INFO - Setting next_dagrun for dataset_with_extra_by_context to 2025-04-20 00:00:00+00:00, run_after=2025-04-21 00:00:00+00:00
[2025-04-21T11:31:44.338+0000] {logging_mixin.py:190} INFO - [2025-04-21T11:31:44.338+0000] {dag.py:4180} INFO - Setting next_dagrun for dataset_with_extra_by_yield to 2025-04-20 00:00:00+00:00, run_after=2025-04-21 00:00:00+00:00
[2025-04-21T11:31:44.341+0000] {logging_mixin.py:190} INFO - [2025-04-21T11:31:44.340+0000] {dag.py:4180} INFO - Setting next_dagrun for dataset_with_extra_from_classic_operator to 2025-04-20 00:00:00+00:00, run_after=2025-04-21 00:00:00+00:00
[2025-04-21T11:31:44.360+0000] {processor.py:208} INFO - Processing /home/airflow/.local/lib/python3.12/site-packages/airflow/example_dags/example_outlet_event_extra.py took 0.387 seconds
[2025-04-21T11:32:14.883+0000] {processor.py:186} INFO - Started process (PID=4938) to work on /home/airflow/.local/lib/python3.12/site-packages/airflow/example_dags/example_outlet_event_extra.py
[2025-04-21T11:32:14.884+0000] {processor.py:914} INFO - Processing file /home/airflow/.local/lib/python3.12/site-packages/airflow/example_dags/example_outlet_event_extra.py for tasks to queue
[2025-04-21T11:32:14.886+0000] {logging_mixin.py:190} INFO - [2025-04-21T11:32:14.886+0000] {dagbag.py:588} INFO - Filling up the DagBag from /home/airflow/.local/lib/python3.12/site-packages/airflow/example_dags/example_outlet_event_extra.py
[2025-04-21T11:32:15.200+0000] {processor.py:925} INFO - DAG(s) 'dataset_with_extra_by_yield', 'dataset_with_extra_from_classic_operator', 'dataset_with_extra_by_context' retrieved from /home/airflow/.local/lib/python3.12/site-packages/airflow/example_dags/example_outlet_event_extra.py
[2025-04-21T11:32:15.221+0000] {logging_mixin.py:190} INFO - [2025-04-21T11:32:15.221+0000] {dag.py:3239} INFO - Sync 3 DAGs
[2025-04-21T11:32:15.243+0000] {logging_mixin.py:190} INFO - [2025-04-21T11:32:15.243+0000] {dag.py:4180} INFO - Setting next_dagrun for dataset_with_extra_by_context to 2025-04-20 00:00:00+00:00, run_after=2025-04-21 00:00:00+00:00
[2025-04-21T11:32:15.247+0000] {logging_mixin.py:190} INFO - [2025-04-21T11:32:15.247+0000] {dag.py:4180} INFO - Setting next_dagrun for dataset_with_extra_by_yield to 2025-04-20 00:00:00+00:00, run_after=2025-04-21 00:00:00+00:00
[2025-04-21T11:32:15.249+0000] {logging_mixin.py:190} INFO - [2025-04-21T11:32:15.248+0000] {dag.py:4180} INFO - Setting next_dagrun for dataset_with_extra_from_classic_operator to 2025-04-20 00:00:00+00:00, run_after=2025-04-21 00:00:00+00:00
[2025-04-21T11:32:15.266+0000] {processor.py:208} INFO - Processing /home/airflow/.local/lib/python3.12/site-packages/airflow/example_dags/example_outlet_event_extra.py took 0.387 seconds
[2025-04-21T11:32:45.828+0000] {processor.py:186} INFO - Started process (PID=5004) to work on /home/airflow/.local/lib/python3.12/site-packages/airflow/example_dags/example_outlet_event_extra.py
[2025-04-21T11:32:45.829+0000] {processor.py:914} INFO - Processing file /home/airflow/.local/lib/python3.12/site-packages/airflow/example_dags/example_outlet_event_extra.py for tasks to queue
[2025-04-21T11:32:45.831+0000] {logging_mixin.py:190} INFO - [2025-04-21T11:32:45.831+0000] {dagbag.py:588} INFO - Filling up the DagBag from /home/airflow/.local/lib/python3.12/site-packages/airflow/example_dags/example_outlet_event_extra.py
[2025-04-21T11:32:46.134+0000] {processor.py:925} INFO - DAG(s) 'dataset_with_extra_from_classic_operator', 'dataset_with_extra_by_context', 'dataset_with_extra_by_yield' retrieved from /home/airflow/.local/lib/python3.12/site-packages/airflow/example_dags/example_outlet_event_extra.py
[2025-04-21T11:32:46.159+0000] {logging_mixin.py:190} INFO - [2025-04-21T11:32:46.158+0000] {dag.py:3239} INFO - Sync 3 DAGs
[2025-04-21T11:32:46.181+0000] {logging_mixin.py:190} INFO - [2025-04-21T11:32:46.181+0000] {dag.py:4180} INFO - Setting next_dagrun for dataset_with_extra_by_context to 2025-04-20 00:00:00+00:00, run_after=2025-04-21 00:00:00+00:00
[2025-04-21T11:32:46.186+0000] {logging_mixin.py:190} INFO - [2025-04-21T11:32:46.186+0000] {dag.py:4180} INFO - Setting next_dagrun for dataset_with_extra_by_yield to 2025-04-20 00:00:00+00:00, run_after=2025-04-21 00:00:00+00:00
[2025-04-21T11:32:46.188+0000] {logging_mixin.py:190} INFO - [2025-04-21T11:32:46.188+0000] {dag.py:4180} INFO - Setting next_dagrun for dataset_with_extra_from_classic_operator to 2025-04-20 00:00:00+00:00, run_after=2025-04-21 00:00:00+00:00
[2025-04-21T11:32:46.209+0000] {processor.py:208} INFO - Processing /home/airflow/.local/lib/python3.12/site-packages/airflow/example_dags/example_outlet_event_extra.py took 0.385 seconds
[2025-04-21T11:33:16.484+0000] {processor.py:186} INFO - Started process (PID=5068) to work on /home/airflow/.local/lib/python3.12/site-packages/airflow/example_dags/example_outlet_event_extra.py
[2025-04-21T11:33:16.485+0000] {processor.py:914} INFO - Processing file /home/airflow/.local/lib/python3.12/site-packages/airflow/example_dags/example_outlet_event_extra.py for tasks to queue
[2025-04-21T11:33:16.487+0000] {logging_mixin.py:190} INFO - [2025-04-21T11:33:16.487+0000] {dagbag.py:588} INFO - Filling up the DagBag from /home/airflow/.local/lib/python3.12/site-packages/airflow/example_dags/example_outlet_event_extra.py
[2025-04-21T11:33:16.795+0000] {processor.py:925} INFO - DAG(s) 'dataset_with_extra_by_yield', 'dataset_with_extra_from_classic_operator', 'dataset_with_extra_by_context' retrieved from /home/airflow/.local/lib/python3.12/site-packages/airflow/example_dags/example_outlet_event_extra.py
[2025-04-21T11:33:16.820+0000] {logging_mixin.py:190} INFO - [2025-04-21T11:33:16.820+0000] {dag.py:3239} INFO - Sync 3 DAGs
[2025-04-21T11:33:16.844+0000] {logging_mixin.py:190} INFO - [2025-04-21T11:33:16.844+0000] {dag.py:4180} INFO - Setting next_dagrun for dataset_with_extra_by_context to 2025-04-20 00:00:00+00:00, run_after=2025-04-21 00:00:00+00:00
[2025-04-21T11:33:16.849+0000] {logging_mixin.py:190} INFO - [2025-04-21T11:33:16.849+0000] {dag.py:4180} INFO - Setting next_dagrun for dataset_with_extra_by_yield to 2025-04-20 00:00:00+00:00, run_after=2025-04-21 00:00:00+00:00
[2025-04-21T11:33:16.851+0000] {logging_mixin.py:190} INFO - [2025-04-21T11:33:16.851+0000] {dag.py:4180} INFO - Setting next_dagrun for dataset_with_extra_from_classic_operator to 2025-04-20 00:00:00+00:00, run_after=2025-04-21 00:00:00+00:00
[2025-04-21T11:33:16.873+0000] {processor.py:208} INFO - Processing /home/airflow/.local/lib/python3.12/site-packages/airflow/example_dags/example_outlet_event_extra.py took 0.393 seconds
[2025-04-21T11:33:48.236+0000] {processor.py:186} INFO - Started process (PID=5142) to work on /home/airflow/.local/lib/python3.12/site-packages/airflow/example_dags/example_outlet_event_extra.py
[2025-04-21T11:33:48.237+0000] {processor.py:914} INFO - Processing file /home/airflow/.local/lib/python3.12/site-packages/airflow/example_dags/example_outlet_event_extra.py for tasks to queue
[2025-04-21T11:33:48.239+0000] {logging_mixin.py:190} INFO - [2025-04-21T11:33:48.239+0000] {dagbag.py:588} INFO - Filling up the DagBag from /home/airflow/.local/lib/python3.12/site-packages/airflow/example_dags/example_outlet_event_extra.py
[2025-04-21T11:33:48.522+0000] {processor.py:925} INFO - DAG(s) 'dataset_with_extra_from_classic_operator', 'dataset_with_extra_by_context', 'dataset_with_extra_by_yield' retrieved from /home/airflow/.local/lib/python3.12/site-packages/airflow/example_dags/example_outlet_event_extra.py
[2025-04-21T11:33:48.545+0000] {logging_mixin.py:190} INFO - [2025-04-21T11:33:48.544+0000] {dag.py:3239} INFO - Sync 3 DAGs
[2025-04-21T11:33:48.564+0000] {logging_mixin.py:190} INFO - [2025-04-21T11:33:48.564+0000] {dag.py:4180} INFO - Setting next_dagrun for dataset_with_extra_by_context to 2025-04-20 00:00:00+00:00, run_after=2025-04-21 00:00:00+00:00
[2025-04-21T11:33:48.569+0000] {logging_mixin.py:190} INFO - [2025-04-21T11:33:48.568+0000] {dag.py:4180} INFO - Setting next_dagrun for dataset_with_extra_by_yield to 2025-04-20 00:00:00+00:00, run_after=2025-04-21 00:00:00+00:00
[2025-04-21T11:33:48.571+0000] {logging_mixin.py:190} INFO - [2025-04-21T11:33:48.571+0000] {dag.py:4180} INFO - Setting next_dagrun for dataset_with_extra_from_classic_operator to 2025-04-20 00:00:00+00:00, run_after=2025-04-21 00:00:00+00:00
[2025-04-21T11:33:48.592+0000] {processor.py:208} INFO - Processing /home/airflow/.local/lib/python3.12/site-packages/airflow/example_dags/example_outlet_event_extra.py took 0.360 seconds
[2025-04-21T11:34:19.577+0000] {processor.py:186} INFO - Started process (PID=5208) to work on /home/airflow/.local/lib/python3.12/site-packages/airflow/example_dags/example_outlet_event_extra.py
[2025-04-21T11:34:19.578+0000] {processor.py:914} INFO - Processing file /home/airflow/.local/lib/python3.12/site-packages/airflow/example_dags/example_outlet_event_extra.py for tasks to queue
[2025-04-21T11:34:19.580+0000] {logging_mixin.py:190} INFO - [2025-04-21T11:34:19.580+0000] {dagbag.py:588} INFO - Filling up the DagBag from /home/airflow/.local/lib/python3.12/site-packages/airflow/example_dags/example_outlet_event_extra.py
[2025-04-21T11:34:19.879+0000] {processor.py:925} INFO - DAG(s) 'dataset_with_extra_from_classic_operator', 'dataset_with_extra_by_yield', 'dataset_with_extra_by_context' retrieved from /home/airflow/.local/lib/python3.12/site-packages/airflow/example_dags/example_outlet_event_extra.py
[2025-04-21T11:34:19.903+0000] {logging_mixin.py:190} INFO - [2025-04-21T11:34:19.903+0000] {dag.py:3239} INFO - Sync 3 DAGs
[2025-04-21T11:34:20.089+0000] {logging_mixin.py:190} INFO - [2025-04-21T11:34:20.089+0000] {dag.py:4180} INFO - Setting next_dagrun for dataset_with_extra_by_context to 2025-04-20 00:00:00+00:00, run_after=2025-04-21 00:00:00+00:00
[2025-04-21T11:34:20.093+0000] {logging_mixin.py:190} INFO - [2025-04-21T11:34:20.093+0000] {dag.py:4180} INFO - Setting next_dagrun for dataset_with_extra_by_yield to 2025-04-20 00:00:00+00:00, run_after=2025-04-21 00:00:00+00:00
[2025-04-21T11:34:20.095+0000] {logging_mixin.py:190} INFO - [2025-04-21T11:34:20.095+0000] {dag.py:4180} INFO - Setting next_dagrun for dataset_with_extra_from_classic_operator to 2025-04-20 00:00:00+00:00, run_after=2025-04-21 00:00:00+00:00
[2025-04-21T11:34:20.112+0000] {processor.py:208} INFO - Processing /home/airflow/.local/lib/python3.12/site-packages/airflow/example_dags/example_outlet_event_extra.py took 0.539 seconds
[2025-04-21T11:34:50.226+0000] {processor.py:186} INFO - Started process (PID=5276) to work on /home/airflow/.local/lib/python3.12/site-packages/airflow/example_dags/example_outlet_event_extra.py
[2025-04-21T11:34:50.226+0000] {processor.py:914} INFO - Processing file /home/airflow/.local/lib/python3.12/site-packages/airflow/example_dags/example_outlet_event_extra.py for tasks to queue
[2025-04-21T11:34:50.228+0000] {logging_mixin.py:190} INFO - [2025-04-21T11:34:50.228+0000] {dagbag.py:588} INFO - Filling up the DagBag from /home/airflow/.local/lib/python3.12/site-packages/airflow/example_dags/example_outlet_event_extra.py
[2025-04-21T11:34:50.522+0000] {processor.py:925} INFO - DAG(s) 'dataset_with_extra_from_classic_operator', 'dataset_with_extra_by_context', 'dataset_with_extra_by_yield' retrieved from /home/airflow/.local/lib/python3.12/site-packages/airflow/example_dags/example_outlet_event_extra.py
[2025-04-21T11:34:50.542+0000] {logging_mixin.py:190} INFO - [2025-04-21T11:34:50.542+0000] {dag.py:3239} INFO - Sync 3 DAGs
[2025-04-21T11:34:50.725+0000] {logging_mixin.py:190} INFO - [2025-04-21T11:34:50.725+0000] {dag.py:4180} INFO - Setting next_dagrun for dataset_with_extra_by_context to 2025-04-20 00:00:00+00:00, run_after=2025-04-21 00:00:00+00:00
[2025-04-21T11:34:50.729+0000] {logging_mixin.py:190} INFO - [2025-04-21T11:34:50.729+0000] {dag.py:4180} INFO - Setting next_dagrun for dataset_with_extra_by_yield to 2025-04-20 00:00:00+00:00, run_after=2025-04-21 00:00:00+00:00
[2025-04-21T11:34:50.731+0000] {logging_mixin.py:190} INFO - [2025-04-21T11:34:50.731+0000] {dag.py:4180} INFO - Setting next_dagrun for dataset_with_extra_from_classic_operator to 2025-04-20 00:00:00+00:00, run_after=2025-04-21 00:00:00+00:00
[2025-04-21T11:34:50.747+0000] {processor.py:208} INFO - Processing /home/airflow/.local/lib/python3.12/site-packages/airflow/example_dags/example_outlet_event_extra.py took 0.525 seconds
[2025-04-21T11:35:20.922+0000] {processor.py:186} INFO - Started process (PID=5336) to work on /home/airflow/.local/lib/python3.12/site-packages/airflow/example_dags/example_outlet_event_extra.py
[2025-04-21T11:35:20.922+0000] {processor.py:914} INFO - Processing file /home/airflow/.local/lib/python3.12/site-packages/airflow/example_dags/example_outlet_event_extra.py for tasks to queue
[2025-04-21T11:35:20.924+0000] {logging_mixin.py:190} INFO - [2025-04-21T11:35:20.924+0000] {dagbag.py:588} INFO - Filling up the DagBag from /home/airflow/.local/lib/python3.12/site-packages/airflow/example_dags/example_outlet_event_extra.py
[2025-04-21T11:35:21.224+0000] {processor.py:925} INFO - DAG(s) 'dataset_with_extra_by_yield', 'dataset_with_extra_by_context', 'dataset_with_extra_from_classic_operator' retrieved from /home/airflow/.local/lib/python3.12/site-packages/airflow/example_dags/example_outlet_event_extra.py
[2025-04-21T11:35:21.244+0000] {logging_mixin.py:190} INFO - [2025-04-21T11:35:21.243+0000] {dag.py:3239} INFO - Sync 3 DAGs
[2025-04-21T11:35:21.263+0000] {logging_mixin.py:190} INFO - [2025-04-21T11:35:21.263+0000] {dag.py:4180} INFO - Setting next_dagrun for dataset_with_extra_by_context to 2025-04-20 00:00:00+00:00, run_after=2025-04-21 00:00:00+00:00
[2025-04-21T11:35:21.267+0000] {logging_mixin.py:190} INFO - [2025-04-21T11:35:21.267+0000] {dag.py:4180} INFO - Setting next_dagrun for dataset_with_extra_by_yield to 2025-04-20 00:00:00+00:00, run_after=2025-04-21 00:00:00+00:00
[2025-04-21T11:35:21.269+0000] {logging_mixin.py:190} INFO - [2025-04-21T11:35:21.269+0000] {dag.py:4180} INFO - Setting next_dagrun for dataset_with_extra_from_classic_operator to 2025-04-20 00:00:00+00:00, run_after=2025-04-21 00:00:00+00:00
[2025-04-21T11:35:21.452+0000] {processor.py:208} INFO - Processing /home/airflow/.local/lib/python3.12/site-packages/airflow/example_dags/example_outlet_event_extra.py took 0.536 seconds
[2025-04-21T11:35:51.603+0000] {processor.py:186} INFO - Started process (PID=5400) to work on /home/airflow/.local/lib/python3.12/site-packages/airflow/example_dags/example_outlet_event_extra.py
[2025-04-21T11:35:51.604+0000] {processor.py:914} INFO - Processing file /home/airflow/.local/lib/python3.12/site-packages/airflow/example_dags/example_outlet_event_extra.py for tasks to queue
[2025-04-21T11:35:51.606+0000] {logging_mixin.py:190} INFO - [2025-04-21T11:35:51.605+0000] {dagbag.py:588} INFO - Filling up the DagBag from /home/airflow/.local/lib/python3.12/site-packages/airflow/example_dags/example_outlet_event_extra.py
[2025-04-21T11:35:51.876+0000] {processor.py:925} INFO - DAG(s) 'dataset_with_extra_by_yield', 'dataset_with_extra_from_classic_operator', 'dataset_with_extra_by_context' retrieved from /home/airflow/.local/lib/python3.12/site-packages/airflow/example_dags/example_outlet_event_extra.py
[2025-04-21T11:35:51.895+0000] {logging_mixin.py:190} INFO - [2025-04-21T11:35:51.895+0000] {dag.py:3239} INFO - Sync 3 DAGs
[2025-04-21T11:35:51.915+0000] {logging_mixin.py:190} INFO - [2025-04-21T11:35:51.915+0000] {dag.py:4180} INFO - Setting next_dagrun for dataset_with_extra_by_context to 2025-04-20 00:00:00+00:00, run_after=2025-04-21 00:00:00+00:00
[2025-04-21T11:35:51.919+0000] {logging_mixin.py:190} INFO - [2025-04-21T11:35:51.919+0000] {dag.py:4180} INFO - Setting next_dagrun for dataset_with_extra_by_yield to 2025-04-20 00:00:00+00:00, run_after=2025-04-21 00:00:00+00:00
[2025-04-21T11:35:51.921+0000] {logging_mixin.py:190} INFO - [2025-04-21T11:35:51.921+0000] {dag.py:4180} INFO - Setting next_dagrun for dataset_with_extra_from_classic_operator to 2025-04-20 00:00:00+00:00, run_after=2025-04-21 00:00:00+00:00
[2025-04-21T11:35:51.939+0000] {processor.py:208} INFO - Processing /home/airflow/.local/lib/python3.12/site-packages/airflow/example_dags/example_outlet_event_extra.py took 0.340 seconds
[2025-04-21T11:36:22.578+0000] {processor.py:186} INFO - Started process (PID=5465) to work on /home/airflow/.local/lib/python3.12/site-packages/airflow/example_dags/example_outlet_event_extra.py
[2025-04-21T11:36:22.579+0000] {processor.py:914} INFO - Processing file /home/airflow/.local/lib/python3.12/site-packages/airflow/example_dags/example_outlet_event_extra.py for tasks to queue
[2025-04-21T11:36:22.582+0000] {logging_mixin.py:190} INFO - [2025-04-21T11:36:22.581+0000] {dagbag.py:588} INFO - Filling up the DagBag from /home/airflow/.local/lib/python3.12/site-packages/airflow/example_dags/example_outlet_event_extra.py
[2025-04-21T11:36:22.878+0000] {processor.py:925} INFO - DAG(s) 'dataset_with_extra_by_context', 'dataset_with_extra_by_yield', 'dataset_with_extra_from_classic_operator' retrieved from /home/airflow/.local/lib/python3.12/site-packages/airflow/example_dags/example_outlet_event_extra.py
[2025-04-21T11:36:22.898+0000] {logging_mixin.py:190} INFO - [2025-04-21T11:36:22.898+0000] {dag.py:3239} INFO - Sync 3 DAGs
[2025-04-21T11:36:22.920+0000] {logging_mixin.py:190} INFO - [2025-04-21T11:36:22.920+0000] {dag.py:4180} INFO - Setting next_dagrun for dataset_with_extra_by_context to 2025-04-20 00:00:00+00:00, run_after=2025-04-21 00:00:00+00:00
[2025-04-21T11:36:22.925+0000] {logging_mixin.py:190} INFO - [2025-04-21T11:36:22.925+0000] {dag.py:4180} INFO - Setting next_dagrun for dataset_with_extra_by_yield to 2025-04-20 00:00:00+00:00, run_after=2025-04-21 00:00:00+00:00
[2025-04-21T11:36:22.927+0000] {logging_mixin.py:190} INFO - [2025-04-21T11:36:22.927+0000] {dag.py:4180} INFO - Setting next_dagrun for dataset_with_extra_from_classic_operator to 2025-04-20 00:00:00+00:00, run_after=2025-04-21 00:00:00+00:00
[2025-04-21T11:36:22.949+0000] {processor.py:208} INFO - Processing /home/airflow/.local/lib/python3.12/site-packages/airflow/example_dags/example_outlet_event_extra.py took 0.375 seconds
[2025-04-21T11:36:53.239+0000] {processor.py:186} INFO - Started process (PID=5529) to work on /home/airflow/.local/lib/python3.12/site-packages/airflow/example_dags/example_outlet_event_extra.py
[2025-04-21T11:36:53.240+0000] {processor.py:914} INFO - Processing file /home/airflow/.local/lib/python3.12/site-packages/airflow/example_dags/example_outlet_event_extra.py for tasks to queue
[2025-04-21T11:36:53.242+0000] {logging_mixin.py:190} INFO - [2025-04-21T11:36:53.241+0000] {dagbag.py:588} INFO - Filling up the DagBag from /home/airflow/.local/lib/python3.12/site-packages/airflow/example_dags/example_outlet_event_extra.py
[2025-04-21T11:36:53.543+0000] {processor.py:925} INFO - DAG(s) 'dataset_with_extra_from_classic_operator', 'dataset_with_extra_by_yield', 'dataset_with_extra_by_context' retrieved from /home/airflow/.local/lib/python3.12/site-packages/airflow/example_dags/example_outlet_event_extra.py
[2025-04-21T11:36:53.564+0000] {logging_mixin.py:190} INFO - [2025-04-21T11:36:53.564+0000] {dag.py:3239} INFO - Sync 3 DAGs
[2025-04-21T11:36:53.584+0000] {logging_mixin.py:190} INFO - [2025-04-21T11:36:53.584+0000] {dag.py:4180} INFO - Setting next_dagrun for dataset_with_extra_by_context to 2025-04-20 00:00:00+00:00, run_after=2025-04-21 00:00:00+00:00
[2025-04-21T11:36:53.588+0000] {logging_mixin.py:190} INFO - [2025-04-21T11:36:53.588+0000] {dag.py:4180} INFO - Setting next_dagrun for dataset_with_extra_by_yield to 2025-04-20 00:00:00+00:00, run_after=2025-04-21 00:00:00+00:00
[2025-04-21T11:36:53.590+0000] {logging_mixin.py:190} INFO - [2025-04-21T11:36:53.590+0000] {dag.py:4180} INFO - Setting next_dagrun for dataset_with_extra_from_classic_operator to 2025-04-20 00:00:00+00:00, run_after=2025-04-21 00:00:00+00:00
[2025-04-21T11:36:53.610+0000] {processor.py:208} INFO - Processing /home/airflow/.local/lib/python3.12/site-packages/airflow/example_dags/example_outlet_event_extra.py took 0.377 seconds
[2025-04-21T11:37:23.730+0000] {processor.py:186} INFO - Started process (PID=5595) to work on /home/airflow/.local/lib/python3.12/site-packages/airflow/example_dags/example_outlet_event_extra.py
[2025-04-21T11:37:23.731+0000] {processor.py:914} INFO - Processing file /home/airflow/.local/lib/python3.12/site-packages/airflow/example_dags/example_outlet_event_extra.py for tasks to queue
[2025-04-21T11:37:23.733+0000] {logging_mixin.py:190} INFO - [2025-04-21T11:37:23.733+0000] {dagbag.py:588} INFO - Filling up the DagBag from /home/airflow/.local/lib/python3.12/site-packages/airflow/example_dags/example_outlet_event_extra.py
[2025-04-21T11:37:24.188+0000] {processor.py:925} INFO - DAG(s) 'dataset_with_extra_by_context', 'dataset_with_extra_from_classic_operator', 'dataset_with_extra_by_yield' retrieved from /home/airflow/.local/lib/python3.12/site-packages/airflow/example_dags/example_outlet_event_extra.py
[2025-04-21T11:37:24.210+0000] {logging_mixin.py:190} INFO - [2025-04-21T11:37:24.209+0000] {dag.py:3239} INFO - Sync 3 DAGs
[2025-04-21T11:37:24.228+0000] {logging_mixin.py:190} INFO - [2025-04-21T11:37:24.228+0000] {dag.py:4180} INFO - Setting next_dagrun for dataset_with_extra_by_context to 2025-04-20 00:00:00+00:00, run_after=2025-04-21 00:00:00+00:00
[2025-04-21T11:37:24.233+0000] {logging_mixin.py:190} INFO - [2025-04-21T11:37:24.233+0000] {dag.py:4180} INFO - Setting next_dagrun for dataset_with_extra_by_yield to 2025-04-20 00:00:00+00:00, run_after=2025-04-21 00:00:00+00:00
[2025-04-21T11:37:24.235+0000] {logging_mixin.py:190} INFO - [2025-04-21T11:37:24.235+0000] {dag.py:4180} INFO - Setting next_dagrun for dataset_with_extra_from_classic_operator to 2025-04-20 00:00:00+00:00, run_after=2025-04-21 00:00:00+00:00
[2025-04-21T11:37:24.249+0000] {processor.py:208} INFO - Processing /home/airflow/.local/lib/python3.12/site-packages/airflow/example_dags/example_outlet_event_extra.py took 0.523 seconds
[2025-04-21T11:37:54.537+0000] {processor.py:186} INFO - Started process (PID=5660) to work on /home/airflow/.local/lib/python3.12/site-packages/airflow/example_dags/example_outlet_event_extra.py
[2025-04-21T11:37:54.538+0000] {processor.py:914} INFO - Processing file /home/airflow/.local/lib/python3.12/site-packages/airflow/example_dags/example_outlet_event_extra.py for tasks to queue
[2025-04-21T11:37:54.540+0000] {logging_mixin.py:190} INFO - [2025-04-21T11:37:54.540+0000] {dagbag.py:588} INFO - Filling up the DagBag from /home/airflow/.local/lib/python3.12/site-packages/airflow/example_dags/example_outlet_event_extra.py
[2025-04-21T11:37:54.972+0000] {processor.py:925} INFO - DAG(s) 'dataset_with_extra_by_context', 'dataset_with_extra_by_yield', 'dataset_with_extra_from_classic_operator' retrieved from /home/airflow/.local/lib/python3.12/site-packages/airflow/example_dags/example_outlet_event_extra.py
[2025-04-21T11:37:54.988+0000] {logging_mixin.py:190} INFO - [2025-04-21T11:37:54.988+0000] {dag.py:3239} INFO - Sync 3 DAGs
[2025-04-21T11:37:55.007+0000] {logging_mixin.py:190} INFO - [2025-04-21T11:37:55.007+0000] {dag.py:4180} INFO - Setting next_dagrun for dataset_with_extra_by_context to 2025-04-20 00:00:00+00:00, run_after=2025-04-21 00:00:00+00:00
[2025-04-21T11:37:55.010+0000] {logging_mixin.py:190} INFO - [2025-04-21T11:37:55.010+0000] {dag.py:4180} INFO - Setting next_dagrun for dataset_with_extra_by_yield to 2025-04-20 00:00:00+00:00, run_after=2025-04-21 00:00:00+00:00
[2025-04-21T11:37:55.012+0000] {logging_mixin.py:190} INFO - [2025-04-21T11:37:55.012+0000] {dag.py:4180} INFO - Setting next_dagrun for dataset_with_extra_from_classic_operator to 2025-04-20 00:00:00+00:00, run_after=2025-04-21 00:00:00+00:00
[2025-04-21T11:37:55.028+0000] {processor.py:208} INFO - Processing /home/airflow/.local/lib/python3.12/site-packages/airflow/example_dags/example_outlet_event_extra.py took 0.496 seconds
[2025-04-21T11:38:25.273+0000] {processor.py:186} INFO - Started process (PID=5724) to work on /home/airflow/.local/lib/python3.12/site-packages/airflow/example_dags/example_outlet_event_extra.py
[2025-04-21T11:38:25.274+0000] {processor.py:914} INFO - Processing file /home/airflow/.local/lib/python3.12/site-packages/airflow/example_dags/example_outlet_event_extra.py for tasks to queue
[2025-04-21T11:38:25.276+0000] {logging_mixin.py:190} INFO - [2025-04-21T11:38:25.276+0000] {dagbag.py:588} INFO - Filling up the DagBag from /home/airflow/.local/lib/python3.12/site-packages/airflow/example_dags/example_outlet_event_extra.py
[2025-04-21T11:38:25.575+0000] {processor.py:925} INFO - DAG(s) 'dataset_with_extra_by_context', 'dataset_with_extra_from_classic_operator', 'dataset_with_extra_by_yield' retrieved from /home/airflow/.local/lib/python3.12/site-packages/airflow/example_dags/example_outlet_event_extra.py
[2025-04-21T11:38:25.759+0000] {logging_mixin.py:190} INFO - [2025-04-21T11:38:25.759+0000] {dag.py:3239} INFO - Sync 3 DAGs
[2025-04-21T11:38:25.777+0000] {logging_mixin.py:190} INFO - [2025-04-21T11:38:25.776+0000] {dag.py:4180} INFO - Setting next_dagrun for dataset_with_extra_by_context to 2025-04-20 00:00:00+00:00, run_after=2025-04-21 00:00:00+00:00
[2025-04-21T11:38:25.781+0000] {logging_mixin.py:190} INFO - [2025-04-21T11:38:25.781+0000] {dag.py:4180} INFO - Setting next_dagrun for dataset_with_extra_by_yield to 2025-04-20 00:00:00+00:00, run_after=2025-04-21 00:00:00+00:00
[2025-04-21T11:38:25.783+0000] {logging_mixin.py:190} INFO - [2025-04-21T11:38:25.782+0000] {dag.py:4180} INFO - Setting next_dagrun for dataset_with_extra_from_classic_operator to 2025-04-20 00:00:00+00:00, run_after=2025-04-21 00:00:00+00:00
[2025-04-21T11:38:25.800+0000] {processor.py:208} INFO - Processing /home/airflow/.local/lib/python3.12/site-packages/airflow/example_dags/example_outlet_event_extra.py took 0.531 seconds
[2025-04-21T11:38:56.016+0000] {processor.py:186} INFO - Started process (PID=5788) to work on /home/airflow/.local/lib/python3.12/site-packages/airflow/example_dags/example_outlet_event_extra.py
[2025-04-21T11:38:56.016+0000] {processor.py:914} INFO - Processing file /home/airflow/.local/lib/python3.12/site-packages/airflow/example_dags/example_outlet_event_extra.py for tasks to queue
[2025-04-21T11:38:56.018+0000] {logging_mixin.py:190} INFO - [2025-04-21T11:38:56.018+0000] {dagbag.py:588} INFO - Filling up the DagBag from /home/airflow/.local/lib/python3.12/site-packages/airflow/example_dags/example_outlet_event_extra.py
[2025-04-21T11:38:56.303+0000] {processor.py:925} INFO - DAG(s) 'dataset_with_extra_by_context', 'dataset_with_extra_from_classic_operator', 'dataset_with_extra_by_yield' retrieved from /home/airflow/.local/lib/python3.12/site-packages/airflow/example_dags/example_outlet_event_extra.py
[2025-04-21T11:38:56.326+0000] {logging_mixin.py:190} INFO - [2025-04-21T11:38:56.326+0000] {dag.py:3239} INFO - Sync 3 DAGs
[2025-04-21T11:38:56.505+0000] {logging_mixin.py:190} INFO - [2025-04-21T11:38:56.505+0000] {dag.py:4180} INFO - Setting next_dagrun for dataset_with_extra_by_context to 2025-04-20 00:00:00+00:00, run_after=2025-04-21 00:00:00+00:00
[2025-04-21T11:38:56.509+0000] {logging_mixin.py:190} INFO - [2025-04-21T11:38:56.509+0000] {dag.py:4180} INFO - Setting next_dagrun for dataset_with_extra_by_yield to 2025-04-20 00:00:00+00:00, run_after=2025-04-21 00:00:00+00:00
[2025-04-21T11:38:56.511+0000] {logging_mixin.py:190} INFO - [2025-04-21T11:38:56.511+0000] {dag.py:4180} INFO - Setting next_dagrun for dataset_with_extra_from_classic_operator to 2025-04-20 00:00:00+00:00, run_after=2025-04-21 00:00:00+00:00
[2025-04-21T11:38:56.531+0000] {processor.py:208} INFO - Processing /home/airflow/.local/lib/python3.12/site-packages/airflow/example_dags/example_outlet_event_extra.py took 0.520 seconds
[2025-04-21T11:39:26.883+0000] {processor.py:186} INFO - Started process (PID=5852) to work on /home/airflow/.local/lib/python3.12/site-packages/airflow/example_dags/example_outlet_event_extra.py
[2025-04-21T11:39:26.883+0000] {processor.py:914} INFO - Processing file /home/airflow/.local/lib/python3.12/site-packages/airflow/example_dags/example_outlet_event_extra.py for tasks to queue
[2025-04-21T11:39:26.886+0000] {logging_mixin.py:190} INFO - [2025-04-21T11:39:26.886+0000] {dagbag.py:588} INFO - Filling up the DagBag from /home/airflow/.local/lib/python3.12/site-packages/airflow/example_dags/example_outlet_event_extra.py
[2025-04-21T11:39:27.162+0000] {processor.py:925} INFO - DAG(s) 'dataset_with_extra_from_classic_operator', 'dataset_with_extra_by_context', 'dataset_with_extra_by_yield' retrieved from /home/airflow/.local/lib/python3.12/site-packages/airflow/example_dags/example_outlet_event_extra.py
[2025-04-21T11:39:27.183+0000] {logging_mixin.py:190} INFO - [2025-04-21T11:39:27.183+0000] {dag.py:3239} INFO - Sync 3 DAGs
[2025-04-21T11:39:27.365+0000] {logging_mixin.py:190} INFO - [2025-04-21T11:39:27.365+0000] {dag.py:4180} INFO - Setting next_dagrun for dataset_with_extra_by_context to 2025-04-20 00:00:00+00:00, run_after=2025-04-21 00:00:00+00:00
[2025-04-21T11:39:27.369+0000] {logging_mixin.py:190} INFO - [2025-04-21T11:39:27.369+0000] {dag.py:4180} INFO - Setting next_dagrun for dataset_with_extra_by_yield to 2025-04-20 00:00:00+00:00, run_after=2025-04-21 00:00:00+00:00
[2025-04-21T11:39:27.371+0000] {logging_mixin.py:190} INFO - [2025-04-21T11:39:27.371+0000] {dag.py:4180} INFO - Setting next_dagrun for dataset_with_extra_from_classic_operator to 2025-04-20 00:00:00+00:00, run_after=2025-04-21 00:00:00+00:00
[2025-04-21T11:39:27.387+0000] {processor.py:208} INFO - Processing /home/airflow/.local/lib/python3.12/site-packages/airflow/example_dags/example_outlet_event_extra.py took 0.508 seconds
[2025-04-21T11:39:57.621+0000] {processor.py:186} INFO - Started process (PID=5916) to work on /home/airflow/.local/lib/python3.12/site-packages/airflow/example_dags/example_outlet_event_extra.py
[2025-04-21T11:39:57.621+0000] {processor.py:914} INFO - Processing file /home/airflow/.local/lib/python3.12/site-packages/airflow/example_dags/example_outlet_event_extra.py for tasks to queue
[2025-04-21T11:39:57.623+0000] {logging_mixin.py:190} INFO - [2025-04-21T11:39:57.623+0000] {dagbag.py:588} INFO - Filling up the DagBag from /home/airflow/.local/lib/python3.12/site-packages/airflow/example_dags/example_outlet_event_extra.py
[2025-04-21T11:39:58.095+0000] {processor.py:925} INFO - DAG(s) 'dataset_with_extra_by_yield', 'dataset_with_extra_from_classic_operator', 'dataset_with_extra_by_context' retrieved from /home/airflow/.local/lib/python3.12/site-packages/airflow/example_dags/example_outlet_event_extra.py
[2025-04-21T11:39:58.117+0000] {logging_mixin.py:190} INFO - [2025-04-21T11:39:58.117+0000] {dag.py:3239} INFO - Sync 3 DAGs
[2025-04-21T11:39:58.139+0000] {logging_mixin.py:190} INFO - [2025-04-21T11:39:58.139+0000] {dag.py:4180} INFO - Setting next_dagrun for dataset_with_extra_by_context to 2025-04-20 00:00:00+00:00, run_after=2025-04-21 00:00:00+00:00
[2025-04-21T11:39:58.145+0000] {logging_mixin.py:190} INFO - [2025-04-21T11:39:58.145+0000] {dag.py:4180} INFO - Setting next_dagrun for dataset_with_extra_by_yield to 2025-04-20 00:00:00+00:00, run_after=2025-04-21 00:00:00+00:00
[2025-04-21T11:39:58.148+0000] {logging_mixin.py:190} INFO - [2025-04-21T11:39:58.147+0000] {dag.py:4180} INFO - Setting next_dagrun for dataset_with_extra_from_classic_operator to 2025-04-20 00:00:00+00:00, run_after=2025-04-21 00:00:00+00:00
[2025-04-21T11:39:58.170+0000] {processor.py:208} INFO - Processing /home/airflow/.local/lib/python3.12/site-packages/airflow/example_dags/example_outlet_event_extra.py took 0.554 seconds
[2025-04-21T11:40:28.820+0000] {processor.py:186} INFO - Started process (PID=5980) to work on /home/airflow/.local/lib/python3.12/site-packages/airflow/example_dags/example_outlet_event_extra.py
[2025-04-21T11:40:28.821+0000] {processor.py:914} INFO - Processing file /home/airflow/.local/lib/python3.12/site-packages/airflow/example_dags/example_outlet_event_extra.py for tasks to queue
[2025-04-21T11:40:28.823+0000] {logging_mixin.py:190} INFO - [2025-04-21T11:40:28.822+0000] {dagbag.py:588} INFO - Filling up the DagBag from /home/airflow/.local/lib/python3.12/site-packages/airflow/example_dags/example_outlet_event_extra.py
[2025-04-21T11:40:29.300+0000] {processor.py:925} INFO - DAG(s) 'dataset_with_extra_by_context', 'dataset_with_extra_from_classic_operator', 'dataset_with_extra_by_yield' retrieved from /home/airflow/.local/lib/python3.12/site-packages/airflow/example_dags/example_outlet_event_extra.py
[2025-04-21T11:40:29.323+0000] {logging_mixin.py:190} INFO - [2025-04-21T11:40:29.323+0000] {dag.py:3239} INFO - Sync 3 DAGs
[2025-04-21T11:40:29.343+0000] {logging_mixin.py:190} INFO - [2025-04-21T11:40:29.343+0000] {dag.py:4180} INFO - Setting next_dagrun for dataset_with_extra_by_context to 2025-04-20 00:00:00+00:00, run_after=2025-04-21 00:00:00+00:00
[2025-04-21T11:40:29.348+0000] {logging_mixin.py:190} INFO - [2025-04-21T11:40:29.348+0000] {dag.py:4180} INFO - Setting next_dagrun for dataset_with_extra_by_yield to 2025-04-20 00:00:00+00:00, run_after=2025-04-21 00:00:00+00:00
[2025-04-21T11:40:29.351+0000] {logging_mixin.py:190} INFO - [2025-04-21T11:40:29.350+0000] {dag.py:4180} INFO - Setting next_dagrun for dataset_with_extra_from_classic_operator to 2025-04-20 00:00:00+00:00, run_after=2025-04-21 00:00:00+00:00
[2025-04-21T11:40:29.371+0000] {processor.py:208} INFO - Processing /home/airflow/.local/lib/python3.12/site-packages/airflow/example_dags/example_outlet_event_extra.py took 0.555 seconds
[2025-04-21T11:40:59.994+0000] {processor.py:186} INFO - Started process (PID=6044) to work on /home/airflow/.local/lib/python3.12/site-packages/airflow/example_dags/example_outlet_event_extra.py
[2025-04-21T11:40:59.995+0000] {processor.py:914} INFO - Processing file /home/airflow/.local/lib/python3.12/site-packages/airflow/example_dags/example_outlet_event_extra.py for tasks to queue
[2025-04-21T11:40:59.997+0000] {logging_mixin.py:190} INFO - [2025-04-21T11:40:59.996+0000] {dagbag.py:588} INFO - Filling up the DagBag from /home/airflow/.local/lib/python3.12/site-packages/airflow/example_dags/example_outlet_event_extra.py
[2025-04-21T11:41:00.463+0000] {processor.py:925} INFO - DAG(s) 'dataset_with_extra_from_classic_operator', 'dataset_with_extra_by_yield', 'dataset_with_extra_by_context' retrieved from /home/airflow/.local/lib/python3.12/site-packages/airflow/example_dags/example_outlet_event_extra.py
[2025-04-21T11:41:00.483+0000] {logging_mixin.py:190} INFO - [2025-04-21T11:41:00.483+0000] {dag.py:3239} INFO - Sync 3 DAGs
[2025-04-21T11:41:00.506+0000] {logging_mixin.py:190} INFO - [2025-04-21T11:41:00.505+0000] {dag.py:4180} INFO - Setting next_dagrun for dataset_with_extra_by_context to 2025-04-20 00:00:00+00:00, run_after=2025-04-21 00:00:00+00:00
[2025-04-21T11:41:00.511+0000] {logging_mixin.py:190} INFO - [2025-04-21T11:41:00.511+0000] {dag.py:4180} INFO - Setting next_dagrun for dataset_with_extra_by_yield to 2025-04-20 00:00:00+00:00, run_after=2025-04-21 00:00:00+00:00
[2025-04-21T11:41:00.513+0000] {logging_mixin.py:190} INFO - [2025-04-21T11:41:00.513+0000] {dag.py:4180} INFO - Setting next_dagrun for dataset_with_extra_from_classic_operator to 2025-04-20 00:00:00+00:00, run_after=2025-04-21 00:00:00+00:00
[2025-04-21T11:41:00.532+0000] {processor.py:208} INFO - Processing /home/airflow/.local/lib/python3.12/site-packages/airflow/example_dags/example_outlet_event_extra.py took 0.542 seconds
[2025-04-21T11:41:31.147+0000] {processor.py:186} INFO - Started process (PID=6108) to work on /home/airflow/.local/lib/python3.12/site-packages/airflow/example_dags/example_outlet_event_extra.py
[2025-04-21T11:41:31.148+0000] {processor.py:914} INFO - Processing file /home/airflow/.local/lib/python3.12/site-packages/airflow/example_dags/example_outlet_event_extra.py for tasks to queue
[2025-04-21T11:41:31.151+0000] {logging_mixin.py:190} INFO - [2025-04-21T11:41:31.151+0000] {dagbag.py:588} INFO - Filling up the DagBag from /home/airflow/.local/lib/python3.12/site-packages/airflow/example_dags/example_outlet_event_extra.py
[2025-04-21T11:41:31.671+0000] {processor.py:925} INFO - DAG(s) 'dataset_with_extra_by_yield', 'dataset_with_extra_from_classic_operator', 'dataset_with_extra_by_context' retrieved from /home/airflow/.local/lib/python3.12/site-packages/airflow/example_dags/example_outlet_event_extra.py
[2025-04-21T11:41:31.694+0000] {logging_mixin.py:190} INFO - [2025-04-21T11:41:31.694+0000] {dag.py:3239} INFO - Sync 3 DAGs
[2025-04-21T11:41:31.719+0000] {logging_mixin.py:190} INFO - [2025-04-21T11:41:31.719+0000] {dag.py:4180} INFO - Setting next_dagrun for dataset_with_extra_by_context to 2025-04-20 00:00:00+00:00, run_after=2025-04-21 00:00:00+00:00
[2025-04-21T11:41:31.724+0000] {logging_mixin.py:190} INFO - [2025-04-21T11:41:31.724+0000] {dag.py:4180} INFO - Setting next_dagrun for dataset_with_extra_by_yield to 2025-04-20 00:00:00+00:00, run_after=2025-04-21 00:00:00+00:00
[2025-04-21T11:41:31.727+0000] {logging_mixin.py:190} INFO - [2025-04-21T11:41:31.727+0000] {dag.py:4180} INFO - Setting next_dagrun for dataset_with_extra_from_classic_operator to 2025-04-20 00:00:00+00:00, run_after=2025-04-21 00:00:00+00:00
[2025-04-21T11:41:31.747+0000] {processor.py:208} INFO - Processing /home/airflow/.local/lib/python3.12/site-packages/airflow/example_dags/example_outlet_event_extra.py took 0.606 seconds
[2025-04-21T11:42:02.305+0000] {processor.py:186} INFO - Started process (PID=6172) to work on /home/airflow/.local/lib/python3.12/site-packages/airflow/example_dags/example_outlet_event_extra.py
[2025-04-21T11:42:02.306+0000] {processor.py:914} INFO - Processing file /home/airflow/.local/lib/python3.12/site-packages/airflow/example_dags/example_outlet_event_extra.py for tasks to queue
[2025-04-21T11:42:02.308+0000] {logging_mixin.py:190} INFO - [2025-04-21T11:42:02.308+0000] {dagbag.py:588} INFO - Filling up the DagBag from /home/airflow/.local/lib/python3.12/site-packages/airflow/example_dags/example_outlet_event_extra.py
[2025-04-21T11:42:02.751+0000] {processor.py:925} INFO - DAG(s) 'dataset_with_extra_by_yield', 'dataset_with_extra_from_classic_operator', 'dataset_with_extra_by_context' retrieved from /home/airflow/.local/lib/python3.12/site-packages/airflow/example_dags/example_outlet_event_extra.py
[2025-04-21T11:42:02.771+0000] {logging_mixin.py:190} INFO - [2025-04-21T11:42:02.770+0000] {dag.py:3239} INFO - Sync 3 DAGs
[2025-04-21T11:42:02.793+0000] {logging_mixin.py:190} INFO - [2025-04-21T11:42:02.793+0000] {dag.py:4180} INFO - Setting next_dagrun for dataset_with_extra_by_context to 2025-04-20 00:00:00+00:00, run_after=2025-04-21 00:00:00+00:00
[2025-04-21T11:42:02.797+0000] {logging_mixin.py:190} INFO - [2025-04-21T11:42:02.797+0000] {dag.py:4180} INFO - Setting next_dagrun for dataset_with_extra_by_yield to 2025-04-20 00:00:00+00:00, run_after=2025-04-21 00:00:00+00:00
[2025-04-21T11:42:02.799+0000] {logging_mixin.py:190} INFO - [2025-04-21T11:42:02.799+0000] {dag.py:4180} INFO - Setting next_dagrun for dataset_with_extra_from_classic_operator to 2025-04-20 00:00:00+00:00, run_after=2025-04-21 00:00:00+00:00
[2025-04-21T11:42:02.815+0000] {processor.py:208} INFO - Processing /home/airflow/.local/lib/python3.12/site-packages/airflow/example_dags/example_outlet_event_extra.py took 0.515 seconds
[2025-04-21T11:42:32.875+0000] {processor.py:186} INFO - Started process (PID=6235) to work on /home/airflow/.local/lib/python3.12/site-packages/airflow/example_dags/example_outlet_event_extra.py
[2025-04-21T11:42:32.876+0000] {processor.py:914} INFO - Processing file /home/airflow/.local/lib/python3.12/site-packages/airflow/example_dags/example_outlet_event_extra.py for tasks to queue
[2025-04-21T11:42:32.878+0000] {logging_mixin.py:190} INFO - [2025-04-21T11:42:32.878+0000] {dagbag.py:588} INFO - Filling up the DagBag from /home/airflow/.local/lib/python3.12/site-packages/airflow/example_dags/example_outlet_event_extra.py
[2025-04-21T11:42:33.306+0000] {processor.py:925} INFO - DAG(s) 'dataset_with_extra_by_context', 'dataset_with_extra_by_yield', 'dataset_with_extra_from_classic_operator' retrieved from /home/airflow/.local/lib/python3.12/site-packages/airflow/example_dags/example_outlet_event_extra.py
[2025-04-21T11:42:33.322+0000] {logging_mixin.py:190} INFO - [2025-04-21T11:42:33.322+0000] {dag.py:3239} INFO - Sync 3 DAGs
[2025-04-21T11:42:33.341+0000] {logging_mixin.py:190} INFO - [2025-04-21T11:42:33.341+0000] {dag.py:4180} INFO - Setting next_dagrun for dataset_with_extra_by_context to 2025-04-20 00:00:00+00:00, run_after=2025-04-21 00:00:00+00:00
[2025-04-21T11:42:33.345+0000] {logging_mixin.py:190} INFO - [2025-04-21T11:42:33.345+0000] {dag.py:4180} INFO - Setting next_dagrun for dataset_with_extra_by_yield to 2025-04-20 00:00:00+00:00, run_after=2025-04-21 00:00:00+00:00
[2025-04-21T11:42:33.348+0000] {logging_mixin.py:190} INFO - [2025-04-21T11:42:33.347+0000] {dag.py:4180} INFO - Setting next_dagrun for dataset_with_extra_from_classic_operator to 2025-04-20 00:00:00+00:00, run_after=2025-04-21 00:00:00+00:00
[2025-04-21T11:42:33.367+0000] {processor.py:208} INFO - Processing /home/airflow/.local/lib/python3.12/site-packages/airflow/example_dags/example_outlet_event_extra.py took 0.496 seconds
[2025-04-21T11:43:04.056+0000] {processor.py:186} INFO - Started process (PID=6300) to work on /home/airflow/.local/lib/python3.12/site-packages/airflow/example_dags/example_outlet_event_extra.py
[2025-04-21T11:43:04.058+0000] {processor.py:914} INFO - Processing file /home/airflow/.local/lib/python3.12/site-packages/airflow/example_dags/example_outlet_event_extra.py for tasks to queue
[2025-04-21T11:43:04.062+0000] {logging_mixin.py:190} INFO - [2025-04-21T11:43:04.061+0000] {dagbag.py:588} INFO - Filling up the DagBag from /home/airflow/.local/lib/python3.12/site-packages/airflow/example_dags/example_outlet_event_extra.py
[2025-04-21T11:43:05.005+0000] {processor.py:925} INFO - DAG(s) 'dataset_with_extra_from_classic_operator', 'dataset_with_extra_by_context', 'dataset_with_extra_by_yield' retrieved from /home/airflow/.local/lib/python3.12/site-packages/airflow/example_dags/example_outlet_event_extra.py
[2025-04-21T11:43:05.048+0000] {logging_mixin.py:190} INFO - [2025-04-21T11:43:05.047+0000] {dag.py:3239} INFO - Sync 3 DAGs
[2025-04-21T11:43:05.094+0000] {logging_mixin.py:190} INFO - [2025-04-21T11:43:05.094+0000] {dag.py:4180} INFO - Setting next_dagrun for dataset_with_extra_by_context to 2025-04-20 00:00:00+00:00, run_after=2025-04-21 00:00:00+00:00
[2025-04-21T11:43:05.105+0000] {logging_mixin.py:190} INFO - [2025-04-21T11:43:05.105+0000] {dag.py:4180} INFO - Setting next_dagrun for dataset_with_extra_by_yield to 2025-04-20 00:00:00+00:00, run_after=2025-04-21 00:00:00+00:00
[2025-04-21T11:43:05.110+0000] {logging_mixin.py:190} INFO - [2025-04-21T11:43:05.109+0000] {dag.py:4180} INFO - Setting next_dagrun for dataset_with_extra_from_classic_operator to 2025-04-20 00:00:00+00:00, run_after=2025-04-21 00:00:00+00:00
[2025-04-21T11:43:05.144+0000] {processor.py:208} INFO - Processing /home/airflow/.local/lib/python3.12/site-packages/airflow/example_dags/example_outlet_event_extra.py took 1.098 seconds
[2025-04-21T11:43:35.981+0000] {processor.py:186} INFO - Started process (PID=6364) to work on /home/airflow/.local/lib/python3.12/site-packages/airflow/example_dags/example_outlet_event_extra.py
[2025-04-21T11:43:35.982+0000] {processor.py:914} INFO - Processing file /home/airflow/.local/lib/python3.12/site-packages/airflow/example_dags/example_outlet_event_extra.py for tasks to queue
[2025-04-21T11:43:35.985+0000] {logging_mixin.py:190} INFO - [2025-04-21T11:43:35.985+0000] {dagbag.py:588} INFO - Filling up the DagBag from /home/airflow/.local/lib/python3.12/site-packages/airflow/example_dags/example_outlet_event_extra.py
[2025-04-21T11:43:36.912+0000] {processor.py:925} INFO - DAG(s) 'dataset_with_extra_from_classic_operator', 'dataset_with_extra_by_yield', 'dataset_with_extra_by_context' retrieved from /home/airflow/.local/lib/python3.12/site-packages/airflow/example_dags/example_outlet_event_extra.py
[2025-04-21T11:43:36.959+0000] {logging_mixin.py:190} INFO - [2025-04-21T11:43:36.958+0000] {dag.py:3239} INFO - Sync 3 DAGs
[2025-04-21T11:43:37.005+0000] {logging_mixin.py:190} INFO - [2025-04-21T11:43:37.005+0000] {dag.py:4180} INFO - Setting next_dagrun for dataset_with_extra_by_context to 2025-04-20 00:00:00+00:00, run_after=2025-04-21 00:00:00+00:00
[2025-04-21T11:43:37.014+0000] {logging_mixin.py:190} INFO - [2025-04-21T11:43:37.013+0000] {dag.py:4180} INFO - Setting next_dagrun for dataset_with_extra_by_yield to 2025-04-20 00:00:00+00:00, run_after=2025-04-21 00:00:00+00:00
[2025-04-21T11:43:37.018+0000] {logging_mixin.py:190} INFO - [2025-04-21T11:43:37.018+0000] {dag.py:4180} INFO - Setting next_dagrun for dataset_with_extra_from_classic_operator to 2025-04-20 00:00:00+00:00, run_after=2025-04-21 00:00:00+00:00
[2025-04-21T11:43:37.057+0000] {processor.py:208} INFO - Processing /home/airflow/.local/lib/python3.12/site-packages/airflow/example_dags/example_outlet_event_extra.py took 1.087 seconds
[2025-04-21T11:44:07.752+0000] {processor.py:186} INFO - Started process (PID=6428) to work on /home/airflow/.local/lib/python3.12/site-packages/airflow/example_dags/example_outlet_event_extra.py
[2025-04-21T11:44:07.754+0000] {processor.py:914} INFO - Processing file /home/airflow/.local/lib/python3.12/site-packages/airflow/example_dags/example_outlet_event_extra.py for tasks to queue
[2025-04-21T11:44:07.759+0000] {logging_mixin.py:190} INFO - [2025-04-21T11:44:07.758+0000] {dagbag.py:588} INFO - Filling up the DagBag from /home/airflow/.local/lib/python3.12/site-packages/airflow/example_dags/example_outlet_event_extra.py
[2025-04-21T11:44:08.743+0000] {processor.py:925} INFO - DAG(s) 'dataset_with_extra_by_yield', 'dataset_with_extra_from_classic_operator', 'dataset_with_extra_by_context' retrieved from /home/airflow/.local/lib/python3.12/site-packages/airflow/example_dags/example_outlet_event_extra.py
[2025-04-21T11:44:08.788+0000] {logging_mixin.py:190} INFO - [2025-04-21T11:44:08.788+0000] {dag.py:3239} INFO - Sync 3 DAGs
[2025-04-21T11:44:08.828+0000] {logging_mixin.py:190} INFO - [2025-04-21T11:44:08.828+0000] {dag.py:4180} INFO - Setting next_dagrun for dataset_with_extra_by_context to 2025-04-20 00:00:00+00:00, run_after=2025-04-21 00:00:00+00:00
[2025-04-21T11:44:08.841+0000] {logging_mixin.py:190} INFO - [2025-04-21T11:44:08.840+0000] {dag.py:4180} INFO - Setting next_dagrun for dataset_with_extra_by_yield to 2025-04-20 00:00:00+00:00, run_after=2025-04-21 00:00:00+00:00
[2025-04-21T11:44:08.847+0000] {logging_mixin.py:190} INFO - [2025-04-21T11:44:08.847+0000] {dag.py:4180} INFO - Setting next_dagrun for dataset_with_extra_from_classic_operator to 2025-04-20 00:00:00+00:00, run_after=2025-04-21 00:00:00+00:00
[2025-04-21T11:44:08.891+0000] {processor.py:208} INFO - Processing /home/airflow/.local/lib/python3.12/site-packages/airflow/example_dags/example_outlet_event_extra.py took 1.150 seconds
[2025-04-21T11:44:39.369+0000] {processor.py:186} INFO - Started process (PID=6498) to work on /home/airflow/.local/lib/python3.12/site-packages/airflow/example_dags/example_outlet_event_extra.py
[2025-04-21T11:44:39.371+0000] {processor.py:914} INFO - Processing file /home/airflow/.local/lib/python3.12/site-packages/airflow/example_dags/example_outlet_event_extra.py for tasks to queue
[2025-04-21T11:44:39.376+0000] {logging_mixin.py:190} INFO - [2025-04-21T11:44:39.376+0000] {dagbag.py:588} INFO - Filling up the DagBag from /home/airflow/.local/lib/python3.12/site-packages/airflow/example_dags/example_outlet_event_extra.py
[2025-04-21T11:44:40.418+0000] {processor.py:925} INFO - DAG(s) 'dataset_with_extra_by_yield', 'dataset_with_extra_by_context', 'dataset_with_extra_from_classic_operator' retrieved from /home/airflow/.local/lib/python3.12/site-packages/airflow/example_dags/example_outlet_event_extra.py
[2025-04-21T11:44:40.459+0000] {logging_mixin.py:190} INFO - [2025-04-21T11:44:40.459+0000] {dag.py:3239} INFO - Sync 3 DAGs
[2025-04-21T11:44:40.501+0000] {logging_mixin.py:190} INFO - [2025-04-21T11:44:40.501+0000] {dag.py:4180} INFO - Setting next_dagrun for dataset_with_extra_by_context to 2025-04-20 00:00:00+00:00, run_after=2025-04-21 00:00:00+00:00
[2025-04-21T11:44:40.510+0000] {logging_mixin.py:190} INFO - [2025-04-21T11:44:40.509+0000] {dag.py:4180} INFO - Setting next_dagrun for dataset_with_extra_by_yield to 2025-04-20 00:00:00+00:00, run_after=2025-04-21 00:00:00+00:00
[2025-04-21T11:44:40.514+0000] {logging_mixin.py:190} INFO - [2025-04-21T11:44:40.513+0000] {dag.py:4180} INFO - Setting next_dagrun for dataset_with_extra_from_classic_operator to 2025-04-20 00:00:00+00:00, run_after=2025-04-21 00:00:00+00:00
[2025-04-21T11:44:40.548+0000] {processor.py:208} INFO - Processing /home/airflow/.local/lib/python3.12/site-packages/airflow/example_dags/example_outlet_event_extra.py took 1.192 seconds
[2025-04-21T11:45:11.154+0000] {processor.py:186} INFO - Started process (PID=6562) to work on /home/airflow/.local/lib/python3.12/site-packages/airflow/example_dags/example_outlet_event_extra.py
[2025-04-21T11:45:11.156+0000] {processor.py:914} INFO - Processing file /home/airflow/.local/lib/python3.12/site-packages/airflow/example_dags/example_outlet_event_extra.py for tasks to queue
[2025-04-21T11:45:11.160+0000] {logging_mixin.py:190} INFO - [2025-04-21T11:45:11.159+0000] {dagbag.py:588} INFO - Filling up the DagBag from /home/airflow/.local/lib/python3.12/site-packages/airflow/example_dags/example_outlet_event_extra.py
[2025-04-21T11:45:12.105+0000] {processor.py:925} INFO - DAG(s) 'dataset_with_extra_from_classic_operator', 'dataset_with_extra_by_yield', 'dataset_with_extra_by_context' retrieved from /home/airflow/.local/lib/python3.12/site-packages/airflow/example_dags/example_outlet_event_extra.py
[2025-04-21T11:45:12.162+0000] {logging_mixin.py:190} INFO - [2025-04-21T11:45:12.162+0000] {dag.py:3239} INFO - Sync 3 DAGs
[2025-04-21T11:45:12.213+0000] {logging_mixin.py:190} INFO - [2025-04-21T11:45:12.213+0000] {dag.py:4180} INFO - Setting next_dagrun for dataset_with_extra_by_context to 2025-04-20 00:00:00+00:00, run_after=2025-04-21 00:00:00+00:00
[2025-04-21T11:45:12.222+0000] {logging_mixin.py:190} INFO - [2025-04-21T11:45:12.221+0000] {dag.py:4180} INFO - Setting next_dagrun for dataset_with_extra_by_yield to 2025-04-20 00:00:00+00:00, run_after=2025-04-21 00:00:00+00:00
[2025-04-21T11:45:12.226+0000] {logging_mixin.py:190} INFO - [2025-04-21T11:45:12.226+0000] {dag.py:4180} INFO - Setting next_dagrun for dataset_with_extra_from_classic_operator to 2025-04-20 00:00:00+00:00, run_after=2025-04-21 00:00:00+00:00
[2025-04-21T11:45:12.260+0000] {processor.py:208} INFO - Processing /home/airflow/.local/lib/python3.12/site-packages/airflow/example_dags/example_outlet_event_extra.py took 1.116 seconds
[2025-04-21T11:45:42.362+0000] {processor.py:186} INFO - Started process (PID=6625) to work on /home/airflow/.local/lib/python3.12/site-packages/airflow/example_dags/example_outlet_event_extra.py
[2025-04-21T11:45:42.364+0000] {processor.py:914} INFO - Processing file /home/airflow/.local/lib/python3.12/site-packages/airflow/example_dags/example_outlet_event_extra.py for tasks to queue
[2025-04-21T11:45:42.367+0000] {logging_mixin.py:190} INFO - [2025-04-21T11:45:42.367+0000] {dagbag.py:588} INFO - Filling up the DagBag from /home/airflow/.local/lib/python3.12/site-packages/airflow/example_dags/example_outlet_event_extra.py
[2025-04-21T11:45:43.172+0000] {processor.py:925} INFO - DAG(s) 'dataset_with_extra_from_classic_operator', 'dataset_with_extra_by_context', 'dataset_with_extra_by_yield' retrieved from /home/airflow/.local/lib/python3.12/site-packages/airflow/example_dags/example_outlet_event_extra.py
[2025-04-21T11:45:43.216+0000] {logging_mixin.py:190} INFO - [2025-04-21T11:45:43.215+0000] {dag.py:3239} INFO - Sync 3 DAGs
[2025-04-21T11:45:43.269+0000] {logging_mixin.py:190} INFO - [2025-04-21T11:45:43.269+0000] {dag.py:4180} INFO - Setting next_dagrun for dataset_with_extra_by_context to 2025-04-20 00:00:00+00:00, run_after=2025-04-21 00:00:00+00:00
[2025-04-21T11:45:43.279+0000] {logging_mixin.py:190} INFO - [2025-04-21T11:45:43.279+0000] {dag.py:4180} INFO - Setting next_dagrun for dataset_with_extra_by_yield to 2025-04-20 00:00:00+00:00, run_after=2025-04-21 00:00:00+00:00
[2025-04-21T11:45:43.286+0000] {logging_mixin.py:190} INFO - [2025-04-21T11:45:43.286+0000] {dag.py:4180} INFO - Setting next_dagrun for dataset_with_extra_from_classic_operator to 2025-04-20 00:00:00+00:00, run_after=2025-04-21 00:00:00+00:00
[2025-04-21T11:45:43.328+0000] {processor.py:208} INFO - Processing /home/airflow/.local/lib/python3.12/site-packages/airflow/example_dags/example_outlet_event_extra.py took 0.974 seconds
[2025-04-21T11:46:13.912+0000] {processor.py:186} INFO - Started process (PID=6691) to work on /home/airflow/.local/lib/python3.12/site-packages/airflow/example_dags/example_outlet_event_extra.py
[2025-04-21T11:46:13.914+0000] {processor.py:914} INFO - Processing file /home/airflow/.local/lib/python3.12/site-packages/airflow/example_dags/example_outlet_event_extra.py for tasks to queue
[2025-04-21T11:46:13.920+0000] {logging_mixin.py:190} INFO - [2025-04-21T11:46:13.919+0000] {dagbag.py:588} INFO - Filling up the DagBag from /home/airflow/.local/lib/python3.12/site-packages/airflow/example_dags/example_outlet_event_extra.py
[2025-04-21T11:46:14.799+0000] {processor.py:925} INFO - DAG(s) 'dataset_with_extra_by_context', 'dataset_with_extra_from_classic_operator', 'dataset_with_extra_by_yield' retrieved from /home/airflow/.local/lib/python3.12/site-packages/airflow/example_dags/example_outlet_event_extra.py
[2025-04-21T11:46:14.842+0000] {logging_mixin.py:190} INFO - [2025-04-21T11:46:14.841+0000] {dag.py:3239} INFO - Sync 3 DAGs
[2025-04-21T11:46:14.887+0000] {logging_mixin.py:190} INFO - [2025-04-21T11:46:14.886+0000] {dag.py:4180} INFO - Setting next_dagrun for dataset_with_extra_by_context to 2025-04-20 00:00:00+00:00, run_after=2025-04-21 00:00:00+00:00
[2025-04-21T11:46:14.900+0000] {logging_mixin.py:190} INFO - [2025-04-21T11:46:14.900+0000] {dag.py:4180} INFO - Setting next_dagrun for dataset_with_extra_by_yield to 2025-04-20 00:00:00+00:00, run_after=2025-04-21 00:00:00+00:00
[2025-04-21T11:46:14.904+0000] {logging_mixin.py:190} INFO - [2025-04-21T11:46:14.904+0000] {dag.py:4180} INFO - Setting next_dagrun for dataset_with_extra_from_classic_operator to 2025-04-20 00:00:00+00:00, run_after=2025-04-21 00:00:00+00:00
[2025-04-21T11:46:14.941+0000] {processor.py:208} INFO - Processing /home/airflow/.local/lib/python3.12/site-packages/airflow/example_dags/example_outlet_event_extra.py took 1.039 seconds
[2025-04-21T11:46:45.533+0000] {processor.py:186} INFO - Started process (PID=6755) to work on /home/airflow/.local/lib/python3.12/site-packages/airflow/example_dags/example_outlet_event_extra.py
[2025-04-21T11:46:45.535+0000] {processor.py:914} INFO - Processing file /home/airflow/.local/lib/python3.12/site-packages/airflow/example_dags/example_outlet_event_extra.py for tasks to queue
[2025-04-21T11:46:45.538+0000] {logging_mixin.py:190} INFO - [2025-04-21T11:46:45.537+0000] {dagbag.py:588} INFO - Filling up the DagBag from /home/airflow/.local/lib/python3.12/site-packages/airflow/example_dags/example_outlet_event_extra.py
[2025-04-21T11:46:46.388+0000] {processor.py:925} INFO - DAG(s) 'dataset_with_extra_by_context', 'dataset_with_extra_by_yield', 'dataset_with_extra_from_classic_operator' retrieved from /home/airflow/.local/lib/python3.12/site-packages/airflow/example_dags/example_outlet_event_extra.py
[2025-04-21T11:46:46.437+0000] {logging_mixin.py:190} INFO - [2025-04-21T11:46:46.437+0000] {dag.py:3239} INFO - Sync 3 DAGs
[2025-04-21T11:46:46.502+0000] {logging_mixin.py:190} INFO - [2025-04-21T11:46:46.501+0000] {dag.py:4180} INFO - Setting next_dagrun for dataset_with_extra_by_context to 2025-04-20 00:00:00+00:00, run_after=2025-04-21 00:00:00+00:00
[2025-04-21T11:46:46.516+0000] {logging_mixin.py:190} INFO - [2025-04-21T11:46:46.515+0000] {dag.py:4180} INFO - Setting next_dagrun for dataset_with_extra_by_yield to 2025-04-20 00:00:00+00:00, run_after=2025-04-21 00:00:00+00:00
[2025-04-21T11:46:46.523+0000] {logging_mixin.py:190} INFO - [2025-04-21T11:46:46.522+0000] {dag.py:4180} INFO - Setting next_dagrun for dataset_with_extra_from_classic_operator to 2025-04-20 00:00:00+00:00, run_after=2025-04-21 00:00:00+00:00
[2025-04-21T11:46:46.570+0000] {processor.py:208} INFO - Processing /home/airflow/.local/lib/python3.12/site-packages/airflow/example_dags/example_outlet_event_extra.py took 1.044 seconds
[2025-04-21T11:47:17.202+0000] {processor.py:186} INFO - Started process (PID=6819) to work on /home/airflow/.local/lib/python3.12/site-packages/airflow/example_dags/example_outlet_event_extra.py
[2025-04-21T11:47:17.204+0000] {processor.py:914} INFO - Processing file /home/airflow/.local/lib/python3.12/site-packages/airflow/example_dags/example_outlet_event_extra.py for tasks to queue
[2025-04-21T11:47:17.210+0000] {logging_mixin.py:190} INFO - [2025-04-21T11:47:17.209+0000] {dagbag.py:588} INFO - Filling up the DagBag from /home/airflow/.local/lib/python3.12/site-packages/airflow/example_dags/example_outlet_event_extra.py
[2025-04-21T11:47:18.376+0000] {processor.py:925} INFO - DAG(s) 'dataset_with_extra_by_yield', 'dataset_with_extra_by_context', 'dataset_with_extra_from_classic_operator' retrieved from /home/airflow/.local/lib/python3.12/site-packages/airflow/example_dags/example_outlet_event_extra.py
[2025-04-21T11:47:18.421+0000] {logging_mixin.py:190} INFO - [2025-04-21T11:47:18.421+0000] {dag.py:3239} INFO - Sync 3 DAGs
[2025-04-21T11:47:18.469+0000] {logging_mixin.py:190} INFO - [2025-04-21T11:47:18.469+0000] {dag.py:4180} INFO - Setting next_dagrun for dataset_with_extra_by_context to 2025-04-20 00:00:00+00:00, run_after=2025-04-21 00:00:00+00:00
[2025-04-21T11:47:18.482+0000] {logging_mixin.py:190} INFO - [2025-04-21T11:47:18.481+0000] {dag.py:4180} INFO - Setting next_dagrun for dataset_with_extra_by_yield to 2025-04-20 00:00:00+00:00, run_after=2025-04-21 00:00:00+00:00
[2025-04-21T11:47:18.487+0000] {logging_mixin.py:190} INFO - [2025-04-21T11:47:18.486+0000] {dag.py:4180} INFO - Setting next_dagrun for dataset_with_extra_from_classic_operator to 2025-04-20 00:00:00+00:00, run_after=2025-04-21 00:00:00+00:00
[2025-04-21T11:47:18.528+0000] {processor.py:208} INFO - Processing /home/airflow/.local/lib/python3.12/site-packages/airflow/example_dags/example_outlet_event_extra.py took 1.339 seconds
[2025-04-21T11:47:48.685+0000] {processor.py:186} INFO - Started process (PID=6883) to work on /home/airflow/.local/lib/python3.12/site-packages/airflow/example_dags/example_outlet_event_extra.py
[2025-04-21T11:47:48.687+0000] {processor.py:914} INFO - Processing file /home/airflow/.local/lib/python3.12/site-packages/airflow/example_dags/example_outlet_event_extra.py for tasks to queue
[2025-04-21T11:47:48.693+0000] {logging_mixin.py:190} INFO - [2025-04-21T11:47:48.692+0000] {dagbag.py:588} INFO - Filling up the DagBag from /home/airflow/.local/lib/python3.12/site-packages/airflow/example_dags/example_outlet_event_extra.py
[2025-04-21T11:47:49.763+0000] {processor.py:925} INFO - DAG(s) 'dataset_with_extra_by_yield', 'dataset_with_extra_from_classic_operator', 'dataset_with_extra_by_context' retrieved from /home/airflow/.local/lib/python3.12/site-packages/airflow/example_dags/example_outlet_event_extra.py
[2025-04-21T11:47:49.815+0000] {logging_mixin.py:190} INFO - [2025-04-21T11:47:49.815+0000] {dag.py:3239} INFO - Sync 3 DAGs
[2025-04-21T11:47:49.870+0000] {logging_mixin.py:190} INFO - [2025-04-21T11:47:49.869+0000] {dag.py:4180} INFO - Setting next_dagrun for dataset_with_extra_by_context to 2025-04-20 00:00:00+00:00, run_after=2025-04-21 00:00:00+00:00
[2025-04-21T11:47:49.882+0000] {logging_mixin.py:190} INFO - [2025-04-21T11:47:49.881+0000] {dag.py:4180} INFO - Setting next_dagrun for dataset_with_extra_by_yield to 2025-04-20 00:00:00+00:00, run_after=2025-04-21 00:00:00+00:00
[2025-04-21T11:47:49.888+0000] {logging_mixin.py:190} INFO - [2025-04-21T11:47:49.888+0000] {dag.py:4180} INFO - Setting next_dagrun for dataset_with_extra_from_classic_operator to 2025-04-20 00:00:00+00:00, run_after=2025-04-21 00:00:00+00:00
[2025-04-21T11:47:49.932+0000] {processor.py:208} INFO - Processing /home/airflow/.local/lib/python3.12/site-packages/airflow/example_dags/example_outlet_event_extra.py took 1.261 seconds
[2025-04-21T11:48:20.461+0000] {processor.py:186} INFO - Started process (PID=6947) to work on /home/airflow/.local/lib/python3.12/site-packages/airflow/example_dags/example_outlet_event_extra.py
[2025-04-21T11:48:20.463+0000] {processor.py:914} INFO - Processing file /home/airflow/.local/lib/python3.12/site-packages/airflow/example_dags/example_outlet_event_extra.py for tasks to queue
[2025-04-21T11:48:20.468+0000] {logging_mixin.py:190} INFO - [2025-04-21T11:48:20.468+0000] {dagbag.py:588} INFO - Filling up the DagBag from /home/airflow/.local/lib/python3.12/site-packages/airflow/example_dags/example_outlet_event_extra.py
[2025-04-21T11:48:21.630+0000] {processor.py:925} INFO - DAG(s) 'dataset_with_extra_from_classic_operator', 'dataset_with_extra_by_context', 'dataset_with_extra_by_yield' retrieved from /home/airflow/.local/lib/python3.12/site-packages/airflow/example_dags/example_outlet_event_extra.py
[2025-04-21T11:48:21.684+0000] {logging_mixin.py:190} INFO - [2025-04-21T11:48:21.684+0000] {dag.py:3239} INFO - Sync 3 DAGs
[2025-04-21T11:48:21.731+0000] {logging_mixin.py:190} INFO - [2025-04-21T11:48:21.731+0000] {dag.py:4180} INFO - Setting next_dagrun for dataset_with_extra_by_context to 2025-04-20 00:00:00+00:00, run_after=2025-04-21 00:00:00+00:00
[2025-04-21T11:48:21.743+0000] {logging_mixin.py:190} INFO - [2025-04-21T11:48:21.742+0000] {dag.py:4180} INFO - Setting next_dagrun for dataset_with_extra_by_yield to 2025-04-20 00:00:00+00:00, run_after=2025-04-21 00:00:00+00:00
[2025-04-21T11:48:21.748+0000] {logging_mixin.py:190} INFO - [2025-04-21T11:48:21.747+0000] {dag.py:4180} INFO - Setting next_dagrun for dataset_with_extra_from_classic_operator to 2025-04-20 00:00:00+00:00, run_after=2025-04-21 00:00:00+00:00
[2025-04-21T11:48:21.782+0000] {processor.py:208} INFO - Processing /home/airflow/.local/lib/python3.12/site-packages/airflow/example_dags/example_outlet_event_extra.py took 1.333 seconds
[2025-04-21T11:48:52.153+0000] {processor.py:186} INFO - Started process (PID=7011) to work on /home/airflow/.local/lib/python3.12/site-packages/airflow/example_dags/example_outlet_event_extra.py
[2025-04-21T11:48:52.154+0000] {processor.py:914} INFO - Processing file /home/airflow/.local/lib/python3.12/site-packages/airflow/example_dags/example_outlet_event_extra.py for tasks to queue
[2025-04-21T11:48:52.159+0000] {logging_mixin.py:190} INFO - [2025-04-21T11:48:52.159+0000] {dagbag.py:588} INFO - Filling up the DagBag from /home/airflow/.local/lib/python3.12/site-packages/airflow/example_dags/example_outlet_event_extra.py
[2025-04-21T11:48:53.318+0000] {processor.py:925} INFO - DAG(s) 'dataset_with_extra_from_classic_operator', 'dataset_with_extra_by_context', 'dataset_with_extra_by_yield' retrieved from /home/airflow/.local/lib/python3.12/site-packages/airflow/example_dags/example_outlet_event_extra.py
[2025-04-21T11:48:53.360+0000] {logging_mixin.py:190} INFO - [2025-04-21T11:48:53.359+0000] {dag.py:3239} INFO - Sync 3 DAGs
[2025-04-21T11:48:53.411+0000] {logging_mixin.py:190} INFO - [2025-04-21T11:48:53.411+0000] {dag.py:4180} INFO - Setting next_dagrun for dataset_with_extra_by_context to 2025-04-20 00:00:00+00:00, run_after=2025-04-21 00:00:00+00:00
[2025-04-21T11:48:53.423+0000] {logging_mixin.py:190} INFO - [2025-04-21T11:48:53.422+0000] {dag.py:4180} INFO - Setting next_dagrun for dataset_with_extra_by_yield to 2025-04-20 00:00:00+00:00, run_after=2025-04-21 00:00:00+00:00
[2025-04-21T11:48:53.429+0000] {logging_mixin.py:190} INFO - [2025-04-21T11:48:53.429+0000] {dag.py:4180} INFO - Setting next_dagrun for dataset_with_extra_from_classic_operator to 2025-04-20 00:00:00+00:00, run_after=2025-04-21 00:00:00+00:00
[2025-04-21T11:48:53.468+0000] {processor.py:208} INFO - Processing /home/airflow/.local/lib/python3.12/site-packages/airflow/example_dags/example_outlet_event_extra.py took 1.323 seconds
[2025-04-21T11:49:23.798+0000] {processor.py:186} INFO - Started process (PID=7075) to work on /home/airflow/.local/lib/python3.12/site-packages/airflow/example_dags/example_outlet_event_extra.py
[2025-04-21T11:49:23.799+0000] {processor.py:914} INFO - Processing file /home/airflow/.local/lib/python3.12/site-packages/airflow/example_dags/example_outlet_event_extra.py for tasks to queue
[2025-04-21T11:49:23.804+0000] {logging_mixin.py:190} INFO - [2025-04-21T11:49:23.803+0000] {dagbag.py:588} INFO - Filling up the DagBag from /home/airflow/.local/lib/python3.12/site-packages/airflow/example_dags/example_outlet_event_extra.py
[2025-04-21T11:49:24.610+0000] {processor.py:925} INFO - DAG(s) 'dataset_with_extra_by_yield', 'dataset_with_extra_from_classic_operator', 'dataset_with_extra_by_context' retrieved from /home/airflow/.local/lib/python3.12/site-packages/airflow/example_dags/example_outlet_event_extra.py
[2025-04-21T11:49:24.661+0000] {logging_mixin.py:190} INFO - [2025-04-21T11:49:24.661+0000] {dag.py:3239} INFO - Sync 3 DAGs
[2025-04-21T11:49:24.715+0000] {logging_mixin.py:190} INFO - [2025-04-21T11:49:24.714+0000] {dag.py:4180} INFO - Setting next_dagrun for dataset_with_extra_by_context to 2025-04-20 00:00:00+00:00, run_after=2025-04-21 00:00:00+00:00
[2025-04-21T11:49:24.725+0000] {logging_mixin.py:190} INFO - [2025-04-21T11:49:24.725+0000] {dag.py:4180} INFO - Setting next_dagrun for dataset_with_extra_by_yield to 2025-04-20 00:00:00+00:00, run_after=2025-04-21 00:00:00+00:00
[2025-04-21T11:49:24.732+0000] {logging_mixin.py:190} INFO - [2025-04-21T11:49:24.731+0000] {dag.py:4180} INFO - Setting next_dagrun for dataset_with_extra_from_classic_operator to 2025-04-20 00:00:00+00:00, run_after=2025-04-21 00:00:00+00:00
[2025-04-21T11:49:24.777+0000] {processor.py:208} INFO - Processing /home/airflow/.local/lib/python3.12/site-packages/airflow/example_dags/example_outlet_event_extra.py took 0.988 seconds
[2025-04-21T11:49:54.968+0000] {processor.py:186} INFO - Started process (PID=7138) to work on /home/airflow/.local/lib/python3.12/site-packages/airflow/example_dags/example_outlet_event_extra.py
[2025-04-21T11:49:54.970+0000] {processor.py:914} INFO - Processing file /home/airflow/.local/lib/python3.12/site-packages/airflow/example_dags/example_outlet_event_extra.py for tasks to queue
[2025-04-21T11:49:54.976+0000] {logging_mixin.py:190} INFO - [2025-04-21T11:49:54.976+0000] {dagbag.py:588} INFO - Filling up the DagBag from /home/airflow/.local/lib/python3.12/site-packages/airflow/example_dags/example_outlet_event_extra.py
[2025-04-21T11:49:56.024+0000] {processor.py:925} INFO - DAG(s) 'dataset_with_extra_from_classic_operator', 'dataset_with_extra_by_yield', 'dataset_with_extra_by_context' retrieved from /home/airflow/.local/lib/python3.12/site-packages/airflow/example_dags/example_outlet_event_extra.py
[2025-04-21T11:49:56.063+0000] {logging_mixin.py:190} INFO - [2025-04-21T11:49:56.062+0000] {dag.py:3239} INFO - Sync 3 DAGs
[2025-04-21T11:49:56.115+0000] {logging_mixin.py:190} INFO - [2025-04-21T11:49:56.115+0000] {dag.py:4180} INFO - Setting next_dagrun for dataset_with_extra_by_context to 2025-04-20 00:00:00+00:00, run_after=2025-04-21 00:00:00+00:00
[2025-04-21T11:49:56.128+0000] {logging_mixin.py:190} INFO - [2025-04-21T11:49:56.128+0000] {dag.py:4180} INFO - Setting next_dagrun for dataset_with_extra_by_yield to 2025-04-20 00:00:00+00:00, run_after=2025-04-21 00:00:00+00:00
[2025-04-21T11:49:56.135+0000] {logging_mixin.py:190} INFO - [2025-04-21T11:49:56.134+0000] {dag.py:4180} INFO - Setting next_dagrun for dataset_with_extra_from_classic_operator to 2025-04-20 00:00:00+00:00, run_after=2025-04-21 00:00:00+00:00
[2025-04-21T11:49:56.178+0000] {processor.py:208} INFO - Processing /home/airflow/.local/lib/python3.12/site-packages/airflow/example_dags/example_outlet_event_extra.py took 1.221 seconds
[2025-04-21T11:50:26.860+0000] {processor.py:186} INFO - Started process (PID=7204) to work on /home/airflow/.local/lib/python3.12/site-packages/airflow/example_dags/example_outlet_event_extra.py
[2025-04-21T11:50:26.861+0000] {processor.py:914} INFO - Processing file /home/airflow/.local/lib/python3.12/site-packages/airflow/example_dags/example_outlet_event_extra.py for tasks to queue
[2025-04-21T11:50:26.864+0000] {logging_mixin.py:190} INFO - [2025-04-21T11:50:26.864+0000] {dagbag.py:588} INFO - Filling up the DagBag from /home/airflow/.local/lib/python3.12/site-packages/airflow/example_dags/example_outlet_event_extra.py
[2025-04-21T11:50:27.691+0000] {processor.py:925} INFO - DAG(s) 'dataset_with_extra_by_yield', 'dataset_with_extra_by_context', 'dataset_with_extra_from_classic_operator' retrieved from /home/airflow/.local/lib/python3.12/site-packages/airflow/example_dags/example_outlet_event_extra.py
[2025-04-21T11:50:27.729+0000] {logging_mixin.py:190} INFO - [2025-04-21T11:50:27.728+0000] {dag.py:3239} INFO - Sync 3 DAGs
[2025-04-21T11:50:27.762+0000] {logging_mixin.py:190} INFO - [2025-04-21T11:50:27.761+0000] {dag.py:4180} INFO - Setting next_dagrun for dataset_with_extra_by_context to 2025-04-20 00:00:00+00:00, run_after=2025-04-21 00:00:00+00:00
[2025-04-21T11:50:27.769+0000] {logging_mixin.py:190} INFO - [2025-04-21T11:50:27.769+0000] {dag.py:4180} INFO - Setting next_dagrun for dataset_with_extra_by_yield to 2025-04-20 00:00:00+00:00, run_after=2025-04-21 00:00:00+00:00
[2025-04-21T11:50:27.773+0000] {logging_mixin.py:190} INFO - [2025-04-21T11:50:27.773+0000] {dag.py:4180} INFO - Setting next_dagrun for dataset_with_extra_from_classic_operator to 2025-04-20 00:00:00+00:00, run_after=2025-04-21 00:00:00+00:00
[2025-04-21T11:50:27.800+0000] {processor.py:208} INFO - Processing /home/airflow/.local/lib/python3.12/site-packages/airflow/example_dags/example_outlet_event_extra.py took 0.948 seconds
[2025-04-21T11:50:58.058+0000] {processor.py:186} INFO - Started process (PID=7272) to work on /home/airflow/.local/lib/python3.12/site-packages/airflow/example_dags/example_outlet_event_extra.py
[2025-04-21T11:50:58.061+0000] {processor.py:914} INFO - Processing file /home/airflow/.local/lib/python3.12/site-packages/airflow/example_dags/example_outlet_event_extra.py for tasks to queue
[2025-04-21T11:50:58.066+0000] {logging_mixin.py:190} INFO - [2025-04-21T11:50:58.065+0000] {dagbag.py:588} INFO - Filling up the DagBag from /home/airflow/.local/lib/python3.12/site-packages/airflow/example_dags/example_outlet_event_extra.py
[2025-04-21T11:50:58.920+0000] {processor.py:925} INFO - DAG(s) 'dataset_with_extra_from_classic_operator', 'dataset_with_extra_by_yield', 'dataset_with_extra_by_context' retrieved from /home/airflow/.local/lib/python3.12/site-packages/airflow/example_dags/example_outlet_event_extra.py
[2025-04-21T11:50:58.971+0000] {logging_mixin.py:190} INFO - [2025-04-21T11:50:58.971+0000] {dag.py:3239} INFO - Sync 3 DAGs
[2025-04-21T11:50:59.008+0000] {logging_mixin.py:190} INFO - [2025-04-21T11:50:59.007+0000] {dag.py:4180} INFO - Setting next_dagrun for dataset_with_extra_by_context to 2025-04-20 00:00:00+00:00, run_after=2025-04-21 00:00:00+00:00
[2025-04-21T11:50:59.016+0000] {logging_mixin.py:190} INFO - [2025-04-21T11:50:59.015+0000] {dag.py:4180} INFO - Setting next_dagrun for dataset_with_extra_by_yield to 2025-04-20 00:00:00+00:00, run_after=2025-04-21 00:00:00+00:00
[2025-04-21T11:50:59.022+0000] {logging_mixin.py:190} INFO - [2025-04-21T11:50:59.021+0000] {dag.py:4180} INFO - Setting next_dagrun for dataset_with_extra_from_classic_operator to 2025-04-20 00:00:00+00:00, run_after=2025-04-21 00:00:00+00:00
[2025-04-21T11:50:59.060+0000] {processor.py:208} INFO - Processing /home/airflow/.local/lib/python3.12/site-packages/airflow/example_dags/example_outlet_event_extra.py took 1.015 seconds
[2025-04-21T11:51:29.158+0000] {processor.py:186} INFO - Started process (PID=7336) to work on /home/airflow/.local/lib/python3.12/site-packages/airflow/example_dags/example_outlet_event_extra.py
[2025-04-21T11:51:29.159+0000] {processor.py:914} INFO - Processing file /home/airflow/.local/lib/python3.12/site-packages/airflow/example_dags/example_outlet_event_extra.py for tasks to queue
[2025-04-21T11:51:29.163+0000] {logging_mixin.py:190} INFO - [2025-04-21T11:51:29.163+0000] {dagbag.py:588} INFO - Filling up the DagBag from /home/airflow/.local/lib/python3.12/site-packages/airflow/example_dags/example_outlet_event_extra.py
[2025-04-21T11:51:30.180+0000] {processor.py:925} INFO - DAG(s) 'dataset_with_extra_from_classic_operator', 'dataset_with_extra_by_yield', 'dataset_with_extra_by_context' retrieved from /home/airflow/.local/lib/python3.12/site-packages/airflow/example_dags/example_outlet_event_extra.py
[2025-04-21T11:51:30.233+0000] {logging_mixin.py:190} INFO - [2025-04-21T11:51:30.232+0000] {dag.py:3239} INFO - Sync 3 DAGs
[2025-04-21T11:51:30.283+0000] {logging_mixin.py:190} INFO - [2025-04-21T11:51:30.282+0000] {dag.py:4180} INFO - Setting next_dagrun for dataset_with_extra_by_context to 2025-04-20 00:00:00+00:00, run_after=2025-04-21 00:00:00+00:00
[2025-04-21T11:51:30.294+0000] {logging_mixin.py:190} INFO - [2025-04-21T11:51:30.293+0000] {dag.py:4180} INFO - Setting next_dagrun for dataset_with_extra_by_yield to 2025-04-20 00:00:00+00:00, run_after=2025-04-21 00:00:00+00:00
[2025-04-21T11:51:30.302+0000] {logging_mixin.py:190} INFO - [2025-04-21T11:51:30.301+0000] {dag.py:4180} INFO - Setting next_dagrun for dataset_with_extra_from_classic_operator to 2025-04-20 00:00:00+00:00, run_after=2025-04-21 00:00:00+00:00
[2025-04-21T11:51:30.347+0000] {processor.py:208} INFO - Processing /home/airflow/.local/lib/python3.12/site-packages/airflow/example_dags/example_outlet_event_extra.py took 1.199 seconds
[2025-04-21T11:52:00.594+0000] {processor.py:186} INFO - Started process (PID=7400) to work on /home/airflow/.local/lib/python3.12/site-packages/airflow/example_dags/example_outlet_event_extra.py
[2025-04-21T11:52:00.596+0000] {processor.py:914} INFO - Processing file /home/airflow/.local/lib/python3.12/site-packages/airflow/example_dags/example_outlet_event_extra.py for tasks to queue
[2025-04-21T11:52:00.602+0000] {logging_mixin.py:190} INFO - [2025-04-21T11:52:00.601+0000] {dagbag.py:588} INFO - Filling up the DagBag from /home/airflow/.local/lib/python3.12/site-packages/airflow/example_dags/example_outlet_event_extra.py
[2025-04-21T11:52:01.678+0000] {processor.py:925} INFO - DAG(s) 'dataset_with_extra_by_yield', 'dataset_with_extra_from_classic_operator', 'dataset_with_extra_by_context' retrieved from /home/airflow/.local/lib/python3.12/site-packages/airflow/example_dags/example_outlet_event_extra.py
[2025-04-21T11:52:01.727+0000] {logging_mixin.py:190} INFO - [2025-04-21T11:52:01.726+0000] {dag.py:3239} INFO - Sync 3 DAGs
[2025-04-21T11:52:01.779+0000] {logging_mixin.py:190} INFO - [2025-04-21T11:52:01.779+0000] {dag.py:4180} INFO - Setting next_dagrun for dataset_with_extra_by_context to 2025-04-20 00:00:00+00:00, run_after=2025-04-21 00:00:00+00:00
[2025-04-21T11:52:01.789+0000] {logging_mixin.py:190} INFO - [2025-04-21T11:52:01.788+0000] {dag.py:4180} INFO - Setting next_dagrun for dataset_with_extra_by_yield to 2025-04-20 00:00:00+00:00, run_after=2025-04-21 00:00:00+00:00
[2025-04-21T11:52:01.796+0000] {logging_mixin.py:190} INFO - [2025-04-21T11:52:01.795+0000] {dag.py:4180} INFO - Setting next_dagrun for dataset_with_extra_from_classic_operator to 2025-04-20 00:00:00+00:00, run_after=2025-04-21 00:00:00+00:00
[2025-04-21T11:52:01.828+0000] {processor.py:208} INFO - Processing /home/airflow/.local/lib/python3.12/site-packages/airflow/example_dags/example_outlet_event_extra.py took 1.245 seconds
[2025-04-21T11:52:33.465+0000] {processor.py:186} INFO - Started process (PID=7468) to work on /home/airflow/.local/lib/python3.12/site-packages/airflow/example_dags/example_outlet_event_extra.py
[2025-04-21T11:52:33.466+0000] {processor.py:914} INFO - Processing file /home/airflow/.local/lib/python3.12/site-packages/airflow/example_dags/example_outlet_event_extra.py for tasks to queue
[2025-04-21T11:52:33.470+0000] {logging_mixin.py:190} INFO - [2025-04-21T11:52:33.469+0000] {dagbag.py:588} INFO - Filling up the DagBag from /home/airflow/.local/lib/python3.12/site-packages/airflow/example_dags/example_outlet_event_extra.py
[2025-04-21T11:52:34.621+0000] {processor.py:925} INFO - DAG(s) 'dataset_with_extra_by_context', 'dataset_with_extra_from_classic_operator', 'dataset_with_extra_by_yield' retrieved from /home/airflow/.local/lib/python3.12/site-packages/airflow/example_dags/example_outlet_event_extra.py
[2025-04-21T11:52:34.660+0000] {logging_mixin.py:190} INFO - [2025-04-21T11:52:34.659+0000] {dag.py:3239} INFO - Sync 3 DAGs
[2025-04-21T11:52:34.704+0000] {logging_mixin.py:190} INFO - [2025-04-21T11:52:34.703+0000] {dag.py:4180} INFO - Setting next_dagrun for dataset_with_extra_by_context to 2025-04-20 00:00:00+00:00, run_after=2025-04-21 00:00:00+00:00
[2025-04-21T11:52:34.714+0000] {logging_mixin.py:190} INFO - [2025-04-21T11:52:34.714+0000] {dag.py:4180} INFO - Setting next_dagrun for dataset_with_extra_by_yield to 2025-04-20 00:00:00+00:00, run_after=2025-04-21 00:00:00+00:00
[2025-04-21T11:52:34.720+0000] {logging_mixin.py:190} INFO - [2025-04-21T11:52:34.719+0000] {dag.py:4180} INFO - Setting next_dagrun for dataset_with_extra_from_classic_operator to 2025-04-20 00:00:00+00:00, run_after=2025-04-21 00:00:00+00:00
[2025-04-21T11:52:34.763+0000] {processor.py:208} INFO - Processing /home/airflow/.local/lib/python3.12/site-packages/airflow/example_dags/example_outlet_event_extra.py took 1.308 seconds
[2025-04-21T11:53:06.015+0000] {processor.py:186} INFO - Started process (PID=7536) to work on /home/airflow/.local/lib/python3.12/site-packages/airflow/example_dags/example_outlet_event_extra.py
[2025-04-21T11:53:06.016+0000] {processor.py:914} INFO - Processing file /home/airflow/.local/lib/python3.12/site-packages/airflow/example_dags/example_outlet_event_extra.py for tasks to queue
[2025-04-21T11:53:06.022+0000] {logging_mixin.py:190} INFO - [2025-04-21T11:53:06.021+0000] {dagbag.py:588} INFO - Filling up the DagBag from /home/airflow/.local/lib/python3.12/site-packages/airflow/example_dags/example_outlet_event_extra.py
[2025-04-21T11:53:06.985+0000] {processor.py:925} INFO - DAG(s) 'dataset_with_extra_by_yield', 'dataset_with_extra_from_classic_operator', 'dataset_with_extra_by_context' retrieved from /home/airflow/.local/lib/python3.12/site-packages/airflow/example_dags/example_outlet_event_extra.py
[2025-04-21T11:53:07.032+0000] {logging_mixin.py:190} INFO - [2025-04-21T11:53:07.031+0000] {dag.py:3239} INFO - Sync 3 DAGs
[2025-04-21T11:53:07.085+0000] {logging_mixin.py:190} INFO - [2025-04-21T11:53:07.084+0000] {dag.py:4180} INFO - Setting next_dagrun for dataset_with_extra_by_context to 2025-04-20 00:00:00+00:00, run_after=2025-04-21 00:00:00+00:00
[2025-04-21T11:53:07.095+0000] {logging_mixin.py:190} INFO - [2025-04-21T11:53:07.095+0000] {dag.py:4180} INFO - Setting next_dagrun for dataset_with_extra_by_yield to 2025-04-20 00:00:00+00:00, run_after=2025-04-21 00:00:00+00:00
[2025-04-21T11:53:07.099+0000] {logging_mixin.py:190} INFO - [2025-04-21T11:53:07.099+0000] {dag.py:4180} INFO - Setting next_dagrun for dataset_with_extra_from_classic_operator to 2025-04-20 00:00:00+00:00, run_after=2025-04-21 00:00:00+00:00
[2025-04-21T11:53:07.137+0000] {processor.py:208} INFO - Processing /home/airflow/.local/lib/python3.12/site-packages/airflow/example_dags/example_outlet_event_extra.py took 1.132 seconds
[2025-04-21T11:53:37.317+0000] {processor.py:186} INFO - Started process (PID=7608) to work on /home/airflow/.local/lib/python3.12/site-packages/airflow/example_dags/example_outlet_event_extra.py
[2025-04-21T11:53:37.319+0000] {processor.py:914} INFO - Processing file /home/airflow/.local/lib/python3.12/site-packages/airflow/example_dags/example_outlet_event_extra.py for tasks to queue
[2025-04-21T11:53:37.322+0000] {logging_mixin.py:190} INFO - [2025-04-21T11:53:37.322+0000] {dagbag.py:588} INFO - Filling up the DagBag from /home/airflow/.local/lib/python3.12/site-packages/airflow/example_dags/example_outlet_event_extra.py
[2025-04-21T11:53:38.082+0000] {processor.py:925} INFO - DAG(s) 'dataset_with_extra_by_context', 'dataset_with_extra_from_classic_operator', 'dataset_with_extra_by_yield' retrieved from /home/airflow/.local/lib/python3.12/site-packages/airflow/example_dags/example_outlet_event_extra.py
[2025-04-21T11:53:38.113+0000] {logging_mixin.py:190} INFO - [2025-04-21T11:53:38.113+0000] {dag.py:3239} INFO - Sync 3 DAGs
[2025-04-21T11:53:38.147+0000] {logging_mixin.py:190} INFO - [2025-04-21T11:53:38.147+0000] {dag.py:4180} INFO - Setting next_dagrun for dataset_with_extra_by_context to 2025-04-20 00:00:00+00:00, run_after=2025-04-21 00:00:00+00:00
[2025-04-21T11:53:38.153+0000] {logging_mixin.py:190} INFO - [2025-04-21T11:53:38.153+0000] {dag.py:4180} INFO - Setting next_dagrun for dataset_with_extra_by_yield to 2025-04-20 00:00:00+00:00, run_after=2025-04-21 00:00:00+00:00
[2025-04-21T11:53:38.156+0000] {logging_mixin.py:190} INFO - [2025-04-21T11:53:38.156+0000] {dag.py:4180} INFO - Setting next_dagrun for dataset_with_extra_from_classic_operator to 2025-04-20 00:00:00+00:00, run_after=2025-04-21 00:00:00+00:00
[2025-04-21T11:53:38.183+0000] {processor.py:208} INFO - Processing /home/airflow/.local/lib/python3.12/site-packages/airflow/example_dags/example_outlet_event_extra.py took 0.875 seconds
[2025-04-21T11:54:08.385+0000] {processor.py:186} INFO - Started process (PID=7672) to work on /home/airflow/.local/lib/python3.12/site-packages/airflow/example_dags/example_outlet_event_extra.py
[2025-04-21T11:54:08.387+0000] {processor.py:914} INFO - Processing file /home/airflow/.local/lib/python3.12/site-packages/airflow/example_dags/example_outlet_event_extra.py for tasks to queue
[2025-04-21T11:54:08.391+0000] {logging_mixin.py:190} INFO - [2025-04-21T11:54:08.390+0000] {dagbag.py:588} INFO - Filling up the DagBag from /home/airflow/.local/lib/python3.12/site-packages/airflow/example_dags/example_outlet_event_extra.py
[2025-04-21T11:54:09.167+0000] {processor.py:925} INFO - DAG(s) 'dataset_with_extra_by_yield', 'dataset_with_extra_from_classic_operator', 'dataset_with_extra_by_context' retrieved from /home/airflow/.local/lib/python3.12/site-packages/airflow/example_dags/example_outlet_event_extra.py
[2025-04-21T11:54:09.206+0000] {logging_mixin.py:190} INFO - [2025-04-21T11:54:09.205+0000] {dag.py:3239} INFO - Sync 3 DAGs
[2025-04-21T11:54:09.252+0000] {logging_mixin.py:190} INFO - [2025-04-21T11:54:09.251+0000] {dag.py:4180} INFO - Setting next_dagrun for dataset_with_extra_by_context to 2025-04-20 00:00:00+00:00, run_after=2025-04-21 00:00:00+00:00
[2025-04-21T11:54:09.264+0000] {logging_mixin.py:190} INFO - [2025-04-21T11:54:09.263+0000] {dag.py:4180} INFO - Setting next_dagrun for dataset_with_extra_by_yield to 2025-04-20 00:00:00+00:00, run_after=2025-04-21 00:00:00+00:00
[2025-04-21T11:54:09.271+0000] {logging_mixin.py:190} INFO - [2025-04-21T11:54:09.270+0000] {dag.py:4180} INFO - Setting next_dagrun for dataset_with_extra_from_classic_operator to 2025-04-20 00:00:00+00:00, run_after=2025-04-21 00:00:00+00:00
[2025-04-21T11:54:09.302+0000] {processor.py:208} INFO - Processing /home/airflow/.local/lib/python3.12/site-packages/airflow/example_dags/example_outlet_event_extra.py took 0.928 seconds
[2025-04-21T11:54:40.086+0000] {processor.py:186} INFO - Started process (PID=7743) to work on /home/airflow/.local/lib/python3.12/site-packages/airflow/example_dags/example_outlet_event_extra.py
[2025-04-21T11:54:40.088+0000] {processor.py:914} INFO - Processing file /home/airflow/.local/lib/python3.12/site-packages/airflow/example_dags/example_outlet_event_extra.py for tasks to queue
[2025-04-21T11:54:40.093+0000] {logging_mixin.py:190} INFO - [2025-04-21T11:54:40.092+0000] {dagbag.py:588} INFO - Filling up the DagBag from /home/airflow/.local/lib/python3.12/site-packages/airflow/example_dags/example_outlet_event_extra.py
[2025-04-21T11:54:41.214+0000] {processor.py:925} INFO - DAG(s) 'dataset_with_extra_by_context', 'dataset_with_extra_from_classic_operator', 'dataset_with_extra_by_yield' retrieved from /home/airflow/.local/lib/python3.12/site-packages/airflow/example_dags/example_outlet_event_extra.py
[2025-04-21T11:54:41.267+0000] {logging_mixin.py:190} INFO - [2025-04-21T11:54:41.267+0000] {dag.py:3239} INFO - Sync 3 DAGs
[2025-04-21T11:54:41.321+0000] {logging_mixin.py:190} INFO - [2025-04-21T11:54:41.320+0000] {dag.py:4180} INFO - Setting next_dagrun for dataset_with_extra_by_context to 2025-04-20 00:00:00+00:00, run_after=2025-04-21 00:00:00+00:00
[2025-04-21T11:54:41.330+0000] {logging_mixin.py:190} INFO - [2025-04-21T11:54:41.330+0000] {dag.py:4180} INFO - Setting next_dagrun for dataset_with_extra_by_yield to 2025-04-20 00:00:00+00:00, run_after=2025-04-21 00:00:00+00:00
[2025-04-21T11:54:41.334+0000] {logging_mixin.py:190} INFO - [2025-04-21T11:54:41.334+0000] {dag.py:4180} INFO - Setting next_dagrun for dataset_with_extra_from_classic_operator to 2025-04-20 00:00:00+00:00, run_after=2025-04-21 00:00:00+00:00
[2025-04-21T11:54:41.367+0000] {processor.py:208} INFO - Processing /home/airflow/.local/lib/python3.12/site-packages/airflow/example_dags/example_outlet_event_extra.py took 1.292 seconds
[2025-04-21T11:55:11.600+0000] {processor.py:186} INFO - Started process (PID=7808) to work on /home/airflow/.local/lib/python3.12/site-packages/airflow/example_dags/example_outlet_event_extra.py
[2025-04-21T11:55:11.603+0000] {processor.py:914} INFO - Processing file /home/airflow/.local/lib/python3.12/site-packages/airflow/example_dags/example_outlet_event_extra.py for tasks to queue
[2025-04-21T11:55:11.608+0000] {logging_mixin.py:190} INFO - [2025-04-21T11:55:11.608+0000] {dagbag.py:588} INFO - Filling up the DagBag from /home/airflow/.local/lib/python3.12/site-packages/airflow/example_dags/example_outlet_event_extra.py
[2025-04-21T11:55:12.588+0000] {processor.py:925} INFO - DAG(s) 'dataset_with_extra_by_context', 'dataset_with_extra_by_yield', 'dataset_with_extra_from_classic_operator' retrieved from /home/airflow/.local/lib/python3.12/site-packages/airflow/example_dags/example_outlet_event_extra.py
[2025-04-21T11:55:12.636+0000] {logging_mixin.py:190} INFO - [2025-04-21T11:55:12.635+0000] {dag.py:3239} INFO - Sync 3 DAGs
[2025-04-21T11:55:12.686+0000] {logging_mixin.py:190} INFO - [2025-04-21T11:55:12.686+0000] {dag.py:4180} INFO - Setting next_dagrun for dataset_with_extra_by_context to 2025-04-20 00:00:00+00:00, run_after=2025-04-21 00:00:00+00:00
[2025-04-21T11:55:12.701+0000] {logging_mixin.py:190} INFO - [2025-04-21T11:55:12.700+0000] {dag.py:4180} INFO - Setting next_dagrun for dataset_with_extra_by_yield to 2025-04-20 00:00:00+00:00, run_after=2025-04-21 00:00:00+00:00
[2025-04-21T11:55:12.708+0000] {logging_mixin.py:190} INFO - [2025-04-21T11:55:12.707+0000] {dag.py:4180} INFO - Setting next_dagrun for dataset_with_extra_from_classic_operator to 2025-04-20 00:00:00+00:00, run_after=2025-04-21 00:00:00+00:00
[2025-04-21T11:55:12.753+0000] {processor.py:208} INFO - Processing /home/airflow/.local/lib/python3.12/site-packages/airflow/example_dags/example_outlet_event_extra.py took 1.166 seconds
[2025-04-21T11:55:43.523+0000] {processor.py:186} INFO - Started process (PID=7877) to work on /home/airflow/.local/lib/python3.12/site-packages/airflow/example_dags/example_outlet_event_extra.py
[2025-04-21T11:55:43.524+0000] {processor.py:914} INFO - Processing file /home/airflow/.local/lib/python3.12/site-packages/airflow/example_dags/example_outlet_event_extra.py for tasks to queue
[2025-04-21T11:55:43.529+0000] {logging_mixin.py:190} INFO - [2025-04-21T11:55:43.529+0000] {dagbag.py:588} INFO - Filling up the DagBag from /home/airflow/.local/lib/python3.12/site-packages/airflow/example_dags/example_outlet_event_extra.py
[2025-04-21T11:55:44.494+0000] {processor.py:925} INFO - DAG(s) 'dataset_with_extra_by_yield', 'dataset_with_extra_by_context', 'dataset_with_extra_from_classic_operator' retrieved from /home/airflow/.local/lib/python3.12/site-packages/airflow/example_dags/example_outlet_event_extra.py
[2025-04-21T11:55:44.545+0000] {logging_mixin.py:190} INFO - [2025-04-21T11:55:44.545+0000] {dag.py:3239} INFO - Sync 3 DAGs
[2025-04-21T11:55:44.595+0000] {logging_mixin.py:190} INFO - [2025-04-21T11:55:44.595+0000] {dag.py:4180} INFO - Setting next_dagrun for dataset_with_extra_by_context to 2025-04-20 00:00:00+00:00, run_after=2025-04-21 00:00:00+00:00
[2025-04-21T11:55:44.610+0000] {logging_mixin.py:190} INFO - [2025-04-21T11:55:44.609+0000] {dag.py:4180} INFO - Setting next_dagrun for dataset_with_extra_by_yield to 2025-04-20 00:00:00+00:00, run_after=2025-04-21 00:00:00+00:00
[2025-04-21T11:55:44.616+0000] {logging_mixin.py:190} INFO - [2025-04-21T11:55:44.615+0000] {dag.py:4180} INFO - Setting next_dagrun for dataset_with_extra_from_classic_operator to 2025-04-20 00:00:00+00:00, run_after=2025-04-21 00:00:00+00:00
[2025-04-21T11:55:44.662+0000] {processor.py:208} INFO - Processing /home/airflow/.local/lib/python3.12/site-packages/airflow/example_dags/example_outlet_event_extra.py took 1.150 seconds
[2025-04-21T11:56:15.104+0000] {processor.py:186} INFO - Started process (PID=7943) to work on /home/airflow/.local/lib/python3.12/site-packages/airflow/example_dags/example_outlet_event_extra.py
[2025-04-21T11:56:15.105+0000] {processor.py:914} INFO - Processing file /home/airflow/.local/lib/python3.12/site-packages/airflow/example_dags/example_outlet_event_extra.py for tasks to queue
[2025-04-21T11:56:15.111+0000] {logging_mixin.py:190} INFO - [2025-04-21T11:56:15.110+0000] {dagbag.py:588} INFO - Filling up the DagBag from /home/airflow/.local/lib/python3.12/site-packages/airflow/example_dags/example_outlet_event_extra.py
[2025-04-21T11:56:16.240+0000] {processor.py:925} INFO - DAG(s) 'dataset_with_extra_from_classic_operator', 'dataset_with_extra_by_context', 'dataset_with_extra_by_yield' retrieved from /home/airflow/.local/lib/python3.12/site-packages/airflow/example_dags/example_outlet_event_extra.py
[2025-04-21T11:56:16.293+0000] {logging_mixin.py:190} INFO - [2025-04-21T11:56:16.293+0000] {dag.py:3239} INFO - Sync 3 DAGs
[2025-04-21T11:56:16.345+0000] {logging_mixin.py:190} INFO - [2025-04-21T11:56:16.344+0000] {dag.py:4180} INFO - Setting next_dagrun for dataset_with_extra_by_context to 2025-04-20 00:00:00+00:00, run_after=2025-04-21 00:00:00+00:00
[2025-04-21T11:56:16.356+0000] {logging_mixin.py:190} INFO - [2025-04-21T11:56:16.356+0000] {dag.py:4180} INFO - Setting next_dagrun for dataset_with_extra_by_yield to 2025-04-20 00:00:00+00:00, run_after=2025-04-21 00:00:00+00:00
[2025-04-21T11:56:16.362+0000] {logging_mixin.py:190} INFO - [2025-04-21T11:56:16.362+0000] {dag.py:4180} INFO - Setting next_dagrun for dataset_with_extra_from_classic_operator to 2025-04-20 00:00:00+00:00, run_after=2025-04-21 00:00:00+00:00
[2025-04-21T11:56:16.409+0000] {processor.py:208} INFO - Processing /home/airflow/.local/lib/python3.12/site-packages/airflow/example_dags/example_outlet_event_extra.py took 1.319 seconds
[2025-04-21T11:56:47.408+0000] {processor.py:186} INFO - Started process (PID=8010) to work on /home/airflow/.local/lib/python3.12/site-packages/airflow/example_dags/example_outlet_event_extra.py
[2025-04-21T11:56:47.410+0000] {processor.py:914} INFO - Processing file /home/airflow/.local/lib/python3.12/site-packages/airflow/example_dags/example_outlet_event_extra.py for tasks to queue
[2025-04-21T11:56:47.415+0000] {logging_mixin.py:190} INFO - [2025-04-21T11:56:47.414+0000] {dagbag.py:588} INFO - Filling up the DagBag from /home/airflow/.local/lib/python3.12/site-packages/airflow/example_dags/example_outlet_event_extra.py
[2025-04-21T11:56:48.507+0000] {processor.py:925} INFO - DAG(s) 'dataset_with_extra_by_context', 'dataset_with_extra_by_yield', 'dataset_with_extra_from_classic_operator' retrieved from /home/airflow/.local/lib/python3.12/site-packages/airflow/example_dags/example_outlet_event_extra.py
[2025-04-21T11:56:48.546+0000] {logging_mixin.py:190} INFO - [2025-04-21T11:56:48.545+0000] {dag.py:3239} INFO - Sync 3 DAGs
[2025-04-21T11:56:48.578+0000] {logging_mixin.py:190} INFO - [2025-04-21T11:56:48.578+0000] {dag.py:4180} INFO - Setting next_dagrun for dataset_with_extra_by_context to 2025-04-20 00:00:00+00:00, run_after=2025-04-21 00:00:00+00:00
[2025-04-21T11:56:48.585+0000] {logging_mixin.py:190} INFO - [2025-04-21T11:56:48.585+0000] {dag.py:4180} INFO - Setting next_dagrun for dataset_with_extra_by_yield to 2025-04-20 00:00:00+00:00, run_after=2025-04-21 00:00:00+00:00
[2025-04-21T11:56:48.589+0000] {logging_mixin.py:190} INFO - [2025-04-21T11:56:48.589+0000] {dag.py:4180} INFO - Setting next_dagrun for dataset_with_extra_from_classic_operator to 2025-04-20 00:00:00+00:00, run_after=2025-04-21 00:00:00+00:00
[2025-04-21T11:56:48.619+0000] {processor.py:208} INFO - Processing /home/airflow/.local/lib/python3.12/site-packages/airflow/example_dags/example_outlet_event_extra.py took 1.223 seconds
[2025-04-21T11:57:19.174+0000] {processor.py:186} INFO - Started process (PID=8082) to work on /home/airflow/.local/lib/python3.12/site-packages/airflow/example_dags/example_outlet_event_extra.py
[2025-04-21T11:57:19.176+0000] {processor.py:914} INFO - Processing file /home/airflow/.local/lib/python3.12/site-packages/airflow/example_dags/example_outlet_event_extra.py for tasks to queue
[2025-04-21T11:57:19.181+0000] {logging_mixin.py:190} INFO - [2025-04-21T11:57:19.180+0000] {dagbag.py:588} INFO - Filling up the DagBag from /home/airflow/.local/lib/python3.12/site-packages/airflow/example_dags/example_outlet_event_extra.py
[2025-04-21T11:57:20.292+0000] {processor.py:925} INFO - DAG(s) 'dataset_with_extra_by_yield', 'dataset_with_extra_by_context', 'dataset_with_extra_from_classic_operator' retrieved from /home/airflow/.local/lib/python3.12/site-packages/airflow/example_dags/example_outlet_event_extra.py
[2025-04-21T11:57:20.344+0000] {logging_mixin.py:190} INFO - [2025-04-21T11:57:20.343+0000] {dag.py:3239} INFO - Sync 3 DAGs
[2025-04-21T11:57:20.394+0000] {logging_mixin.py:190} INFO - [2025-04-21T11:57:20.394+0000] {dag.py:4180} INFO - Setting next_dagrun for dataset_with_extra_by_context to 2025-04-20 00:00:00+00:00, run_after=2025-04-21 00:00:00+00:00
[2025-04-21T11:57:20.406+0000] {logging_mixin.py:190} INFO - [2025-04-21T11:57:20.406+0000] {dag.py:4180} INFO - Setting next_dagrun for dataset_with_extra_by_yield to 2025-04-20 00:00:00+00:00, run_after=2025-04-21 00:00:00+00:00
[2025-04-21T11:57:20.415+0000] {logging_mixin.py:190} INFO - [2025-04-21T11:57:20.415+0000] {dag.py:4180} INFO - Setting next_dagrun for dataset_with_extra_from_classic_operator to 2025-04-20 00:00:00+00:00, run_after=2025-04-21 00:00:00+00:00
[2025-04-21T11:57:20.460+0000] {processor.py:208} INFO - Processing /home/airflow/.local/lib/python3.12/site-packages/airflow/example_dags/example_outlet_event_extra.py took 1.297 seconds
[2025-04-21T11:57:51.712+0000] {processor.py:186} INFO - Started process (PID=8152) to work on /home/airflow/.local/lib/python3.12/site-packages/airflow/example_dags/example_outlet_event_extra.py
[2025-04-21T11:57:51.716+0000] {processor.py:914} INFO - Processing file /home/airflow/.local/lib/python3.12/site-packages/airflow/example_dags/example_outlet_event_extra.py for tasks to queue
[2025-04-21T11:57:51.721+0000] {logging_mixin.py:190} INFO - [2025-04-21T11:57:51.721+0000] {dagbag.py:588} INFO - Filling up the DagBag from /home/airflow/.local/lib/python3.12/site-packages/airflow/example_dags/example_outlet_event_extra.py
[2025-04-21T11:57:52.853+0000] {processor.py:925} INFO - DAG(s) 'dataset_with_extra_by_yield', 'dataset_with_extra_from_classic_operator', 'dataset_with_extra_by_context' retrieved from /home/airflow/.local/lib/python3.12/site-packages/airflow/example_dags/example_outlet_event_extra.py
[2025-04-21T11:57:52.888+0000] {logging_mixin.py:190} INFO - [2025-04-21T11:57:52.888+0000] {dag.py:3239} INFO - Sync 3 DAGs
[2025-04-21T11:57:52.933+0000] {logging_mixin.py:190} INFO - [2025-04-21T11:57:52.932+0000] {dag.py:4180} INFO - Setting next_dagrun for dataset_with_extra_by_context to 2025-04-20 00:00:00+00:00, run_after=2025-04-21 00:00:00+00:00
[2025-04-21T11:57:52.943+0000] {logging_mixin.py:190} INFO - [2025-04-21T11:57:52.943+0000] {dag.py:4180} INFO - Setting next_dagrun for dataset_with_extra_by_yield to 2025-04-20 00:00:00+00:00, run_after=2025-04-21 00:00:00+00:00
[2025-04-21T11:57:52.947+0000] {logging_mixin.py:190} INFO - [2025-04-21T11:57:52.947+0000] {dag.py:4180} INFO - Setting next_dagrun for dataset_with_extra_from_classic_operator to 2025-04-20 00:00:00+00:00, run_after=2025-04-21 00:00:00+00:00
[2025-04-21T11:57:52.980+0000] {processor.py:208} INFO - Processing /home/airflow/.local/lib/python3.12/site-packages/airflow/example_dags/example_outlet_event_extra.py took 1.280 seconds
[2025-04-21T11:58:23.464+0000] {processor.py:186} INFO - Started process (PID=8218) to work on /home/airflow/.local/lib/python3.12/site-packages/airflow/example_dags/example_outlet_event_extra.py
[2025-04-21T11:58:23.465+0000] {processor.py:914} INFO - Processing file /home/airflow/.local/lib/python3.12/site-packages/airflow/example_dags/example_outlet_event_extra.py for tasks to queue
[2025-04-21T11:58:23.469+0000] {logging_mixin.py:190} INFO - [2025-04-21T11:58:23.468+0000] {dagbag.py:588} INFO - Filling up the DagBag from /home/airflow/.local/lib/python3.12/site-packages/airflow/example_dags/example_outlet_event_extra.py
[2025-04-21T11:58:24.677+0000] {processor.py:925} INFO - DAG(s) 'dataset_with_extra_from_classic_operator', 'dataset_with_extra_by_yield', 'dataset_with_extra_by_context' retrieved from /home/airflow/.local/lib/python3.12/site-packages/airflow/example_dags/example_outlet_event_extra.py
[2025-04-21T11:58:24.727+0000] {logging_mixin.py:190} INFO - [2025-04-21T11:58:24.727+0000] {dag.py:3239} INFO - Sync 3 DAGs
[2025-04-21T11:58:24.778+0000] {logging_mixin.py:190} INFO - [2025-04-21T11:58:24.777+0000] {dag.py:4180} INFO - Setting next_dagrun for dataset_with_extra_by_context to 2025-04-20 00:00:00+00:00, run_after=2025-04-21 00:00:00+00:00
[2025-04-21T11:58:24.790+0000] {logging_mixin.py:190} INFO - [2025-04-21T11:58:24.789+0000] {dag.py:4180} INFO - Setting next_dagrun for dataset_with_extra_by_yield to 2025-04-20 00:00:00+00:00, run_after=2025-04-21 00:00:00+00:00
[2025-04-21T11:58:24.796+0000] {logging_mixin.py:190} INFO - [2025-04-21T11:58:24.796+0000] {dag.py:4180} INFO - Setting next_dagrun for dataset_with_extra_from_classic_operator to 2025-04-20 00:00:00+00:00, run_after=2025-04-21 00:00:00+00:00
[2025-04-21T11:58:24.844+0000] {processor.py:208} INFO - Processing /home/airflow/.local/lib/python3.12/site-packages/airflow/example_dags/example_outlet_event_extra.py took 1.392 seconds
[2025-04-21T11:58:54.923+0000] {processor.py:186} INFO - Started process (PID=8282) to work on /home/airflow/.local/lib/python3.12/site-packages/airflow/example_dags/example_outlet_event_extra.py
[2025-04-21T11:58:54.925+0000] {processor.py:914} INFO - Processing file /home/airflow/.local/lib/python3.12/site-packages/airflow/example_dags/example_outlet_event_extra.py for tasks to queue
[2025-04-21T11:58:54.929+0000] {logging_mixin.py:190} INFO - [2025-04-21T11:58:54.928+0000] {dagbag.py:588} INFO - Filling up the DagBag from /home/airflow/.local/lib/python3.12/site-packages/airflow/example_dags/example_outlet_event_extra.py
[2025-04-21T11:58:55.980+0000] {processor.py:925} INFO - DAG(s) 'dataset_with_extra_from_classic_operator', 'dataset_with_extra_by_yield', 'dataset_with_extra_by_context' retrieved from /home/airflow/.local/lib/python3.12/site-packages/airflow/example_dags/example_outlet_event_extra.py
[2025-04-21T11:58:56.022+0000] {logging_mixin.py:190} INFO - [2025-04-21T11:58:56.022+0000] {dag.py:3239} INFO - Sync 3 DAGs
[2025-04-21T11:58:56.066+0000] {logging_mixin.py:190} INFO - [2025-04-21T11:58:56.065+0000] {dag.py:4180} INFO - Setting next_dagrun for dataset_with_extra_by_context to 2025-04-20 00:00:00+00:00, run_after=2025-04-21 00:00:00+00:00
[2025-04-21T11:58:56.074+0000] {logging_mixin.py:190} INFO - [2025-04-21T11:58:56.073+0000] {dag.py:4180} INFO - Setting next_dagrun for dataset_with_extra_by_yield to 2025-04-20 00:00:00+00:00, run_after=2025-04-21 00:00:00+00:00
[2025-04-21T11:58:56.078+0000] {logging_mixin.py:190} INFO - [2025-04-21T11:58:56.078+0000] {dag.py:4180} INFO - Setting next_dagrun for dataset_with_extra_from_classic_operator to 2025-04-20 00:00:00+00:00, run_after=2025-04-21 00:00:00+00:00
[2025-04-21T11:58:56.108+0000] {processor.py:208} INFO - Processing /home/airflow/.local/lib/python3.12/site-packages/airflow/example_dags/example_outlet_event_extra.py took 1.195 seconds
[2025-04-21T11:59:26.472+0000] {processor.py:186} INFO - Started process (PID=8346) to work on /home/airflow/.local/lib/python3.12/site-packages/airflow/example_dags/example_outlet_event_extra.py
[2025-04-21T11:59:26.474+0000] {processor.py:914} INFO - Processing file /home/airflow/.local/lib/python3.12/site-packages/airflow/example_dags/example_outlet_event_extra.py for tasks to queue
[2025-04-21T11:59:26.479+0000] {logging_mixin.py:190} INFO - [2025-04-21T11:59:26.478+0000] {dagbag.py:588} INFO - Filling up the DagBag from /home/airflow/.local/lib/python3.12/site-packages/airflow/example_dags/example_outlet_event_extra.py
[2025-04-21T11:59:27.442+0000] {processor.py:925} INFO - DAG(s) 'dataset_with_extra_from_classic_operator', 'dataset_with_extra_by_context', 'dataset_with_extra_by_yield' retrieved from /home/airflow/.local/lib/python3.12/site-packages/airflow/example_dags/example_outlet_event_extra.py
[2025-04-21T11:59:27.479+0000] {logging_mixin.py:190} INFO - [2025-04-21T11:59:27.479+0000] {dag.py:3239} INFO - Sync 3 DAGs
[2025-04-21T11:59:27.516+0000] {logging_mixin.py:190} INFO - [2025-04-21T11:59:27.515+0000] {dag.py:4180} INFO - Setting next_dagrun for dataset_with_extra_by_context to 2025-04-20 00:00:00+00:00, run_after=2025-04-21 00:00:00+00:00
[2025-04-21T11:59:27.525+0000] {logging_mixin.py:190} INFO - [2025-04-21T11:59:27.525+0000] {dag.py:4180} INFO - Setting next_dagrun for dataset_with_extra_by_yield to 2025-04-20 00:00:00+00:00, run_after=2025-04-21 00:00:00+00:00
[2025-04-21T11:59:27.530+0000] {logging_mixin.py:190} INFO - [2025-04-21T11:59:27.530+0000] {dag.py:4180} INFO - Setting next_dagrun for dataset_with_extra_from_classic_operator to 2025-04-20 00:00:00+00:00, run_after=2025-04-21 00:00:00+00:00
[2025-04-21T11:59:27.563+0000] {processor.py:208} INFO - Processing /home/airflow/.local/lib/python3.12/site-packages/airflow/example_dags/example_outlet_event_extra.py took 1.102 seconds
[2025-04-21T11:59:57.745+0000] {processor.py:186} INFO - Started process (PID=8410) to work on /home/airflow/.local/lib/python3.12/site-packages/airflow/example_dags/example_outlet_event_extra.py
[2025-04-21T11:59:57.747+0000] {processor.py:914} INFO - Processing file /home/airflow/.local/lib/python3.12/site-packages/airflow/example_dags/example_outlet_event_extra.py for tasks to queue
[2025-04-21T11:59:57.753+0000] {logging_mixin.py:190} INFO - [2025-04-21T11:59:57.752+0000] {dagbag.py:588} INFO - Filling up the DagBag from /home/airflow/.local/lib/python3.12/site-packages/airflow/example_dags/example_outlet_event_extra.py
[2025-04-21T11:59:58.879+0000] {processor.py:925} INFO - DAG(s) 'dataset_with_extra_by_yield', 'dataset_with_extra_by_context', 'dataset_with_extra_from_classic_operator' retrieved from /home/airflow/.local/lib/python3.12/site-packages/airflow/example_dags/example_outlet_event_extra.py
[2025-04-21T11:59:58.934+0000] {logging_mixin.py:190} INFO - [2025-04-21T11:59:58.934+0000] {dag.py:3239} INFO - Sync 3 DAGs
[2025-04-21T11:59:58.987+0000] {logging_mixin.py:190} INFO - [2025-04-21T11:59:58.987+0000] {dag.py:4180} INFO - Setting next_dagrun for dataset_with_extra_by_context to 2025-04-20 00:00:00+00:00, run_after=2025-04-21 00:00:00+00:00
[2025-04-21T11:59:58.999+0000] {logging_mixin.py:190} INFO - [2025-04-21T11:59:58.998+0000] {dag.py:4180} INFO - Setting next_dagrun for dataset_with_extra_by_yield to 2025-04-20 00:00:00+00:00, run_after=2025-04-21 00:00:00+00:00
[2025-04-21T11:59:59.005+0000] {logging_mixin.py:190} INFO - [2025-04-21T11:59:59.005+0000] {dag.py:4180} INFO - Setting next_dagrun for dataset_with_extra_from_classic_operator to 2025-04-20 00:00:00+00:00, run_after=2025-04-21 00:00:00+00:00
[2025-04-21T11:59:59.038+0000] {processor.py:208} INFO - Processing /home/airflow/.local/lib/python3.12/site-packages/airflow/example_dags/example_outlet_event_extra.py took 1.304 seconds
[2025-04-21T12:00:29.374+0000] {processor.py:186} INFO - Started process (PID=8474) to work on /home/airflow/.local/lib/python3.12/site-packages/airflow/example_dags/example_outlet_event_extra.py
[2025-04-21T12:00:29.376+0000] {processor.py:914} INFO - Processing file /home/airflow/.local/lib/python3.12/site-packages/airflow/example_dags/example_outlet_event_extra.py for tasks to queue
[2025-04-21T12:00:29.382+0000] {logging_mixin.py:190} INFO - [2025-04-21T12:00:29.381+0000] {dagbag.py:588} INFO - Filling up the DagBag from /home/airflow/.local/lib/python3.12/site-packages/airflow/example_dags/example_outlet_event_extra.py
[2025-04-21T12:00:30.505+0000] {processor.py:925} INFO - DAG(s) 'dataset_with_extra_by_yield', 'dataset_with_extra_from_classic_operator', 'dataset_with_extra_by_context' retrieved from /home/airflow/.local/lib/python3.12/site-packages/airflow/example_dags/example_outlet_event_extra.py
[2025-04-21T12:00:30.562+0000] {logging_mixin.py:190} INFO - [2025-04-21T12:00:30.561+0000] {dag.py:3239} INFO - Sync 3 DAGs
[2025-04-21T12:00:30.616+0000] {logging_mixin.py:190} INFO - [2025-04-21T12:00:30.616+0000] {dag.py:4180} INFO - Setting next_dagrun for dataset_with_extra_by_context to 2025-04-20 00:00:00+00:00, run_after=2025-04-21 00:00:00+00:00
[2025-04-21T12:00:30.630+0000] {logging_mixin.py:190} INFO - [2025-04-21T12:00:30.629+0000] {dag.py:4180} INFO - Setting next_dagrun for dataset_with_extra_by_yield to 2025-04-20 00:00:00+00:00, run_after=2025-04-21 00:00:00+00:00
[2025-04-21T12:00:30.637+0000] {logging_mixin.py:190} INFO - [2025-04-21T12:00:30.636+0000] {dag.py:4180} INFO - Setting next_dagrun for dataset_with_extra_from_classic_operator to 2025-04-20 00:00:00+00:00, run_after=2025-04-21 00:00:00+00:00
[2025-04-21T12:00:30.679+0000] {processor.py:208} INFO - Processing /home/airflow/.local/lib/python3.12/site-packages/airflow/example_dags/example_outlet_event_extra.py took 1.318 seconds
[2025-04-21T12:01:00.807+0000] {processor.py:186} INFO - Started process (PID=8537) to work on /home/airflow/.local/lib/python3.12/site-packages/airflow/example_dags/example_outlet_event_extra.py
[2025-04-21T12:01:00.809+0000] {processor.py:914} INFO - Processing file /home/airflow/.local/lib/python3.12/site-packages/airflow/example_dags/example_outlet_event_extra.py for tasks to queue
[2025-04-21T12:01:00.816+0000] {logging_mixin.py:190} INFO - [2025-04-21T12:01:00.815+0000] {dagbag.py:588} INFO - Filling up the DagBag from /home/airflow/.local/lib/python3.12/site-packages/airflow/example_dags/example_outlet_event_extra.py
[2025-04-21T12:01:01.928+0000] {processor.py:925} INFO - DAG(s) 'dataset_with_extra_from_classic_operator', 'dataset_with_extra_by_context', 'dataset_with_extra_by_yield' retrieved from /home/airflow/.local/lib/python3.12/site-packages/airflow/example_dags/example_outlet_event_extra.py
[2025-04-21T12:01:01.981+0000] {logging_mixin.py:190} INFO - [2025-04-21T12:01:01.980+0000] {dag.py:3239} INFO - Sync 3 DAGs
[2025-04-21T12:01:02.035+0000] {logging_mixin.py:190} INFO - [2025-04-21T12:01:02.034+0000] {dag.py:4180} INFO - Setting next_dagrun for dataset_with_extra_by_context to 2025-04-20 00:00:00+00:00, run_after=2025-04-21 00:00:00+00:00
[2025-04-21T12:01:02.046+0000] {logging_mixin.py:190} INFO - [2025-04-21T12:01:02.046+0000] {dag.py:4180} INFO - Setting next_dagrun for dataset_with_extra_by_yield to 2025-04-20 00:00:00+00:00, run_after=2025-04-21 00:00:00+00:00
[2025-04-21T12:01:02.053+0000] {logging_mixin.py:190} INFO - [2025-04-21T12:01:02.053+0000] {dag.py:4180} INFO - Setting next_dagrun for dataset_with_extra_from_classic_operator to 2025-04-20 00:00:00+00:00, run_after=2025-04-21 00:00:00+00:00
[2025-04-21T12:01:02.098+0000] {processor.py:208} INFO - Processing /home/airflow/.local/lib/python3.12/site-packages/airflow/example_dags/example_outlet_event_extra.py took 1.303 seconds
[2025-04-21T12:01:32.356+0000] {processor.py:186} INFO - Started process (PID=8601) to work on /home/airflow/.local/lib/python3.12/site-packages/airflow/example_dags/example_outlet_event_extra.py
[2025-04-21T12:01:32.358+0000] {processor.py:914} INFO - Processing file /home/airflow/.local/lib/python3.12/site-packages/airflow/example_dags/example_outlet_event_extra.py for tasks to queue
[2025-04-21T12:01:32.365+0000] {logging_mixin.py:190} INFO - [2025-04-21T12:01:32.364+0000] {dagbag.py:588} INFO - Filling up the DagBag from /home/airflow/.local/lib/python3.12/site-packages/airflow/example_dags/example_outlet_event_extra.py
[2025-04-21T12:01:33.562+0000] {processor.py:925} INFO - DAG(s) 'dataset_with_extra_by_context', 'dataset_with_extra_by_yield', 'dataset_with_extra_from_classic_operator' retrieved from /home/airflow/.local/lib/python3.12/site-packages/airflow/example_dags/example_outlet_event_extra.py
[2025-04-21T12:01:33.607+0000] {logging_mixin.py:190} INFO - [2025-04-21T12:01:33.607+0000] {dag.py:3239} INFO - Sync 3 DAGs
[2025-04-21T12:01:33.659+0000] {logging_mixin.py:190} INFO - [2025-04-21T12:01:33.658+0000] {dag.py:4180} INFO - Setting next_dagrun for dataset_with_extra_by_context to 2025-04-20 00:00:00+00:00, run_after=2025-04-21 00:00:00+00:00
[2025-04-21T12:01:33.670+0000] {logging_mixin.py:190} INFO - [2025-04-21T12:01:33.670+0000] {dag.py:4180} INFO - Setting next_dagrun for dataset_with_extra_by_yield to 2025-04-20 00:00:00+00:00, run_after=2025-04-21 00:00:00+00:00
[2025-04-21T12:01:33.677+0000] {logging_mixin.py:190} INFO - [2025-04-21T12:01:33.676+0000] {dag.py:4180} INFO - Setting next_dagrun for dataset_with_extra_from_classic_operator to 2025-04-20 00:00:00+00:00, run_after=2025-04-21 00:00:00+00:00
[2025-04-21T12:01:33.719+0000] {processor.py:208} INFO - Processing /home/airflow/.local/lib/python3.12/site-packages/airflow/example_dags/example_outlet_event_extra.py took 1.376 seconds
[2025-04-21T12:02:04.156+0000] {processor.py:186} INFO - Started process (PID=8666) to work on /home/airflow/.local/lib/python3.12/site-packages/airflow/example_dags/example_outlet_event_extra.py
[2025-04-21T12:02:04.158+0000] {processor.py:914} INFO - Processing file /home/airflow/.local/lib/python3.12/site-packages/airflow/example_dags/example_outlet_event_extra.py for tasks to queue
[2025-04-21T12:02:04.164+0000] {logging_mixin.py:190} INFO - [2025-04-21T12:02:04.163+0000] {dagbag.py:588} INFO - Filling up the DagBag from /home/airflow/.local/lib/python3.12/site-packages/airflow/example_dags/example_outlet_event_extra.py
[2025-04-21T12:02:05.283+0000] {processor.py:925} INFO - DAG(s) 'dataset_with_extra_from_classic_operator', 'dataset_with_extra_by_context', 'dataset_with_extra_by_yield' retrieved from /home/airflow/.local/lib/python3.12/site-packages/airflow/example_dags/example_outlet_event_extra.py
[2025-04-21T12:02:05.334+0000] {logging_mixin.py:190} INFO - [2025-04-21T12:02:05.333+0000] {dag.py:3239} INFO - Sync 3 DAGs
[2025-04-21T12:02:05.385+0000] {logging_mixin.py:190} INFO - [2025-04-21T12:02:05.385+0000] {dag.py:4180} INFO - Setting next_dagrun for dataset_with_extra_by_context to 2025-04-20 00:00:00+00:00, run_after=2025-04-21 00:00:00+00:00
[2025-04-21T12:02:05.396+0000] {logging_mixin.py:190} INFO - [2025-04-21T12:02:05.396+0000] {dag.py:4180} INFO - Setting next_dagrun for dataset_with_extra_by_yield to 2025-04-20 00:00:00+00:00, run_after=2025-04-21 00:00:00+00:00
[2025-04-21T12:02:05.403+0000] {logging_mixin.py:190} INFO - [2025-04-21T12:02:05.402+0000] {dag.py:4180} INFO - Setting next_dagrun for dataset_with_extra_from_classic_operator to 2025-04-20 00:00:00+00:00, run_after=2025-04-21 00:00:00+00:00
[2025-04-21T12:02:05.447+0000] {processor.py:208} INFO - Processing /home/airflow/.local/lib/python3.12/site-packages/airflow/example_dags/example_outlet_event_extra.py took 1.304 seconds
[2025-04-21T12:02:35.552+0000] {processor.py:186} INFO - Started process (PID=8730) to work on /home/airflow/.local/lib/python3.12/site-packages/airflow/example_dags/example_outlet_event_extra.py
[2025-04-21T12:02:35.554+0000] {processor.py:914} INFO - Processing file /home/airflow/.local/lib/python3.12/site-packages/airflow/example_dags/example_outlet_event_extra.py for tasks to queue
[2025-04-21T12:02:35.560+0000] {logging_mixin.py:190} INFO - [2025-04-21T12:02:35.559+0000] {dagbag.py:588} INFO - Filling up the DagBag from /home/airflow/.local/lib/python3.12/site-packages/airflow/example_dags/example_outlet_event_extra.py
[2025-04-21T12:02:36.775+0000] {processor.py:925} INFO - DAG(s) 'dataset_with_extra_from_classic_operator', 'dataset_with_extra_by_yield', 'dataset_with_extra_by_context' retrieved from /home/airflow/.local/lib/python3.12/site-packages/airflow/example_dags/example_outlet_event_extra.py
[2025-04-21T12:02:36.825+0000] {logging_mixin.py:190} INFO - [2025-04-21T12:02:36.824+0000] {dag.py:3239} INFO - Sync 3 DAGs
[2025-04-21T12:02:36.881+0000] {logging_mixin.py:190} INFO - [2025-04-21T12:02:36.880+0000] {dag.py:4180} INFO - Setting next_dagrun for dataset_with_extra_by_context to 2025-04-20 00:00:00+00:00, run_after=2025-04-21 00:00:00+00:00
[2025-04-21T12:02:36.892+0000] {logging_mixin.py:190} INFO - [2025-04-21T12:02:36.892+0000] {dag.py:4180} INFO - Setting next_dagrun for dataset_with_extra_by_yield to 2025-04-20 00:00:00+00:00, run_after=2025-04-21 00:00:00+00:00
[2025-04-21T12:02:36.899+0000] {logging_mixin.py:190} INFO - [2025-04-21T12:02:36.898+0000] {dag.py:4180} INFO - Setting next_dagrun for dataset_with_extra_from_classic_operator to 2025-04-20 00:00:00+00:00, run_after=2025-04-21 00:00:00+00:00
[2025-04-21T12:02:36.942+0000] {processor.py:208} INFO - Processing /home/airflow/.local/lib/python3.12/site-packages/airflow/example_dags/example_outlet_event_extra.py took 1.403 seconds
[2025-04-21T12:03:07.182+0000] {processor.py:186} INFO - Started process (PID=8794) to work on /home/airflow/.local/lib/python3.12/site-packages/airflow/example_dags/example_outlet_event_extra.py
[2025-04-21T12:03:07.184+0000] {processor.py:914} INFO - Processing file /home/airflow/.local/lib/python3.12/site-packages/airflow/example_dags/example_outlet_event_extra.py for tasks to queue
[2025-04-21T12:03:07.189+0000] {logging_mixin.py:190} INFO - [2025-04-21T12:03:07.188+0000] {dagbag.py:588} INFO - Filling up the DagBag from /home/airflow/.local/lib/python3.12/site-packages/airflow/example_dags/example_outlet_event_extra.py
[2025-04-21T12:03:08.167+0000] {processor.py:925} INFO - DAG(s) 'dataset_with_extra_by_context', 'dataset_with_extra_from_classic_operator', 'dataset_with_extra_by_yield' retrieved from /home/airflow/.local/lib/python3.12/site-packages/airflow/example_dags/example_outlet_event_extra.py
[2025-04-21T12:03:08.221+0000] {logging_mixin.py:190} INFO - [2025-04-21T12:03:08.220+0000] {dag.py:3239} INFO - Sync 3 DAGs
[2025-04-21T12:03:08.273+0000] {logging_mixin.py:190} INFO - [2025-04-21T12:03:08.273+0000] {dag.py:4180} INFO - Setting next_dagrun for dataset_with_extra_by_context to 2025-04-20 00:00:00+00:00, run_after=2025-04-21 00:00:00+00:00
[2025-04-21T12:03:08.285+0000] {logging_mixin.py:190} INFO - [2025-04-21T12:03:08.285+0000] {dag.py:4180} INFO - Setting next_dagrun for dataset_with_extra_by_yield to 2025-04-20 00:00:00+00:00, run_after=2025-04-21 00:00:00+00:00
[2025-04-21T12:03:08.291+0000] {logging_mixin.py:190} INFO - [2025-04-21T12:03:08.291+0000] {dag.py:4180} INFO - Setting next_dagrun for dataset_with_extra_from_classic_operator to 2025-04-20 00:00:00+00:00, run_after=2025-04-21 00:00:00+00:00
[2025-04-21T12:03:08.339+0000] {processor.py:208} INFO - Processing /home/airflow/.local/lib/python3.12/site-packages/airflow/example_dags/example_outlet_event_extra.py took 1.169 seconds
