[2025-04-21T10:53:06.930+0000] {processor.py:186} INFO - Started process (PID=125) to work on /home/airflow/.local/lib/python3.12/site-packages/airflow/example_dags/example_kubernetes_executor.py
[2025-04-21T10:53:06.931+0000] {processor.py:914} INFO - Processing file /home/airflow/.local/lib/python3.12/site-packages/airflow/example_dags/example_kubernetes_executor.py for tasks to queue
[2025-04-21T10:53:06.933+0000] {logging_mixin.py:190} INFO - [2025-04-21T10:53:06.932+0000] {dagbag.py:588} INFO - Filling up the DagBag from /home/airflow/.local/lib/python3.12/site-packages/airflow/example_dags/example_kubernetes_executor.py
[2025-04-21T10:53:06.946+0000] {processor.py:925} INFO - DAG(s) 'example_kubernetes_executor' retrieved from /home/airflow/.local/lib/python3.12/site-packages/airflow/example_dags/example_kubernetes_executor.py
[2025-04-21T10:53:07.044+0000] {logging_mixin.py:190} INFO - [2025-04-21T10:53:07.043+0000] {override.py:1912} INFO - Created Permission View: can edit on DAG:example_kubernetes_executor
[2025-04-21T10:53:07.053+0000] {logging_mixin.py:190} INFO - [2025-04-21T10:53:07.053+0000] {override.py:1912} INFO - Created Permission View: can read on DAG:example_kubernetes_executor
[2025-04-21T10:53:07.059+0000] {logging_mixin.py:190} INFO - [2025-04-21T10:53:07.059+0000] {override.py:1912} INFO - Created Permission View: can delete on DAG:example_kubernetes_executor
[2025-04-21T10:53:07.067+0000] {logging_mixin.py:190} INFO - [2025-04-21T10:53:07.066+0000] {override.py:1912} INFO - Created Permission View: menu access on DAG Run:example_kubernetes_executor
[2025-04-21T10:53:07.074+0000] {logging_mixin.py:190} INFO - [2025-04-21T10:53:07.074+0000] {override.py:1912} INFO - Created Permission View: can create on DAG Run:example_kubernetes_executor
[2025-04-21T10:53:07.081+0000] {logging_mixin.py:190} INFO - [2025-04-21T10:53:07.080+0000] {override.py:1912} INFO - Created Permission View: can read on DAG Run:example_kubernetes_executor
[2025-04-21T10:53:07.089+0000] {logging_mixin.py:190} INFO - [2025-04-21T10:53:07.088+0000] {override.py:1912} INFO - Created Permission View: can delete on DAG Run:example_kubernetes_executor
[2025-04-21T10:53:07.089+0000] {logging_mixin.py:190} INFO - [2025-04-21T10:53:07.089+0000] {dag.py:3239} INFO - Sync 1 DAGs
[2025-04-21T10:53:07.100+0000] {logging_mixin.py:190} INFO - [2025-04-21T10:53:07.099+0000] {dag.py:3262} INFO - Creating ORM DAG for example_kubernetes_executor
[2025-04-21T10:53:07.100+0000] {logging_mixin.py:190} INFO - [2025-04-21T10:53:07.100+0000] {dag.py:4180} INFO - Setting next_dagrun for example_kubernetes_executor to None, run_after=None
[2025-04-21T10:53:07.114+0000] {processor.py:208} INFO - Processing /home/airflow/.local/lib/python3.12/site-packages/airflow/example_dags/example_kubernetes_executor.py took 0.188 seconds
[2025-04-21T10:53:37.569+0000] {processor.py:186} INFO - Started process (PID=191) to work on /home/airflow/.local/lib/python3.12/site-packages/airflow/example_dags/example_kubernetes_executor.py
[2025-04-21T10:53:37.570+0000] {processor.py:914} INFO - Processing file /home/airflow/.local/lib/python3.12/site-packages/airflow/example_dags/example_kubernetes_executor.py for tasks to queue
[2025-04-21T10:53:37.572+0000] {logging_mixin.py:190} INFO - [2025-04-21T10:53:37.572+0000] {dagbag.py:588} INFO - Filling up the DagBag from /home/airflow/.local/lib/python3.12/site-packages/airflow/example_dags/example_kubernetes_executor.py
[2025-04-21T10:53:37.587+0000] {processor.py:925} INFO - DAG(s) 'example_kubernetes_executor' retrieved from /home/airflow/.local/lib/python3.12/site-packages/airflow/example_dags/example_kubernetes_executor.py
[2025-04-21T10:53:37.609+0000] {logging_mixin.py:190} INFO - [2025-04-21T10:53:37.609+0000] {dag.py:3239} INFO - Sync 1 DAGs
[2025-04-21T10:53:37.624+0000] {logging_mixin.py:190} INFO - [2025-04-21T10:53:37.623+0000] {dag.py:4180} INFO - Setting next_dagrun for example_kubernetes_executor to None, run_after=None
[2025-04-21T10:53:37.648+0000] {processor.py:208} INFO - Processing /home/airflow/.local/lib/python3.12/site-packages/airflow/example_dags/example_kubernetes_executor.py took 0.085 seconds
[2025-04-21T10:54:08.305+0000] {processor.py:186} INFO - Started process (PID=250) to work on /home/airflow/.local/lib/python3.12/site-packages/airflow/example_dags/example_kubernetes_executor.py
[2025-04-21T10:54:08.306+0000] {processor.py:914} INFO - Processing file /home/airflow/.local/lib/python3.12/site-packages/airflow/example_dags/example_kubernetes_executor.py for tasks to queue
[2025-04-21T10:54:08.308+0000] {logging_mixin.py:190} INFO - [2025-04-21T10:54:08.308+0000] {dagbag.py:588} INFO - Filling up the DagBag from /home/airflow/.local/lib/python3.12/site-packages/airflow/example_dags/example_kubernetes_executor.py
[2025-04-21T10:54:08.320+0000] {processor.py:925} INFO - DAG(s) 'example_kubernetes_executor' retrieved from /home/airflow/.local/lib/python3.12/site-packages/airflow/example_dags/example_kubernetes_executor.py
[2025-04-21T10:54:08.341+0000] {logging_mixin.py:190} INFO - [2025-04-21T10:54:08.341+0000] {dag.py:3239} INFO - Sync 1 DAGs
[2025-04-21T10:54:08.352+0000] {logging_mixin.py:190} INFO - [2025-04-21T10:54:08.352+0000] {dag.py:4180} INFO - Setting next_dagrun for example_kubernetes_executor to None, run_after=None
[2025-04-21T10:54:08.368+0000] {processor.py:208} INFO - Processing /home/airflow/.local/lib/python3.12/site-packages/airflow/example_dags/example_kubernetes_executor.py took 0.067 seconds
[2025-04-21T10:54:39.244+0000] {processor.py:186} INFO - Started process (PID=312) to work on /home/airflow/.local/lib/python3.12/site-packages/airflow/example_dags/example_kubernetes_executor.py
[2025-04-21T10:54:39.244+0000] {processor.py:914} INFO - Processing file /home/airflow/.local/lib/python3.12/site-packages/airflow/example_dags/example_kubernetes_executor.py for tasks to queue
[2025-04-21T10:54:39.247+0000] {logging_mixin.py:190} INFO - [2025-04-21T10:54:39.246+0000] {dagbag.py:588} INFO - Filling up the DagBag from /home/airflow/.local/lib/python3.12/site-packages/airflow/example_dags/example_kubernetes_executor.py
[2025-04-21T10:54:39.258+0000] {processor.py:925} INFO - DAG(s) 'example_kubernetes_executor' retrieved from /home/airflow/.local/lib/python3.12/site-packages/airflow/example_dags/example_kubernetes_executor.py
[2025-04-21T10:54:39.276+0000] {logging_mixin.py:190} INFO - [2025-04-21T10:54:39.276+0000] {dag.py:3239} INFO - Sync 1 DAGs
[2025-04-21T10:54:39.288+0000] {logging_mixin.py:190} INFO - [2025-04-21T10:54:39.287+0000] {dag.py:4180} INFO - Setting next_dagrun for example_kubernetes_executor to None, run_after=None
[2025-04-21T10:54:39.302+0000] {processor.py:208} INFO - Processing /home/airflow/.local/lib/python3.12/site-packages/airflow/example_dags/example_kubernetes_executor.py took 0.063 seconds
[2025-04-21T10:55:10.173+0000] {processor.py:186} INFO - Started process (PID=375) to work on /home/airflow/.local/lib/python3.12/site-packages/airflow/example_dags/example_kubernetes_executor.py
[2025-04-21T10:55:10.173+0000] {processor.py:914} INFO - Processing file /home/airflow/.local/lib/python3.12/site-packages/airflow/example_dags/example_kubernetes_executor.py for tasks to queue
[2025-04-21T10:55:10.175+0000] {logging_mixin.py:190} INFO - [2025-04-21T10:55:10.175+0000] {dagbag.py:588} INFO - Filling up the DagBag from /home/airflow/.local/lib/python3.12/site-packages/airflow/example_dags/example_kubernetes_executor.py
[2025-04-21T10:55:10.187+0000] {processor.py:925} INFO - DAG(s) 'example_kubernetes_executor' retrieved from /home/airflow/.local/lib/python3.12/site-packages/airflow/example_dags/example_kubernetes_executor.py
[2025-04-21T10:55:10.205+0000] {logging_mixin.py:190} INFO - [2025-04-21T10:55:10.205+0000] {dag.py:3239} INFO - Sync 1 DAGs
[2025-04-21T10:55:10.217+0000] {logging_mixin.py:190} INFO - [2025-04-21T10:55:10.217+0000] {dag.py:4180} INFO - Setting next_dagrun for example_kubernetes_executor to None, run_after=None
[2025-04-21T10:55:10.231+0000] {processor.py:208} INFO - Processing /home/airflow/.local/lib/python3.12/site-packages/airflow/example_dags/example_kubernetes_executor.py took 0.062 seconds
[2025-04-21T10:55:41.516+0000] {processor.py:186} INFO - Started process (PID=438) to work on /home/airflow/.local/lib/python3.12/site-packages/airflow/example_dags/example_kubernetes_executor.py
[2025-04-21T10:55:41.516+0000] {processor.py:914} INFO - Processing file /home/airflow/.local/lib/python3.12/site-packages/airflow/example_dags/example_kubernetes_executor.py for tasks to queue
[2025-04-21T10:55:41.518+0000] {logging_mixin.py:190} INFO - [2025-04-21T10:55:41.518+0000] {dagbag.py:588} INFO - Filling up the DagBag from /home/airflow/.local/lib/python3.12/site-packages/airflow/example_dags/example_kubernetes_executor.py
[2025-04-21T10:55:41.529+0000] {processor.py:925} INFO - DAG(s) 'example_kubernetes_executor' retrieved from /home/airflow/.local/lib/python3.12/site-packages/airflow/example_dags/example_kubernetes_executor.py
[2025-04-21T10:55:41.546+0000] {logging_mixin.py:190} INFO - [2025-04-21T10:55:41.546+0000] {dag.py:3239} INFO - Sync 1 DAGs
[2025-04-21T10:55:41.555+0000] {logging_mixin.py:190} INFO - [2025-04-21T10:55:41.555+0000] {dag.py:4180} INFO - Setting next_dagrun for example_kubernetes_executor to None, run_after=None
[2025-04-21T10:55:41.569+0000] {processor.py:208} INFO - Processing /home/airflow/.local/lib/python3.12/site-packages/airflow/example_dags/example_kubernetes_executor.py took 0.058 seconds
[2025-04-21T10:56:12.144+0000] {processor.py:186} INFO - Started process (PID=501) to work on /home/airflow/.local/lib/python3.12/site-packages/airflow/example_dags/example_kubernetes_executor.py
[2025-04-21T10:56:12.145+0000] {processor.py:914} INFO - Processing file /home/airflow/.local/lib/python3.12/site-packages/airflow/example_dags/example_kubernetes_executor.py for tasks to queue
[2025-04-21T10:56:12.147+0000] {logging_mixin.py:190} INFO - [2025-04-21T10:56:12.147+0000] {dagbag.py:588} INFO - Filling up the DagBag from /home/airflow/.local/lib/python3.12/site-packages/airflow/example_dags/example_kubernetes_executor.py
[2025-04-21T10:56:12.157+0000] {processor.py:925} INFO - DAG(s) 'example_kubernetes_executor' retrieved from /home/airflow/.local/lib/python3.12/site-packages/airflow/example_dags/example_kubernetes_executor.py
[2025-04-21T10:56:12.176+0000] {logging_mixin.py:190} INFO - [2025-04-21T10:56:12.176+0000] {dag.py:3239} INFO - Sync 1 DAGs
[2025-04-21T10:56:12.187+0000] {logging_mixin.py:190} INFO - [2025-04-21T10:56:12.187+0000] {dag.py:4180} INFO - Setting next_dagrun for example_kubernetes_executor to None, run_after=None
[2025-04-21T10:56:12.201+0000] {processor.py:208} INFO - Processing /home/airflow/.local/lib/python3.12/site-packages/airflow/example_dags/example_kubernetes_executor.py took 0.061 seconds
[2025-04-21T10:56:43.245+0000] {processor.py:186} INFO - Started process (PID=564) to work on /home/airflow/.local/lib/python3.12/site-packages/airflow/example_dags/example_kubernetes_executor.py
[2025-04-21T10:56:43.246+0000] {processor.py:914} INFO - Processing file /home/airflow/.local/lib/python3.12/site-packages/airflow/example_dags/example_kubernetes_executor.py for tasks to queue
[2025-04-21T10:56:43.247+0000] {logging_mixin.py:190} INFO - [2025-04-21T10:56:43.247+0000] {dagbag.py:588} INFO - Filling up the DagBag from /home/airflow/.local/lib/python3.12/site-packages/airflow/example_dags/example_kubernetes_executor.py
[2025-04-21T10:56:43.258+0000] {processor.py:925} INFO - DAG(s) 'example_kubernetes_executor' retrieved from /home/airflow/.local/lib/python3.12/site-packages/airflow/example_dags/example_kubernetes_executor.py
[2025-04-21T10:56:43.277+0000] {logging_mixin.py:190} INFO - [2025-04-21T10:56:43.277+0000] {dag.py:3239} INFO - Sync 1 DAGs
[2025-04-21T10:56:43.288+0000] {logging_mixin.py:190} INFO - [2025-04-21T10:56:43.288+0000] {dag.py:4180} INFO - Setting next_dagrun for example_kubernetes_executor to None, run_after=None
[2025-04-21T10:56:43.303+0000] {processor.py:208} INFO - Processing /home/airflow/.local/lib/python3.12/site-packages/airflow/example_dags/example_kubernetes_executor.py took 0.063 seconds
[2025-04-21T10:57:14.341+0000] {processor.py:186} INFO - Started process (PID=626) to work on /home/airflow/.local/lib/python3.12/site-packages/airflow/example_dags/example_kubernetes_executor.py
[2025-04-21T10:57:14.342+0000] {processor.py:914} INFO - Processing file /home/airflow/.local/lib/python3.12/site-packages/airflow/example_dags/example_kubernetes_executor.py for tasks to queue
[2025-04-21T10:57:14.344+0000] {logging_mixin.py:190} INFO - [2025-04-21T10:57:14.344+0000] {dagbag.py:588} INFO - Filling up the DagBag from /home/airflow/.local/lib/python3.12/site-packages/airflow/example_dags/example_kubernetes_executor.py
[2025-04-21T10:57:14.354+0000] {processor.py:925} INFO - DAG(s) 'example_kubernetes_executor' retrieved from /home/airflow/.local/lib/python3.12/site-packages/airflow/example_dags/example_kubernetes_executor.py
[2025-04-21T10:57:14.373+0000] {logging_mixin.py:190} INFO - [2025-04-21T10:57:14.372+0000] {dag.py:3239} INFO - Sync 1 DAGs
[2025-04-21T10:57:14.384+0000] {logging_mixin.py:190} INFO - [2025-04-21T10:57:14.384+0000] {dag.py:4180} INFO - Setting next_dagrun for example_kubernetes_executor to None, run_after=None
[2025-04-21T10:57:14.399+0000] {processor.py:208} INFO - Processing /home/airflow/.local/lib/python3.12/site-packages/airflow/example_dags/example_kubernetes_executor.py took 0.062 seconds
[2025-04-21T10:57:44.980+0000] {processor.py:186} INFO - Started process (PID=689) to work on /home/airflow/.local/lib/python3.12/site-packages/airflow/example_dags/example_kubernetes_executor.py
[2025-04-21T10:57:44.981+0000] {processor.py:914} INFO - Processing file /home/airflow/.local/lib/python3.12/site-packages/airflow/example_dags/example_kubernetes_executor.py for tasks to queue
[2025-04-21T10:57:44.982+0000] {logging_mixin.py:190} INFO - [2025-04-21T10:57:44.982+0000] {dagbag.py:588} INFO - Filling up the DagBag from /home/airflow/.local/lib/python3.12/site-packages/airflow/example_dags/example_kubernetes_executor.py
[2025-04-21T10:57:44.992+0000] {processor.py:925} INFO - DAG(s) 'example_kubernetes_executor' retrieved from /home/airflow/.local/lib/python3.12/site-packages/airflow/example_dags/example_kubernetes_executor.py
[2025-04-21T10:57:45.012+0000] {logging_mixin.py:190} INFO - [2025-04-21T10:57:45.012+0000] {dag.py:3239} INFO - Sync 1 DAGs
[2025-04-21T10:57:45.024+0000] {logging_mixin.py:190} INFO - [2025-04-21T10:57:45.023+0000] {dag.py:4180} INFO - Setting next_dagrun for example_kubernetes_executor to None, run_after=None
[2025-04-21T10:57:45.038+0000] {processor.py:208} INFO - Processing /home/airflow/.local/lib/python3.12/site-packages/airflow/example_dags/example_kubernetes_executor.py took 0.063 seconds
[2025-04-21T10:58:15.642+0000] {processor.py:186} INFO - Started process (PID=752) to work on /home/airflow/.local/lib/python3.12/site-packages/airflow/example_dags/example_kubernetes_executor.py
[2025-04-21T10:58:15.643+0000] {processor.py:914} INFO - Processing file /home/airflow/.local/lib/python3.12/site-packages/airflow/example_dags/example_kubernetes_executor.py for tasks to queue
[2025-04-21T10:58:15.644+0000] {logging_mixin.py:190} INFO - [2025-04-21T10:58:15.644+0000] {dagbag.py:588} INFO - Filling up the DagBag from /home/airflow/.local/lib/python3.12/site-packages/airflow/example_dags/example_kubernetes_executor.py
[2025-04-21T10:58:15.655+0000] {processor.py:925} INFO - DAG(s) 'example_kubernetes_executor' retrieved from /home/airflow/.local/lib/python3.12/site-packages/airflow/example_dags/example_kubernetes_executor.py
[2025-04-21T10:58:15.674+0000] {logging_mixin.py:190} INFO - [2025-04-21T10:58:15.674+0000] {dag.py:3239} INFO - Sync 1 DAGs
[2025-04-21T10:58:15.685+0000] {logging_mixin.py:190} INFO - [2025-04-21T10:58:15.685+0000] {dag.py:4180} INFO - Setting next_dagrun for example_kubernetes_executor to None, run_after=None
[2025-04-21T10:58:15.702+0000] {processor.py:208} INFO - Processing /home/airflow/.local/lib/python3.12/site-packages/airflow/example_dags/example_kubernetes_executor.py took 0.064 seconds
[2025-04-21T10:58:46.665+0000] {processor.py:186} INFO - Started process (PID=815) to work on /home/airflow/.local/lib/python3.12/site-packages/airflow/example_dags/example_kubernetes_executor.py
[2025-04-21T10:58:46.666+0000] {processor.py:914} INFO - Processing file /home/airflow/.local/lib/python3.12/site-packages/airflow/example_dags/example_kubernetes_executor.py for tasks to queue
[2025-04-21T10:58:46.668+0000] {logging_mixin.py:190} INFO - [2025-04-21T10:58:46.668+0000] {dagbag.py:588} INFO - Filling up the DagBag from /home/airflow/.local/lib/python3.12/site-packages/airflow/example_dags/example_kubernetes_executor.py
[2025-04-21T10:58:46.679+0000] {processor.py:925} INFO - DAG(s) 'example_kubernetes_executor' retrieved from /home/airflow/.local/lib/python3.12/site-packages/airflow/example_dags/example_kubernetes_executor.py
[2025-04-21T10:58:46.697+0000] {logging_mixin.py:190} INFO - [2025-04-21T10:58:46.697+0000] {dag.py:3239} INFO - Sync 1 DAGs
[2025-04-21T10:58:46.708+0000] {logging_mixin.py:190} INFO - [2025-04-21T10:58:46.708+0000] {dag.py:4180} INFO - Setting next_dagrun for example_kubernetes_executor to None, run_after=None
[2025-04-21T10:58:46.722+0000] {processor.py:208} INFO - Processing /home/airflow/.local/lib/python3.12/site-packages/airflow/example_dags/example_kubernetes_executor.py took 0.061 seconds
[2025-04-21T10:59:17.437+0000] {processor.py:186} INFO - Started process (PID=878) to work on /home/airflow/.local/lib/python3.12/site-packages/airflow/example_dags/example_kubernetes_executor.py
[2025-04-21T10:59:17.438+0000] {processor.py:914} INFO - Processing file /home/airflow/.local/lib/python3.12/site-packages/airflow/example_dags/example_kubernetes_executor.py for tasks to queue
[2025-04-21T10:59:17.440+0000] {logging_mixin.py:190} INFO - [2025-04-21T10:59:17.440+0000] {dagbag.py:588} INFO - Filling up the DagBag from /home/airflow/.local/lib/python3.12/site-packages/airflow/example_dags/example_kubernetes_executor.py
[2025-04-21T10:59:17.450+0000] {processor.py:925} INFO - DAG(s) 'example_kubernetes_executor' retrieved from /home/airflow/.local/lib/python3.12/site-packages/airflow/example_dags/example_kubernetes_executor.py
[2025-04-21T10:59:17.468+0000] {logging_mixin.py:190} INFO - [2025-04-21T10:59:17.468+0000] {dag.py:3239} INFO - Sync 1 DAGs
[2025-04-21T10:59:17.479+0000] {logging_mixin.py:190} INFO - [2025-04-21T10:59:17.478+0000] {dag.py:4180} INFO - Setting next_dagrun for example_kubernetes_executor to None, run_after=None
[2025-04-21T10:59:17.494+0000] {processor.py:208} INFO - Processing /home/airflow/.local/lib/python3.12/site-packages/airflow/example_dags/example_kubernetes_executor.py took 0.062 seconds
[2025-04-21T10:59:48.410+0000] {processor.py:186} INFO - Started process (PID=941) to work on /home/airflow/.local/lib/python3.12/site-packages/airflow/example_dags/example_kubernetes_executor.py
[2025-04-21T10:59:48.411+0000] {processor.py:914} INFO - Processing file /home/airflow/.local/lib/python3.12/site-packages/airflow/example_dags/example_kubernetes_executor.py for tasks to queue
[2025-04-21T10:59:48.413+0000] {logging_mixin.py:190} INFO - [2025-04-21T10:59:48.412+0000] {dagbag.py:588} INFO - Filling up the DagBag from /home/airflow/.local/lib/python3.12/site-packages/airflow/example_dags/example_kubernetes_executor.py
[2025-04-21T10:59:48.423+0000] {processor.py:925} INFO - DAG(s) 'example_kubernetes_executor' retrieved from /home/airflow/.local/lib/python3.12/site-packages/airflow/example_dags/example_kubernetes_executor.py
[2025-04-21T10:59:48.441+0000] {logging_mixin.py:190} INFO - [2025-04-21T10:59:48.441+0000] {dag.py:3239} INFO - Sync 1 DAGs
[2025-04-21T10:59:48.453+0000] {logging_mixin.py:190} INFO - [2025-04-21T10:59:48.453+0000] {dag.py:4180} INFO - Setting next_dagrun for example_kubernetes_executor to None, run_after=None
[2025-04-21T10:59:48.466+0000] {processor.py:208} INFO - Processing /home/airflow/.local/lib/python3.12/site-packages/airflow/example_dags/example_kubernetes_executor.py took 0.060 seconds
[2025-04-21T11:00:19.225+0000] {processor.py:186} INFO - Started process (PID=1005) to work on /home/airflow/.local/lib/python3.12/site-packages/airflow/example_dags/example_kubernetes_executor.py
[2025-04-21T11:00:19.226+0000] {processor.py:914} INFO - Processing file /home/airflow/.local/lib/python3.12/site-packages/airflow/example_dags/example_kubernetes_executor.py for tasks to queue
[2025-04-21T11:00:19.228+0000] {logging_mixin.py:190} INFO - [2025-04-21T11:00:19.228+0000] {dagbag.py:588} INFO - Filling up the DagBag from /home/airflow/.local/lib/python3.12/site-packages/airflow/example_dags/example_kubernetes_executor.py
[2025-04-21T11:00:19.240+0000] {processor.py:925} INFO - DAG(s) 'example_kubernetes_executor' retrieved from /home/airflow/.local/lib/python3.12/site-packages/airflow/example_dags/example_kubernetes_executor.py
[2025-04-21T11:00:19.260+0000] {logging_mixin.py:190} INFO - [2025-04-21T11:00:19.260+0000] {dag.py:3239} INFO - Sync 1 DAGs
[2025-04-21T11:00:19.272+0000] {logging_mixin.py:190} INFO - [2025-04-21T11:00:19.272+0000] {dag.py:4180} INFO - Setting next_dagrun for example_kubernetes_executor to None, run_after=None
[2025-04-21T11:00:19.287+0000] {processor.py:208} INFO - Processing /home/airflow/.local/lib/python3.12/site-packages/airflow/example_dags/example_kubernetes_executor.py took 0.066 seconds
[2025-04-21T11:00:49.895+0000] {processor.py:186} INFO - Started process (PID=1068) to work on /home/airflow/.local/lib/python3.12/site-packages/airflow/example_dags/example_kubernetes_executor.py
[2025-04-21T11:00:49.896+0000] {processor.py:914} INFO - Processing file /home/airflow/.local/lib/python3.12/site-packages/airflow/example_dags/example_kubernetes_executor.py for tasks to queue
[2025-04-21T11:00:49.898+0000] {logging_mixin.py:190} INFO - [2025-04-21T11:00:49.898+0000] {dagbag.py:588} INFO - Filling up the DagBag from /home/airflow/.local/lib/python3.12/site-packages/airflow/example_dags/example_kubernetes_executor.py
[2025-04-21T11:00:49.909+0000] {processor.py:925} INFO - DAG(s) 'example_kubernetes_executor' retrieved from /home/airflow/.local/lib/python3.12/site-packages/airflow/example_dags/example_kubernetes_executor.py
[2025-04-21T11:00:49.931+0000] {logging_mixin.py:190} INFO - [2025-04-21T11:00:49.930+0000] {dag.py:3239} INFO - Sync 1 DAGs
[2025-04-21T11:00:49.944+0000] {logging_mixin.py:190} INFO - [2025-04-21T11:00:49.944+0000] {dag.py:4180} INFO - Setting next_dagrun for example_kubernetes_executor to None, run_after=None
[2025-04-21T11:00:49.962+0000] {processor.py:208} INFO - Processing /home/airflow/.local/lib/python3.12/site-packages/airflow/example_dags/example_kubernetes_executor.py took 0.071 seconds
[2025-04-21T11:01:20.816+0000] {processor.py:186} INFO - Started process (PID=1130) to work on /home/airflow/.local/lib/python3.12/site-packages/airflow/example_dags/example_kubernetes_executor.py
[2025-04-21T11:01:20.816+0000] {processor.py:914} INFO - Processing file /home/airflow/.local/lib/python3.12/site-packages/airflow/example_dags/example_kubernetes_executor.py for tasks to queue
[2025-04-21T11:01:20.818+0000] {logging_mixin.py:190} INFO - [2025-04-21T11:01:20.818+0000] {dagbag.py:588} INFO - Filling up the DagBag from /home/airflow/.local/lib/python3.12/site-packages/airflow/example_dags/example_kubernetes_executor.py
[2025-04-21T11:01:20.828+0000] {processor.py:925} INFO - DAG(s) 'example_kubernetes_executor' retrieved from /home/airflow/.local/lib/python3.12/site-packages/airflow/example_dags/example_kubernetes_executor.py
[2025-04-21T11:01:20.847+0000] {logging_mixin.py:190} INFO - [2025-04-21T11:01:20.846+0000] {dag.py:3239} INFO - Sync 1 DAGs
[2025-04-21T11:01:20.858+0000] {logging_mixin.py:190} INFO - [2025-04-21T11:01:20.858+0000] {dag.py:4180} INFO - Setting next_dagrun for example_kubernetes_executor to None, run_after=None
[2025-04-21T11:01:20.875+0000] {processor.py:208} INFO - Processing /home/airflow/.local/lib/python3.12/site-packages/airflow/example_dags/example_kubernetes_executor.py took 0.063 seconds
[2025-04-21T11:01:51.694+0000] {processor.py:186} INFO - Started process (PID=1193) to work on /home/airflow/.local/lib/python3.12/site-packages/airflow/example_dags/example_kubernetes_executor.py
[2025-04-21T11:01:51.695+0000] {processor.py:914} INFO - Processing file /home/airflow/.local/lib/python3.12/site-packages/airflow/example_dags/example_kubernetes_executor.py for tasks to queue
[2025-04-21T11:01:51.696+0000] {logging_mixin.py:190} INFO - [2025-04-21T11:01:51.696+0000] {dagbag.py:588} INFO - Filling up the DagBag from /home/airflow/.local/lib/python3.12/site-packages/airflow/example_dags/example_kubernetes_executor.py
[2025-04-21T11:01:51.706+0000] {processor.py:925} INFO - DAG(s) 'example_kubernetes_executor' retrieved from /home/airflow/.local/lib/python3.12/site-packages/airflow/example_dags/example_kubernetes_executor.py
[2025-04-21T11:01:51.724+0000] {logging_mixin.py:190} INFO - [2025-04-21T11:01:51.724+0000] {dag.py:3239} INFO - Sync 1 DAGs
[2025-04-21T11:01:51.735+0000] {logging_mixin.py:190} INFO - [2025-04-21T11:01:51.735+0000] {dag.py:4180} INFO - Setting next_dagrun for example_kubernetes_executor to None, run_after=None
[2025-04-21T11:01:51.748+0000] {processor.py:208} INFO - Processing /home/airflow/.local/lib/python3.12/site-packages/airflow/example_dags/example_kubernetes_executor.py took 0.058 seconds
[2025-04-21T11:02:22.550+0000] {processor.py:186} INFO - Started process (PID=1256) to work on /home/airflow/.local/lib/python3.12/site-packages/airflow/example_dags/example_kubernetes_executor.py
[2025-04-21T11:02:22.551+0000] {processor.py:914} INFO - Processing file /home/airflow/.local/lib/python3.12/site-packages/airflow/example_dags/example_kubernetes_executor.py for tasks to queue
[2025-04-21T11:02:22.553+0000] {logging_mixin.py:190} INFO - [2025-04-21T11:02:22.553+0000] {dagbag.py:588} INFO - Filling up the DagBag from /home/airflow/.local/lib/python3.12/site-packages/airflow/example_dags/example_kubernetes_executor.py
[2025-04-21T11:02:22.563+0000] {processor.py:925} INFO - DAG(s) 'example_kubernetes_executor' retrieved from /home/airflow/.local/lib/python3.12/site-packages/airflow/example_dags/example_kubernetes_executor.py
[2025-04-21T11:02:22.581+0000] {logging_mixin.py:190} INFO - [2025-04-21T11:02:22.580+0000] {dag.py:3239} INFO - Sync 1 DAGs
[2025-04-21T11:02:22.592+0000] {logging_mixin.py:190} INFO - [2025-04-21T11:02:22.592+0000] {dag.py:4180} INFO - Setting next_dagrun for example_kubernetes_executor to None, run_after=None
[2025-04-21T11:02:22.604+0000] {processor.py:208} INFO - Processing /home/airflow/.local/lib/python3.12/site-packages/airflow/example_dags/example_kubernetes_executor.py took 0.058 seconds
[2025-04-21T11:02:53.418+0000] {processor.py:186} INFO - Started process (PID=1319) to work on /home/airflow/.local/lib/python3.12/site-packages/airflow/example_dags/example_kubernetes_executor.py
[2025-04-21T11:02:53.419+0000] {processor.py:914} INFO - Processing file /home/airflow/.local/lib/python3.12/site-packages/airflow/example_dags/example_kubernetes_executor.py for tasks to queue
[2025-04-21T11:02:53.421+0000] {logging_mixin.py:190} INFO - [2025-04-21T11:02:53.421+0000] {dagbag.py:588} INFO - Filling up the DagBag from /home/airflow/.local/lib/python3.12/site-packages/airflow/example_dags/example_kubernetes_executor.py
[2025-04-21T11:02:53.431+0000] {processor.py:925} INFO - DAG(s) 'example_kubernetes_executor' retrieved from /home/airflow/.local/lib/python3.12/site-packages/airflow/example_dags/example_kubernetes_executor.py
[2025-04-21T11:02:53.451+0000] {logging_mixin.py:190} INFO - [2025-04-21T11:02:53.451+0000] {dag.py:3239} INFO - Sync 1 DAGs
[2025-04-21T11:02:53.464+0000] {logging_mixin.py:190} INFO - [2025-04-21T11:02:53.463+0000] {dag.py:4180} INFO - Setting next_dagrun for example_kubernetes_executor to None, run_after=None
[2025-04-21T11:02:53.478+0000] {processor.py:208} INFO - Processing /home/airflow/.local/lib/python3.12/site-packages/airflow/example_dags/example_kubernetes_executor.py took 0.064 seconds
[2025-04-21T11:03:25.378+0000] {processor.py:186} INFO - Started process (PID=1383) to work on /home/airflow/.local/lib/python3.12/site-packages/airflow/example_dags/example_kubernetes_executor.py
[2025-04-21T11:03:25.378+0000] {processor.py:914} INFO - Processing file /home/airflow/.local/lib/python3.12/site-packages/airflow/example_dags/example_kubernetes_executor.py for tasks to queue
[2025-04-21T11:03:25.380+0000] {logging_mixin.py:190} INFO - [2025-04-21T11:03:25.380+0000] {dagbag.py:588} INFO - Filling up the DagBag from /home/airflow/.local/lib/python3.12/site-packages/airflow/example_dags/example_kubernetes_executor.py
[2025-04-21T11:03:25.391+0000] {processor.py:925} INFO - DAG(s) 'example_kubernetes_executor' retrieved from /home/airflow/.local/lib/python3.12/site-packages/airflow/example_dags/example_kubernetes_executor.py
[2025-04-21T11:03:25.411+0000] {logging_mixin.py:190} INFO - [2025-04-21T11:03:25.411+0000] {dag.py:3239} INFO - Sync 1 DAGs
[2025-04-21T11:03:25.424+0000] {logging_mixin.py:190} INFO - [2025-04-21T11:03:25.424+0000] {dag.py:4180} INFO - Setting next_dagrun for example_kubernetes_executor to None, run_after=None
[2025-04-21T11:03:25.439+0000] {processor.py:208} INFO - Processing /home/airflow/.local/lib/python3.12/site-packages/airflow/example_dags/example_kubernetes_executor.py took 0.066 seconds
[2025-04-21T11:03:56.065+0000] {processor.py:186} INFO - Started process (PID=1446) to work on /home/airflow/.local/lib/python3.12/site-packages/airflow/example_dags/example_kubernetes_executor.py
[2025-04-21T11:03:56.066+0000] {processor.py:914} INFO - Processing file /home/airflow/.local/lib/python3.12/site-packages/airflow/example_dags/example_kubernetes_executor.py for tasks to queue
[2025-04-21T11:03:56.068+0000] {logging_mixin.py:190} INFO - [2025-04-21T11:03:56.068+0000] {dagbag.py:588} INFO - Filling up the DagBag from /home/airflow/.local/lib/python3.12/site-packages/airflow/example_dags/example_kubernetes_executor.py
[2025-04-21T11:03:56.080+0000] {processor.py:925} INFO - DAG(s) 'example_kubernetes_executor' retrieved from /home/airflow/.local/lib/python3.12/site-packages/airflow/example_dags/example_kubernetes_executor.py
[2025-04-21T11:03:56.102+0000] {logging_mixin.py:190} INFO - [2025-04-21T11:03:56.102+0000] {dag.py:3239} INFO - Sync 1 DAGs
[2025-04-21T11:03:56.115+0000] {logging_mixin.py:190} INFO - [2025-04-21T11:03:56.115+0000] {dag.py:4180} INFO - Setting next_dagrun for example_kubernetes_executor to None, run_after=None
[2025-04-21T11:03:56.133+0000] {processor.py:208} INFO - Processing /home/airflow/.local/lib/python3.12/site-packages/airflow/example_dags/example_kubernetes_executor.py took 0.072 seconds
[2025-04-21T11:04:26.699+0000] {processor.py:186} INFO - Started process (PID=1509) to work on /home/airflow/.local/lib/python3.12/site-packages/airflow/example_dags/example_kubernetes_executor.py
[2025-04-21T11:04:26.700+0000] {processor.py:914} INFO - Processing file /home/airflow/.local/lib/python3.12/site-packages/airflow/example_dags/example_kubernetes_executor.py for tasks to queue
[2025-04-21T11:04:26.702+0000] {logging_mixin.py:190} INFO - [2025-04-21T11:04:26.702+0000] {dagbag.py:588} INFO - Filling up the DagBag from /home/airflow/.local/lib/python3.12/site-packages/airflow/example_dags/example_kubernetes_executor.py
[2025-04-21T11:04:26.712+0000] {processor.py:925} INFO - DAG(s) 'example_kubernetes_executor' retrieved from /home/airflow/.local/lib/python3.12/site-packages/airflow/example_dags/example_kubernetes_executor.py
[2025-04-21T11:04:26.732+0000] {logging_mixin.py:190} INFO - [2025-04-21T11:04:26.731+0000] {dag.py:3239} INFO - Sync 1 DAGs
[2025-04-21T11:04:26.743+0000] {logging_mixin.py:190} INFO - [2025-04-21T11:04:26.743+0000] {dag.py:4180} INFO - Setting next_dagrun for example_kubernetes_executor to None, run_after=None
[2025-04-21T11:04:26.757+0000] {processor.py:208} INFO - Processing /home/airflow/.local/lib/python3.12/site-packages/airflow/example_dags/example_kubernetes_executor.py took 0.062 seconds
[2025-04-21T11:04:57.382+0000] {processor.py:186} INFO - Started process (PID=1572) to work on /home/airflow/.local/lib/python3.12/site-packages/airflow/example_dags/example_kubernetes_executor.py
[2025-04-21T11:04:57.383+0000] {processor.py:914} INFO - Processing file /home/airflow/.local/lib/python3.12/site-packages/airflow/example_dags/example_kubernetes_executor.py for tasks to queue
[2025-04-21T11:04:57.385+0000] {logging_mixin.py:190} INFO - [2025-04-21T11:04:57.385+0000] {dagbag.py:588} INFO - Filling up the DagBag from /home/airflow/.local/lib/python3.12/site-packages/airflow/example_dags/example_kubernetes_executor.py
[2025-04-21T11:04:57.396+0000] {processor.py:925} INFO - DAG(s) 'example_kubernetes_executor' retrieved from /home/airflow/.local/lib/python3.12/site-packages/airflow/example_dags/example_kubernetes_executor.py
[2025-04-21T11:04:57.415+0000] {logging_mixin.py:190} INFO - [2025-04-21T11:04:57.415+0000] {dag.py:3239} INFO - Sync 1 DAGs
[2025-04-21T11:04:57.426+0000] {logging_mixin.py:190} INFO - [2025-04-21T11:04:57.426+0000] {dag.py:4180} INFO - Setting next_dagrun for example_kubernetes_executor to None, run_after=None
[2025-04-21T11:04:57.440+0000] {processor.py:208} INFO - Processing /home/airflow/.local/lib/python3.12/site-packages/airflow/example_dags/example_kubernetes_executor.py took 0.062 seconds
[2025-04-21T11:05:27.910+0000] {processor.py:186} INFO - Started process (PID=1634) to work on /home/airflow/.local/lib/python3.12/site-packages/airflow/example_dags/example_kubernetes_executor.py
[2025-04-21T11:05:27.911+0000] {processor.py:914} INFO - Processing file /home/airflow/.local/lib/python3.12/site-packages/airflow/example_dags/example_kubernetes_executor.py for tasks to queue
[2025-04-21T11:05:27.912+0000] {logging_mixin.py:190} INFO - [2025-04-21T11:05:27.912+0000] {dagbag.py:588} INFO - Filling up the DagBag from /home/airflow/.local/lib/python3.12/site-packages/airflow/example_dags/example_kubernetes_executor.py
[2025-04-21T11:05:27.922+0000] {processor.py:925} INFO - DAG(s) 'example_kubernetes_executor' retrieved from /home/airflow/.local/lib/python3.12/site-packages/airflow/example_dags/example_kubernetes_executor.py
[2025-04-21T11:05:27.941+0000] {logging_mixin.py:190} INFO - [2025-04-21T11:05:27.940+0000] {dag.py:3239} INFO - Sync 1 DAGs
[2025-04-21T11:05:27.952+0000] {logging_mixin.py:190} INFO - [2025-04-21T11:05:27.951+0000] {dag.py:4180} INFO - Setting next_dagrun for example_kubernetes_executor to None, run_after=None
[2025-04-21T11:05:27.968+0000] {processor.py:208} INFO - Processing /home/airflow/.local/lib/python3.12/site-packages/airflow/example_dags/example_kubernetes_executor.py took 0.063 seconds
[2025-04-21T11:05:58.072+0000] {processor.py:186} INFO - Started process (PID=1696) to work on /home/airflow/.local/lib/python3.12/site-packages/airflow/example_dags/example_kubernetes_executor.py
[2025-04-21T11:05:58.073+0000] {processor.py:914} INFO - Processing file /home/airflow/.local/lib/python3.12/site-packages/airflow/example_dags/example_kubernetes_executor.py for tasks to queue
[2025-04-21T11:05:58.075+0000] {logging_mixin.py:190} INFO - [2025-04-21T11:05:58.075+0000] {dagbag.py:588} INFO - Filling up the DagBag from /home/airflow/.local/lib/python3.12/site-packages/airflow/example_dags/example_kubernetes_executor.py
[2025-04-21T11:05:58.087+0000] {processor.py:925} INFO - DAG(s) 'example_kubernetes_executor' retrieved from /home/airflow/.local/lib/python3.12/site-packages/airflow/example_dags/example_kubernetes_executor.py
[2025-04-21T11:05:58.105+0000] {logging_mixin.py:190} INFO - [2025-04-21T11:05:58.105+0000] {dag.py:3239} INFO - Sync 1 DAGs
[2025-04-21T11:05:58.116+0000] {logging_mixin.py:190} INFO - [2025-04-21T11:05:58.115+0000] {dag.py:4180} INFO - Setting next_dagrun for example_kubernetes_executor to None, run_after=None
[2025-04-21T11:05:58.130+0000] {processor.py:208} INFO - Processing /home/airflow/.local/lib/python3.12/site-packages/airflow/example_dags/example_kubernetes_executor.py took 0.062 seconds
[2025-04-21T11:06:28.617+0000] {processor.py:186} INFO - Started process (PID=1759) to work on /home/airflow/.local/lib/python3.12/site-packages/airflow/example_dags/example_kubernetes_executor.py
[2025-04-21T11:06:28.618+0000] {processor.py:914} INFO - Processing file /home/airflow/.local/lib/python3.12/site-packages/airflow/example_dags/example_kubernetes_executor.py for tasks to queue
[2025-04-21T11:06:28.620+0000] {logging_mixin.py:190} INFO - [2025-04-21T11:06:28.620+0000] {dagbag.py:588} INFO - Filling up the DagBag from /home/airflow/.local/lib/python3.12/site-packages/airflow/example_dags/example_kubernetes_executor.py
[2025-04-21T11:06:28.631+0000] {processor.py:925} INFO - DAG(s) 'example_kubernetes_executor' retrieved from /home/airflow/.local/lib/python3.12/site-packages/airflow/example_dags/example_kubernetes_executor.py
[2025-04-21T11:06:28.650+0000] {logging_mixin.py:190} INFO - [2025-04-21T11:06:28.650+0000] {dag.py:3239} INFO - Sync 1 DAGs
[2025-04-21T11:06:28.661+0000] {logging_mixin.py:190} INFO - [2025-04-21T11:06:28.661+0000] {dag.py:4180} INFO - Setting next_dagrun for example_kubernetes_executor to None, run_after=None
[2025-04-21T11:06:28.675+0000] {processor.py:208} INFO - Processing /home/airflow/.local/lib/python3.12/site-packages/airflow/example_dags/example_kubernetes_executor.py took 0.062 seconds
[2025-04-21T11:07:00.064+0000] {processor.py:186} INFO - Started process (PID=1822) to work on /home/airflow/.local/lib/python3.12/site-packages/airflow/example_dags/example_kubernetes_executor.py
[2025-04-21T11:07:00.065+0000] {processor.py:914} INFO - Processing file /home/airflow/.local/lib/python3.12/site-packages/airflow/example_dags/example_kubernetes_executor.py for tasks to queue
[2025-04-21T11:07:00.067+0000] {logging_mixin.py:190} INFO - [2025-04-21T11:07:00.067+0000] {dagbag.py:588} INFO - Filling up the DagBag from /home/airflow/.local/lib/python3.12/site-packages/airflow/example_dags/example_kubernetes_executor.py
[2025-04-21T11:07:00.078+0000] {processor.py:925} INFO - DAG(s) 'example_kubernetes_executor' retrieved from /home/airflow/.local/lib/python3.12/site-packages/airflow/example_dags/example_kubernetes_executor.py
[2025-04-21T11:07:00.097+0000] {logging_mixin.py:190} INFO - [2025-04-21T11:07:00.096+0000] {dag.py:3239} INFO - Sync 1 DAGs
[2025-04-21T11:07:00.107+0000] {logging_mixin.py:190} INFO - [2025-04-21T11:07:00.107+0000] {dag.py:4180} INFO - Setting next_dagrun for example_kubernetes_executor to None, run_after=None
[2025-04-21T11:07:00.120+0000] {processor.py:208} INFO - Processing /home/airflow/.local/lib/python3.12/site-packages/airflow/example_dags/example_kubernetes_executor.py took 0.061 seconds
[2025-04-21T11:07:31.336+0000] {processor.py:186} INFO - Started process (PID=1885) to work on /home/airflow/.local/lib/python3.12/site-packages/airflow/example_dags/example_kubernetes_executor.py
[2025-04-21T11:07:31.337+0000] {processor.py:914} INFO - Processing file /home/airflow/.local/lib/python3.12/site-packages/airflow/example_dags/example_kubernetes_executor.py for tasks to queue
[2025-04-21T11:07:31.339+0000] {logging_mixin.py:190} INFO - [2025-04-21T11:07:31.339+0000] {dagbag.py:588} INFO - Filling up the DagBag from /home/airflow/.local/lib/python3.12/site-packages/airflow/example_dags/example_kubernetes_executor.py
[2025-04-21T11:07:31.350+0000] {processor.py:925} INFO - DAG(s) 'example_kubernetes_executor' retrieved from /home/airflow/.local/lib/python3.12/site-packages/airflow/example_dags/example_kubernetes_executor.py
[2025-04-21T11:07:31.370+0000] {logging_mixin.py:190} INFO - [2025-04-21T11:07:31.370+0000] {dag.py:3239} INFO - Sync 1 DAGs
[2025-04-21T11:07:31.383+0000] {logging_mixin.py:190} INFO - [2025-04-21T11:07:31.382+0000] {dag.py:4180} INFO - Setting next_dagrun for example_kubernetes_executor to None, run_after=None
[2025-04-21T11:07:31.398+0000] {processor.py:208} INFO - Processing /home/airflow/.local/lib/python3.12/site-packages/airflow/example_dags/example_kubernetes_executor.py took 0.066 seconds
[2025-04-21T11:08:02.556+0000] {processor.py:186} INFO - Started process (PID=1948) to work on /home/airflow/.local/lib/python3.12/site-packages/airflow/example_dags/example_kubernetes_executor.py
[2025-04-21T11:08:02.557+0000] {processor.py:914} INFO - Processing file /home/airflow/.local/lib/python3.12/site-packages/airflow/example_dags/example_kubernetes_executor.py for tasks to queue
[2025-04-21T11:08:02.560+0000] {logging_mixin.py:190} INFO - [2025-04-21T11:08:02.560+0000] {dagbag.py:588} INFO - Filling up the DagBag from /home/airflow/.local/lib/python3.12/site-packages/airflow/example_dags/example_kubernetes_executor.py
[2025-04-21T11:08:02.575+0000] {processor.py:925} INFO - DAG(s) 'example_kubernetes_executor' retrieved from /home/airflow/.local/lib/python3.12/site-packages/airflow/example_dags/example_kubernetes_executor.py
[2025-04-21T11:08:02.599+0000] {logging_mixin.py:190} INFO - [2025-04-21T11:08:02.598+0000] {dag.py:3239} INFO - Sync 1 DAGs
[2025-04-21T11:08:02.614+0000] {logging_mixin.py:190} INFO - [2025-04-21T11:08:02.613+0000] {dag.py:4180} INFO - Setting next_dagrun for example_kubernetes_executor to None, run_after=None
[2025-04-21T11:08:02.630+0000] {processor.py:208} INFO - Processing /home/airflow/.local/lib/python3.12/site-packages/airflow/example_dags/example_kubernetes_executor.py took 0.079 seconds
[2025-04-21T11:08:33.218+0000] {processor.py:186} INFO - Started process (PID=2011) to work on /home/airflow/.local/lib/python3.12/site-packages/airflow/example_dags/example_kubernetes_executor.py
[2025-04-21T11:08:33.219+0000] {processor.py:914} INFO - Processing file /home/airflow/.local/lib/python3.12/site-packages/airflow/example_dags/example_kubernetes_executor.py for tasks to queue
[2025-04-21T11:08:33.221+0000] {logging_mixin.py:190} INFO - [2025-04-21T11:08:33.221+0000] {dagbag.py:588} INFO - Filling up the DagBag from /home/airflow/.local/lib/python3.12/site-packages/airflow/example_dags/example_kubernetes_executor.py
[2025-04-21T11:08:33.232+0000] {processor.py:925} INFO - DAG(s) 'example_kubernetes_executor' retrieved from /home/airflow/.local/lib/python3.12/site-packages/airflow/example_dags/example_kubernetes_executor.py
[2025-04-21T11:08:33.251+0000] {logging_mixin.py:190} INFO - [2025-04-21T11:08:33.251+0000] {dag.py:3239} INFO - Sync 1 DAGs
[2025-04-21T11:08:33.263+0000] {logging_mixin.py:190} INFO - [2025-04-21T11:08:33.263+0000] {dag.py:4180} INFO - Setting next_dagrun for example_kubernetes_executor to None, run_after=None
[2025-04-21T11:08:33.279+0000] {processor.py:208} INFO - Processing /home/airflow/.local/lib/python3.12/site-packages/airflow/example_dags/example_kubernetes_executor.py took 0.065 seconds
[2025-04-21T11:09:03.727+0000] {processor.py:186} INFO - Started process (PID=2073) to work on /home/airflow/.local/lib/python3.12/site-packages/airflow/example_dags/example_kubernetes_executor.py
[2025-04-21T11:09:03.728+0000] {processor.py:914} INFO - Processing file /home/airflow/.local/lib/python3.12/site-packages/airflow/example_dags/example_kubernetes_executor.py for tasks to queue
[2025-04-21T11:09:03.731+0000] {logging_mixin.py:190} INFO - [2025-04-21T11:09:03.730+0000] {dagbag.py:588} INFO - Filling up the DagBag from /home/airflow/.local/lib/python3.12/site-packages/airflow/example_dags/example_kubernetes_executor.py
[2025-04-21T11:09:03.742+0000] {processor.py:925} INFO - DAG(s) 'example_kubernetes_executor' retrieved from /home/airflow/.local/lib/python3.12/site-packages/airflow/example_dags/example_kubernetes_executor.py
[2025-04-21T11:09:03.763+0000] {logging_mixin.py:190} INFO - [2025-04-21T11:09:03.763+0000] {dag.py:3239} INFO - Sync 1 DAGs
[2025-04-21T11:09:03.774+0000] {logging_mixin.py:190} INFO - [2025-04-21T11:09:03.774+0000] {dag.py:4180} INFO - Setting next_dagrun for example_kubernetes_executor to None, run_after=None
[2025-04-21T11:09:03.794+0000] {processor.py:208} INFO - Processing /home/airflow/.local/lib/python3.12/site-packages/airflow/example_dags/example_kubernetes_executor.py took 0.071 seconds
[2025-04-21T11:09:34.649+0000] {processor.py:186} INFO - Started process (PID=2136) to work on /home/airflow/.local/lib/python3.12/site-packages/airflow/example_dags/example_kubernetes_executor.py
[2025-04-21T11:09:34.650+0000] {processor.py:914} INFO - Processing file /home/airflow/.local/lib/python3.12/site-packages/airflow/example_dags/example_kubernetes_executor.py for tasks to queue
[2025-04-21T11:09:34.652+0000] {logging_mixin.py:190} INFO - [2025-04-21T11:09:34.652+0000] {dagbag.py:588} INFO - Filling up the DagBag from /home/airflow/.local/lib/python3.12/site-packages/airflow/example_dags/example_kubernetes_executor.py
[2025-04-21T11:09:34.662+0000] {processor.py:925} INFO - DAG(s) 'example_kubernetes_executor' retrieved from /home/airflow/.local/lib/python3.12/site-packages/airflow/example_dags/example_kubernetes_executor.py
[2025-04-21T11:09:34.683+0000] {logging_mixin.py:190} INFO - [2025-04-21T11:09:34.682+0000] {dag.py:3239} INFO - Sync 1 DAGs
[2025-04-21T11:09:34.694+0000] {logging_mixin.py:190} INFO - [2025-04-21T11:09:34.694+0000] {dag.py:4180} INFO - Setting next_dagrun for example_kubernetes_executor to None, run_after=None
[2025-04-21T11:09:34.712+0000] {processor.py:208} INFO - Processing /home/airflow/.local/lib/python3.12/site-packages/airflow/example_dags/example_kubernetes_executor.py took 0.067 seconds
[2025-04-21T11:10:05.465+0000] {processor.py:186} INFO - Started process (PID=2205) to work on /home/airflow/.local/lib/python3.12/site-packages/airflow/example_dags/example_kubernetes_executor.py
[2025-04-21T11:10:05.466+0000] {processor.py:914} INFO - Processing file /home/airflow/.local/lib/python3.12/site-packages/airflow/example_dags/example_kubernetes_executor.py for tasks to queue
[2025-04-21T11:10:05.468+0000] {logging_mixin.py:190} INFO - [2025-04-21T11:10:05.467+0000] {dagbag.py:588} INFO - Filling up the DagBag from /home/airflow/.local/lib/python3.12/site-packages/airflow/example_dags/example_kubernetes_executor.py
[2025-04-21T11:10:05.478+0000] {processor.py:925} INFO - DAG(s) 'example_kubernetes_executor' retrieved from /home/airflow/.local/lib/python3.12/site-packages/airflow/example_dags/example_kubernetes_executor.py
[2025-04-21T11:10:05.496+0000] {logging_mixin.py:190} INFO - [2025-04-21T11:10:05.496+0000] {dag.py:3239} INFO - Sync 1 DAGs
[2025-04-21T11:10:05.506+0000] {logging_mixin.py:190} INFO - [2025-04-21T11:10:05.506+0000] {dag.py:4180} INFO - Setting next_dagrun for example_kubernetes_executor to None, run_after=None
[2025-04-21T11:10:05.522+0000] {processor.py:208} INFO - Processing /home/airflow/.local/lib/python3.12/site-packages/airflow/example_dags/example_kubernetes_executor.py took 0.062 seconds
[2025-04-21T11:10:37.058+0000] {processor.py:186} INFO - Started process (PID=2269) to work on /home/airflow/.local/lib/python3.12/site-packages/airflow/example_dags/example_kubernetes_executor.py
[2025-04-21T11:10:37.058+0000] {processor.py:914} INFO - Processing file /home/airflow/.local/lib/python3.12/site-packages/airflow/example_dags/example_kubernetes_executor.py for tasks to queue
[2025-04-21T11:10:37.060+0000] {logging_mixin.py:190} INFO - [2025-04-21T11:10:37.060+0000] {dagbag.py:588} INFO - Filling up the DagBag from /home/airflow/.local/lib/python3.12/site-packages/airflow/example_dags/example_kubernetes_executor.py
[2025-04-21T11:10:37.071+0000] {processor.py:925} INFO - DAG(s) 'example_kubernetes_executor' retrieved from /home/airflow/.local/lib/python3.12/site-packages/airflow/example_dags/example_kubernetes_executor.py
[2025-04-21T11:10:37.090+0000] {logging_mixin.py:190} INFO - [2025-04-21T11:10:37.090+0000] {dag.py:3239} INFO - Sync 1 DAGs
[2025-04-21T11:10:37.104+0000] {logging_mixin.py:190} INFO - [2025-04-21T11:10:37.103+0000] {dag.py:4180} INFO - Setting next_dagrun for example_kubernetes_executor to None, run_after=None
[2025-04-21T11:10:37.119+0000] {processor.py:208} INFO - Processing /home/airflow/.local/lib/python3.12/site-packages/airflow/example_dags/example_kubernetes_executor.py took 0.066 seconds
[2025-04-21T11:11:07.738+0000] {processor.py:186} INFO - Started process (PID=2332) to work on /home/airflow/.local/lib/python3.12/site-packages/airflow/example_dags/example_kubernetes_executor.py
[2025-04-21T11:11:07.739+0000] {processor.py:914} INFO - Processing file /home/airflow/.local/lib/python3.12/site-packages/airflow/example_dags/example_kubernetes_executor.py for tasks to queue
[2025-04-21T11:11:07.742+0000] {logging_mixin.py:190} INFO - [2025-04-21T11:11:07.742+0000] {dagbag.py:588} INFO - Filling up the DagBag from /home/airflow/.local/lib/python3.12/site-packages/airflow/example_dags/example_kubernetes_executor.py
[2025-04-21T11:11:07.756+0000] {processor.py:925} INFO - DAG(s) 'example_kubernetes_executor' retrieved from /home/airflow/.local/lib/python3.12/site-packages/airflow/example_dags/example_kubernetes_executor.py
[2025-04-21T11:11:07.781+0000] {logging_mixin.py:190} INFO - [2025-04-21T11:11:07.781+0000] {dag.py:3239} INFO - Sync 1 DAGs
[2025-04-21T11:11:07.795+0000] {logging_mixin.py:190} INFO - [2025-04-21T11:11:07.795+0000] {dag.py:4180} INFO - Setting next_dagrun for example_kubernetes_executor to None, run_after=None
[2025-04-21T11:11:07.818+0000] {processor.py:208} INFO - Processing /home/airflow/.local/lib/python3.12/site-packages/airflow/example_dags/example_kubernetes_executor.py took 0.086 seconds
[2025-04-21T11:11:38.426+0000] {processor.py:186} INFO - Started process (PID=2395) to work on /home/airflow/.local/lib/python3.12/site-packages/airflow/example_dags/example_kubernetes_executor.py
[2025-04-21T11:11:38.427+0000] {processor.py:914} INFO - Processing file /home/airflow/.local/lib/python3.12/site-packages/airflow/example_dags/example_kubernetes_executor.py for tasks to queue
[2025-04-21T11:11:38.428+0000] {logging_mixin.py:190} INFO - [2025-04-21T11:11:38.428+0000] {dagbag.py:588} INFO - Filling up the DagBag from /home/airflow/.local/lib/python3.12/site-packages/airflow/example_dags/example_kubernetes_executor.py
[2025-04-21T11:11:38.440+0000] {processor.py:925} INFO - DAG(s) 'example_kubernetes_executor' retrieved from /home/airflow/.local/lib/python3.12/site-packages/airflow/example_dags/example_kubernetes_executor.py
[2025-04-21T11:11:38.458+0000] {logging_mixin.py:190} INFO - [2025-04-21T11:11:38.457+0000] {dag.py:3239} INFO - Sync 1 DAGs
[2025-04-21T11:11:38.469+0000] {logging_mixin.py:190} INFO - [2025-04-21T11:11:38.469+0000] {dag.py:4180} INFO - Setting next_dagrun for example_kubernetes_executor to None, run_after=None
[2025-04-21T11:11:38.483+0000] {processor.py:208} INFO - Processing /home/airflow/.local/lib/python3.12/site-packages/airflow/example_dags/example_kubernetes_executor.py took 0.061 seconds
[2025-04-21T11:12:08.872+0000] {processor.py:186} INFO - Started process (PID=2457) to work on /home/airflow/.local/lib/python3.12/site-packages/airflow/example_dags/example_kubernetes_executor.py
[2025-04-21T11:12:08.873+0000] {processor.py:914} INFO - Processing file /home/airflow/.local/lib/python3.12/site-packages/airflow/example_dags/example_kubernetes_executor.py for tasks to queue
[2025-04-21T11:12:08.875+0000] {logging_mixin.py:190} INFO - [2025-04-21T11:12:08.875+0000] {dagbag.py:588} INFO - Filling up the DagBag from /home/airflow/.local/lib/python3.12/site-packages/airflow/example_dags/example_kubernetes_executor.py
[2025-04-21T11:12:08.885+0000] {processor.py:925} INFO - DAG(s) 'example_kubernetes_executor' retrieved from /home/airflow/.local/lib/python3.12/site-packages/airflow/example_dags/example_kubernetes_executor.py
[2025-04-21T11:12:08.903+0000] {logging_mixin.py:190} INFO - [2025-04-21T11:12:08.903+0000] {dag.py:3239} INFO - Sync 1 DAGs
[2025-04-21T11:12:08.915+0000] {logging_mixin.py:190} INFO - [2025-04-21T11:12:08.915+0000] {dag.py:4180} INFO - Setting next_dagrun for example_kubernetes_executor to None, run_after=None
[2025-04-21T11:12:08.931+0000] {processor.py:208} INFO - Processing /home/airflow/.local/lib/python3.12/site-packages/airflow/example_dags/example_kubernetes_executor.py took 0.063 seconds
[2025-04-21T11:12:39.783+0000] {processor.py:186} INFO - Started process (PID=2520) to work on /home/airflow/.local/lib/python3.12/site-packages/airflow/example_dags/example_kubernetes_executor.py
[2025-04-21T11:12:39.783+0000] {processor.py:914} INFO - Processing file /home/airflow/.local/lib/python3.12/site-packages/airflow/example_dags/example_kubernetes_executor.py for tasks to queue
[2025-04-21T11:12:39.785+0000] {logging_mixin.py:190} INFO - [2025-04-21T11:12:39.785+0000] {dagbag.py:588} INFO - Filling up the DagBag from /home/airflow/.local/lib/python3.12/site-packages/airflow/example_dags/example_kubernetes_executor.py
[2025-04-21T11:12:39.795+0000] {processor.py:925} INFO - DAG(s) 'example_kubernetes_executor' retrieved from /home/airflow/.local/lib/python3.12/site-packages/airflow/example_dags/example_kubernetes_executor.py
[2025-04-21T11:12:39.814+0000] {logging_mixin.py:190} INFO - [2025-04-21T11:12:39.813+0000] {dag.py:3239} INFO - Sync 1 DAGs
[2025-04-21T11:12:39.825+0000] {logging_mixin.py:190} INFO - [2025-04-21T11:12:39.824+0000] {dag.py:4180} INFO - Setting next_dagrun for example_kubernetes_executor to None, run_after=None
[2025-04-21T11:12:39.842+0000] {processor.py:208} INFO - Processing /home/airflow/.local/lib/python3.12/site-packages/airflow/example_dags/example_kubernetes_executor.py took 0.063 seconds
[2025-04-21T11:13:11.019+0000] {processor.py:186} INFO - Started process (PID=2583) to work on /home/airflow/.local/lib/python3.12/site-packages/airflow/example_dags/example_kubernetes_executor.py
[2025-04-21T11:13:11.020+0000] {processor.py:914} INFO - Processing file /home/airflow/.local/lib/python3.12/site-packages/airflow/example_dags/example_kubernetes_executor.py for tasks to queue
[2025-04-21T11:13:11.021+0000] {logging_mixin.py:190} INFO - [2025-04-21T11:13:11.021+0000] {dagbag.py:588} INFO - Filling up the DagBag from /home/airflow/.local/lib/python3.12/site-packages/airflow/example_dags/example_kubernetes_executor.py
[2025-04-21T11:13:11.031+0000] {processor.py:925} INFO - DAG(s) 'example_kubernetes_executor' retrieved from /home/airflow/.local/lib/python3.12/site-packages/airflow/example_dags/example_kubernetes_executor.py
[2025-04-21T11:13:11.051+0000] {logging_mixin.py:190} INFO - [2025-04-21T11:13:11.050+0000] {dag.py:3239} INFO - Sync 1 DAGs
[2025-04-21T11:13:11.062+0000] {logging_mixin.py:190} INFO - [2025-04-21T11:13:11.062+0000] {dag.py:4180} INFO - Setting next_dagrun for example_kubernetes_executor to None, run_after=None
[2025-04-21T11:13:11.077+0000] {processor.py:208} INFO - Processing /home/airflow/.local/lib/python3.12/site-packages/airflow/example_dags/example_kubernetes_executor.py took 0.062 seconds
[2025-04-21T11:13:42.208+0000] {processor.py:186} INFO - Started process (PID=2646) to work on /home/airflow/.local/lib/python3.12/site-packages/airflow/example_dags/example_kubernetes_executor.py
[2025-04-21T11:13:42.208+0000] {processor.py:914} INFO - Processing file /home/airflow/.local/lib/python3.12/site-packages/airflow/example_dags/example_kubernetes_executor.py for tasks to queue
[2025-04-21T11:13:42.211+0000] {logging_mixin.py:190} INFO - [2025-04-21T11:13:42.210+0000] {dagbag.py:588} INFO - Filling up the DagBag from /home/airflow/.local/lib/python3.12/site-packages/airflow/example_dags/example_kubernetes_executor.py
[2025-04-21T11:13:42.223+0000] {processor.py:925} INFO - DAG(s) 'example_kubernetes_executor' retrieved from /home/airflow/.local/lib/python3.12/site-packages/airflow/example_dags/example_kubernetes_executor.py
[2025-04-21T11:13:42.241+0000] {logging_mixin.py:190} INFO - [2025-04-21T11:13:42.241+0000] {dag.py:3239} INFO - Sync 1 DAGs
[2025-04-21T11:13:42.253+0000] {logging_mixin.py:190} INFO - [2025-04-21T11:13:42.253+0000] {dag.py:4180} INFO - Setting next_dagrun for example_kubernetes_executor to None, run_after=None
[2025-04-21T11:13:42.267+0000] {processor.py:208} INFO - Processing /home/airflow/.local/lib/python3.12/site-packages/airflow/example_dags/example_kubernetes_executor.py took 0.063 seconds
[2025-04-21T11:14:13.545+0000] {processor.py:186} INFO - Started process (PID=2709) to work on /home/airflow/.local/lib/python3.12/site-packages/airflow/example_dags/example_kubernetes_executor.py
[2025-04-21T11:14:13.545+0000] {processor.py:914} INFO - Processing file /home/airflow/.local/lib/python3.12/site-packages/airflow/example_dags/example_kubernetes_executor.py for tasks to queue
[2025-04-21T11:14:13.547+0000] {logging_mixin.py:190} INFO - [2025-04-21T11:14:13.547+0000] {dagbag.py:588} INFO - Filling up the DagBag from /home/airflow/.local/lib/python3.12/site-packages/airflow/example_dags/example_kubernetes_executor.py
[2025-04-21T11:14:13.558+0000] {processor.py:925} INFO - DAG(s) 'example_kubernetes_executor' retrieved from /home/airflow/.local/lib/python3.12/site-packages/airflow/example_dags/example_kubernetes_executor.py
[2025-04-21T11:14:13.579+0000] {logging_mixin.py:190} INFO - [2025-04-21T11:14:13.578+0000] {dag.py:3239} INFO - Sync 1 DAGs
[2025-04-21T11:14:13.590+0000] {logging_mixin.py:190} INFO - [2025-04-21T11:14:13.590+0000] {dag.py:4180} INFO - Setting next_dagrun for example_kubernetes_executor to None, run_after=None
[2025-04-21T11:14:13.606+0000] {processor.py:208} INFO - Processing /home/airflow/.local/lib/python3.12/site-packages/airflow/example_dags/example_kubernetes_executor.py took 0.066 seconds
[2025-04-21T11:14:44.660+0000] {processor.py:186} INFO - Started process (PID=2772) to work on /home/airflow/.local/lib/python3.12/site-packages/airflow/example_dags/example_kubernetes_executor.py
[2025-04-21T11:14:44.661+0000] {processor.py:914} INFO - Processing file /home/airflow/.local/lib/python3.12/site-packages/airflow/example_dags/example_kubernetes_executor.py for tasks to queue
[2025-04-21T11:14:44.663+0000] {logging_mixin.py:190} INFO - [2025-04-21T11:14:44.663+0000] {dagbag.py:588} INFO - Filling up the DagBag from /home/airflow/.local/lib/python3.12/site-packages/airflow/example_dags/example_kubernetes_executor.py
[2025-04-21T11:14:44.674+0000] {processor.py:925} INFO - DAG(s) 'example_kubernetes_executor' retrieved from /home/airflow/.local/lib/python3.12/site-packages/airflow/example_dags/example_kubernetes_executor.py
[2025-04-21T11:14:44.695+0000] {logging_mixin.py:190} INFO - [2025-04-21T11:14:44.694+0000] {dag.py:3239} INFO - Sync 1 DAGs
[2025-04-21T11:14:44.706+0000] {logging_mixin.py:190} INFO - [2025-04-21T11:14:44.706+0000] {dag.py:4180} INFO - Setting next_dagrun for example_kubernetes_executor to None, run_after=None
[2025-04-21T11:14:44.721+0000] {processor.py:208} INFO - Processing /home/airflow/.local/lib/python3.12/site-packages/airflow/example_dags/example_kubernetes_executor.py took 0.065 seconds
[2025-04-21T11:15:16.587+0000] {processor.py:186} INFO - Started process (PID=2837) to work on /home/airflow/.local/lib/python3.12/site-packages/airflow/example_dags/example_kubernetes_executor.py
[2025-04-21T11:15:16.588+0000] {processor.py:914} INFO - Processing file /home/airflow/.local/lib/python3.12/site-packages/airflow/example_dags/example_kubernetes_executor.py for tasks to queue
[2025-04-21T11:15:16.590+0000] {logging_mixin.py:190} INFO - [2025-04-21T11:15:16.590+0000] {dagbag.py:588} INFO - Filling up the DagBag from /home/airflow/.local/lib/python3.12/site-packages/airflow/example_dags/example_kubernetes_executor.py
[2025-04-21T11:15:16.600+0000] {processor.py:925} INFO - DAG(s) 'example_kubernetes_executor' retrieved from /home/airflow/.local/lib/python3.12/site-packages/airflow/example_dags/example_kubernetes_executor.py
[2025-04-21T11:15:16.619+0000] {logging_mixin.py:190} INFO - [2025-04-21T11:15:16.618+0000] {dag.py:3239} INFO - Sync 1 DAGs
[2025-04-21T11:15:16.629+0000] {logging_mixin.py:190} INFO - [2025-04-21T11:15:16.629+0000] {dag.py:4180} INFO - Setting next_dagrun for example_kubernetes_executor to None, run_after=None
[2025-04-21T11:15:16.644+0000] {processor.py:208} INFO - Processing /home/airflow/.local/lib/python3.12/site-packages/airflow/example_dags/example_kubernetes_executor.py took 0.061 seconds
[2025-04-21T11:15:48.056+0000] {processor.py:186} INFO - Started process (PID=2900) to work on /home/airflow/.local/lib/python3.12/site-packages/airflow/example_dags/example_kubernetes_executor.py
[2025-04-21T11:15:48.057+0000] {processor.py:914} INFO - Processing file /home/airflow/.local/lib/python3.12/site-packages/airflow/example_dags/example_kubernetes_executor.py for tasks to queue
[2025-04-21T11:15:48.059+0000] {logging_mixin.py:190} INFO - [2025-04-21T11:15:48.059+0000] {dagbag.py:588} INFO - Filling up the DagBag from /home/airflow/.local/lib/python3.12/site-packages/airflow/example_dags/example_kubernetes_executor.py
[2025-04-21T11:15:48.071+0000] {processor.py:925} INFO - DAG(s) 'example_kubernetes_executor' retrieved from /home/airflow/.local/lib/python3.12/site-packages/airflow/example_dags/example_kubernetes_executor.py
[2025-04-21T11:15:48.093+0000] {logging_mixin.py:190} INFO - [2025-04-21T11:15:48.093+0000] {dag.py:3239} INFO - Sync 1 DAGs
[2025-04-21T11:15:48.105+0000] {logging_mixin.py:190} INFO - [2025-04-21T11:15:48.105+0000] {dag.py:4180} INFO - Setting next_dagrun for example_kubernetes_executor to None, run_after=None
[2025-04-21T11:15:48.121+0000] {processor.py:208} INFO - Processing /home/airflow/.local/lib/python3.12/site-packages/airflow/example_dags/example_kubernetes_executor.py took 0.069 seconds
[2025-04-21T11:16:18.658+0000] {processor.py:186} INFO - Started process (PID=2963) to work on /home/airflow/.local/lib/python3.12/site-packages/airflow/example_dags/example_kubernetes_executor.py
[2025-04-21T11:16:18.658+0000] {processor.py:914} INFO - Processing file /home/airflow/.local/lib/python3.12/site-packages/airflow/example_dags/example_kubernetes_executor.py for tasks to queue
[2025-04-21T11:16:18.661+0000] {logging_mixin.py:190} INFO - [2025-04-21T11:16:18.661+0000] {dagbag.py:588} INFO - Filling up the DagBag from /home/airflow/.local/lib/python3.12/site-packages/airflow/example_dags/example_kubernetes_executor.py
[2025-04-21T11:16:18.672+0000] {processor.py:925} INFO - DAG(s) 'example_kubernetes_executor' retrieved from /home/airflow/.local/lib/python3.12/site-packages/airflow/example_dags/example_kubernetes_executor.py
[2025-04-21T11:16:18.696+0000] {logging_mixin.py:190} INFO - [2025-04-21T11:16:18.696+0000] {dag.py:3239} INFO - Sync 1 DAGs
[2025-04-21T11:16:18.709+0000] {logging_mixin.py:190} INFO - [2025-04-21T11:16:18.708+0000] {dag.py:4180} INFO - Setting next_dagrun for example_kubernetes_executor to None, run_after=None
[2025-04-21T11:16:18.725+0000] {processor.py:208} INFO - Processing /home/airflow/.local/lib/python3.12/site-packages/airflow/example_dags/example_kubernetes_executor.py took 0.071 seconds
[2025-04-21T11:16:49.983+0000] {processor.py:186} INFO - Started process (PID=3026) to work on /home/airflow/.local/lib/python3.12/site-packages/airflow/example_dags/example_kubernetes_executor.py
[2025-04-21T11:16:49.984+0000] {processor.py:914} INFO - Processing file /home/airflow/.local/lib/python3.12/site-packages/airflow/example_dags/example_kubernetes_executor.py for tasks to queue
[2025-04-21T11:16:49.986+0000] {logging_mixin.py:190} INFO - [2025-04-21T11:16:49.986+0000] {dagbag.py:588} INFO - Filling up the DagBag from /home/airflow/.local/lib/python3.12/site-packages/airflow/example_dags/example_kubernetes_executor.py
[2025-04-21T11:16:49.998+0000] {processor.py:925} INFO - DAG(s) 'example_kubernetes_executor' retrieved from /home/airflow/.local/lib/python3.12/site-packages/airflow/example_dags/example_kubernetes_executor.py
[2025-04-21T11:16:50.017+0000] {logging_mixin.py:190} INFO - [2025-04-21T11:16:50.017+0000] {dag.py:3239} INFO - Sync 1 DAGs
[2025-04-21T11:16:50.030+0000] {logging_mixin.py:190} INFO - [2025-04-21T11:16:50.029+0000] {dag.py:4180} INFO - Setting next_dagrun for example_kubernetes_executor to None, run_after=None
[2025-04-21T11:16:50.045+0000] {processor.py:208} INFO - Processing /home/airflow/.local/lib/python3.12/site-packages/airflow/example_dags/example_kubernetes_executor.py took 0.067 seconds
[2025-04-21T11:17:21.043+0000] {processor.py:186} INFO - Started process (PID=3090) to work on /home/airflow/.local/lib/python3.12/site-packages/airflow/example_dags/example_kubernetes_executor.py
[2025-04-21T11:17:21.044+0000] {processor.py:914} INFO - Processing file /home/airflow/.local/lib/python3.12/site-packages/airflow/example_dags/example_kubernetes_executor.py for tasks to queue
[2025-04-21T11:17:21.046+0000] {logging_mixin.py:190} INFO - [2025-04-21T11:17:21.045+0000] {dagbag.py:588} INFO - Filling up the DagBag from /home/airflow/.local/lib/python3.12/site-packages/airflow/example_dags/example_kubernetes_executor.py
[2025-04-21T11:17:21.056+0000] {processor.py:925} INFO - DAG(s) 'example_kubernetes_executor' retrieved from /home/airflow/.local/lib/python3.12/site-packages/airflow/example_dags/example_kubernetes_executor.py
[2025-04-21T11:17:21.075+0000] {logging_mixin.py:190} INFO - [2025-04-21T11:17:21.075+0000] {dag.py:3239} INFO - Sync 1 DAGs
[2025-04-21T11:17:21.087+0000] {logging_mixin.py:190} INFO - [2025-04-21T11:17:21.087+0000] {dag.py:4180} INFO - Setting next_dagrun for example_kubernetes_executor to None, run_after=None
[2025-04-21T11:17:21.103+0000] {processor.py:208} INFO - Processing /home/airflow/.local/lib/python3.12/site-packages/airflow/example_dags/example_kubernetes_executor.py took 0.064 seconds
[2025-04-21T11:17:51.636+0000] {processor.py:186} INFO - Started process (PID=3153) to work on /home/airflow/.local/lib/python3.12/site-packages/airflow/example_dags/example_kubernetes_executor.py
[2025-04-21T11:17:51.637+0000] {processor.py:914} INFO - Processing file /home/airflow/.local/lib/python3.12/site-packages/airflow/example_dags/example_kubernetes_executor.py for tasks to queue
[2025-04-21T11:17:51.639+0000] {logging_mixin.py:190} INFO - [2025-04-21T11:17:51.639+0000] {dagbag.py:588} INFO - Filling up the DagBag from /home/airflow/.local/lib/python3.12/site-packages/airflow/example_dags/example_kubernetes_executor.py
[2025-04-21T11:17:51.650+0000] {processor.py:925} INFO - DAG(s) 'example_kubernetes_executor' retrieved from /home/airflow/.local/lib/python3.12/site-packages/airflow/example_dags/example_kubernetes_executor.py
[2025-04-21T11:17:51.668+0000] {logging_mixin.py:190} INFO - [2025-04-21T11:17:51.668+0000] {dag.py:3239} INFO - Sync 1 DAGs
[2025-04-21T11:17:51.679+0000] {logging_mixin.py:190} INFO - [2025-04-21T11:17:51.679+0000] {dag.py:4180} INFO - Setting next_dagrun for example_kubernetes_executor to None, run_after=None
[2025-04-21T11:17:51.693+0000] {processor.py:208} INFO - Processing /home/airflow/.local/lib/python3.12/site-packages/airflow/example_dags/example_kubernetes_executor.py took 0.061 seconds
[2025-04-21T11:18:22.261+0000] {processor.py:186} INFO - Started process (PID=3216) to work on /home/airflow/.local/lib/python3.12/site-packages/airflow/example_dags/example_kubernetes_executor.py
[2025-04-21T11:18:22.262+0000] {processor.py:914} INFO - Processing file /home/airflow/.local/lib/python3.12/site-packages/airflow/example_dags/example_kubernetes_executor.py for tasks to queue
[2025-04-21T11:18:22.264+0000] {logging_mixin.py:190} INFO - [2025-04-21T11:18:22.264+0000] {dagbag.py:588} INFO - Filling up the DagBag from /home/airflow/.local/lib/python3.12/site-packages/airflow/example_dags/example_kubernetes_executor.py
[2025-04-21T11:18:22.275+0000] {processor.py:925} INFO - DAG(s) 'example_kubernetes_executor' retrieved from /home/airflow/.local/lib/python3.12/site-packages/airflow/example_dags/example_kubernetes_executor.py
[2025-04-21T11:18:22.294+0000] {logging_mixin.py:190} INFO - [2025-04-21T11:18:22.293+0000] {dag.py:3239} INFO - Sync 1 DAGs
[2025-04-21T11:18:22.304+0000] {logging_mixin.py:190} INFO - [2025-04-21T11:18:22.304+0000] {dag.py:4180} INFO - Setting next_dagrun for example_kubernetes_executor to None, run_after=None
[2025-04-21T11:18:22.319+0000] {processor.py:208} INFO - Processing /home/airflow/.local/lib/python3.12/site-packages/airflow/example_dags/example_kubernetes_executor.py took 0.062 seconds
[2025-04-21T11:18:52.842+0000] {processor.py:186} INFO - Started process (PID=3279) to work on /home/airflow/.local/lib/python3.12/site-packages/airflow/example_dags/example_kubernetes_executor.py
[2025-04-21T11:18:52.843+0000] {processor.py:914} INFO - Processing file /home/airflow/.local/lib/python3.12/site-packages/airflow/example_dags/example_kubernetes_executor.py for tasks to queue
[2025-04-21T11:18:52.844+0000] {logging_mixin.py:190} INFO - [2025-04-21T11:18:52.844+0000] {dagbag.py:588} INFO - Filling up the DagBag from /home/airflow/.local/lib/python3.12/site-packages/airflow/example_dags/example_kubernetes_executor.py
[2025-04-21T11:18:52.855+0000] {processor.py:925} INFO - DAG(s) 'example_kubernetes_executor' retrieved from /home/airflow/.local/lib/python3.12/site-packages/airflow/example_dags/example_kubernetes_executor.py
[2025-04-21T11:18:52.875+0000] {logging_mixin.py:190} INFO - [2025-04-21T11:18:52.874+0000] {dag.py:3239} INFO - Sync 1 DAGs
[2025-04-21T11:18:52.886+0000] {logging_mixin.py:190} INFO - [2025-04-21T11:18:52.886+0000] {dag.py:4180} INFO - Setting next_dagrun for example_kubernetes_executor to None, run_after=None
[2025-04-21T11:18:52.900+0000] {processor.py:208} INFO - Processing /home/airflow/.local/lib/python3.12/site-packages/airflow/example_dags/example_kubernetes_executor.py took 0.062 seconds
[2025-04-21T11:19:23.719+0000] {processor.py:186} INFO - Started process (PID=3341) to work on /home/airflow/.local/lib/python3.12/site-packages/airflow/example_dags/example_kubernetes_executor.py
[2025-04-21T11:19:23.720+0000] {processor.py:914} INFO - Processing file /home/airflow/.local/lib/python3.12/site-packages/airflow/example_dags/example_kubernetes_executor.py for tasks to queue
[2025-04-21T11:19:23.722+0000] {logging_mixin.py:190} INFO - [2025-04-21T11:19:23.722+0000] {dagbag.py:588} INFO - Filling up the DagBag from /home/airflow/.local/lib/python3.12/site-packages/airflow/example_dags/example_kubernetes_executor.py
[2025-04-21T11:19:23.731+0000] {processor.py:925} INFO - DAG(s) 'example_kubernetes_executor' retrieved from /home/airflow/.local/lib/python3.12/site-packages/airflow/example_dags/example_kubernetes_executor.py
[2025-04-21T11:19:23.749+0000] {logging_mixin.py:190} INFO - [2025-04-21T11:19:23.749+0000] {dag.py:3239} INFO - Sync 1 DAGs
[2025-04-21T11:19:23.759+0000] {logging_mixin.py:190} INFO - [2025-04-21T11:19:23.758+0000] {dag.py:4180} INFO - Setting next_dagrun for example_kubernetes_executor to None, run_after=None
[2025-04-21T11:19:23.772+0000] {processor.py:208} INFO - Processing /home/airflow/.local/lib/python3.12/site-packages/airflow/example_dags/example_kubernetes_executor.py took 0.058 seconds
[2025-04-21T11:19:54.340+0000] {processor.py:186} INFO - Started process (PID=3404) to work on /home/airflow/.local/lib/python3.12/site-packages/airflow/example_dags/example_kubernetes_executor.py
[2025-04-21T11:19:54.340+0000] {processor.py:914} INFO - Processing file /home/airflow/.local/lib/python3.12/site-packages/airflow/example_dags/example_kubernetes_executor.py for tasks to queue
[2025-04-21T11:19:54.342+0000] {logging_mixin.py:190} INFO - [2025-04-21T11:19:54.342+0000] {dagbag.py:588} INFO - Filling up the DagBag from /home/airflow/.local/lib/python3.12/site-packages/airflow/example_dags/example_kubernetes_executor.py
[2025-04-21T11:19:54.352+0000] {processor.py:925} INFO - DAG(s) 'example_kubernetes_executor' retrieved from /home/airflow/.local/lib/python3.12/site-packages/airflow/example_dags/example_kubernetes_executor.py
[2025-04-21T11:19:54.371+0000] {logging_mixin.py:190} INFO - [2025-04-21T11:19:54.371+0000] {dag.py:3239} INFO - Sync 1 DAGs
[2025-04-21T11:19:54.382+0000] {logging_mixin.py:190} INFO - [2025-04-21T11:19:54.382+0000] {dag.py:4180} INFO - Setting next_dagrun for example_kubernetes_executor to None, run_after=None
[2025-04-21T11:19:54.395+0000] {processor.py:208} INFO - Processing /home/airflow/.local/lib/python3.12/site-packages/airflow/example_dags/example_kubernetes_executor.py took 0.060 seconds
[2025-04-21T11:20:25.213+0000] {processor.py:186} INFO - Started process (PID=3470) to work on /home/airflow/.local/lib/python3.12/site-packages/airflow/example_dags/example_kubernetes_executor.py
[2025-04-21T11:20:25.213+0000] {processor.py:914} INFO - Processing file /home/airflow/.local/lib/python3.12/site-packages/airflow/example_dags/example_kubernetes_executor.py for tasks to queue
[2025-04-21T11:20:25.215+0000] {logging_mixin.py:190} INFO - [2025-04-21T11:20:25.215+0000] {dagbag.py:588} INFO - Filling up the DagBag from /home/airflow/.local/lib/python3.12/site-packages/airflow/example_dags/example_kubernetes_executor.py
[2025-04-21T11:20:25.227+0000] {processor.py:925} INFO - DAG(s) 'example_kubernetes_executor' retrieved from /home/airflow/.local/lib/python3.12/site-packages/airflow/example_dags/example_kubernetes_executor.py
[2025-04-21T11:20:25.245+0000] {logging_mixin.py:190} INFO - [2025-04-21T11:20:25.245+0000] {dag.py:3239} INFO - Sync 1 DAGs
[2025-04-21T11:20:25.257+0000] {logging_mixin.py:190} INFO - [2025-04-21T11:20:25.257+0000] {dag.py:4180} INFO - Setting next_dagrun for example_kubernetes_executor to None, run_after=None
[2025-04-21T11:20:25.273+0000] {processor.py:208} INFO - Processing /home/airflow/.local/lib/python3.12/site-packages/airflow/example_dags/example_kubernetes_executor.py took 0.065 seconds
[2025-04-21T11:20:56.599+0000] {processor.py:186} INFO - Started process (PID=3537) to work on /home/airflow/.local/lib/python3.12/site-packages/airflow/example_dags/example_kubernetes_executor.py
[2025-04-21T11:20:56.600+0000] {processor.py:914} INFO - Processing file /home/airflow/.local/lib/python3.12/site-packages/airflow/example_dags/example_kubernetes_executor.py for tasks to queue
[2025-04-21T11:20:56.602+0000] {logging_mixin.py:190} INFO - [2025-04-21T11:20:56.602+0000] {dagbag.py:588} INFO - Filling up the DagBag from /home/airflow/.local/lib/python3.12/site-packages/airflow/example_dags/example_kubernetes_executor.py
[2025-04-21T11:20:56.612+0000] {processor.py:925} INFO - DAG(s) 'example_kubernetes_executor' retrieved from /home/airflow/.local/lib/python3.12/site-packages/airflow/example_dags/example_kubernetes_executor.py
[2025-04-21T11:20:56.631+0000] {logging_mixin.py:190} INFO - [2025-04-21T11:20:56.630+0000] {dag.py:3239} INFO - Sync 1 DAGs
[2025-04-21T11:20:56.642+0000] {logging_mixin.py:190} INFO - [2025-04-21T11:20:56.642+0000] {dag.py:4180} INFO - Setting next_dagrun for example_kubernetes_executor to None, run_after=None
[2025-04-21T11:20:56.657+0000] {processor.py:208} INFO - Processing /home/airflow/.local/lib/python3.12/site-packages/airflow/example_dags/example_kubernetes_executor.py took 0.062 seconds
[2025-04-21T11:21:27.348+0000] {processor.py:186} INFO - Started process (PID=3599) to work on /home/airflow/.local/lib/python3.12/site-packages/airflow/example_dags/example_kubernetes_executor.py
[2025-04-21T11:21:27.348+0000] {processor.py:914} INFO - Processing file /home/airflow/.local/lib/python3.12/site-packages/airflow/example_dags/example_kubernetes_executor.py for tasks to queue
[2025-04-21T11:21:27.350+0000] {logging_mixin.py:190} INFO - [2025-04-21T11:21:27.350+0000] {dagbag.py:588} INFO - Filling up the DagBag from /home/airflow/.local/lib/python3.12/site-packages/airflow/example_dags/example_kubernetes_executor.py
[2025-04-21T11:21:27.362+0000] {processor.py:925} INFO - DAG(s) 'example_kubernetes_executor' retrieved from /home/airflow/.local/lib/python3.12/site-packages/airflow/example_dags/example_kubernetes_executor.py
[2025-04-21T11:21:27.381+0000] {logging_mixin.py:190} INFO - [2025-04-21T11:21:27.381+0000] {dag.py:3239} INFO - Sync 1 DAGs
[2025-04-21T11:21:27.394+0000] {logging_mixin.py:190} INFO - [2025-04-21T11:21:27.394+0000] {dag.py:4180} INFO - Setting next_dagrun for example_kubernetes_executor to None, run_after=None
[2025-04-21T11:21:27.414+0000] {processor.py:208} INFO - Processing /home/airflow/.local/lib/python3.12/site-packages/airflow/example_dags/example_kubernetes_executor.py took 0.071 seconds
[2025-04-21T11:21:59.449+0000] {processor.py:186} INFO - Started process (PID=3666) to work on /home/airflow/.local/lib/python3.12/site-packages/airflow/example_dags/example_kubernetes_executor.py
[2025-04-21T11:21:59.450+0000] {processor.py:914} INFO - Processing file /home/airflow/.local/lib/python3.12/site-packages/airflow/example_dags/example_kubernetes_executor.py for tasks to queue
[2025-04-21T11:21:59.452+0000] {logging_mixin.py:190} INFO - [2025-04-21T11:21:59.452+0000] {dagbag.py:588} INFO - Filling up the DagBag from /home/airflow/.local/lib/python3.12/site-packages/airflow/example_dags/example_kubernetes_executor.py
[2025-04-21T11:21:59.463+0000] {processor.py:925} INFO - DAG(s) 'example_kubernetes_executor' retrieved from /home/airflow/.local/lib/python3.12/site-packages/airflow/example_dags/example_kubernetes_executor.py
[2025-04-21T11:21:59.485+0000] {logging_mixin.py:190} INFO - [2025-04-21T11:21:59.485+0000] {dag.py:3239} INFO - Sync 1 DAGs
[2025-04-21T11:21:59.498+0000] {logging_mixin.py:190} INFO - [2025-04-21T11:21:59.497+0000] {dag.py:4180} INFO - Setting next_dagrun for example_kubernetes_executor to None, run_after=None
[2025-04-21T11:21:59.517+0000] {processor.py:208} INFO - Processing /home/airflow/.local/lib/python3.12/site-packages/airflow/example_dags/example_kubernetes_executor.py took 0.072 seconds
[2025-04-21T11:22:30.618+0000] {processor.py:186} INFO - Started process (PID=3733) to work on /home/airflow/.local/lib/python3.12/site-packages/airflow/example_dags/example_kubernetes_executor.py
[2025-04-21T11:22:30.619+0000] {processor.py:914} INFO - Processing file /home/airflow/.local/lib/python3.12/site-packages/airflow/example_dags/example_kubernetes_executor.py for tasks to queue
[2025-04-21T11:22:30.621+0000] {logging_mixin.py:190} INFO - [2025-04-21T11:22:30.621+0000] {dagbag.py:588} INFO - Filling up the DagBag from /home/airflow/.local/lib/python3.12/site-packages/airflow/example_dags/example_kubernetes_executor.py
[2025-04-21T11:22:30.633+0000] {processor.py:925} INFO - DAG(s) 'example_kubernetes_executor' retrieved from /home/airflow/.local/lib/python3.12/site-packages/airflow/example_dags/example_kubernetes_executor.py
[2025-04-21T11:22:30.657+0000] {logging_mixin.py:190} INFO - [2025-04-21T11:22:30.657+0000] {dag.py:3239} INFO - Sync 1 DAGs
[2025-04-21T11:22:30.851+0000] {logging_mixin.py:190} INFO - [2025-04-21T11:22:30.850+0000] {dag.py:4180} INFO - Setting next_dagrun for example_kubernetes_executor to None, run_after=None
[2025-04-21T11:22:30.870+0000] {processor.py:208} INFO - Processing /home/airflow/.local/lib/python3.12/site-packages/airflow/example_dags/example_kubernetes_executor.py took 0.256 seconds
[2025-04-21T11:23:01.706+0000] {processor.py:186} INFO - Started process (PID=3796) to work on /home/airflow/.local/lib/python3.12/site-packages/airflow/example_dags/example_kubernetes_executor.py
[2025-04-21T11:23:01.707+0000] {processor.py:914} INFO - Processing file /home/airflow/.local/lib/python3.12/site-packages/airflow/example_dags/example_kubernetes_executor.py for tasks to queue
[2025-04-21T11:23:01.708+0000] {logging_mixin.py:190} INFO - [2025-04-21T11:23:01.708+0000] {dagbag.py:588} INFO - Filling up the DagBag from /home/airflow/.local/lib/python3.12/site-packages/airflow/example_dags/example_kubernetes_executor.py
[2025-04-21T11:23:01.719+0000] {processor.py:925} INFO - DAG(s) 'example_kubernetes_executor' retrieved from /home/airflow/.local/lib/python3.12/site-packages/airflow/example_dags/example_kubernetes_executor.py
[2025-04-21T11:23:01.736+0000] {logging_mixin.py:190} INFO - [2025-04-21T11:23:01.736+0000] {dag.py:3239} INFO - Sync 1 DAGs
[2025-04-21T11:23:01.895+0000] {logging_mixin.py:190} INFO - [2025-04-21T11:23:01.895+0000] {dag.py:4180} INFO - Setting next_dagrun for example_kubernetes_executor to None, run_after=None
[2025-04-21T11:23:01.910+0000] {processor.py:208} INFO - Processing /home/airflow/.local/lib/python3.12/site-packages/airflow/example_dags/example_kubernetes_executor.py took 0.208 seconds
[2025-04-21T11:23:32.016+0000] {processor.py:186} INFO - Started process (PID=3859) to work on /home/airflow/.local/lib/python3.12/site-packages/airflow/example_dags/example_kubernetes_executor.py
[2025-04-21T11:23:32.017+0000] {processor.py:914} INFO - Processing file /home/airflow/.local/lib/python3.12/site-packages/airflow/example_dags/example_kubernetes_executor.py for tasks to queue
[2025-04-21T11:23:32.019+0000] {logging_mixin.py:190} INFO - [2025-04-21T11:23:32.019+0000] {dagbag.py:588} INFO - Filling up the DagBag from /home/airflow/.local/lib/python3.12/site-packages/airflow/example_dags/example_kubernetes_executor.py
[2025-04-21T11:23:32.031+0000] {processor.py:925} INFO - DAG(s) 'example_kubernetes_executor' retrieved from /home/airflow/.local/lib/python3.12/site-packages/airflow/example_dags/example_kubernetes_executor.py
[2025-04-21T11:23:32.050+0000] {logging_mixin.py:190} INFO - [2025-04-21T11:23:32.050+0000] {dag.py:3239} INFO - Sync 1 DAGs
[2025-04-21T11:23:32.215+0000] {logging_mixin.py:190} INFO - [2025-04-21T11:23:32.215+0000] {dag.py:4180} INFO - Setting next_dagrun for example_kubernetes_executor to None, run_after=None
[2025-04-21T11:23:32.232+0000] {processor.py:208} INFO - Processing /home/airflow/.local/lib/python3.12/site-packages/airflow/example_dags/example_kubernetes_executor.py took 0.220 seconds
[2025-04-21T11:24:02.338+0000] {processor.py:186} INFO - Started process (PID=3921) to work on /home/airflow/.local/lib/python3.12/site-packages/airflow/example_dags/example_kubernetes_executor.py
[2025-04-21T11:24:02.338+0000] {processor.py:914} INFO - Processing file /home/airflow/.local/lib/python3.12/site-packages/airflow/example_dags/example_kubernetes_executor.py for tasks to queue
[2025-04-21T11:24:02.341+0000] {logging_mixin.py:190} INFO - [2025-04-21T11:24:02.340+0000] {dagbag.py:588} INFO - Filling up the DagBag from /home/airflow/.local/lib/python3.12/site-packages/airflow/example_dags/example_kubernetes_executor.py
[2025-04-21T11:24:02.352+0000] {processor.py:925} INFO - DAG(s) 'example_kubernetes_executor' retrieved from /home/airflow/.local/lib/python3.12/site-packages/airflow/example_dags/example_kubernetes_executor.py
[2025-04-21T11:24:02.372+0000] {logging_mixin.py:190} INFO - [2025-04-21T11:24:02.372+0000] {dag.py:3239} INFO - Sync 1 DAGs
[2025-04-21T11:24:02.383+0000] {logging_mixin.py:190} INFO - [2025-04-21T11:24:02.383+0000] {dag.py:4180} INFO - Setting next_dagrun for example_kubernetes_executor to None, run_after=None
[2025-04-21T11:24:02.397+0000] {processor.py:208} INFO - Processing /home/airflow/.local/lib/python3.12/site-packages/airflow/example_dags/example_kubernetes_executor.py took 0.064 seconds
[2025-04-21T11:24:33.161+0000] {processor.py:186} INFO - Started process (PID=3986) to work on /home/airflow/.local/lib/python3.12/site-packages/airflow/example_dags/example_kubernetes_executor.py
[2025-04-21T11:24:33.162+0000] {processor.py:914} INFO - Processing file /home/airflow/.local/lib/python3.12/site-packages/airflow/example_dags/example_kubernetes_executor.py for tasks to queue
[2025-04-21T11:24:33.164+0000] {logging_mixin.py:190} INFO - [2025-04-21T11:24:33.164+0000] {dagbag.py:588} INFO - Filling up the DagBag from /home/airflow/.local/lib/python3.12/site-packages/airflow/example_dags/example_kubernetes_executor.py
[2025-04-21T11:24:33.175+0000] {processor.py:925} INFO - DAG(s) 'example_kubernetes_executor' retrieved from /home/airflow/.local/lib/python3.12/site-packages/airflow/example_dags/example_kubernetes_executor.py
[2025-04-21T11:24:33.194+0000] {logging_mixin.py:190} INFO - [2025-04-21T11:24:33.194+0000] {dag.py:3239} INFO - Sync 1 DAGs
[2025-04-21T11:24:33.204+0000] {logging_mixin.py:190} INFO - [2025-04-21T11:24:33.204+0000] {dag.py:4180} INFO - Setting next_dagrun for example_kubernetes_executor to None, run_after=None
[2025-04-21T11:24:33.220+0000] {processor.py:208} INFO - Processing /home/airflow/.local/lib/python3.12/site-packages/airflow/example_dags/example_kubernetes_executor.py took 0.063 seconds
[2025-04-21T11:25:03.595+0000] {processor.py:186} INFO - Started process (PID=4049) to work on /home/airflow/.local/lib/python3.12/site-packages/airflow/example_dags/example_kubernetes_executor.py
[2025-04-21T11:25:03.595+0000] {processor.py:914} INFO - Processing file /home/airflow/.local/lib/python3.12/site-packages/airflow/example_dags/example_kubernetes_executor.py for tasks to queue
[2025-04-21T11:25:03.597+0000] {logging_mixin.py:190} INFO - [2025-04-21T11:25:03.597+0000] {dagbag.py:588} INFO - Filling up the DagBag from /home/airflow/.local/lib/python3.12/site-packages/airflow/example_dags/example_kubernetes_executor.py
[2025-04-21T11:25:03.609+0000] {processor.py:925} INFO - DAG(s) 'example_kubernetes_executor' retrieved from /home/airflow/.local/lib/python3.12/site-packages/airflow/example_dags/example_kubernetes_executor.py
[2025-04-21T11:25:03.628+0000] {logging_mixin.py:190} INFO - [2025-04-21T11:25:03.628+0000] {dag.py:3239} INFO - Sync 1 DAGs
[2025-04-21T11:25:03.640+0000] {logging_mixin.py:190} INFO - [2025-04-21T11:25:03.640+0000] {dag.py:4180} INFO - Setting next_dagrun for example_kubernetes_executor to None, run_after=None
[2025-04-21T11:25:03.656+0000] {processor.py:208} INFO - Processing /home/airflow/.local/lib/python3.12/site-packages/airflow/example_dags/example_kubernetes_executor.py took 0.066 seconds
[2025-04-21T11:25:35.280+0000] {processor.py:186} INFO - Started process (PID=4112) to work on /home/airflow/.local/lib/python3.12/site-packages/airflow/example_dags/example_kubernetes_executor.py
[2025-04-21T11:25:35.281+0000] {processor.py:914} INFO - Processing file /home/airflow/.local/lib/python3.12/site-packages/airflow/example_dags/example_kubernetes_executor.py for tasks to queue
[2025-04-21T11:25:35.282+0000] {logging_mixin.py:190} INFO - [2025-04-21T11:25:35.282+0000] {dagbag.py:588} INFO - Filling up the DagBag from /home/airflow/.local/lib/python3.12/site-packages/airflow/example_dags/example_kubernetes_executor.py
[2025-04-21T11:25:35.292+0000] {processor.py:925} INFO - DAG(s) 'example_kubernetes_executor' retrieved from /home/airflow/.local/lib/python3.12/site-packages/airflow/example_dags/example_kubernetes_executor.py
[2025-04-21T11:25:35.312+0000] {logging_mixin.py:190} INFO - [2025-04-21T11:25:35.312+0000] {dag.py:3239} INFO - Sync 1 DAGs
[2025-04-21T11:25:35.323+0000] {logging_mixin.py:190} INFO - [2025-04-21T11:25:35.323+0000] {dag.py:4180} INFO - Setting next_dagrun for example_kubernetes_executor to None, run_after=None
[2025-04-21T11:25:35.339+0000] {processor.py:208} INFO - Processing /home/airflow/.local/lib/python3.12/site-packages/airflow/example_dags/example_kubernetes_executor.py took 0.063 seconds
[2025-04-21T11:26:06.035+0000] {processor.py:186} INFO - Started process (PID=4176) to work on /home/airflow/.local/lib/python3.12/site-packages/airflow/example_dags/example_kubernetes_executor.py
[2025-04-21T11:26:06.035+0000] {processor.py:914} INFO - Processing file /home/airflow/.local/lib/python3.12/site-packages/airflow/example_dags/example_kubernetes_executor.py for tasks to queue
[2025-04-21T11:26:06.037+0000] {logging_mixin.py:190} INFO - [2025-04-21T11:26:06.037+0000] {dagbag.py:588} INFO - Filling up the DagBag from /home/airflow/.local/lib/python3.12/site-packages/airflow/example_dags/example_kubernetes_executor.py
[2025-04-21T11:26:06.047+0000] {processor.py:925} INFO - DAG(s) 'example_kubernetes_executor' retrieved from /home/airflow/.local/lib/python3.12/site-packages/airflow/example_dags/example_kubernetes_executor.py
[2025-04-21T11:26:06.066+0000] {logging_mixin.py:190} INFO - [2025-04-21T11:26:06.066+0000] {dag.py:3239} INFO - Sync 1 DAGs
[2025-04-21T11:26:06.077+0000] {logging_mixin.py:190} INFO - [2025-04-21T11:26:06.076+0000] {dag.py:4180} INFO - Setting next_dagrun for example_kubernetes_executor to None, run_after=None
[2025-04-21T11:26:06.092+0000] {processor.py:208} INFO - Processing /home/airflow/.local/lib/python3.12/site-packages/airflow/example_dags/example_kubernetes_executor.py took 0.061 seconds
[2025-04-21T11:26:36.813+0000] {processor.py:186} INFO - Started process (PID=4245) to work on /home/airflow/.local/lib/python3.12/site-packages/airflow/example_dags/example_kubernetes_executor.py
[2025-04-21T11:26:36.814+0000] {processor.py:914} INFO - Processing file /home/airflow/.local/lib/python3.12/site-packages/airflow/example_dags/example_kubernetes_executor.py for tasks to queue
[2025-04-21T11:26:36.816+0000] {logging_mixin.py:190} INFO - [2025-04-21T11:26:36.816+0000] {dagbag.py:588} INFO - Filling up the DagBag from /home/airflow/.local/lib/python3.12/site-packages/airflow/example_dags/example_kubernetes_executor.py
[2025-04-21T11:26:36.827+0000] {processor.py:925} INFO - DAG(s) 'example_kubernetes_executor' retrieved from /home/airflow/.local/lib/python3.12/site-packages/airflow/example_dags/example_kubernetes_executor.py
[2025-04-21T11:26:36.847+0000] {logging_mixin.py:190} INFO - [2025-04-21T11:26:36.847+0000] {dag.py:3239} INFO - Sync 1 DAGs
[2025-04-21T11:26:36.859+0000] {logging_mixin.py:190} INFO - [2025-04-21T11:26:36.859+0000] {dag.py:4180} INFO - Setting next_dagrun for example_kubernetes_executor to None, run_after=None
[2025-04-21T11:26:36.873+0000] {processor.py:208} INFO - Processing /home/airflow/.local/lib/python3.12/site-packages/airflow/example_dags/example_kubernetes_executor.py took 0.065 seconds
[2025-04-21T11:27:07.564+0000] {processor.py:186} INFO - Started process (PID=4308) to work on /home/airflow/.local/lib/python3.12/site-packages/airflow/example_dags/example_kubernetes_executor.py
[2025-04-21T11:27:07.565+0000] {processor.py:914} INFO - Processing file /home/airflow/.local/lib/python3.12/site-packages/airflow/example_dags/example_kubernetes_executor.py for tasks to queue
[2025-04-21T11:27:07.567+0000] {logging_mixin.py:190} INFO - [2025-04-21T11:27:07.567+0000] {dagbag.py:588} INFO - Filling up the DagBag from /home/airflow/.local/lib/python3.12/site-packages/airflow/example_dags/example_kubernetes_executor.py
[2025-04-21T11:27:07.579+0000] {processor.py:925} INFO - DAG(s) 'example_kubernetes_executor' retrieved from /home/airflow/.local/lib/python3.12/site-packages/airflow/example_dags/example_kubernetes_executor.py
[2025-04-21T11:27:07.606+0000] {logging_mixin.py:190} INFO - [2025-04-21T11:27:07.606+0000] {dag.py:3239} INFO - Sync 1 DAGs
[2025-04-21T11:27:07.620+0000] {logging_mixin.py:190} INFO - [2025-04-21T11:27:07.620+0000] {dag.py:4180} INFO - Setting next_dagrun for example_kubernetes_executor to None, run_after=None
[2025-04-21T11:27:07.640+0000] {processor.py:208} INFO - Processing /home/airflow/.local/lib/python3.12/site-packages/airflow/example_dags/example_kubernetes_executor.py took 0.081 seconds
[2025-04-21T11:27:38.464+0000] {processor.py:186} INFO - Started process (PID=4371) to work on /home/airflow/.local/lib/python3.12/site-packages/airflow/example_dags/example_kubernetes_executor.py
[2025-04-21T11:27:38.465+0000] {processor.py:914} INFO - Processing file /home/airflow/.local/lib/python3.12/site-packages/airflow/example_dags/example_kubernetes_executor.py for tasks to queue
[2025-04-21T11:27:38.467+0000] {logging_mixin.py:190} INFO - [2025-04-21T11:27:38.466+0000] {dagbag.py:588} INFO - Filling up the DagBag from /home/airflow/.local/lib/python3.12/site-packages/airflow/example_dags/example_kubernetes_executor.py
[2025-04-21T11:27:38.477+0000] {processor.py:925} INFO - DAG(s) 'example_kubernetes_executor' retrieved from /home/airflow/.local/lib/python3.12/site-packages/airflow/example_dags/example_kubernetes_executor.py
[2025-04-21T11:27:38.497+0000] {logging_mixin.py:190} INFO - [2025-04-21T11:27:38.496+0000] {dag.py:3239} INFO - Sync 1 DAGs
[2025-04-21T11:27:38.508+0000] {logging_mixin.py:190} INFO - [2025-04-21T11:27:38.508+0000] {dag.py:4180} INFO - Setting next_dagrun for example_kubernetes_executor to None, run_after=None
[2025-04-21T11:27:38.524+0000] {processor.py:208} INFO - Processing /home/airflow/.local/lib/python3.12/site-packages/airflow/example_dags/example_kubernetes_executor.py took 0.064 seconds
[2025-04-21T11:28:08.978+0000] {processor.py:186} INFO - Started process (PID=4434) to work on /home/airflow/.local/lib/python3.12/site-packages/airflow/example_dags/example_kubernetes_executor.py
[2025-04-21T11:28:08.979+0000] {processor.py:914} INFO - Processing file /home/airflow/.local/lib/python3.12/site-packages/airflow/example_dags/example_kubernetes_executor.py for tasks to queue
[2025-04-21T11:28:08.981+0000] {logging_mixin.py:190} INFO - [2025-04-21T11:28:08.980+0000] {dagbag.py:588} INFO - Filling up the DagBag from /home/airflow/.local/lib/python3.12/site-packages/airflow/example_dags/example_kubernetes_executor.py
[2025-04-21T11:28:08.992+0000] {processor.py:925} INFO - DAG(s) 'example_kubernetes_executor' retrieved from /home/airflow/.local/lib/python3.12/site-packages/airflow/example_dags/example_kubernetes_executor.py
[2025-04-21T11:28:09.011+0000] {logging_mixin.py:190} INFO - [2025-04-21T11:28:09.011+0000] {dag.py:3239} INFO - Sync 1 DAGs
[2025-04-21T11:28:09.023+0000] {logging_mixin.py:190} INFO - [2025-04-21T11:28:09.023+0000] {dag.py:4180} INFO - Setting next_dagrun for example_kubernetes_executor to None, run_after=None
[2025-04-21T11:28:09.040+0000] {processor.py:208} INFO - Processing /home/airflow/.local/lib/python3.12/site-packages/airflow/example_dags/example_kubernetes_executor.py took 0.065 seconds
[2025-04-21T11:28:39.457+0000] {processor.py:186} INFO - Started process (PID=4497) to work on /home/airflow/.local/lib/python3.12/site-packages/airflow/example_dags/example_kubernetes_executor.py
[2025-04-21T11:28:39.458+0000] {processor.py:914} INFO - Processing file /home/airflow/.local/lib/python3.12/site-packages/airflow/example_dags/example_kubernetes_executor.py for tasks to queue
[2025-04-21T11:28:39.460+0000] {logging_mixin.py:190} INFO - [2025-04-21T11:28:39.460+0000] {dagbag.py:588} INFO - Filling up the DagBag from /home/airflow/.local/lib/python3.12/site-packages/airflow/example_dags/example_kubernetes_executor.py
[2025-04-21T11:28:39.470+0000] {processor.py:925} INFO - DAG(s) 'example_kubernetes_executor' retrieved from /home/airflow/.local/lib/python3.12/site-packages/airflow/example_dags/example_kubernetes_executor.py
[2025-04-21T11:28:39.493+0000] {logging_mixin.py:190} INFO - [2025-04-21T11:28:39.492+0000] {dag.py:3239} INFO - Sync 1 DAGs
[2025-04-21T11:28:39.504+0000] {logging_mixin.py:190} INFO - [2025-04-21T11:28:39.504+0000] {dag.py:4180} INFO - Setting next_dagrun for example_kubernetes_executor to None, run_after=None
[2025-04-21T11:28:39.521+0000] {processor.py:208} INFO - Processing /home/airflow/.local/lib/python3.12/site-packages/airflow/example_dags/example_kubernetes_executor.py took 0.068 seconds
[2025-04-21T11:29:09.887+0000] {processor.py:186} INFO - Started process (PID=4559) to work on /home/airflow/.local/lib/python3.12/site-packages/airflow/example_dags/example_kubernetes_executor.py
[2025-04-21T11:29:09.888+0000] {processor.py:914} INFO - Processing file /home/airflow/.local/lib/python3.12/site-packages/airflow/example_dags/example_kubernetes_executor.py for tasks to queue
[2025-04-21T11:29:09.891+0000] {logging_mixin.py:190} INFO - [2025-04-21T11:29:09.891+0000] {dagbag.py:588} INFO - Filling up the DagBag from /home/airflow/.local/lib/python3.12/site-packages/airflow/example_dags/example_kubernetes_executor.py
[2025-04-21T11:29:09.902+0000] {processor.py:925} INFO - DAG(s) 'example_kubernetes_executor' retrieved from /home/airflow/.local/lib/python3.12/site-packages/airflow/example_dags/example_kubernetes_executor.py
[2025-04-21T11:29:09.925+0000] {logging_mixin.py:190} INFO - [2025-04-21T11:29:09.925+0000] {dag.py:3239} INFO - Sync 1 DAGs
[2025-04-21T11:29:09.937+0000] {logging_mixin.py:190} INFO - [2025-04-21T11:29:09.937+0000] {dag.py:4180} INFO - Setting next_dagrun for example_kubernetes_executor to None, run_after=None
[2025-04-21T11:29:09.952+0000] {processor.py:208} INFO - Processing /home/airflow/.local/lib/python3.12/site-packages/airflow/example_dags/example_kubernetes_executor.py took 0.069 seconds
[2025-04-21T11:29:40.360+0000] {processor.py:186} INFO - Started process (PID=4623) to work on /home/airflow/.local/lib/python3.12/site-packages/airflow/example_dags/example_kubernetes_executor.py
[2025-04-21T11:29:40.361+0000] {processor.py:914} INFO - Processing file /home/airflow/.local/lib/python3.12/site-packages/airflow/example_dags/example_kubernetes_executor.py for tasks to queue
[2025-04-21T11:29:40.363+0000] {logging_mixin.py:190} INFO - [2025-04-21T11:29:40.362+0000] {dagbag.py:588} INFO - Filling up the DagBag from /home/airflow/.local/lib/python3.12/site-packages/airflow/example_dags/example_kubernetes_executor.py
[2025-04-21T11:29:40.373+0000] {processor.py:925} INFO - DAG(s) 'example_kubernetes_executor' retrieved from /home/airflow/.local/lib/python3.12/site-packages/airflow/example_dags/example_kubernetes_executor.py
[2025-04-21T11:29:40.394+0000] {logging_mixin.py:190} INFO - [2025-04-21T11:29:40.394+0000] {dag.py:3239} INFO - Sync 1 DAGs
[2025-04-21T11:29:40.408+0000] {logging_mixin.py:190} INFO - [2025-04-21T11:29:40.407+0000] {dag.py:4180} INFO - Setting next_dagrun for example_kubernetes_executor to None, run_after=None
[2025-04-21T11:29:40.426+0000] {processor.py:208} INFO - Processing /home/airflow/.local/lib/python3.12/site-packages/airflow/example_dags/example_kubernetes_executor.py took 0.070 seconds
[2025-04-21T11:30:10.872+0000] {processor.py:186} INFO - Started process (PID=4685) to work on /home/airflow/.local/lib/python3.12/site-packages/airflow/example_dags/example_kubernetes_executor.py
[2025-04-21T11:30:10.873+0000] {processor.py:914} INFO - Processing file /home/airflow/.local/lib/python3.12/site-packages/airflow/example_dags/example_kubernetes_executor.py for tasks to queue
[2025-04-21T11:30:10.875+0000] {logging_mixin.py:190} INFO - [2025-04-21T11:30:10.874+0000] {dagbag.py:588} INFO - Filling up the DagBag from /home/airflow/.local/lib/python3.12/site-packages/airflow/example_dags/example_kubernetes_executor.py
[2025-04-21T11:30:10.885+0000] {processor.py:925} INFO - DAG(s) 'example_kubernetes_executor' retrieved from /home/airflow/.local/lib/python3.12/site-packages/airflow/example_dags/example_kubernetes_executor.py
[2025-04-21T11:30:10.906+0000] {logging_mixin.py:190} INFO - [2025-04-21T11:30:10.906+0000] {dag.py:3239} INFO - Sync 1 DAGs
[2025-04-21T11:30:10.917+0000] {logging_mixin.py:190} INFO - [2025-04-21T11:30:10.917+0000] {dag.py:4180} INFO - Setting next_dagrun for example_kubernetes_executor to None, run_after=None
[2025-04-21T11:30:10.933+0000] {processor.py:208} INFO - Processing /home/airflow/.local/lib/python3.12/site-packages/airflow/example_dags/example_kubernetes_executor.py took 0.065 seconds
[2025-04-21T11:30:42.176+0000] {processor.py:186} INFO - Started process (PID=4748) to work on /home/airflow/.local/lib/python3.12/site-packages/airflow/example_dags/example_kubernetes_executor.py
[2025-04-21T11:30:42.177+0000] {processor.py:914} INFO - Processing file /home/airflow/.local/lib/python3.12/site-packages/airflow/example_dags/example_kubernetes_executor.py for tasks to queue
[2025-04-21T11:30:42.179+0000] {logging_mixin.py:190} INFO - [2025-04-21T11:30:42.179+0000] {dagbag.py:588} INFO - Filling up the DagBag from /home/airflow/.local/lib/python3.12/site-packages/airflow/example_dags/example_kubernetes_executor.py
[2025-04-21T11:30:42.190+0000] {processor.py:925} INFO - DAG(s) 'example_kubernetes_executor' retrieved from /home/airflow/.local/lib/python3.12/site-packages/airflow/example_dags/example_kubernetes_executor.py
[2025-04-21T11:30:42.214+0000] {logging_mixin.py:190} INFO - [2025-04-21T11:30:42.213+0000] {dag.py:3239} INFO - Sync 1 DAGs
[2025-04-21T11:30:42.225+0000] {logging_mixin.py:190} INFO - [2025-04-21T11:30:42.225+0000] {dag.py:4180} INFO - Setting next_dagrun for example_kubernetes_executor to None, run_after=None
[2025-04-21T11:30:42.243+0000] {processor.py:208} INFO - Processing /home/airflow/.local/lib/python3.12/site-packages/airflow/example_dags/example_kubernetes_executor.py took 0.072 seconds
[2025-04-21T11:31:12.948+0000] {processor.py:186} INFO - Started process (PID=4815) to work on /home/airflow/.local/lib/python3.12/site-packages/airflow/example_dags/example_kubernetes_executor.py
[2025-04-21T11:31:12.948+0000] {processor.py:914} INFO - Processing file /home/airflow/.local/lib/python3.12/site-packages/airflow/example_dags/example_kubernetes_executor.py for tasks to queue
[2025-04-21T11:31:12.950+0000] {logging_mixin.py:190} INFO - [2025-04-21T11:31:12.950+0000] {dagbag.py:588} INFO - Filling up the DagBag from /home/airflow/.local/lib/python3.12/site-packages/airflow/example_dags/example_kubernetes_executor.py
[2025-04-21T11:31:12.960+0000] {processor.py:925} INFO - DAG(s) 'example_kubernetes_executor' retrieved from /home/airflow/.local/lib/python3.12/site-packages/airflow/example_dags/example_kubernetes_executor.py
[2025-04-21T11:31:12.980+0000] {logging_mixin.py:190} INFO - [2025-04-21T11:31:12.980+0000] {dag.py:3239} INFO - Sync 1 DAGs
[2025-04-21T11:31:12.993+0000] {logging_mixin.py:190} INFO - [2025-04-21T11:31:12.992+0000] {dag.py:4180} INFO - Setting next_dagrun for example_kubernetes_executor to None, run_after=None
[2025-04-21T11:31:13.009+0000] {processor.py:208} INFO - Processing /home/airflow/.local/lib/python3.12/site-packages/airflow/example_dags/example_kubernetes_executor.py took 0.066 seconds
[2025-04-21T11:31:44.550+0000] {processor.py:186} INFO - Started process (PID=4880) to work on /home/airflow/.local/lib/python3.12/site-packages/airflow/example_dags/example_kubernetes_executor.py
[2025-04-21T11:31:44.552+0000] {processor.py:914} INFO - Processing file /home/airflow/.local/lib/python3.12/site-packages/airflow/example_dags/example_kubernetes_executor.py for tasks to queue
[2025-04-21T11:31:44.554+0000] {logging_mixin.py:190} INFO - [2025-04-21T11:31:44.554+0000] {dagbag.py:588} INFO - Filling up the DagBag from /home/airflow/.local/lib/python3.12/site-packages/airflow/example_dags/example_kubernetes_executor.py
[2025-04-21T11:31:44.565+0000] {processor.py:925} INFO - DAG(s) 'example_kubernetes_executor' retrieved from /home/airflow/.local/lib/python3.12/site-packages/airflow/example_dags/example_kubernetes_executor.py
[2025-04-21T11:31:44.587+0000] {logging_mixin.py:190} INFO - [2025-04-21T11:31:44.587+0000] {dag.py:3239} INFO - Sync 1 DAGs
[2025-04-21T11:31:44.600+0000] {logging_mixin.py:190} INFO - [2025-04-21T11:31:44.599+0000] {dag.py:4180} INFO - Setting next_dagrun for example_kubernetes_executor to None, run_after=None
[2025-04-21T11:31:44.616+0000] {processor.py:208} INFO - Processing /home/airflow/.local/lib/python3.12/site-packages/airflow/example_dags/example_kubernetes_executor.py took 0.069 seconds
[2025-04-21T11:32:15.538+0000] {processor.py:186} INFO - Started process (PID=4946) to work on /home/airflow/.local/lib/python3.12/site-packages/airflow/example_dags/example_kubernetes_executor.py
[2025-04-21T11:32:15.539+0000] {processor.py:914} INFO - Processing file /home/airflow/.local/lib/python3.12/site-packages/airflow/example_dags/example_kubernetes_executor.py for tasks to queue
[2025-04-21T11:32:15.540+0000] {logging_mixin.py:190} INFO - [2025-04-21T11:32:15.540+0000] {dagbag.py:588} INFO - Filling up the DagBag from /home/airflow/.local/lib/python3.12/site-packages/airflow/example_dags/example_kubernetes_executor.py
[2025-04-21T11:32:15.550+0000] {processor.py:925} INFO - DAG(s) 'example_kubernetes_executor' retrieved from /home/airflow/.local/lib/python3.12/site-packages/airflow/example_dags/example_kubernetes_executor.py
[2025-04-21T11:32:15.569+0000] {logging_mixin.py:190} INFO - [2025-04-21T11:32:15.568+0000] {dag.py:3239} INFO - Sync 1 DAGs
[2025-04-21T11:32:15.581+0000] {logging_mixin.py:190} INFO - [2025-04-21T11:32:15.581+0000] {dag.py:4180} INFO - Setting next_dagrun for example_kubernetes_executor to None, run_after=None
[2025-04-21T11:32:15.597+0000] {processor.py:208} INFO - Processing /home/airflow/.local/lib/python3.12/site-packages/airflow/example_dags/example_kubernetes_executor.py took 0.064 seconds
[2025-04-21T11:32:46.414+0000] {processor.py:186} INFO - Started process (PID=5009) to work on /home/airflow/.local/lib/python3.12/site-packages/airflow/example_dags/example_kubernetes_executor.py
[2025-04-21T11:32:46.415+0000] {processor.py:914} INFO - Processing file /home/airflow/.local/lib/python3.12/site-packages/airflow/example_dags/example_kubernetes_executor.py for tasks to queue
[2025-04-21T11:32:46.417+0000] {logging_mixin.py:190} INFO - [2025-04-21T11:32:46.417+0000] {dagbag.py:588} INFO - Filling up the DagBag from /home/airflow/.local/lib/python3.12/site-packages/airflow/example_dags/example_kubernetes_executor.py
[2025-04-21T11:32:46.440+0000] {processor.py:925} INFO - DAG(s) 'example_kubernetes_executor' retrieved from /home/airflow/.local/lib/python3.12/site-packages/airflow/example_dags/example_kubernetes_executor.py
[2025-04-21T11:32:46.465+0000] {logging_mixin.py:190} INFO - [2025-04-21T11:32:46.465+0000] {dag.py:3239} INFO - Sync 1 DAGs
[2025-04-21T11:32:46.480+0000] {logging_mixin.py:190} INFO - [2025-04-21T11:32:46.480+0000] {dag.py:4180} INFO - Setting next_dagrun for example_kubernetes_executor to None, run_after=None
[2025-04-21T11:32:46.499+0000] {processor.py:208} INFO - Processing /home/airflow/.local/lib/python3.12/site-packages/airflow/example_dags/example_kubernetes_executor.py took 0.090 seconds
[2025-04-21T11:33:17.331+0000] {processor.py:186} INFO - Started process (PID=5080) to work on /home/airflow/.local/lib/python3.12/site-packages/airflow/example_dags/example_kubernetes_executor.py
[2025-04-21T11:33:17.332+0000] {processor.py:914} INFO - Processing file /home/airflow/.local/lib/python3.12/site-packages/airflow/example_dags/example_kubernetes_executor.py for tasks to queue
[2025-04-21T11:33:17.333+0000] {logging_mixin.py:190} INFO - [2025-04-21T11:33:17.333+0000] {dagbag.py:588} INFO - Filling up the DagBag from /home/airflow/.local/lib/python3.12/site-packages/airflow/example_dags/example_kubernetes_executor.py
[2025-04-21T11:33:17.345+0000] {processor.py:925} INFO - DAG(s) 'example_kubernetes_executor' retrieved from /home/airflow/.local/lib/python3.12/site-packages/airflow/example_dags/example_kubernetes_executor.py
[2025-04-21T11:33:17.365+0000] {logging_mixin.py:190} INFO - [2025-04-21T11:33:17.365+0000] {dag.py:3239} INFO - Sync 1 DAGs
[2025-04-21T11:33:17.377+0000] {logging_mixin.py:190} INFO - [2025-04-21T11:33:17.377+0000] {dag.py:4180} INFO - Setting next_dagrun for example_kubernetes_executor to None, run_after=None
[2025-04-21T11:33:17.392+0000] {processor.py:208} INFO - Processing /home/airflow/.local/lib/python3.12/site-packages/airflow/example_dags/example_kubernetes_executor.py took 0.067 seconds
[2025-04-21T11:33:48.709+0000] {processor.py:186} INFO - Started process (PID=5147) to work on /home/airflow/.local/lib/python3.12/site-packages/airflow/example_dags/example_kubernetes_executor.py
[2025-04-21T11:33:48.710+0000] {processor.py:914} INFO - Processing file /home/airflow/.local/lib/python3.12/site-packages/airflow/example_dags/example_kubernetes_executor.py for tasks to queue
[2025-04-21T11:33:48.712+0000] {logging_mixin.py:190} INFO - [2025-04-21T11:33:48.711+0000] {dagbag.py:588} INFO - Filling up the DagBag from /home/airflow/.local/lib/python3.12/site-packages/airflow/example_dags/example_kubernetes_executor.py
[2025-04-21T11:33:48.723+0000] {processor.py:925} INFO - DAG(s) 'example_kubernetes_executor' retrieved from /home/airflow/.local/lib/python3.12/site-packages/airflow/example_dags/example_kubernetes_executor.py
[2025-04-21T11:33:48.742+0000] {logging_mixin.py:190} INFO - [2025-04-21T11:33:48.742+0000] {dag.py:3239} INFO - Sync 1 DAGs
[2025-04-21T11:33:48.754+0000] {logging_mixin.py:190} INFO - [2025-04-21T11:33:48.754+0000] {dag.py:4180} INFO - Setting next_dagrun for example_kubernetes_executor to None, run_after=None
[2025-04-21T11:33:48.768+0000] {processor.py:208} INFO - Processing /home/airflow/.local/lib/python3.12/site-packages/airflow/example_dags/example_kubernetes_executor.py took 0.065 seconds
[2025-04-21T11:34:20.390+0000] {processor.py:186} INFO - Started process (PID=5218) to work on /home/airflow/.local/lib/python3.12/site-packages/airflow/example_dags/example_kubernetes_executor.py
[2025-04-21T11:34:20.391+0000] {processor.py:914} INFO - Processing file /home/airflow/.local/lib/python3.12/site-packages/airflow/example_dags/example_kubernetes_executor.py for tasks to queue
[2025-04-21T11:34:20.393+0000] {logging_mixin.py:190} INFO - [2025-04-21T11:34:20.393+0000] {dagbag.py:588} INFO - Filling up the DagBag from /home/airflow/.local/lib/python3.12/site-packages/airflow/example_dags/example_kubernetes_executor.py
[2025-04-21T11:34:20.404+0000] {processor.py:925} INFO - DAG(s) 'example_kubernetes_executor' retrieved from /home/airflow/.local/lib/python3.12/site-packages/airflow/example_dags/example_kubernetes_executor.py
[2025-04-21T11:34:20.424+0000] {logging_mixin.py:190} INFO - [2025-04-21T11:34:20.424+0000] {dag.py:3239} INFO - Sync 1 DAGs
[2025-04-21T11:34:20.436+0000] {logging_mixin.py:190} INFO - [2025-04-21T11:34:20.436+0000] {dag.py:4180} INFO - Setting next_dagrun for example_kubernetes_executor to None, run_after=None
[2025-04-21T11:34:20.452+0000] {processor.py:208} INFO - Processing /home/airflow/.local/lib/python3.12/site-packages/airflow/example_dags/example_kubernetes_executor.py took 0.067 seconds
[2025-04-21T11:34:51.249+0000] {processor.py:186} INFO - Started process (PID=5283) to work on /home/airflow/.local/lib/python3.12/site-packages/airflow/example_dags/example_kubernetes_executor.py
[2025-04-21T11:34:51.250+0000] {processor.py:914} INFO - Processing file /home/airflow/.local/lib/python3.12/site-packages/airflow/example_dags/example_kubernetes_executor.py for tasks to queue
[2025-04-21T11:34:51.251+0000] {logging_mixin.py:190} INFO - [2025-04-21T11:34:51.251+0000] {dagbag.py:588} INFO - Filling up the DagBag from /home/airflow/.local/lib/python3.12/site-packages/airflow/example_dags/example_kubernetes_executor.py
[2025-04-21T11:34:51.262+0000] {processor.py:925} INFO - DAG(s) 'example_kubernetes_executor' retrieved from /home/airflow/.local/lib/python3.12/site-packages/airflow/example_dags/example_kubernetes_executor.py
[2025-04-21T11:34:51.283+0000] {logging_mixin.py:190} INFO - [2025-04-21T11:34:51.282+0000] {dag.py:3239} INFO - Sync 1 DAGs
[2025-04-21T11:34:51.295+0000] {logging_mixin.py:190} INFO - [2025-04-21T11:34:51.295+0000] {dag.py:4180} INFO - Setting next_dagrun for example_kubernetes_executor to None, run_after=None
[2025-04-21T11:34:51.309+0000] {processor.py:208} INFO - Processing /home/airflow/.local/lib/python3.12/site-packages/airflow/example_dags/example_kubernetes_executor.py took 0.065 seconds
[2025-04-21T11:35:21.956+0000] {processor.py:186} INFO - Started process (PID=5346) to work on /home/airflow/.local/lib/python3.12/site-packages/airflow/example_dags/example_kubernetes_executor.py
[2025-04-21T11:35:21.957+0000] {processor.py:914} INFO - Processing file /home/airflow/.local/lib/python3.12/site-packages/airflow/example_dags/example_kubernetes_executor.py for tasks to queue
[2025-04-21T11:35:21.960+0000] {logging_mixin.py:190} INFO - [2025-04-21T11:35:21.959+0000] {dagbag.py:588} INFO - Filling up the DagBag from /home/airflow/.local/lib/python3.12/site-packages/airflow/example_dags/example_kubernetes_executor.py
[2025-04-21T11:35:21.977+0000] {processor.py:925} INFO - DAG(s) 'example_kubernetes_executor' retrieved from /home/airflow/.local/lib/python3.12/site-packages/airflow/example_dags/example_kubernetes_executor.py
[2025-04-21T11:35:22.000+0000] {logging_mixin.py:190} INFO - [2025-04-21T11:35:21.999+0000] {dag.py:3239} INFO - Sync 1 DAGs
[2025-04-21T11:35:22.014+0000] {logging_mixin.py:190} INFO - [2025-04-21T11:35:22.014+0000] {dag.py:4180} INFO - Setting next_dagrun for example_kubernetes_executor to None, run_after=None
[2025-04-21T11:35:22.032+0000] {processor.py:208} INFO - Processing /home/airflow/.local/lib/python3.12/site-packages/airflow/example_dags/example_kubernetes_executor.py took 0.081 seconds
[2025-04-21T11:35:52.370+0000] {processor.py:186} INFO - Started process (PID=5410) to work on /home/airflow/.local/lib/python3.12/site-packages/airflow/example_dags/example_kubernetes_executor.py
[2025-04-21T11:35:52.371+0000] {processor.py:914} INFO - Processing file /home/airflow/.local/lib/python3.12/site-packages/airflow/example_dags/example_kubernetes_executor.py for tasks to queue
[2025-04-21T11:35:52.373+0000] {logging_mixin.py:190} INFO - [2025-04-21T11:35:52.373+0000] {dagbag.py:588} INFO - Filling up the DagBag from /home/airflow/.local/lib/python3.12/site-packages/airflow/example_dags/example_kubernetes_executor.py
[2025-04-21T11:35:52.384+0000] {processor.py:925} INFO - DAG(s) 'example_kubernetes_executor' retrieved from /home/airflow/.local/lib/python3.12/site-packages/airflow/example_dags/example_kubernetes_executor.py
[2025-04-21T11:35:52.404+0000] {logging_mixin.py:190} INFO - [2025-04-21T11:35:52.403+0000] {dag.py:3239} INFO - Sync 1 DAGs
[2025-04-21T11:35:52.416+0000] {logging_mixin.py:190} INFO - [2025-04-21T11:35:52.416+0000] {dag.py:4180} INFO - Setting next_dagrun for example_kubernetes_executor to None, run_after=None
[2025-04-21T11:35:52.433+0000] {processor.py:208} INFO - Processing /home/airflow/.local/lib/python3.12/site-packages/airflow/example_dags/example_kubernetes_executor.py took 0.067 seconds
[2025-04-21T11:36:23.105+0000] {processor.py:186} INFO - Started process (PID=5474) to work on /home/airflow/.local/lib/python3.12/site-packages/airflow/example_dags/example_kubernetes_executor.py
[2025-04-21T11:36:23.106+0000] {processor.py:914} INFO - Processing file /home/airflow/.local/lib/python3.12/site-packages/airflow/example_dags/example_kubernetes_executor.py for tasks to queue
[2025-04-21T11:36:23.108+0000] {logging_mixin.py:190} INFO - [2025-04-21T11:36:23.108+0000] {dagbag.py:588} INFO - Filling up the DagBag from /home/airflow/.local/lib/python3.12/site-packages/airflow/example_dags/example_kubernetes_executor.py
[2025-04-21T11:36:23.120+0000] {processor.py:925} INFO - DAG(s) 'example_kubernetes_executor' retrieved from /home/airflow/.local/lib/python3.12/site-packages/airflow/example_dags/example_kubernetes_executor.py
[2025-04-21T11:36:23.140+0000] {logging_mixin.py:190} INFO - [2025-04-21T11:36:23.140+0000] {dag.py:3239} INFO - Sync 1 DAGs
[2025-04-21T11:36:23.153+0000] {logging_mixin.py:190} INFO - [2025-04-21T11:36:23.152+0000] {dag.py:4180} INFO - Setting next_dagrun for example_kubernetes_executor to None, run_after=None
[2025-04-21T11:36:23.171+0000] {processor.py:208} INFO - Processing /home/airflow/.local/lib/python3.12/site-packages/airflow/example_dags/example_kubernetes_executor.py took 0.070 seconds
[2025-04-21T11:36:53.757+0000] {processor.py:186} INFO - Started process (PID=5538) to work on /home/airflow/.local/lib/python3.12/site-packages/airflow/example_dags/example_kubernetes_executor.py
[2025-04-21T11:36:53.758+0000] {processor.py:914} INFO - Processing file /home/airflow/.local/lib/python3.12/site-packages/airflow/example_dags/example_kubernetes_executor.py for tasks to queue
[2025-04-21T11:36:53.760+0000] {logging_mixin.py:190} INFO - [2025-04-21T11:36:53.760+0000] {dagbag.py:588} INFO - Filling up the DagBag from /home/airflow/.local/lib/python3.12/site-packages/airflow/example_dags/example_kubernetes_executor.py
[2025-04-21T11:36:53.771+0000] {processor.py:925} INFO - DAG(s) 'example_kubernetes_executor' retrieved from /home/airflow/.local/lib/python3.12/site-packages/airflow/example_dags/example_kubernetes_executor.py
[2025-04-21T11:36:53.791+0000] {logging_mixin.py:190} INFO - [2025-04-21T11:36:53.791+0000] {dag.py:3239} INFO - Sync 1 DAGs
[2025-04-21T11:36:53.803+0000] {logging_mixin.py:190} INFO - [2025-04-21T11:36:53.803+0000] {dag.py:4180} INFO - Setting next_dagrun for example_kubernetes_executor to None, run_after=None
[2025-04-21T11:36:53.817+0000] {processor.py:208} INFO - Processing /home/airflow/.local/lib/python3.12/site-packages/airflow/example_dags/example_kubernetes_executor.py took 0.065 seconds
[2025-04-21T11:37:24.249+0000] {processor.py:186} INFO - Started process (PID=5602) to work on /home/airflow/.local/lib/python3.12/site-packages/airflow/example_dags/example_kubernetes_executor.py
[2025-04-21T11:37:24.250+0000] {processor.py:914} INFO - Processing file /home/airflow/.local/lib/python3.12/site-packages/airflow/example_dags/example_kubernetes_executor.py for tasks to queue
[2025-04-21T11:37:24.252+0000] {logging_mixin.py:190} INFO - [2025-04-21T11:37:24.251+0000] {dagbag.py:588} INFO - Filling up the DagBag from /home/airflow/.local/lib/python3.12/site-packages/airflow/example_dags/example_kubernetes_executor.py
[2025-04-21T11:37:24.264+0000] {processor.py:925} INFO - DAG(s) 'example_kubernetes_executor' retrieved from /home/airflow/.local/lib/python3.12/site-packages/airflow/example_dags/example_kubernetes_executor.py
[2025-04-21T11:37:24.283+0000] {logging_mixin.py:190} INFO - [2025-04-21T11:37:24.282+0000] {dag.py:3239} INFO - Sync 1 DAGs
[2025-04-21T11:37:24.294+0000] {logging_mixin.py:190} INFO - [2025-04-21T11:37:24.294+0000] {dag.py:4180} INFO - Setting next_dagrun for example_kubernetes_executor to None, run_after=None
[2025-04-21T11:37:24.309+0000] {processor.py:208} INFO - Processing /home/airflow/.local/lib/python3.12/site-packages/airflow/example_dags/example_kubernetes_executor.py took 0.065 seconds
[2025-04-21T11:37:55.297+0000] {processor.py:186} INFO - Started process (PID=5666) to work on /home/airflow/.local/lib/python3.12/site-packages/airflow/example_dags/example_kubernetes_executor.py
[2025-04-21T11:37:55.298+0000] {processor.py:914} INFO - Processing file /home/airflow/.local/lib/python3.12/site-packages/airflow/example_dags/example_kubernetes_executor.py for tasks to queue
[2025-04-21T11:37:55.300+0000] {logging_mixin.py:190} INFO - [2025-04-21T11:37:55.299+0000] {dagbag.py:588} INFO - Filling up the DagBag from /home/airflow/.local/lib/python3.12/site-packages/airflow/example_dags/example_kubernetes_executor.py
[2025-04-21T11:37:55.311+0000] {processor.py:925} INFO - DAG(s) 'example_kubernetes_executor' retrieved from /home/airflow/.local/lib/python3.12/site-packages/airflow/example_dags/example_kubernetes_executor.py
[2025-04-21T11:37:55.330+0000] {logging_mixin.py:190} INFO - [2025-04-21T11:37:55.329+0000] {dag.py:3239} INFO - Sync 1 DAGs
[2025-04-21T11:37:55.341+0000] {logging_mixin.py:190} INFO - [2025-04-21T11:37:55.341+0000] {dag.py:4180} INFO - Setting next_dagrun for example_kubernetes_executor to None, run_after=None
[2025-04-21T11:37:55.357+0000] {processor.py:208} INFO - Processing /home/airflow/.local/lib/python3.12/site-packages/airflow/example_dags/example_kubernetes_executor.py took 0.064 seconds
[2025-04-21T11:38:25.678+0000] {processor.py:186} INFO - Started process (PID=5730) to work on /home/airflow/.local/lib/python3.12/site-packages/airflow/example_dags/example_kubernetes_executor.py
[2025-04-21T11:38:25.679+0000] {processor.py:914} INFO - Processing file /home/airflow/.local/lib/python3.12/site-packages/airflow/example_dags/example_kubernetes_executor.py for tasks to queue
[2025-04-21T11:38:25.681+0000] {logging_mixin.py:190} INFO - [2025-04-21T11:38:25.681+0000] {dagbag.py:588} INFO - Filling up the DagBag from /home/airflow/.local/lib/python3.12/site-packages/airflow/example_dags/example_kubernetes_executor.py
[2025-04-21T11:38:25.692+0000] {processor.py:925} INFO - DAG(s) 'example_kubernetes_executor' retrieved from /home/airflow/.local/lib/python3.12/site-packages/airflow/example_dags/example_kubernetes_executor.py
[2025-04-21T11:38:25.711+0000] {logging_mixin.py:190} INFO - [2025-04-21T11:38:25.711+0000] {dag.py:3239} INFO - Sync 1 DAGs
[2025-04-21T11:38:25.723+0000] {logging_mixin.py:190} INFO - [2025-04-21T11:38:25.723+0000] {dag.py:4180} INFO - Setting next_dagrun for example_kubernetes_executor to None, run_after=None
[2025-04-21T11:38:25.738+0000] {processor.py:208} INFO - Processing /home/airflow/.local/lib/python3.12/site-packages/airflow/example_dags/example_kubernetes_executor.py took 0.063 seconds
[2025-04-21T11:38:56.774+0000] {processor.py:186} INFO - Started process (PID=5794) to work on /home/airflow/.local/lib/python3.12/site-packages/airflow/example_dags/example_kubernetes_executor.py
[2025-04-21T11:38:56.774+0000] {processor.py:914} INFO - Processing file /home/airflow/.local/lib/python3.12/site-packages/airflow/example_dags/example_kubernetes_executor.py for tasks to queue
[2025-04-21T11:38:56.776+0000] {logging_mixin.py:190} INFO - [2025-04-21T11:38:56.776+0000] {dagbag.py:588} INFO - Filling up the DagBag from /home/airflow/.local/lib/python3.12/site-packages/airflow/example_dags/example_kubernetes_executor.py
[2025-04-21T11:38:56.787+0000] {processor.py:925} INFO - DAG(s) 'example_kubernetes_executor' retrieved from /home/airflow/.local/lib/python3.12/site-packages/airflow/example_dags/example_kubernetes_executor.py
[2025-04-21T11:38:56.806+0000] {logging_mixin.py:190} INFO - [2025-04-21T11:38:56.806+0000] {dag.py:3239} INFO - Sync 1 DAGs
[2025-04-21T11:38:56.817+0000] {logging_mixin.py:190} INFO - [2025-04-21T11:38:56.817+0000] {dag.py:4180} INFO - Setting next_dagrun for example_kubernetes_executor to None, run_after=None
[2025-04-21T11:38:56.833+0000] {processor.py:208} INFO - Processing /home/airflow/.local/lib/python3.12/site-packages/airflow/example_dags/example_kubernetes_executor.py took 0.064 seconds
[2025-04-21T11:39:27.627+0000] {processor.py:186} INFO - Started process (PID=5858) to work on /home/airflow/.local/lib/python3.12/site-packages/airflow/example_dags/example_kubernetes_executor.py
[2025-04-21T11:39:27.627+0000] {processor.py:914} INFO - Processing file /home/airflow/.local/lib/python3.12/site-packages/airflow/example_dags/example_kubernetes_executor.py for tasks to queue
[2025-04-21T11:39:27.630+0000] {logging_mixin.py:190} INFO - [2025-04-21T11:39:27.629+0000] {dagbag.py:588} INFO - Filling up the DagBag from /home/airflow/.local/lib/python3.12/site-packages/airflow/example_dags/example_kubernetes_executor.py
[2025-04-21T11:39:27.642+0000] {processor.py:925} INFO - DAG(s) 'example_kubernetes_executor' retrieved from /home/airflow/.local/lib/python3.12/site-packages/airflow/example_dags/example_kubernetes_executor.py
[2025-04-21T11:39:27.660+0000] {logging_mixin.py:190} INFO - [2025-04-21T11:39:27.660+0000] {dag.py:3239} INFO - Sync 1 DAGs
[2025-04-21T11:39:27.672+0000] {logging_mixin.py:190} INFO - [2025-04-21T11:39:27.672+0000] {dag.py:4180} INFO - Setting next_dagrun for example_kubernetes_executor to None, run_after=None
[2025-04-21T11:39:27.689+0000] {processor.py:208} INFO - Processing /home/airflow/.local/lib/python3.12/site-packages/airflow/example_dags/example_kubernetes_executor.py took 0.067 seconds
[2025-04-21T11:39:58.399+0000] {processor.py:186} INFO - Started process (PID=5922) to work on /home/airflow/.local/lib/python3.12/site-packages/airflow/example_dags/example_kubernetes_executor.py
[2025-04-21T11:39:58.400+0000] {processor.py:914} INFO - Processing file /home/airflow/.local/lib/python3.12/site-packages/airflow/example_dags/example_kubernetes_executor.py for tasks to queue
[2025-04-21T11:39:58.401+0000] {logging_mixin.py:190} INFO - [2025-04-21T11:39:58.401+0000] {dagbag.py:588} INFO - Filling up the DagBag from /home/airflow/.local/lib/python3.12/site-packages/airflow/example_dags/example_kubernetes_executor.py
[2025-04-21T11:39:58.413+0000] {processor.py:925} INFO - DAG(s) 'example_kubernetes_executor' retrieved from /home/airflow/.local/lib/python3.12/site-packages/airflow/example_dags/example_kubernetes_executor.py
[2025-04-21T11:39:58.435+0000] {logging_mixin.py:190} INFO - [2025-04-21T11:39:58.435+0000] {dag.py:3239} INFO - Sync 1 DAGs
[2025-04-21T11:39:58.448+0000] {logging_mixin.py:190} INFO - [2025-04-21T11:39:58.447+0000] {dag.py:4180} INFO - Setting next_dagrun for example_kubernetes_executor to None, run_after=None
[2025-04-21T11:39:58.463+0000] {processor.py:208} INFO - Processing /home/airflow/.local/lib/python3.12/site-packages/airflow/example_dags/example_kubernetes_executor.py took 0.069 seconds
[2025-04-21T11:40:29.633+0000] {processor.py:186} INFO - Started process (PID=5986) to work on /home/airflow/.local/lib/python3.12/site-packages/airflow/example_dags/example_kubernetes_executor.py
[2025-04-21T11:40:29.634+0000] {processor.py:914} INFO - Processing file /home/airflow/.local/lib/python3.12/site-packages/airflow/example_dags/example_kubernetes_executor.py for tasks to queue
[2025-04-21T11:40:29.636+0000] {logging_mixin.py:190} INFO - [2025-04-21T11:40:29.636+0000] {dagbag.py:588} INFO - Filling up the DagBag from /home/airflow/.local/lib/python3.12/site-packages/airflow/example_dags/example_kubernetes_executor.py
[2025-04-21T11:40:29.648+0000] {processor.py:925} INFO - DAG(s) 'example_kubernetes_executor' retrieved from /home/airflow/.local/lib/python3.12/site-packages/airflow/example_dags/example_kubernetes_executor.py
[2025-04-21T11:40:29.669+0000] {logging_mixin.py:190} INFO - [2025-04-21T11:40:29.669+0000] {dag.py:3239} INFO - Sync 1 DAGs
[2025-04-21T11:40:29.682+0000] {logging_mixin.py:190} INFO - [2025-04-21T11:40:29.682+0000] {dag.py:4180} INFO - Setting next_dagrun for example_kubernetes_executor to None, run_after=None
[2025-04-21T11:40:29.701+0000] {processor.py:208} INFO - Processing /home/airflow/.local/lib/python3.12/site-packages/airflow/example_dags/example_kubernetes_executor.py took 0.073 seconds
[2025-04-21T11:41:00.796+0000] {processor.py:186} INFO - Started process (PID=6050) to work on /home/airflow/.local/lib/python3.12/site-packages/airflow/example_dags/example_kubernetes_executor.py
[2025-04-21T11:41:00.797+0000] {processor.py:914} INFO - Processing file /home/airflow/.local/lib/python3.12/site-packages/airflow/example_dags/example_kubernetes_executor.py for tasks to queue
[2025-04-21T11:41:00.799+0000] {logging_mixin.py:190} INFO - [2025-04-21T11:41:00.799+0000] {dagbag.py:588} INFO - Filling up the DagBag from /home/airflow/.local/lib/python3.12/site-packages/airflow/example_dags/example_kubernetes_executor.py
[2025-04-21T11:41:00.810+0000] {processor.py:925} INFO - DAG(s) 'example_kubernetes_executor' retrieved from /home/airflow/.local/lib/python3.12/site-packages/airflow/example_dags/example_kubernetes_executor.py
[2025-04-21T11:41:00.830+0000] {logging_mixin.py:190} INFO - [2025-04-21T11:41:00.830+0000] {dag.py:3239} INFO - Sync 1 DAGs
[2025-04-21T11:41:00.846+0000] {logging_mixin.py:190} INFO - [2025-04-21T11:41:00.846+0000] {dag.py:4180} INFO - Setting next_dagrun for example_kubernetes_executor to None, run_after=None
[2025-04-21T11:41:00.863+0000] {processor.py:208} INFO - Processing /home/airflow/.local/lib/python3.12/site-packages/airflow/example_dags/example_kubernetes_executor.py took 0.073 seconds
[2025-04-21T11:41:32.033+0000] {processor.py:186} INFO - Started process (PID=6114) to work on /home/airflow/.local/lib/python3.12/site-packages/airflow/example_dags/example_kubernetes_executor.py
[2025-04-21T11:41:32.033+0000] {processor.py:914} INFO - Processing file /home/airflow/.local/lib/python3.12/site-packages/airflow/example_dags/example_kubernetes_executor.py for tasks to queue
[2025-04-21T11:41:32.036+0000] {logging_mixin.py:190} INFO - [2025-04-21T11:41:32.036+0000] {dagbag.py:588} INFO - Filling up the DagBag from /home/airflow/.local/lib/python3.12/site-packages/airflow/example_dags/example_kubernetes_executor.py
[2025-04-21T11:41:32.049+0000] {processor.py:925} INFO - DAG(s) 'example_kubernetes_executor' retrieved from /home/airflow/.local/lib/python3.12/site-packages/airflow/example_dags/example_kubernetes_executor.py
[2025-04-21T11:41:32.075+0000] {logging_mixin.py:190} INFO - [2025-04-21T11:41:32.074+0000] {dag.py:3239} INFO - Sync 1 DAGs
[2025-04-21T11:41:32.089+0000] {logging_mixin.py:190} INFO - [2025-04-21T11:41:32.089+0000] {dag.py:4180} INFO - Setting next_dagrun for example_kubernetes_executor to None, run_after=None
[2025-04-21T11:41:32.116+0000] {processor.py:208} INFO - Processing /home/airflow/.local/lib/python3.12/site-packages/airflow/example_dags/example_kubernetes_executor.py took 0.088 seconds
[2025-04-21T11:42:03.062+0000] {processor.py:186} INFO - Started process (PID=6178) to work on /home/airflow/.local/lib/python3.12/site-packages/airflow/example_dags/example_kubernetes_executor.py
[2025-04-21T11:42:03.063+0000] {processor.py:914} INFO - Processing file /home/airflow/.local/lib/python3.12/site-packages/airflow/example_dags/example_kubernetes_executor.py for tasks to queue
[2025-04-21T11:42:03.065+0000] {logging_mixin.py:190} INFO - [2025-04-21T11:42:03.065+0000] {dagbag.py:588} INFO - Filling up the DagBag from /home/airflow/.local/lib/python3.12/site-packages/airflow/example_dags/example_kubernetes_executor.py
[2025-04-21T11:42:03.076+0000] {processor.py:925} INFO - DAG(s) 'example_kubernetes_executor' retrieved from /home/airflow/.local/lib/python3.12/site-packages/airflow/example_dags/example_kubernetes_executor.py
[2025-04-21T11:42:03.094+0000] {logging_mixin.py:190} INFO - [2025-04-21T11:42:03.094+0000] {dag.py:3239} INFO - Sync 1 DAGs
[2025-04-21T11:42:03.106+0000] {logging_mixin.py:190} INFO - [2025-04-21T11:42:03.105+0000] {dag.py:4180} INFO - Setting next_dagrun for example_kubernetes_executor to None, run_after=None
[2025-04-21T11:42:03.120+0000] {processor.py:208} INFO - Processing /home/airflow/.local/lib/python3.12/site-packages/airflow/example_dags/example_kubernetes_executor.py took 0.062 seconds
[2025-04-21T11:42:33.819+0000] {processor.py:186} INFO - Started process (PID=6242) to work on /home/airflow/.local/lib/python3.12/site-packages/airflow/example_dags/example_kubernetes_executor.py
[2025-04-21T11:42:33.820+0000] {processor.py:914} INFO - Processing file /home/airflow/.local/lib/python3.12/site-packages/airflow/example_dags/example_kubernetes_executor.py for tasks to queue
[2025-04-21T11:42:33.822+0000] {logging_mixin.py:190} INFO - [2025-04-21T11:42:33.822+0000] {dagbag.py:588} INFO - Filling up the DagBag from /home/airflow/.local/lib/python3.12/site-packages/airflow/example_dags/example_kubernetes_executor.py
[2025-04-21T11:42:33.834+0000] {processor.py:925} INFO - DAG(s) 'example_kubernetes_executor' retrieved from /home/airflow/.local/lib/python3.12/site-packages/airflow/example_dags/example_kubernetes_executor.py
[2025-04-21T11:42:33.858+0000] {logging_mixin.py:190} INFO - [2025-04-21T11:42:33.858+0000] {dag.py:3239} INFO - Sync 1 DAGs
[2025-04-21T11:42:33.871+0000] {logging_mixin.py:190} INFO - [2025-04-21T11:42:33.870+0000] {dag.py:4180} INFO - Setting next_dagrun for example_kubernetes_executor to None, run_after=None
[2025-04-21T11:42:33.889+0000] {processor.py:208} INFO - Processing /home/airflow/.local/lib/python3.12/site-packages/airflow/example_dags/example_kubernetes_executor.py took 0.075 seconds
[2025-04-21T11:43:05.621+0000] {processor.py:186} INFO - Started process (PID=6306) to work on /home/airflow/.local/lib/python3.12/site-packages/airflow/example_dags/example_kubernetes_executor.py
[2025-04-21T11:43:05.622+0000] {processor.py:914} INFO - Processing file /home/airflow/.local/lib/python3.12/site-packages/airflow/example_dags/example_kubernetes_executor.py for tasks to queue
[2025-04-21T11:43:05.625+0000] {logging_mixin.py:190} INFO - [2025-04-21T11:43:05.624+0000] {dagbag.py:588} INFO - Filling up the DagBag from /home/airflow/.local/lib/python3.12/site-packages/airflow/example_dags/example_kubernetes_executor.py
[2025-04-21T11:43:05.644+0000] {processor.py:925} INFO - DAG(s) 'example_kubernetes_executor' retrieved from /home/airflow/.local/lib/python3.12/site-packages/airflow/example_dags/example_kubernetes_executor.py
[2025-04-21T11:43:05.682+0000] {logging_mixin.py:190} INFO - [2025-04-21T11:43:05.681+0000] {dag.py:3239} INFO - Sync 1 DAGs
[2025-04-21T11:43:05.702+0000] {logging_mixin.py:190} INFO - [2025-04-21T11:43:05.702+0000] {dag.py:4180} INFO - Setting next_dagrun for example_kubernetes_executor to None, run_after=None
[2025-04-21T11:43:05.733+0000] {processor.py:208} INFO - Processing /home/airflow/.local/lib/python3.12/site-packages/airflow/example_dags/example_kubernetes_executor.py took 0.120 seconds
[2025-04-21T11:43:37.612+0000] {processor.py:186} INFO - Started process (PID=6370) to work on /home/airflow/.local/lib/python3.12/site-packages/airflow/example_dags/example_kubernetes_executor.py
[2025-04-21T11:43:37.613+0000] {processor.py:914} INFO - Processing file /home/airflow/.local/lib/python3.12/site-packages/airflow/example_dags/example_kubernetes_executor.py for tasks to queue
[2025-04-21T11:43:37.617+0000] {logging_mixin.py:190} INFO - [2025-04-21T11:43:37.616+0000] {dagbag.py:588} INFO - Filling up the DagBag from /home/airflow/.local/lib/python3.12/site-packages/airflow/example_dags/example_kubernetes_executor.py
[2025-04-21T11:43:37.637+0000] {processor.py:925} INFO - DAG(s) 'example_kubernetes_executor' retrieved from /home/airflow/.local/lib/python3.12/site-packages/airflow/example_dags/example_kubernetes_executor.py
[2025-04-21T11:43:37.675+0000] {logging_mixin.py:190} INFO - [2025-04-21T11:43:37.675+0000] {dag.py:3239} INFO - Sync 1 DAGs
[2025-04-21T11:43:37.697+0000] {logging_mixin.py:190} INFO - [2025-04-21T11:43:37.697+0000] {dag.py:4180} INFO - Setting next_dagrun for example_kubernetes_executor to None, run_after=None
[2025-04-21T11:43:37.724+0000] {processor.py:208} INFO - Processing /home/airflow/.local/lib/python3.12/site-packages/airflow/example_dags/example_kubernetes_executor.py took 0.124 seconds
[2025-04-21T11:44:09.493+0000] {processor.py:186} INFO - Started process (PID=6440) to work on /home/airflow/.local/lib/python3.12/site-packages/airflow/example_dags/example_kubernetes_executor.py
[2025-04-21T11:44:09.495+0000] {processor.py:914} INFO - Processing file /home/airflow/.local/lib/python3.12/site-packages/airflow/example_dags/example_kubernetes_executor.py for tasks to queue
[2025-04-21T11:44:09.500+0000] {logging_mixin.py:190} INFO - [2025-04-21T11:44:09.499+0000] {dagbag.py:588} INFO - Filling up the DagBag from /home/airflow/.local/lib/python3.12/site-packages/airflow/example_dags/example_kubernetes_executor.py
[2025-04-21T11:44:09.520+0000] {processor.py:925} INFO - DAG(s) 'example_kubernetes_executor' retrieved from /home/airflow/.local/lib/python3.12/site-packages/airflow/example_dags/example_kubernetes_executor.py
[2025-04-21T11:44:09.573+0000] {logging_mixin.py:190} INFO - [2025-04-21T11:44:09.572+0000] {dag.py:3239} INFO - Sync 1 DAGs
[2025-04-21T11:44:09.602+0000] {logging_mixin.py:190} INFO - [2025-04-21T11:44:09.602+0000] {dag.py:4180} INFO - Setting next_dagrun for example_kubernetes_executor to None, run_after=None
[2025-04-21T11:44:09.637+0000] {processor.py:208} INFO - Processing /home/airflow/.local/lib/python3.12/site-packages/airflow/example_dags/example_kubernetes_executor.py took 0.151 seconds
[2025-04-21T11:44:41.024+0000] {processor.py:186} INFO - Started process (PID=6504) to work on /home/airflow/.local/lib/python3.12/site-packages/airflow/example_dags/example_kubernetes_executor.py
[2025-04-21T11:44:41.025+0000] {processor.py:914} INFO - Processing file /home/airflow/.local/lib/python3.12/site-packages/airflow/example_dags/example_kubernetes_executor.py for tasks to queue
[2025-04-21T11:44:41.030+0000] {logging_mixin.py:190} INFO - [2025-04-21T11:44:41.029+0000] {dagbag.py:588} INFO - Filling up the DagBag from /home/airflow/.local/lib/python3.12/site-packages/airflow/example_dags/example_kubernetes_executor.py
[2025-04-21T11:44:41.055+0000] {processor.py:925} INFO - DAG(s) 'example_kubernetes_executor' retrieved from /home/airflow/.local/lib/python3.12/site-packages/airflow/example_dags/example_kubernetes_executor.py
[2025-04-21T11:44:41.100+0000] {logging_mixin.py:190} INFO - [2025-04-21T11:44:41.100+0000] {dag.py:3239} INFO - Sync 1 DAGs
[2025-04-21T11:44:41.133+0000] {logging_mixin.py:190} INFO - [2025-04-21T11:44:41.133+0000] {dag.py:4180} INFO - Setting next_dagrun for example_kubernetes_executor to None, run_after=None
[2025-04-21T11:44:41.166+0000] {processor.py:208} INFO - Processing /home/airflow/.local/lib/python3.12/site-packages/airflow/example_dags/example_kubernetes_executor.py took 0.151 seconds
[2025-04-21T11:45:12.860+0000] {processor.py:186} INFO - Started process (PID=6568) to work on /home/airflow/.local/lib/python3.12/site-packages/airflow/example_dags/example_kubernetes_executor.py
[2025-04-21T11:45:12.862+0000] {processor.py:914} INFO - Processing file /home/airflow/.local/lib/python3.12/site-packages/airflow/example_dags/example_kubernetes_executor.py for tasks to queue
[2025-04-21T11:45:12.868+0000] {logging_mixin.py:190} INFO - [2025-04-21T11:45:12.867+0000] {dagbag.py:588} INFO - Filling up the DagBag from /home/airflow/.local/lib/python3.12/site-packages/airflow/example_dags/example_kubernetes_executor.py
[2025-04-21T11:45:12.900+0000] {processor.py:925} INFO - DAG(s) 'example_kubernetes_executor' retrieved from /home/airflow/.local/lib/python3.12/site-packages/airflow/example_dags/example_kubernetes_executor.py
[2025-04-21T11:45:12.934+0000] {logging_mixin.py:190} INFO - [2025-04-21T11:45:12.934+0000] {dag.py:3239} INFO - Sync 1 DAGs
[2025-04-21T11:45:12.961+0000] {logging_mixin.py:190} INFO - [2025-04-21T11:45:12.961+0000] {dag.py:4180} INFO - Setting next_dagrun for example_kubernetes_executor to None, run_after=None
[2025-04-21T11:45:12.994+0000] {processor.py:208} INFO - Processing /home/airflow/.local/lib/python3.12/site-packages/airflow/example_dags/example_kubernetes_executor.py took 0.146 seconds
[2025-04-21T11:45:43.975+0000] {processor.py:186} INFO - Started process (PID=6632) to work on /home/airflow/.local/lib/python3.12/site-packages/airflow/example_dags/example_kubernetes_executor.py
[2025-04-21T11:45:43.977+0000] {processor.py:914} INFO - Processing file /home/airflow/.local/lib/python3.12/site-packages/airflow/example_dags/example_kubernetes_executor.py for tasks to queue
[2025-04-21T11:45:43.983+0000] {logging_mixin.py:190} INFO - [2025-04-21T11:45:43.982+0000] {dagbag.py:588} INFO - Filling up the DagBag from /home/airflow/.local/lib/python3.12/site-packages/airflow/example_dags/example_kubernetes_executor.py
[2025-04-21T11:45:44.006+0000] {processor.py:925} INFO - DAG(s) 'example_kubernetes_executor' retrieved from /home/airflow/.local/lib/python3.12/site-packages/airflow/example_dags/example_kubernetes_executor.py
[2025-04-21T11:45:44.045+0000] {logging_mixin.py:190} INFO - [2025-04-21T11:45:44.044+0000] {dag.py:3239} INFO - Sync 1 DAGs
[2025-04-21T11:45:44.066+0000] {logging_mixin.py:190} INFO - [2025-04-21T11:45:44.065+0000] {dag.py:4180} INFO - Setting next_dagrun for example_kubernetes_executor to None, run_after=None
[2025-04-21T11:45:44.097+0000] {processor.py:208} INFO - Processing /home/airflow/.local/lib/python3.12/site-packages/airflow/example_dags/example_kubernetes_executor.py took 0.132 seconds
[2025-04-21T11:46:15.512+0000] {processor.py:186} INFO - Started process (PID=6696) to work on /home/airflow/.local/lib/python3.12/site-packages/airflow/example_dags/example_kubernetes_executor.py
[2025-04-21T11:46:15.513+0000] {processor.py:914} INFO - Processing file /home/airflow/.local/lib/python3.12/site-packages/airflow/example_dags/example_kubernetes_executor.py for tasks to queue
[2025-04-21T11:46:15.519+0000] {logging_mixin.py:190} INFO - [2025-04-21T11:46:15.518+0000] {dagbag.py:588} INFO - Filling up the DagBag from /home/airflow/.local/lib/python3.12/site-packages/airflow/example_dags/example_kubernetes_executor.py
[2025-04-21T11:46:15.542+0000] {processor.py:925} INFO - DAG(s) 'example_kubernetes_executor' retrieved from /home/airflow/.local/lib/python3.12/site-packages/airflow/example_dags/example_kubernetes_executor.py
[2025-04-21T11:46:15.578+0000] {logging_mixin.py:190} INFO - [2025-04-21T11:46:15.578+0000] {dag.py:3239} INFO - Sync 1 DAGs
[2025-04-21T11:46:15.608+0000] {logging_mixin.py:190} INFO - [2025-04-21T11:46:15.607+0000] {dag.py:4180} INFO - Setting next_dagrun for example_kubernetes_executor to None, run_after=None
[2025-04-21T11:46:15.636+0000] {processor.py:208} INFO - Processing /home/airflow/.local/lib/python3.12/site-packages/airflow/example_dags/example_kubernetes_executor.py took 0.133 seconds
[2025-04-21T11:46:47.098+0000] {processor.py:186} INFO - Started process (PID=6760) to work on /home/airflow/.local/lib/python3.12/site-packages/airflow/example_dags/example_kubernetes_executor.py
[2025-04-21T11:46:47.099+0000] {processor.py:914} INFO - Processing file /home/airflow/.local/lib/python3.12/site-packages/airflow/example_dags/example_kubernetes_executor.py for tasks to queue
[2025-04-21T11:46:47.102+0000] {logging_mixin.py:190} INFO - [2025-04-21T11:46:47.102+0000] {dagbag.py:588} INFO - Filling up the DagBag from /home/airflow/.local/lib/python3.12/site-packages/airflow/example_dags/example_kubernetes_executor.py
[2025-04-21T11:46:47.123+0000] {processor.py:925} INFO - DAG(s) 'example_kubernetes_executor' retrieved from /home/airflow/.local/lib/python3.12/site-packages/airflow/example_dags/example_kubernetes_executor.py
[2025-04-21T11:46:47.158+0000] {logging_mixin.py:190} INFO - [2025-04-21T11:46:47.157+0000] {dag.py:3239} INFO - Sync 1 DAGs
[2025-04-21T11:46:47.178+0000] {logging_mixin.py:190} INFO - [2025-04-21T11:46:47.178+0000] {dag.py:4180} INFO - Setting next_dagrun for example_kubernetes_executor to None, run_after=None
[2025-04-21T11:46:47.209+0000] {processor.py:208} INFO - Processing /home/airflow/.local/lib/python3.12/site-packages/airflow/example_dags/example_kubernetes_executor.py took 0.118 seconds
[2025-04-21T11:47:19.180+0000] {processor.py:186} INFO - Started process (PID=6825) to work on /home/airflow/.local/lib/python3.12/site-packages/airflow/example_dags/example_kubernetes_executor.py
[2025-04-21T11:47:19.181+0000] {processor.py:914} INFO - Processing file /home/airflow/.local/lib/python3.12/site-packages/airflow/example_dags/example_kubernetes_executor.py for tasks to queue
[2025-04-21T11:47:19.185+0000] {logging_mixin.py:190} INFO - [2025-04-21T11:47:19.185+0000] {dagbag.py:588} INFO - Filling up the DagBag from /home/airflow/.local/lib/python3.12/site-packages/airflow/example_dags/example_kubernetes_executor.py
[2025-04-21T11:47:19.207+0000] {processor.py:925} INFO - DAG(s) 'example_kubernetes_executor' retrieved from /home/airflow/.local/lib/python3.12/site-packages/airflow/example_dags/example_kubernetes_executor.py
[2025-04-21T11:47:19.259+0000] {logging_mixin.py:190} INFO - [2025-04-21T11:47:19.258+0000] {dag.py:3239} INFO - Sync 1 DAGs
[2025-04-21T11:47:19.289+0000] {logging_mixin.py:190} INFO - [2025-04-21T11:47:19.289+0000] {dag.py:4180} INFO - Setting next_dagrun for example_kubernetes_executor to None, run_after=None
[2025-04-21T11:47:19.330+0000] {processor.py:208} INFO - Processing /home/airflow/.local/lib/python3.12/site-packages/airflow/example_dags/example_kubernetes_executor.py took 0.158 seconds
[2025-04-21T11:47:50.517+0000] {processor.py:186} INFO - Started process (PID=6889) to work on /home/airflow/.local/lib/python3.12/site-packages/airflow/example_dags/example_kubernetes_executor.py
[2025-04-21T11:47:50.518+0000] {processor.py:914} INFO - Processing file /home/airflow/.local/lib/python3.12/site-packages/airflow/example_dags/example_kubernetes_executor.py for tasks to queue
[2025-04-21T11:47:50.521+0000] {logging_mixin.py:190} INFO - [2025-04-21T11:47:50.521+0000] {dagbag.py:588} INFO - Filling up the DagBag from /home/airflow/.local/lib/python3.12/site-packages/airflow/example_dags/example_kubernetes_executor.py
[2025-04-21T11:47:50.539+0000] {processor.py:925} INFO - DAG(s) 'example_kubernetes_executor' retrieved from /home/airflow/.local/lib/python3.12/site-packages/airflow/example_dags/example_kubernetes_executor.py
[2025-04-21T11:47:50.574+0000] {logging_mixin.py:190} INFO - [2025-04-21T11:47:50.574+0000] {dag.py:3239} INFO - Sync 1 DAGs
[2025-04-21T11:47:50.594+0000] {logging_mixin.py:190} INFO - [2025-04-21T11:47:50.594+0000] {dag.py:4180} INFO - Setting next_dagrun for example_kubernetes_executor to None, run_after=None
[2025-04-21T11:47:50.622+0000] {processor.py:208} INFO - Processing /home/airflow/.local/lib/python3.12/site-packages/airflow/example_dags/example_kubernetes_executor.py took 0.113 seconds
[2025-04-21T11:48:22.219+0000] {processor.py:186} INFO - Started process (PID=6953) to work on /home/airflow/.local/lib/python3.12/site-packages/airflow/example_dags/example_kubernetes_executor.py
[2025-04-21T11:48:22.221+0000] {processor.py:914} INFO - Processing file /home/airflow/.local/lib/python3.12/site-packages/airflow/example_dags/example_kubernetes_executor.py for tasks to queue
[2025-04-21T11:48:22.226+0000] {logging_mixin.py:190} INFO - [2025-04-21T11:48:22.225+0000] {dagbag.py:588} INFO - Filling up the DagBag from /home/airflow/.local/lib/python3.12/site-packages/airflow/example_dags/example_kubernetes_executor.py
[2025-04-21T11:48:22.257+0000] {processor.py:925} INFO - DAG(s) 'example_kubernetes_executor' retrieved from /home/airflow/.local/lib/python3.12/site-packages/airflow/example_dags/example_kubernetes_executor.py
[2025-04-21T11:48:22.300+0000] {logging_mixin.py:190} INFO - [2025-04-21T11:48:22.299+0000] {dag.py:3239} INFO - Sync 1 DAGs
[2025-04-21T11:48:22.331+0000] {logging_mixin.py:190} INFO - [2025-04-21T11:48:22.331+0000] {dag.py:4180} INFO - Setting next_dagrun for example_kubernetes_executor to None, run_after=None
[2025-04-21T11:48:22.372+0000] {processor.py:208} INFO - Processing /home/airflow/.local/lib/python3.12/site-packages/airflow/example_dags/example_kubernetes_executor.py took 0.165 seconds
[2025-04-21T11:48:54.086+0000] {processor.py:186} INFO - Started process (PID=7018) to work on /home/airflow/.local/lib/python3.12/site-packages/airflow/example_dags/example_kubernetes_executor.py
[2025-04-21T11:48:54.087+0000] {processor.py:914} INFO - Processing file /home/airflow/.local/lib/python3.12/site-packages/airflow/example_dags/example_kubernetes_executor.py for tasks to queue
[2025-04-21T11:48:54.091+0000] {logging_mixin.py:190} INFO - [2025-04-21T11:48:54.091+0000] {dagbag.py:588} INFO - Filling up the DagBag from /home/airflow/.local/lib/python3.12/site-packages/airflow/example_dags/example_kubernetes_executor.py
[2025-04-21T11:48:54.116+0000] {processor.py:925} INFO - DAG(s) 'example_kubernetes_executor' retrieved from /home/airflow/.local/lib/python3.12/site-packages/airflow/example_dags/example_kubernetes_executor.py
[2025-04-21T11:48:54.156+0000] {logging_mixin.py:190} INFO - [2025-04-21T11:48:54.155+0000] {dag.py:3239} INFO - Sync 1 DAGs
[2025-04-21T11:48:54.185+0000] {logging_mixin.py:190} INFO - [2025-04-21T11:48:54.184+0000] {dag.py:4180} INFO - Setting next_dagrun for example_kubernetes_executor to None, run_after=None
[2025-04-21T11:48:54.222+0000] {processor.py:208} INFO - Processing /home/airflow/.local/lib/python3.12/site-packages/airflow/example_dags/example_kubernetes_executor.py took 0.144 seconds
[2025-04-21T11:49:25.699+0000] {processor.py:186} INFO - Started process (PID=7082) to work on /home/airflow/.local/lib/python3.12/site-packages/airflow/example_dags/example_kubernetes_executor.py
[2025-04-21T11:49:25.702+0000] {processor.py:914} INFO - Processing file /home/airflow/.local/lib/python3.12/site-packages/airflow/example_dags/example_kubernetes_executor.py for tasks to queue
[2025-04-21T11:49:25.705+0000] {logging_mixin.py:190} INFO - [2025-04-21T11:49:25.704+0000] {dagbag.py:588} INFO - Filling up the DagBag from /home/airflow/.local/lib/python3.12/site-packages/airflow/example_dags/example_kubernetes_executor.py
[2025-04-21T11:49:25.724+0000] {processor.py:925} INFO - DAG(s) 'example_kubernetes_executor' retrieved from /home/airflow/.local/lib/python3.12/site-packages/airflow/example_dags/example_kubernetes_executor.py
[2025-04-21T11:49:25.762+0000] {logging_mixin.py:190} INFO - [2025-04-21T11:49:25.761+0000] {dag.py:3239} INFO - Sync 1 DAGs
[2025-04-21T11:49:25.787+0000] {logging_mixin.py:190} INFO - [2025-04-21T11:49:25.786+0000] {dag.py:4180} INFO - Setting next_dagrun for example_kubernetes_executor to None, run_after=None
[2025-04-21T11:49:25.818+0000] {processor.py:208} INFO - Processing /home/airflow/.local/lib/python3.12/site-packages/airflow/example_dags/example_kubernetes_executor.py took 0.138 seconds
[2025-04-21T11:49:57.110+0000] {processor.py:186} INFO - Started process (PID=7147) to work on /home/airflow/.local/lib/python3.12/site-packages/airflow/example_dags/example_kubernetes_executor.py
[2025-04-21T11:49:57.111+0000] {processor.py:914} INFO - Processing file /home/airflow/.local/lib/python3.12/site-packages/airflow/example_dags/example_kubernetes_executor.py for tasks to queue
[2025-04-21T11:49:57.115+0000] {logging_mixin.py:190} INFO - [2025-04-21T11:49:57.114+0000] {dagbag.py:588} INFO - Filling up the DagBag from /home/airflow/.local/lib/python3.12/site-packages/airflow/example_dags/example_kubernetes_executor.py
[2025-04-21T11:49:57.134+0000] {processor.py:925} INFO - DAG(s) 'example_kubernetes_executor' retrieved from /home/airflow/.local/lib/python3.12/site-packages/airflow/example_dags/example_kubernetes_executor.py
[2025-04-21T11:49:57.170+0000] {logging_mixin.py:190} INFO - [2025-04-21T11:49:57.169+0000] {dag.py:3239} INFO - Sync 1 DAGs
[2025-04-21T11:49:57.190+0000] {logging_mixin.py:190} INFO - [2025-04-21T11:49:57.190+0000] {dag.py:4180} INFO - Setting next_dagrun for example_kubernetes_executor to None, run_after=None
[2025-04-21T11:49:57.224+0000] {processor.py:208} INFO - Processing /home/airflow/.local/lib/python3.12/site-packages/airflow/example_dags/example_kubernetes_executor.py took 0.121 seconds
[2025-04-21T11:50:28.012+0000] {processor.py:186} INFO - Started process (PID=7211) to work on /home/airflow/.local/lib/python3.12/site-packages/airflow/example_dags/example_kubernetes_executor.py
[2025-04-21T11:50:28.013+0000] {processor.py:914} INFO - Processing file /home/airflow/.local/lib/python3.12/site-packages/airflow/example_dags/example_kubernetes_executor.py for tasks to queue
[2025-04-21T11:50:28.017+0000] {logging_mixin.py:190} INFO - [2025-04-21T11:50:28.016+0000] {dagbag.py:588} INFO - Filling up the DagBag from /home/airflow/.local/lib/python3.12/site-packages/airflow/example_dags/example_kubernetes_executor.py
[2025-04-21T11:50:28.039+0000] {processor.py:925} INFO - DAG(s) 'example_kubernetes_executor' retrieved from /home/airflow/.local/lib/python3.12/site-packages/airflow/example_dags/example_kubernetes_executor.py
[2025-04-21T11:50:28.085+0000] {logging_mixin.py:190} INFO - [2025-04-21T11:50:28.085+0000] {dag.py:3239} INFO - Sync 1 DAGs
[2025-04-21T11:50:28.120+0000] {logging_mixin.py:190} INFO - [2025-04-21T11:50:28.119+0000] {dag.py:4180} INFO - Setting next_dagrun for example_kubernetes_executor to None, run_after=None
[2025-04-21T11:50:28.152+0000] {processor.py:208} INFO - Processing /home/airflow/.local/lib/python3.12/site-packages/airflow/example_dags/example_kubernetes_executor.py took 0.149 seconds
[2025-04-21T11:50:58.627+0000] {processor.py:186} INFO - Started process (PID=7274) to work on /home/airflow/.local/lib/python3.12/site-packages/airflow/example_dags/example_kubernetes_executor.py
[2025-04-21T11:50:58.628+0000] {processor.py:914} INFO - Processing file /home/airflow/.local/lib/python3.12/site-packages/airflow/example_dags/example_kubernetes_executor.py for tasks to queue
[2025-04-21T11:50:58.631+0000] {logging_mixin.py:190} INFO - [2025-04-21T11:50:58.631+0000] {dagbag.py:588} INFO - Filling up the DagBag from /home/airflow/.local/lib/python3.12/site-packages/airflow/example_dags/example_kubernetes_executor.py
[2025-04-21T11:50:58.651+0000] {processor.py:925} INFO - DAG(s) 'example_kubernetes_executor' retrieved from /home/airflow/.local/lib/python3.12/site-packages/airflow/example_dags/example_kubernetes_executor.py
[2025-04-21T11:50:58.692+0000] {logging_mixin.py:190} INFO - [2025-04-21T11:50:58.692+0000] {dag.py:3239} INFO - Sync 1 DAGs
[2025-04-21T11:50:58.713+0000] {logging_mixin.py:190} INFO - [2025-04-21T11:50:58.713+0000] {dag.py:4180} INFO - Setting next_dagrun for example_kubernetes_executor to None, run_after=None
[2025-04-21T11:50:58.740+0000] {processor.py:208} INFO - Processing /home/airflow/.local/lib/python3.12/site-packages/airflow/example_dags/example_kubernetes_executor.py took 0.121 seconds
[2025-04-21T11:51:30.422+0000] {processor.py:186} INFO - Started process (PID=7338) to work on /home/airflow/.local/lib/python3.12/site-packages/airflow/example_dags/example_kubernetes_executor.py
[2025-04-21T11:51:30.423+0000] {processor.py:914} INFO - Processing file /home/airflow/.local/lib/python3.12/site-packages/airflow/example_dags/example_kubernetes_executor.py for tasks to queue
[2025-04-21T11:51:30.429+0000] {logging_mixin.py:190} INFO - [2025-04-21T11:51:30.428+0000] {dagbag.py:588} INFO - Filling up the DagBag from /home/airflow/.local/lib/python3.12/site-packages/airflow/example_dags/example_kubernetes_executor.py
[2025-04-21T11:51:30.463+0000] {processor.py:925} INFO - DAG(s) 'example_kubernetes_executor' retrieved from /home/airflow/.local/lib/python3.12/site-packages/airflow/example_dags/example_kubernetes_executor.py
[2025-04-21T11:51:30.517+0000] {logging_mixin.py:190} INFO - [2025-04-21T11:51:30.516+0000] {dag.py:3239} INFO - Sync 1 DAGs
[2025-04-21T11:51:30.537+0000] {logging_mixin.py:190} INFO - [2025-04-21T11:51:30.537+0000] {dag.py:4180} INFO - Setting next_dagrun for example_kubernetes_executor to None, run_after=None
[2025-04-21T11:51:30.568+0000] {processor.py:208} INFO - Processing /home/airflow/.local/lib/python3.12/site-packages/airflow/example_dags/example_kubernetes_executor.py took 0.154 seconds
[2025-04-21T11:52:02.491+0000] {processor.py:186} INFO - Started process (PID=7407) to work on /home/airflow/.local/lib/python3.12/site-packages/airflow/example_dags/example_kubernetes_executor.py
[2025-04-21T11:52:02.493+0000] {processor.py:914} INFO - Processing file /home/airflow/.local/lib/python3.12/site-packages/airflow/example_dags/example_kubernetes_executor.py for tasks to queue
[2025-04-21T11:52:02.497+0000] {logging_mixin.py:190} INFO - [2025-04-21T11:52:02.497+0000] {dagbag.py:588} INFO - Filling up the DagBag from /home/airflow/.local/lib/python3.12/site-packages/airflow/example_dags/example_kubernetes_executor.py
[2025-04-21T11:52:02.524+0000] {processor.py:925} INFO - DAG(s) 'example_kubernetes_executor' retrieved from /home/airflow/.local/lib/python3.12/site-packages/airflow/example_dags/example_kubernetes_executor.py
[2025-04-21T11:52:02.572+0000] {logging_mixin.py:190} INFO - [2025-04-21T11:52:02.571+0000] {dag.py:3239} INFO - Sync 1 DAGs
[2025-04-21T11:52:02.602+0000] {logging_mixin.py:190} INFO - [2025-04-21T11:52:02.602+0000] {dag.py:4180} INFO - Setting next_dagrun for example_kubernetes_executor to None, run_after=None
[2025-04-21T11:52:02.634+0000] {processor.py:208} INFO - Processing /home/airflow/.local/lib/python3.12/site-packages/airflow/example_dags/example_kubernetes_executor.py took 0.150 seconds
[2025-04-21T11:52:34.418+0000] {processor.py:186} INFO - Started process (PID=7472) to work on /home/airflow/.local/lib/python3.12/site-packages/airflow/example_dags/example_kubernetes_executor.py
[2025-04-21T11:52:34.419+0000] {processor.py:914} INFO - Processing file /home/airflow/.local/lib/python3.12/site-packages/airflow/example_dags/example_kubernetes_executor.py for tasks to queue
[2025-04-21T11:52:34.423+0000] {logging_mixin.py:190} INFO - [2025-04-21T11:52:34.423+0000] {dagbag.py:588} INFO - Filling up the DagBag from /home/airflow/.local/lib/python3.12/site-packages/airflow/example_dags/example_kubernetes_executor.py
[2025-04-21T11:52:34.443+0000] {processor.py:925} INFO - DAG(s) 'example_kubernetes_executor' retrieved from /home/airflow/.local/lib/python3.12/site-packages/airflow/example_dags/example_kubernetes_executor.py
[2025-04-21T11:52:34.481+0000] {logging_mixin.py:190} INFO - [2025-04-21T11:52:34.481+0000] {dag.py:3239} INFO - Sync 1 DAGs
[2025-04-21T11:52:34.501+0000] {logging_mixin.py:190} INFO - [2025-04-21T11:52:34.501+0000] {dag.py:4180} INFO - Setting next_dagrun for example_kubernetes_executor to None, run_after=None
[2025-04-21T11:52:34.528+0000] {processor.py:208} INFO - Processing /home/airflow/.local/lib/python3.12/site-packages/airflow/example_dags/example_kubernetes_executor.py took 0.122 seconds
[2025-04-21T11:53:06.197+0000] {processor.py:186} INFO - Started process (PID=7537) to work on /home/airflow/.local/lib/python3.12/site-packages/airflow/example_dags/example_kubernetes_executor.py
[2025-04-21T11:53:06.199+0000] {processor.py:914} INFO - Processing file /home/airflow/.local/lib/python3.12/site-packages/airflow/example_dags/example_kubernetes_executor.py for tasks to queue
[2025-04-21T11:53:06.204+0000] {logging_mixin.py:190} INFO - [2025-04-21T11:53:06.203+0000] {dagbag.py:588} INFO - Filling up the DagBag from /home/airflow/.local/lib/python3.12/site-packages/airflow/example_dags/example_kubernetes_executor.py
[2025-04-21T11:53:06.233+0000] {processor.py:925} INFO - DAG(s) 'example_kubernetes_executor' retrieved from /home/airflow/.local/lib/python3.12/site-packages/airflow/example_dags/example_kubernetes_executor.py
[2025-04-21T11:53:06.282+0000] {logging_mixin.py:190} INFO - [2025-04-21T11:53:06.282+0000] {dag.py:3239} INFO - Sync 1 DAGs
[2025-04-21T11:53:06.311+0000] {logging_mixin.py:190} INFO - [2025-04-21T11:53:06.310+0000] {dag.py:4180} INFO - Setting next_dagrun for example_kubernetes_executor to None, run_after=None
[2025-04-21T11:53:06.349+0000] {processor.py:208} INFO - Processing /home/airflow/.local/lib/python3.12/site-packages/airflow/example_dags/example_kubernetes_executor.py took 0.164 seconds
[2025-04-21T11:53:36.513+0000] {processor.py:186} INFO - Started process (PID=7600) to work on /home/airflow/.local/lib/python3.12/site-packages/airflow/example_dags/example_kubernetes_executor.py
[2025-04-21T11:53:36.515+0000] {processor.py:914} INFO - Processing file /home/airflow/.local/lib/python3.12/site-packages/airflow/example_dags/example_kubernetes_executor.py for tasks to queue
[2025-04-21T11:53:36.520+0000] {logging_mixin.py:190} INFO - [2025-04-21T11:53:36.519+0000] {dagbag.py:588} INFO - Filling up the DagBag from /home/airflow/.local/lib/python3.12/site-packages/airflow/example_dags/example_kubernetes_executor.py
[2025-04-21T11:53:36.549+0000] {processor.py:925} INFO - DAG(s) 'example_kubernetes_executor' retrieved from /home/airflow/.local/lib/python3.12/site-packages/airflow/example_dags/example_kubernetes_executor.py
[2025-04-21T11:53:36.601+0000] {logging_mixin.py:190} INFO - [2025-04-21T11:53:36.601+0000] {dag.py:3239} INFO - Sync 1 DAGs
[2025-04-21T11:53:36.631+0000] {logging_mixin.py:190} INFO - [2025-04-21T11:53:36.630+0000] {dag.py:4180} INFO - Setting next_dagrun for example_kubernetes_executor to None, run_after=None
[2025-04-21T11:53:36.668+0000] {processor.py:208} INFO - Processing /home/airflow/.local/lib/python3.12/site-packages/airflow/example_dags/example_kubernetes_executor.py took 0.166 seconds
[2025-04-21T11:54:06.817+0000] {processor.py:186} INFO - Started process (PID=7663) to work on /home/airflow/.local/lib/python3.12/site-packages/airflow/example_dags/example_kubernetes_executor.py
[2025-04-21T11:54:06.819+0000] {processor.py:914} INFO - Processing file /home/airflow/.local/lib/python3.12/site-packages/airflow/example_dags/example_kubernetes_executor.py for tasks to queue
[2025-04-21T11:54:06.824+0000] {logging_mixin.py:190} INFO - [2025-04-21T11:54:06.823+0000] {dagbag.py:588} INFO - Filling up the DagBag from /home/airflow/.local/lib/python3.12/site-packages/airflow/example_dags/example_kubernetes_executor.py
[2025-04-21T11:54:06.852+0000] {processor.py:925} INFO - DAG(s) 'example_kubernetes_executor' retrieved from /home/airflow/.local/lib/python3.12/site-packages/airflow/example_dags/example_kubernetes_executor.py
[2025-04-21T11:54:06.897+0000] {logging_mixin.py:190} INFO - [2025-04-21T11:54:06.896+0000] {dag.py:3239} INFO - Sync 1 DAGs
[2025-04-21T11:54:06.918+0000] {logging_mixin.py:190} INFO - [2025-04-21T11:54:06.918+0000] {dag.py:4180} INFO - Setting next_dagrun for example_kubernetes_executor to None, run_after=None
[2025-04-21T11:54:06.949+0000] {processor.py:208} INFO - Processing /home/airflow/.local/lib/python3.12/site-packages/airflow/example_dags/example_kubernetes_executor.py took 0.143 seconds
[2025-04-21T11:54:37.342+0000] {processor.py:186} INFO - Started process (PID=7728) to work on /home/airflow/.local/lib/python3.12/site-packages/airflow/example_dags/example_kubernetes_executor.py
[2025-04-21T11:54:37.344+0000] {processor.py:914} INFO - Processing file /home/airflow/.local/lib/python3.12/site-packages/airflow/example_dags/example_kubernetes_executor.py for tasks to queue
[2025-04-21T11:54:37.349+0000] {logging_mixin.py:190} INFO - [2025-04-21T11:54:37.348+0000] {dagbag.py:588} INFO - Filling up the DagBag from /home/airflow/.local/lib/python3.12/site-packages/airflow/example_dags/example_kubernetes_executor.py
[2025-04-21T11:54:37.377+0000] {processor.py:925} INFO - DAG(s) 'example_kubernetes_executor' retrieved from /home/airflow/.local/lib/python3.12/site-packages/airflow/example_dags/example_kubernetes_executor.py
[2025-04-21T11:54:37.431+0000] {logging_mixin.py:190} INFO - [2025-04-21T11:54:37.430+0000] {dag.py:3239} INFO - Sync 1 DAGs
[2025-04-21T11:54:37.461+0000] {logging_mixin.py:190} INFO - [2025-04-21T11:54:37.461+0000] {dag.py:4180} INFO - Setting next_dagrun for example_kubernetes_executor to None, run_after=None
[2025-04-21T11:54:37.499+0000] {processor.py:208} INFO - Processing /home/airflow/.local/lib/python3.12/site-packages/airflow/example_dags/example_kubernetes_executor.py took 0.169 seconds
[2025-04-21T11:55:07.717+0000] {processor.py:186} INFO - Started process (PID=7791) to work on /home/airflow/.local/lib/python3.12/site-packages/airflow/example_dags/example_kubernetes_executor.py
[2025-04-21T11:55:07.719+0000] {processor.py:914} INFO - Processing file /home/airflow/.local/lib/python3.12/site-packages/airflow/example_dags/example_kubernetes_executor.py for tasks to queue
[2025-04-21T11:55:07.725+0000] {logging_mixin.py:190} INFO - [2025-04-21T11:55:07.725+0000] {dagbag.py:588} INFO - Filling up the DagBag from /home/airflow/.local/lib/python3.12/site-packages/airflow/example_dags/example_kubernetes_executor.py
[2025-04-21T11:55:07.758+0000] {processor.py:925} INFO - DAG(s) 'example_kubernetes_executor' retrieved from /home/airflow/.local/lib/python3.12/site-packages/airflow/example_dags/example_kubernetes_executor.py
[2025-04-21T11:55:07.809+0000] {logging_mixin.py:190} INFO - [2025-04-21T11:55:07.809+0000] {dag.py:3239} INFO - Sync 1 DAGs
[2025-04-21T11:55:07.839+0000] {logging_mixin.py:190} INFO - [2025-04-21T11:55:07.838+0000] {dag.py:4180} INFO - Setting next_dagrun for example_kubernetes_executor to None, run_after=None
[2025-04-21T11:55:07.880+0000] {processor.py:208} INFO - Processing /home/airflow/.local/lib/python3.12/site-packages/airflow/example_dags/example_kubernetes_executor.py took 0.175 seconds
[2025-04-21T11:55:38.002+0000] {processor.py:186} INFO - Started process (PID=7856) to work on /home/airflow/.local/lib/python3.12/site-packages/airflow/example_dags/example_kubernetes_executor.py
[2025-04-21T11:55:38.004+0000] {processor.py:914} INFO - Processing file /home/airflow/.local/lib/python3.12/site-packages/airflow/example_dags/example_kubernetes_executor.py for tasks to queue
[2025-04-21T11:55:38.010+0000] {logging_mixin.py:190} INFO - [2025-04-21T11:55:38.009+0000] {dagbag.py:588} INFO - Filling up the DagBag from /home/airflow/.local/lib/python3.12/site-packages/airflow/example_dags/example_kubernetes_executor.py
[2025-04-21T11:55:38.037+0000] {processor.py:925} INFO - DAG(s) 'example_kubernetes_executor' retrieved from /home/airflow/.local/lib/python3.12/site-packages/airflow/example_dags/example_kubernetes_executor.py
[2025-04-21T11:55:38.082+0000] {logging_mixin.py:190} INFO - [2025-04-21T11:55:38.081+0000] {dag.py:3239} INFO - Sync 1 DAGs
[2025-04-21T11:55:38.114+0000] {logging_mixin.py:190} INFO - [2025-04-21T11:55:38.113+0000] {dag.py:4180} INFO - Setting next_dagrun for example_kubernetes_executor to None, run_after=None
[2025-04-21T11:55:38.154+0000] {processor.py:208} INFO - Processing /home/airflow/.local/lib/python3.12/site-packages/airflow/example_dags/example_kubernetes_executor.py took 0.162 seconds
[2025-04-21T11:56:08.763+0000] {processor.py:186} INFO - Started process (PID=7919) to work on /home/airflow/.local/lib/python3.12/site-packages/airflow/example_dags/example_kubernetes_executor.py
[2025-04-21T11:56:08.764+0000] {processor.py:914} INFO - Processing file /home/airflow/.local/lib/python3.12/site-packages/airflow/example_dags/example_kubernetes_executor.py for tasks to queue
[2025-04-21T11:56:08.770+0000] {logging_mixin.py:190} INFO - [2025-04-21T11:56:08.769+0000] {dagbag.py:588} INFO - Filling up the DagBag from /home/airflow/.local/lib/python3.12/site-packages/airflow/example_dags/example_kubernetes_executor.py
[2025-04-21T11:56:08.804+0000] {processor.py:925} INFO - DAG(s) 'example_kubernetes_executor' retrieved from /home/airflow/.local/lib/python3.12/site-packages/airflow/example_dags/example_kubernetes_executor.py
[2025-04-21T11:56:08.856+0000] {logging_mixin.py:190} INFO - [2025-04-21T11:56:08.856+0000] {dag.py:3239} INFO - Sync 1 DAGs
[2025-04-21T11:56:08.889+0000] {logging_mixin.py:190} INFO - [2025-04-21T11:56:08.888+0000] {dag.py:4180} INFO - Setting next_dagrun for example_kubernetes_executor to None, run_after=None
[2025-04-21T11:56:08.929+0000] {processor.py:208} INFO - Processing /home/airflow/.local/lib/python3.12/site-packages/airflow/example_dags/example_kubernetes_executor.py took 0.180 seconds
[2025-04-21T11:56:39.219+0000] {processor.py:186} INFO - Started process (PID=7983) to work on /home/airflow/.local/lib/python3.12/site-packages/airflow/example_dags/example_kubernetes_executor.py
[2025-04-21T11:56:39.220+0000] {processor.py:914} INFO - Processing file /home/airflow/.local/lib/python3.12/site-packages/airflow/example_dags/example_kubernetes_executor.py for tasks to queue
[2025-04-21T11:56:39.226+0000] {logging_mixin.py:190} INFO - [2025-04-21T11:56:39.225+0000] {dagbag.py:588} INFO - Filling up the DagBag from /home/airflow/.local/lib/python3.12/site-packages/airflow/example_dags/example_kubernetes_executor.py
[2025-04-21T11:56:39.259+0000] {processor.py:925} INFO - DAG(s) 'example_kubernetes_executor' retrieved from /home/airflow/.local/lib/python3.12/site-packages/airflow/example_dags/example_kubernetes_executor.py
[2025-04-21T11:56:39.313+0000] {logging_mixin.py:190} INFO - [2025-04-21T11:56:39.313+0000] {dag.py:3239} INFO - Sync 1 DAGs
[2025-04-21T11:56:39.344+0000] {logging_mixin.py:190} INFO - [2025-04-21T11:56:39.344+0000] {dag.py:4180} INFO - Setting next_dagrun for example_kubernetes_executor to None, run_after=None
[2025-04-21T11:56:39.378+0000] {processor.py:208} INFO - Processing /home/airflow/.local/lib/python3.12/site-packages/airflow/example_dags/example_kubernetes_executor.py took 0.171 seconds
[2025-04-21T11:57:09.916+0000] {processor.py:186} INFO - Started process (PID=8047) to work on /home/airflow/.local/lib/python3.12/site-packages/airflow/example_dags/example_kubernetes_executor.py
[2025-04-21T11:57:09.918+0000] {processor.py:914} INFO - Processing file /home/airflow/.local/lib/python3.12/site-packages/airflow/example_dags/example_kubernetes_executor.py for tasks to queue
[2025-04-21T11:57:09.923+0000] {logging_mixin.py:190} INFO - [2025-04-21T11:57:09.922+0000] {dagbag.py:588} INFO - Filling up the DagBag from /home/airflow/.local/lib/python3.12/site-packages/airflow/example_dags/example_kubernetes_executor.py
[2025-04-21T11:57:09.955+0000] {processor.py:925} INFO - DAG(s) 'example_kubernetes_executor' retrieved from /home/airflow/.local/lib/python3.12/site-packages/airflow/example_dags/example_kubernetes_executor.py
[2025-04-21T11:57:09.999+0000] {logging_mixin.py:190} INFO - [2025-04-21T11:57:09.999+0000] {dag.py:3239} INFO - Sync 1 DAGs
[2025-04-21T11:57:10.031+0000] {logging_mixin.py:190} INFO - [2025-04-21T11:57:10.030+0000] {dag.py:4180} INFO - Setting next_dagrun for example_kubernetes_executor to None, run_after=None
[2025-04-21T11:57:10.071+0000] {processor.py:208} INFO - Processing /home/airflow/.local/lib/python3.12/site-packages/airflow/example_dags/example_kubernetes_executor.py took 0.167 seconds
[2025-04-21T11:57:40.371+0000] {processor.py:186} INFO - Started process (PID=8112) to work on /home/airflow/.local/lib/python3.12/site-packages/airflow/example_dags/example_kubernetes_executor.py
[2025-04-21T11:57:40.372+0000] {processor.py:914} INFO - Processing file /home/airflow/.local/lib/python3.12/site-packages/airflow/example_dags/example_kubernetes_executor.py for tasks to queue
[2025-04-21T11:57:40.377+0000] {logging_mixin.py:190} INFO - [2025-04-21T11:57:40.377+0000] {dagbag.py:588} INFO - Filling up the DagBag from /home/airflow/.local/lib/python3.12/site-packages/airflow/example_dags/example_kubernetes_executor.py
[2025-04-21T11:57:40.408+0000] {processor.py:925} INFO - DAG(s) 'example_kubernetes_executor' retrieved from /home/airflow/.local/lib/python3.12/site-packages/airflow/example_dags/example_kubernetes_executor.py
[2025-04-21T11:57:40.448+0000] {logging_mixin.py:190} INFO - [2025-04-21T11:57:40.447+0000] {dag.py:3239} INFO - Sync 1 DAGs
[2025-04-21T11:57:40.480+0000] {logging_mixin.py:190} INFO - [2025-04-21T11:57:40.479+0000] {dag.py:4180} INFO - Setting next_dagrun for example_kubernetes_executor to None, run_after=None
[2025-04-21T11:57:40.516+0000] {processor.py:208} INFO - Processing /home/airflow/.local/lib/python3.12/site-packages/airflow/example_dags/example_kubernetes_executor.py took 0.151 seconds
[2025-04-21T11:58:11.356+0000] {processor.py:186} INFO - Started process (PID=8181) to work on /home/airflow/.local/lib/python3.12/site-packages/airflow/example_dags/example_kubernetes_executor.py
[2025-04-21T11:58:11.358+0000] {processor.py:914} INFO - Processing file /home/airflow/.local/lib/python3.12/site-packages/airflow/example_dags/example_kubernetes_executor.py for tasks to queue
[2025-04-21T11:58:11.363+0000] {logging_mixin.py:190} INFO - [2025-04-21T11:58:11.363+0000] {dagbag.py:588} INFO - Filling up the DagBag from /home/airflow/.local/lib/python3.12/site-packages/airflow/example_dags/example_kubernetes_executor.py
[2025-04-21T11:58:11.390+0000] {processor.py:925} INFO - DAG(s) 'example_kubernetes_executor' retrieved from /home/airflow/.local/lib/python3.12/site-packages/airflow/example_dags/example_kubernetes_executor.py
[2025-04-21T11:58:11.446+0000] {logging_mixin.py:190} INFO - [2025-04-21T11:58:11.446+0000] {dag.py:3239} INFO - Sync 1 DAGs
[2025-04-21T11:58:11.480+0000] {logging_mixin.py:190} INFO - [2025-04-21T11:58:11.479+0000] {dag.py:4180} INFO - Setting next_dagrun for example_kubernetes_executor to None, run_after=None
[2025-04-21T11:58:11.523+0000] {processor.py:208} INFO - Processing /home/airflow/.local/lib/python3.12/site-packages/airflow/example_dags/example_kubernetes_executor.py took 0.179 seconds
[2025-04-21T11:58:41.621+0000] {processor.py:186} INFO - Started process (PID=8245) to work on /home/airflow/.local/lib/python3.12/site-packages/airflow/example_dags/example_kubernetes_executor.py
[2025-04-21T11:58:41.623+0000] {processor.py:914} INFO - Processing file /home/airflow/.local/lib/python3.12/site-packages/airflow/example_dags/example_kubernetes_executor.py for tasks to queue
[2025-04-21T11:58:41.629+0000] {logging_mixin.py:190} INFO - [2025-04-21T11:58:41.628+0000] {dagbag.py:588} INFO - Filling up the DagBag from /home/airflow/.local/lib/python3.12/site-packages/airflow/example_dags/example_kubernetes_executor.py
[2025-04-21T11:58:41.661+0000] {processor.py:925} INFO - DAG(s) 'example_kubernetes_executor' retrieved from /home/airflow/.local/lib/python3.12/site-packages/airflow/example_dags/example_kubernetes_executor.py
[2025-04-21T11:58:41.719+0000] {logging_mixin.py:190} INFO - [2025-04-21T11:58:41.719+0000] {dag.py:3239} INFO - Sync 1 DAGs
[2025-04-21T11:58:41.753+0000] {logging_mixin.py:190} INFO - [2025-04-21T11:58:41.753+0000] {dag.py:4180} INFO - Setting next_dagrun for example_kubernetes_executor to None, run_after=None
[2025-04-21T11:58:41.797+0000] {processor.py:208} INFO - Processing /home/airflow/.local/lib/python3.12/site-packages/airflow/example_dags/example_kubernetes_executor.py took 0.189 seconds
[2025-04-21T11:59:11.908+0000] {processor.py:186} INFO - Started process (PID=8309) to work on /home/airflow/.local/lib/python3.12/site-packages/airflow/example_dags/example_kubernetes_executor.py
[2025-04-21T11:59:11.910+0000] {processor.py:914} INFO - Processing file /home/airflow/.local/lib/python3.12/site-packages/airflow/example_dags/example_kubernetes_executor.py for tasks to queue
[2025-04-21T11:59:11.916+0000] {logging_mixin.py:190} INFO - [2025-04-21T11:59:11.915+0000] {dagbag.py:588} INFO - Filling up the DagBag from /home/airflow/.local/lib/python3.12/site-packages/airflow/example_dags/example_kubernetes_executor.py
[2025-04-21T11:59:11.939+0000] {processor.py:925} INFO - DAG(s) 'example_kubernetes_executor' retrieved from /home/airflow/.local/lib/python3.12/site-packages/airflow/example_dags/example_kubernetes_executor.py
[2025-04-21T11:59:11.978+0000] {logging_mixin.py:190} INFO - [2025-04-21T11:59:11.978+0000] {dag.py:3239} INFO - Sync 1 DAGs
[2025-04-21T11:59:12.005+0000] {logging_mixin.py:190} INFO - [2025-04-21T11:59:12.004+0000] {dag.py:4180} INFO - Setting next_dagrun for example_kubernetes_executor to None, run_after=None
[2025-04-21T11:59:12.042+0000] {processor.py:208} INFO - Processing /home/airflow/.local/lib/python3.12/site-packages/airflow/example_dags/example_kubernetes_executor.py took 0.141 seconds
[2025-04-21T11:59:42.369+0000] {processor.py:186} INFO - Started process (PID=8373) to work on /home/airflow/.local/lib/python3.12/site-packages/airflow/example_dags/example_kubernetes_executor.py
[2025-04-21T11:59:42.370+0000] {processor.py:914} INFO - Processing file /home/airflow/.local/lib/python3.12/site-packages/airflow/example_dags/example_kubernetes_executor.py for tasks to queue
[2025-04-21T11:59:42.374+0000] {logging_mixin.py:190} INFO - [2025-04-21T11:59:42.374+0000] {dagbag.py:588} INFO - Filling up the DagBag from /home/airflow/.local/lib/python3.12/site-packages/airflow/example_dags/example_kubernetes_executor.py
[2025-04-21T11:59:42.394+0000] {processor.py:925} INFO - DAG(s) 'example_kubernetes_executor' retrieved from /home/airflow/.local/lib/python3.12/site-packages/airflow/example_dags/example_kubernetes_executor.py
[2025-04-21T11:59:42.451+0000] {logging_mixin.py:190} INFO - [2025-04-21T11:59:42.451+0000] {dag.py:3239} INFO - Sync 1 DAGs
[2025-04-21T11:59:42.485+0000] {logging_mixin.py:190} INFO - [2025-04-21T11:59:42.485+0000] {dag.py:4180} INFO - Setting next_dagrun for example_kubernetes_executor to None, run_after=None
[2025-04-21T11:59:42.520+0000] {processor.py:208} INFO - Processing /home/airflow/.local/lib/python3.12/site-packages/airflow/example_dags/example_kubernetes_executor.py took 0.160 seconds
[2025-04-21T12:00:13.137+0000] {processor.py:186} INFO - Started process (PID=8437) to work on /home/airflow/.local/lib/python3.12/site-packages/airflow/example_dags/example_kubernetes_executor.py
[2025-04-21T12:00:13.139+0000] {processor.py:914} INFO - Processing file /home/airflow/.local/lib/python3.12/site-packages/airflow/example_dags/example_kubernetes_executor.py for tasks to queue
[2025-04-21T12:00:13.145+0000] {logging_mixin.py:190} INFO - [2025-04-21T12:00:13.144+0000] {dagbag.py:588} INFO - Filling up the DagBag from /home/airflow/.local/lib/python3.12/site-packages/airflow/example_dags/example_kubernetes_executor.py
[2025-04-21T12:00:13.168+0000] {processor.py:925} INFO - DAG(s) 'example_kubernetes_executor' retrieved from /home/airflow/.local/lib/python3.12/site-packages/airflow/example_dags/example_kubernetes_executor.py
[2025-04-21T12:00:13.222+0000] {logging_mixin.py:190} INFO - [2025-04-21T12:00:13.221+0000] {dag.py:3239} INFO - Sync 1 DAGs
[2025-04-21T12:00:13.255+0000] {logging_mixin.py:190} INFO - [2025-04-21T12:00:13.254+0000] {dag.py:4180} INFO - Setting next_dagrun for example_kubernetes_executor to None, run_after=None
[2025-04-21T12:00:13.292+0000] {processor.py:208} INFO - Processing /home/airflow/.local/lib/python3.12/site-packages/airflow/example_dags/example_kubernetes_executor.py took 0.170 seconds
[2025-04-21T12:00:43.508+0000] {processor.py:186} INFO - Started process (PID=8501) to work on /home/airflow/.local/lib/python3.12/site-packages/airflow/example_dags/example_kubernetes_executor.py
[2025-04-21T12:00:43.510+0000] {processor.py:914} INFO - Processing file /home/airflow/.local/lib/python3.12/site-packages/airflow/example_dags/example_kubernetes_executor.py for tasks to queue
[2025-04-21T12:00:43.516+0000] {logging_mixin.py:190} INFO - [2025-04-21T12:00:43.515+0000] {dagbag.py:588} INFO - Filling up the DagBag from /home/airflow/.local/lib/python3.12/site-packages/airflow/example_dags/example_kubernetes_executor.py
[2025-04-21T12:00:43.540+0000] {processor.py:925} INFO - DAG(s) 'example_kubernetes_executor' retrieved from /home/airflow/.local/lib/python3.12/site-packages/airflow/example_dags/example_kubernetes_executor.py
[2025-04-21T12:00:43.587+0000] {logging_mixin.py:190} INFO - [2025-04-21T12:00:43.586+0000] {dag.py:3239} INFO - Sync 1 DAGs
[2025-04-21T12:00:43.621+0000] {logging_mixin.py:190} INFO - [2025-04-21T12:00:43.620+0000] {dag.py:4180} INFO - Setting next_dagrun for example_kubernetes_executor to None, run_after=None
[2025-04-21T12:00:43.659+0000] {processor.py:208} INFO - Processing /home/airflow/.local/lib/python3.12/site-packages/airflow/example_dags/example_kubernetes_executor.py took 0.164 seconds
[2025-04-21T12:01:14.242+0000] {processor.py:186} INFO - Started process (PID=8566) to work on /home/airflow/.local/lib/python3.12/site-packages/airflow/example_dags/example_kubernetes_executor.py
[2025-04-21T12:01:14.244+0000] {processor.py:914} INFO - Processing file /home/airflow/.local/lib/python3.12/site-packages/airflow/example_dags/example_kubernetes_executor.py for tasks to queue
[2025-04-21T12:01:14.251+0000] {logging_mixin.py:190} INFO - [2025-04-21T12:01:14.250+0000] {dagbag.py:588} INFO - Filling up the DagBag from /home/airflow/.local/lib/python3.12/site-packages/airflow/example_dags/example_kubernetes_executor.py
[2025-04-21T12:01:14.285+0000] {processor.py:925} INFO - DAG(s) 'example_kubernetes_executor' retrieved from /home/airflow/.local/lib/python3.12/site-packages/airflow/example_dags/example_kubernetes_executor.py
[2025-04-21T12:01:14.335+0000] {logging_mixin.py:190} INFO - [2025-04-21T12:01:14.335+0000] {dag.py:3239} INFO - Sync 1 DAGs
[2025-04-21T12:01:14.362+0000] {logging_mixin.py:190} INFO - [2025-04-21T12:01:14.361+0000] {dag.py:4180} INFO - Setting next_dagrun for example_kubernetes_executor to None, run_after=None
[2025-04-21T12:01:14.406+0000] {processor.py:208} INFO - Processing /home/airflow/.local/lib/python3.12/site-packages/airflow/example_dags/example_kubernetes_executor.py took 0.176 seconds
[2025-04-21T12:01:44.627+0000] {processor.py:186} INFO - Started process (PID=8630) to work on /home/airflow/.local/lib/python3.12/site-packages/airflow/example_dags/example_kubernetes_executor.py
[2025-04-21T12:01:44.628+0000] {processor.py:914} INFO - Processing file /home/airflow/.local/lib/python3.12/site-packages/airflow/example_dags/example_kubernetes_executor.py for tasks to queue
[2025-04-21T12:01:44.633+0000] {logging_mixin.py:190} INFO - [2025-04-21T12:01:44.633+0000] {dagbag.py:588} INFO - Filling up the DagBag from /home/airflow/.local/lib/python3.12/site-packages/airflow/example_dags/example_kubernetes_executor.py
[2025-04-21T12:01:44.663+0000] {processor.py:925} INFO - DAG(s) 'example_kubernetes_executor' retrieved from /home/airflow/.local/lib/python3.12/site-packages/airflow/example_dags/example_kubernetes_executor.py
[2025-04-21T12:01:44.706+0000] {logging_mixin.py:190} INFO - [2025-04-21T12:01:44.706+0000] {dag.py:3239} INFO - Sync 1 DAGs
[2025-04-21T12:01:44.738+0000] {logging_mixin.py:190} INFO - [2025-04-21T12:01:44.738+0000] {dag.py:4180} INFO - Setting next_dagrun for example_kubernetes_executor to None, run_after=None
[2025-04-21T12:01:44.778+0000] {processor.py:208} INFO - Processing /home/airflow/.local/lib/python3.12/site-packages/airflow/example_dags/example_kubernetes_executor.py took 0.164 seconds
[2025-04-21T12:02:15.253+0000] {processor.py:186} INFO - Started process (PID=8694) to work on /home/airflow/.local/lib/python3.12/site-packages/airflow/example_dags/example_kubernetes_executor.py
[2025-04-21T12:02:15.255+0000] {processor.py:914} INFO - Processing file /home/airflow/.local/lib/python3.12/site-packages/airflow/example_dags/example_kubernetes_executor.py for tasks to queue
[2025-04-21T12:02:15.261+0000] {logging_mixin.py:190} INFO - [2025-04-21T12:02:15.260+0000] {dagbag.py:588} INFO - Filling up the DagBag from /home/airflow/.local/lib/python3.12/site-packages/airflow/example_dags/example_kubernetes_executor.py
[2025-04-21T12:02:15.290+0000] {processor.py:925} INFO - DAG(s) 'example_kubernetes_executor' retrieved from /home/airflow/.local/lib/python3.12/site-packages/airflow/example_dags/example_kubernetes_executor.py
[2025-04-21T12:02:15.342+0000] {logging_mixin.py:190} INFO - [2025-04-21T12:02:15.341+0000] {dag.py:3239} INFO - Sync 1 DAGs
[2025-04-21T12:02:15.373+0000] {logging_mixin.py:190} INFO - [2025-04-21T12:02:15.372+0000] {dag.py:4180} INFO - Setting next_dagrun for example_kubernetes_executor to None, run_after=None
[2025-04-21T12:02:15.412+0000] {processor.py:208} INFO - Processing /home/airflow/.local/lib/python3.12/site-packages/airflow/example_dags/example_kubernetes_executor.py took 0.170 seconds
[2025-04-21T12:02:45.868+0000] {processor.py:186} INFO - Started process (PID=8757) to work on /home/airflow/.local/lib/python3.12/site-packages/airflow/example_dags/example_kubernetes_executor.py
[2025-04-21T12:02:45.869+0000] {processor.py:914} INFO - Processing file /home/airflow/.local/lib/python3.12/site-packages/airflow/example_dags/example_kubernetes_executor.py for tasks to queue
[2025-04-21T12:02:45.875+0000] {logging_mixin.py:190} INFO - [2025-04-21T12:02:45.874+0000] {dagbag.py:588} INFO - Filling up the DagBag from /home/airflow/.local/lib/python3.12/site-packages/airflow/example_dags/example_kubernetes_executor.py
[2025-04-21T12:02:45.901+0000] {processor.py:925} INFO - DAG(s) 'example_kubernetes_executor' retrieved from /home/airflow/.local/lib/python3.12/site-packages/airflow/example_dags/example_kubernetes_executor.py
[2025-04-21T12:02:45.949+0000] {logging_mixin.py:190} INFO - [2025-04-21T12:02:45.948+0000] {dag.py:3239} INFO - Sync 1 DAGs
[2025-04-21T12:02:45.978+0000] {logging_mixin.py:190} INFO - [2025-04-21T12:02:45.978+0000] {dag.py:4180} INFO - Setting next_dagrun for example_kubernetes_executor to None, run_after=None
[2025-04-21T12:02:46.021+0000] {processor.py:208} INFO - Processing /home/airflow/.local/lib/python3.12/site-packages/airflow/example_dags/example_kubernetes_executor.py took 0.162 seconds
[2025-04-21T12:03:16.093+0000] {processor.py:186} INFO - Started process (PID=8820) to work on /home/airflow/.local/lib/python3.12/site-packages/airflow/example_dags/example_kubernetes_executor.py
[2025-04-21T12:03:16.095+0000] {processor.py:914} INFO - Processing file /home/airflow/.local/lib/python3.12/site-packages/airflow/example_dags/example_kubernetes_executor.py for tasks to queue
[2025-04-21T12:03:16.100+0000] {logging_mixin.py:190} INFO - [2025-04-21T12:03:16.099+0000] {dagbag.py:588} INFO - Filling up the DagBag from /home/airflow/.local/lib/python3.12/site-packages/airflow/example_dags/example_kubernetes_executor.py
[2025-04-21T12:03:16.127+0000] {processor.py:925} INFO - DAG(s) 'example_kubernetes_executor' retrieved from /home/airflow/.local/lib/python3.12/site-packages/airflow/example_dags/example_kubernetes_executor.py
[2025-04-21T12:03:16.168+0000] {logging_mixin.py:190} INFO - [2025-04-21T12:03:16.167+0000] {dag.py:3239} INFO - Sync 1 DAGs
[2025-04-21T12:03:16.197+0000] {logging_mixin.py:190} INFO - [2025-04-21T12:03:16.196+0000] {dag.py:4180} INFO - Setting next_dagrun for example_kubernetes_executor to None, run_after=None
[2025-04-21T12:03:16.238+0000] {processor.py:208} INFO - Processing /home/airflow/.local/lib/python3.12/site-packages/airflow/example_dags/example_kubernetes_executor.py took 0.156 seconds
