[2025-04-21T10:53:04.420+0000] {processor.py:186} INFO - Started process (PID=109) to work on /home/airflow/.local/lib/python3.12/site-packages/airflow/example_dags/example_branch_operator.py
[2025-04-21T10:53:04.421+0000] {processor.py:914} INFO - Processing file /home/airflow/.local/lib/python3.12/site-packages/airflow/example_dags/example_branch_operator.py for tasks to queue
[2025-04-21T10:53:04.423+0000] {logging_mixin.py:190} INFO - [2025-04-21T10:53:04.423+0000] {dagbag.py:588} INFO - Filling up the DagBag from /home/airflow/.local/lib/python3.12/site-packages/airflow/example_dags/example_branch_operator.py
[2025-04-21T10:53:04.440+0000] {processor.py:925} INFO - DAG(s) 'example_branch_operator' retrieved from /home/airflow/.local/lib/python3.12/site-packages/airflow/example_dags/example_branch_operator.py
[2025-04-21T10:53:04.526+0000] {logging_mixin.py:190} INFO - [2025-04-21T10:53:04.525+0000] {override.py:1912} INFO - Created Permission View: can edit on DAG:example_branch_operator
[2025-04-21T10:53:04.535+0000] {logging_mixin.py:190} INFO - [2025-04-21T10:53:04.535+0000] {override.py:1912} INFO - Created Permission View: can read on DAG:example_branch_operator
[2025-04-21T10:53:04.541+0000] {logging_mixin.py:190} INFO - [2025-04-21T10:53:04.541+0000] {override.py:1912} INFO - Created Permission View: can delete on DAG:example_branch_operator
[2025-04-21T10:53:04.547+0000] {logging_mixin.py:190} INFO - [2025-04-21T10:53:04.547+0000] {override.py:1912} INFO - Created Permission View: menu access on DAG Run:example_branch_operator
[2025-04-21T10:53:04.553+0000] {logging_mixin.py:190} INFO - [2025-04-21T10:53:04.553+0000] {override.py:1912} INFO - Created Permission View: can create on DAG Run:example_branch_operator
[2025-04-21T10:53:04.558+0000] {logging_mixin.py:190} INFO - [2025-04-21T10:53:04.558+0000] {override.py:1912} INFO - Created Permission View: can read on DAG Run:example_branch_operator
[2025-04-21T10:53:04.564+0000] {logging_mixin.py:190} INFO - [2025-04-21T10:53:04.563+0000] {override.py:1912} INFO - Created Permission View: can delete on DAG Run:example_branch_operator
[2025-04-21T10:53:04.564+0000] {logging_mixin.py:190} INFO - [2025-04-21T10:53:04.564+0000] {dag.py:3239} INFO - Sync 1 DAGs
[2025-04-21T10:53:04.575+0000] {logging_mixin.py:190} INFO - [2025-04-21T10:53:04.574+0000] {dag.py:3262} INFO - Creating ORM DAG for example_branch_operator
[2025-04-21T10:53:04.584+0000] {logging_mixin.py:190} INFO - [2025-04-21T10:53:04.583+0000] {dag.py:4180} INFO - Setting next_dagrun for example_branch_operator to 2025-04-20 00:00:00+00:00, run_after=2025-04-21 00:00:00+00:00
[2025-04-21T10:53:04.598+0000] {processor.py:208} INFO - Processing /home/airflow/.local/lib/python3.12/site-packages/airflow/example_dags/example_branch_operator.py took 0.182 seconds
[2025-04-21T10:53:34.728+0000] {processor.py:186} INFO - Started process (PID=172) to work on /home/airflow/.local/lib/python3.12/site-packages/airflow/example_dags/example_branch_operator.py
[2025-04-21T10:53:34.729+0000] {processor.py:914} INFO - Processing file /home/airflow/.local/lib/python3.12/site-packages/airflow/example_dags/example_branch_operator.py for tasks to queue
[2025-04-21T10:53:34.731+0000] {logging_mixin.py:190} INFO - [2025-04-21T10:53:34.731+0000] {dagbag.py:588} INFO - Filling up the DagBag from /home/airflow/.local/lib/python3.12/site-packages/airflow/example_dags/example_branch_operator.py
[2025-04-21T10:53:34.747+0000] {processor.py:925} INFO - DAG(s) 'example_branch_operator' retrieved from /home/airflow/.local/lib/python3.12/site-packages/airflow/example_dags/example_branch_operator.py
[2025-04-21T10:53:34.777+0000] {logging_mixin.py:190} INFO - [2025-04-21T10:53:34.776+0000] {dag.py:3239} INFO - Sync 1 DAGs
[2025-04-21T10:53:34.798+0000] {logging_mixin.py:190} INFO - [2025-04-21T10:53:34.798+0000] {dag.py:4180} INFO - Setting next_dagrun for example_branch_operator to 2025-04-20 00:00:00+00:00, run_after=2025-04-21 00:00:00+00:00
[2025-04-21T10:53:34.816+0000] {processor.py:208} INFO - Processing /home/airflow/.local/lib/python3.12/site-packages/airflow/example_dags/example_branch_operator.py took 0.093 seconds
[2025-04-21T10:54:05.972+0000] {processor.py:186} INFO - Started process (PID=234) to work on /home/airflow/.local/lib/python3.12/site-packages/airflow/example_dags/example_branch_operator.py
[2025-04-21T10:54:05.973+0000] {processor.py:914} INFO - Processing file /home/airflow/.local/lib/python3.12/site-packages/airflow/example_dags/example_branch_operator.py for tasks to queue
[2025-04-21T10:54:05.975+0000] {logging_mixin.py:190} INFO - [2025-04-21T10:54:05.975+0000] {dagbag.py:588} INFO - Filling up the DagBag from /home/airflow/.local/lib/python3.12/site-packages/airflow/example_dags/example_branch_operator.py
[2025-04-21T10:54:05.988+0000] {processor.py:925} INFO - DAG(s) 'example_branch_operator' retrieved from /home/airflow/.local/lib/python3.12/site-packages/airflow/example_dags/example_branch_operator.py
[2025-04-21T10:54:06.009+0000] {logging_mixin.py:190} INFO - [2025-04-21T10:54:06.009+0000] {dag.py:3239} INFO - Sync 1 DAGs
[2025-04-21T10:54:06.030+0000] {logging_mixin.py:190} INFO - [2025-04-21T10:54:06.030+0000] {dag.py:4180} INFO - Setting next_dagrun for example_branch_operator to 2025-04-20 00:00:00+00:00, run_after=2025-04-21 00:00:00+00:00
[2025-04-21T10:54:06.046+0000] {processor.py:208} INFO - Processing /home/airflow/.local/lib/python3.12/site-packages/airflow/example_dags/example_branch_operator.py took 0.078 seconds
[2025-04-21T10:54:37.114+0000] {processor.py:186} INFO - Started process (PID=297) to work on /home/airflow/.local/lib/python3.12/site-packages/airflow/example_dags/example_branch_operator.py
[2025-04-21T10:54:37.114+0000] {processor.py:914} INFO - Processing file /home/airflow/.local/lib/python3.12/site-packages/airflow/example_dags/example_branch_operator.py for tasks to queue
[2025-04-21T10:54:37.116+0000] {logging_mixin.py:190} INFO - [2025-04-21T10:54:37.116+0000] {dagbag.py:588} INFO - Filling up the DagBag from /home/airflow/.local/lib/python3.12/site-packages/airflow/example_dags/example_branch_operator.py
[2025-04-21T10:54:37.130+0000] {processor.py:925} INFO - DAG(s) 'example_branch_operator' retrieved from /home/airflow/.local/lib/python3.12/site-packages/airflow/example_dags/example_branch_operator.py
[2025-04-21T10:54:37.150+0000] {logging_mixin.py:190} INFO - [2025-04-21T10:54:37.150+0000] {dag.py:3239} INFO - Sync 1 DAGs
[2025-04-21T10:54:37.168+0000] {logging_mixin.py:190} INFO - [2025-04-21T10:54:37.168+0000] {dag.py:4180} INFO - Setting next_dagrun for example_branch_operator to 2025-04-20 00:00:00+00:00, run_after=2025-04-21 00:00:00+00:00
[2025-04-21T10:54:37.184+0000] {processor.py:208} INFO - Processing /home/airflow/.local/lib/python3.12/site-packages/airflow/example_dags/example_branch_operator.py took 0.075 seconds
[2025-04-21T10:55:08.057+0000] {processor.py:186} INFO - Started process (PID=360) to work on /home/airflow/.local/lib/python3.12/site-packages/airflow/example_dags/example_branch_operator.py
[2025-04-21T10:55:08.058+0000] {processor.py:914} INFO - Processing file /home/airflow/.local/lib/python3.12/site-packages/airflow/example_dags/example_branch_operator.py for tasks to queue
[2025-04-21T10:55:08.060+0000] {logging_mixin.py:190} INFO - [2025-04-21T10:55:08.060+0000] {dagbag.py:588} INFO - Filling up the DagBag from /home/airflow/.local/lib/python3.12/site-packages/airflow/example_dags/example_branch_operator.py
[2025-04-21T10:55:08.073+0000] {processor.py:925} INFO - DAG(s) 'example_branch_operator' retrieved from /home/airflow/.local/lib/python3.12/site-packages/airflow/example_dags/example_branch_operator.py
[2025-04-21T10:55:08.095+0000] {logging_mixin.py:190} INFO - [2025-04-21T10:55:08.095+0000] {dag.py:3239} INFO - Sync 1 DAGs
[2025-04-21T10:55:08.113+0000] {logging_mixin.py:190} INFO - [2025-04-21T10:55:08.112+0000] {dag.py:4180} INFO - Setting next_dagrun for example_branch_operator to 2025-04-20 00:00:00+00:00, run_after=2025-04-21 00:00:00+00:00
[2025-04-21T10:55:08.127+0000] {processor.py:208} INFO - Processing /home/airflow/.local/lib/python3.12/site-packages/airflow/example_dags/example_branch_operator.py took 0.074 seconds
[2025-04-21T10:55:38.162+0000] {processor.py:186} INFO - Started process (PID=423) to work on /home/airflow/.local/lib/python3.12/site-packages/airflow/example_dags/example_branch_operator.py
[2025-04-21T10:55:38.162+0000] {processor.py:914} INFO - Processing file /home/airflow/.local/lib/python3.12/site-packages/airflow/example_dags/example_branch_operator.py for tasks to queue
[2025-04-21T10:55:38.164+0000] {logging_mixin.py:190} INFO - [2025-04-21T10:55:38.164+0000] {dagbag.py:588} INFO - Filling up the DagBag from /home/airflow/.local/lib/python3.12/site-packages/airflow/example_dags/example_branch_operator.py
[2025-04-21T10:55:38.177+0000] {processor.py:925} INFO - DAG(s) 'example_branch_operator' retrieved from /home/airflow/.local/lib/python3.12/site-packages/airflow/example_dags/example_branch_operator.py
[2025-04-21T10:55:38.199+0000] {logging_mixin.py:190} INFO - [2025-04-21T10:55:38.199+0000] {dag.py:3239} INFO - Sync 1 DAGs
[2025-04-21T10:55:38.217+0000] {logging_mixin.py:190} INFO - [2025-04-21T10:55:38.217+0000] {dag.py:4180} INFO - Setting next_dagrun for example_branch_operator to 2025-04-20 00:00:00+00:00, run_after=2025-04-21 00:00:00+00:00
[2025-04-21T10:55:38.232+0000] {processor.py:208} INFO - Processing /home/airflow/.local/lib/python3.12/site-packages/airflow/example_dags/example_branch_operator.py took 0.075 seconds
[2025-04-21T10:56:08.402+0000] {processor.py:186} INFO - Started process (PID=485) to work on /home/airflow/.local/lib/python3.12/site-packages/airflow/example_dags/example_branch_operator.py
[2025-04-21T10:56:08.403+0000] {processor.py:914} INFO - Processing file /home/airflow/.local/lib/python3.12/site-packages/airflow/example_dags/example_branch_operator.py for tasks to queue
[2025-04-21T10:56:08.405+0000] {logging_mixin.py:190} INFO - [2025-04-21T10:56:08.404+0000] {dagbag.py:588} INFO - Filling up the DagBag from /home/airflow/.local/lib/python3.12/site-packages/airflow/example_dags/example_branch_operator.py
[2025-04-21T10:56:08.419+0000] {processor.py:925} INFO - DAG(s) 'example_branch_operator' retrieved from /home/airflow/.local/lib/python3.12/site-packages/airflow/example_dags/example_branch_operator.py
[2025-04-21T10:56:08.443+0000] {logging_mixin.py:190} INFO - [2025-04-21T10:56:08.443+0000] {dag.py:3239} INFO - Sync 1 DAGs
[2025-04-21T10:56:08.461+0000] {logging_mixin.py:190} INFO - [2025-04-21T10:56:08.460+0000] {dag.py:4180} INFO - Setting next_dagrun for example_branch_operator to 2025-04-20 00:00:00+00:00, run_after=2025-04-21 00:00:00+00:00
[2025-04-21T10:56:08.475+0000] {processor.py:208} INFO - Processing /home/airflow/.local/lib/python3.12/site-packages/airflow/example_dags/example_branch_operator.py took 0.078 seconds
[2025-04-21T10:56:38.747+0000] {processor.py:186} INFO - Started process (PID=548) to work on /home/airflow/.local/lib/python3.12/site-packages/airflow/example_dags/example_branch_operator.py
[2025-04-21T10:56:38.751+0000] {processor.py:914} INFO - Processing file /home/airflow/.local/lib/python3.12/site-packages/airflow/example_dags/example_branch_operator.py for tasks to queue
[2025-04-21T10:56:38.753+0000] {logging_mixin.py:190} INFO - [2025-04-21T10:56:38.753+0000] {dagbag.py:588} INFO - Filling up the DagBag from /home/airflow/.local/lib/python3.12/site-packages/airflow/example_dags/example_branch_operator.py
[2025-04-21T10:56:38.765+0000] {processor.py:925} INFO - DAG(s) 'example_branch_operator' retrieved from /home/airflow/.local/lib/python3.12/site-packages/airflow/example_dags/example_branch_operator.py
[2025-04-21T10:56:38.785+0000] {logging_mixin.py:190} INFO - [2025-04-21T10:56:38.785+0000] {dag.py:3239} INFO - Sync 1 DAGs
[2025-04-21T10:56:38.803+0000] {logging_mixin.py:190} INFO - [2025-04-21T10:56:38.803+0000] {dag.py:4180} INFO - Setting next_dagrun for example_branch_operator to 2025-04-20 00:00:00+00:00, run_after=2025-04-21 00:00:00+00:00
[2025-04-21T10:56:38.817+0000] {processor.py:208} INFO - Processing /home/airflow/.local/lib/python3.12/site-packages/airflow/example_dags/example_branch_operator.py took 0.074 seconds
[2025-04-21T10:57:09.021+0000] {processor.py:186} INFO - Started process (PID=610) to work on /home/airflow/.local/lib/python3.12/site-packages/airflow/example_dags/example_branch_operator.py
[2025-04-21T10:57:09.022+0000] {processor.py:914} INFO - Processing file /home/airflow/.local/lib/python3.12/site-packages/airflow/example_dags/example_branch_operator.py for tasks to queue
[2025-04-21T10:57:09.023+0000] {logging_mixin.py:190} INFO - [2025-04-21T10:57:09.023+0000] {dagbag.py:588} INFO - Filling up the DagBag from /home/airflow/.local/lib/python3.12/site-packages/airflow/example_dags/example_branch_operator.py
[2025-04-21T10:57:09.036+0000] {processor.py:925} INFO - DAG(s) 'example_branch_operator' retrieved from /home/airflow/.local/lib/python3.12/site-packages/airflow/example_dags/example_branch_operator.py
[2025-04-21T10:57:09.059+0000] {logging_mixin.py:190} INFO - [2025-04-21T10:57:09.058+0000] {dag.py:3239} INFO - Sync 1 DAGs
[2025-04-21T10:57:09.077+0000] {logging_mixin.py:190} INFO - [2025-04-21T10:57:09.077+0000] {dag.py:4180} INFO - Setting next_dagrun for example_branch_operator to 2025-04-20 00:00:00+00:00, run_after=2025-04-21 00:00:00+00:00
[2025-04-21T10:57:09.092+0000] {processor.py:208} INFO - Processing /home/airflow/.local/lib/python3.12/site-packages/airflow/example_dags/example_branch_operator.py took 0.075 seconds
[2025-04-21T10:57:39.196+0000] {processor.py:186} INFO - Started process (PID=672) to work on /home/airflow/.local/lib/python3.12/site-packages/airflow/example_dags/example_branch_operator.py
[2025-04-21T10:57:39.197+0000] {processor.py:914} INFO - Processing file /home/airflow/.local/lib/python3.12/site-packages/airflow/example_dags/example_branch_operator.py for tasks to queue
[2025-04-21T10:57:39.199+0000] {logging_mixin.py:190} INFO - [2025-04-21T10:57:39.199+0000] {dagbag.py:588} INFO - Filling up the DagBag from /home/airflow/.local/lib/python3.12/site-packages/airflow/example_dags/example_branch_operator.py
[2025-04-21T10:57:39.212+0000] {processor.py:925} INFO - DAG(s) 'example_branch_operator' retrieved from /home/airflow/.local/lib/python3.12/site-packages/airflow/example_dags/example_branch_operator.py
[2025-04-21T10:57:39.233+0000] {logging_mixin.py:190} INFO - [2025-04-21T10:57:39.232+0000] {dag.py:3239} INFO - Sync 1 DAGs
[2025-04-21T10:57:39.252+0000] {logging_mixin.py:190} INFO - [2025-04-21T10:57:39.251+0000] {dag.py:4180} INFO - Setting next_dagrun for example_branch_operator to 2025-04-20 00:00:00+00:00, run_after=2025-04-21 00:00:00+00:00
[2025-04-21T10:57:39.267+0000] {processor.py:208} INFO - Processing /home/airflow/.local/lib/python3.12/site-packages/airflow/example_dags/example_branch_operator.py took 0.075 seconds
[2025-04-21T10:58:09.347+0000] {processor.py:186} INFO - Started process (PID=735) to work on /home/airflow/.local/lib/python3.12/site-packages/airflow/example_dags/example_branch_operator.py
[2025-04-21T10:58:09.348+0000] {processor.py:914} INFO - Processing file /home/airflow/.local/lib/python3.12/site-packages/airflow/example_dags/example_branch_operator.py for tasks to queue
[2025-04-21T10:58:09.349+0000] {logging_mixin.py:190} INFO - [2025-04-21T10:58:09.349+0000] {dagbag.py:588} INFO - Filling up the DagBag from /home/airflow/.local/lib/python3.12/site-packages/airflow/example_dags/example_branch_operator.py
[2025-04-21T10:58:09.362+0000] {processor.py:925} INFO - DAG(s) 'example_branch_operator' retrieved from /home/airflow/.local/lib/python3.12/site-packages/airflow/example_dags/example_branch_operator.py
[2025-04-21T10:58:09.383+0000] {logging_mixin.py:190} INFO - [2025-04-21T10:58:09.383+0000] {dag.py:3239} INFO - Sync 1 DAGs
[2025-04-21T10:58:09.406+0000] {logging_mixin.py:190} INFO - [2025-04-21T10:58:09.405+0000] {dag.py:4180} INFO - Setting next_dagrun for example_branch_operator to 2025-04-20 00:00:00+00:00, run_after=2025-04-21 00:00:00+00:00
[2025-04-21T10:58:09.421+0000] {processor.py:208} INFO - Processing /home/airflow/.local/lib/python3.12/site-packages/airflow/example_dags/example_branch_operator.py took 0.079 seconds
[2025-04-21T10:58:39.470+0000] {processor.py:186} INFO - Started process (PID=798) to work on /home/airflow/.local/lib/python3.12/site-packages/airflow/example_dags/example_branch_operator.py
[2025-04-21T10:58:39.471+0000] {processor.py:914} INFO - Processing file /home/airflow/.local/lib/python3.12/site-packages/airflow/example_dags/example_branch_operator.py for tasks to queue
[2025-04-21T10:58:39.472+0000] {logging_mixin.py:190} INFO - [2025-04-21T10:58:39.472+0000] {dagbag.py:588} INFO - Filling up the DagBag from /home/airflow/.local/lib/python3.12/site-packages/airflow/example_dags/example_branch_operator.py
[2025-04-21T10:58:39.484+0000] {processor.py:925} INFO - DAG(s) 'example_branch_operator' retrieved from /home/airflow/.local/lib/python3.12/site-packages/airflow/example_dags/example_branch_operator.py
[2025-04-21T10:58:39.505+0000] {logging_mixin.py:190} INFO - [2025-04-21T10:58:39.504+0000] {dag.py:3239} INFO - Sync 1 DAGs
[2025-04-21T10:58:39.522+0000] {logging_mixin.py:190} INFO - [2025-04-21T10:58:39.522+0000] {dag.py:4180} INFO - Setting next_dagrun for example_branch_operator to 2025-04-20 00:00:00+00:00, run_after=2025-04-21 00:00:00+00:00
[2025-04-21T10:58:39.536+0000] {processor.py:208} INFO - Processing /home/airflow/.local/lib/python3.12/site-packages/airflow/example_dags/example_branch_operator.py took 0.071 seconds
[2025-04-21T10:59:09.710+0000] {processor.py:186} INFO - Started process (PID=860) to work on /home/airflow/.local/lib/python3.12/site-packages/airflow/example_dags/example_branch_operator.py
[2025-04-21T10:59:09.711+0000] {processor.py:914} INFO - Processing file /home/airflow/.local/lib/python3.12/site-packages/airflow/example_dags/example_branch_operator.py for tasks to queue
[2025-04-21T10:59:09.713+0000] {logging_mixin.py:190} INFO - [2025-04-21T10:59:09.713+0000] {dagbag.py:588} INFO - Filling up the DagBag from /home/airflow/.local/lib/python3.12/site-packages/airflow/example_dags/example_branch_operator.py
[2025-04-21T10:59:09.725+0000] {processor.py:925} INFO - DAG(s) 'example_branch_operator' retrieved from /home/airflow/.local/lib/python3.12/site-packages/airflow/example_dags/example_branch_operator.py
[2025-04-21T10:59:09.744+0000] {logging_mixin.py:190} INFO - [2025-04-21T10:59:09.744+0000] {dag.py:3239} INFO - Sync 1 DAGs
[2025-04-21T10:59:09.762+0000] {logging_mixin.py:190} INFO - [2025-04-21T10:59:09.762+0000] {dag.py:4180} INFO - Setting next_dagrun for example_branch_operator to 2025-04-20 00:00:00+00:00, run_after=2025-04-21 00:00:00+00:00
[2025-04-21T10:59:09.777+0000] {processor.py:208} INFO - Processing /home/airflow/.local/lib/python3.12/site-packages/airflow/example_dags/example_branch_operator.py took 0.071 seconds
[2025-04-21T10:59:40.271+0000] {processor.py:186} INFO - Started process (PID=924) to work on /home/airflow/.local/lib/python3.12/site-packages/airflow/example_dags/example_branch_operator.py
[2025-04-21T10:59:40.272+0000] {processor.py:914} INFO - Processing file /home/airflow/.local/lib/python3.12/site-packages/airflow/example_dags/example_branch_operator.py for tasks to queue
[2025-04-21T10:59:40.274+0000] {logging_mixin.py:190} INFO - [2025-04-21T10:59:40.274+0000] {dagbag.py:588} INFO - Filling up the DagBag from /home/airflow/.local/lib/python3.12/site-packages/airflow/example_dags/example_branch_operator.py
[2025-04-21T10:59:40.288+0000] {processor.py:925} INFO - DAG(s) 'example_branch_operator' retrieved from /home/airflow/.local/lib/python3.12/site-packages/airflow/example_dags/example_branch_operator.py
[2025-04-21T10:59:40.313+0000] {logging_mixin.py:190} INFO - [2025-04-21T10:59:40.312+0000] {dag.py:3239} INFO - Sync 1 DAGs
[2025-04-21T10:59:40.335+0000] {logging_mixin.py:190} INFO - [2025-04-21T10:59:40.335+0000] {dag.py:4180} INFO - Setting next_dagrun for example_branch_operator to 2025-04-20 00:00:00+00:00, run_after=2025-04-21 00:00:00+00:00
[2025-04-21T10:59:40.353+0000] {processor.py:208} INFO - Processing /home/airflow/.local/lib/python3.12/site-packages/airflow/example_dags/example_branch_operator.py took 0.086 seconds
[2025-04-21T11:00:10.563+0000] {processor.py:186} INFO - Started process (PID=987) to work on /home/airflow/.local/lib/python3.12/site-packages/airflow/example_dags/example_branch_operator.py
[2025-04-21T11:00:10.563+0000] {processor.py:914} INFO - Processing file /home/airflow/.local/lib/python3.12/site-packages/airflow/example_dags/example_branch_operator.py for tasks to queue
[2025-04-21T11:00:10.565+0000] {logging_mixin.py:190} INFO - [2025-04-21T11:00:10.565+0000] {dagbag.py:588} INFO - Filling up the DagBag from /home/airflow/.local/lib/python3.12/site-packages/airflow/example_dags/example_branch_operator.py
[2025-04-21T11:00:10.577+0000] {processor.py:925} INFO - DAG(s) 'example_branch_operator' retrieved from /home/airflow/.local/lib/python3.12/site-packages/airflow/example_dags/example_branch_operator.py
[2025-04-21T11:00:10.597+0000] {logging_mixin.py:190} INFO - [2025-04-21T11:00:10.597+0000] {dag.py:3239} INFO - Sync 1 DAGs
[2025-04-21T11:00:10.616+0000] {logging_mixin.py:190} INFO - [2025-04-21T11:00:10.616+0000] {dag.py:4180} INFO - Setting next_dagrun for example_branch_operator to 2025-04-20 00:00:00+00:00, run_after=2025-04-21 00:00:00+00:00
[2025-04-21T11:00:10.629+0000] {processor.py:208} INFO - Processing /home/airflow/.local/lib/python3.12/site-packages/airflow/example_dags/example_branch_operator.py took 0.071 seconds
[2025-04-21T11:00:41.110+0000] {processor.py:186} INFO - Started process (PID=1050) to work on /home/airflow/.local/lib/python3.12/site-packages/airflow/example_dags/example_branch_operator.py
[2025-04-21T11:00:41.111+0000] {processor.py:914} INFO - Processing file /home/airflow/.local/lib/python3.12/site-packages/airflow/example_dags/example_branch_operator.py for tasks to queue
[2025-04-21T11:00:41.113+0000] {logging_mixin.py:190} INFO - [2025-04-21T11:00:41.112+0000] {dagbag.py:588} INFO - Filling up the DagBag from /home/airflow/.local/lib/python3.12/site-packages/airflow/example_dags/example_branch_operator.py
[2025-04-21T11:00:41.125+0000] {processor.py:925} INFO - DAG(s) 'example_branch_operator' retrieved from /home/airflow/.local/lib/python3.12/site-packages/airflow/example_dags/example_branch_operator.py
[2025-04-21T11:00:41.146+0000] {logging_mixin.py:190} INFO - [2025-04-21T11:00:41.146+0000] {dag.py:3239} INFO - Sync 1 DAGs
[2025-04-21T11:00:41.164+0000] {logging_mixin.py:190} INFO - [2025-04-21T11:00:41.164+0000] {dag.py:4180} INFO - Setting next_dagrun for example_branch_operator to 2025-04-20 00:00:00+00:00, run_after=2025-04-21 00:00:00+00:00
[2025-04-21T11:00:41.178+0000] {processor.py:208} INFO - Processing /home/airflow/.local/lib/python3.12/site-packages/airflow/example_dags/example_branch_operator.py took 0.072 seconds
[2025-04-21T11:01:11.726+0000] {processor.py:186} INFO - Started process (PID=1113) to work on /home/airflow/.local/lib/python3.12/site-packages/airflow/example_dags/example_branch_operator.py
[2025-04-21T11:01:11.726+0000] {processor.py:914} INFO - Processing file /home/airflow/.local/lib/python3.12/site-packages/airflow/example_dags/example_branch_operator.py for tasks to queue
[2025-04-21T11:01:11.728+0000] {logging_mixin.py:190} INFO - [2025-04-21T11:01:11.728+0000] {dagbag.py:588} INFO - Filling up the DagBag from /home/airflow/.local/lib/python3.12/site-packages/airflow/example_dags/example_branch_operator.py
[2025-04-21T11:01:11.740+0000] {processor.py:925} INFO - DAG(s) 'example_branch_operator' retrieved from /home/airflow/.local/lib/python3.12/site-packages/airflow/example_dags/example_branch_operator.py
[2025-04-21T11:01:11.760+0000] {logging_mixin.py:190} INFO - [2025-04-21T11:01:11.759+0000] {dag.py:3239} INFO - Sync 1 DAGs
[2025-04-21T11:01:11.778+0000] {logging_mixin.py:190} INFO - [2025-04-21T11:01:11.777+0000] {dag.py:4180} INFO - Setting next_dagrun for example_branch_operator to 2025-04-20 00:00:00+00:00, run_after=2025-04-21 00:00:00+00:00
[2025-04-21T11:01:11.794+0000] {processor.py:208} INFO - Processing /home/airflow/.local/lib/python3.12/site-packages/airflow/example_dags/example_branch_operator.py took 0.072 seconds
[2025-04-21T11:01:42.109+0000] {processor.py:186} INFO - Started process (PID=1176) to work on /home/airflow/.local/lib/python3.12/site-packages/airflow/example_dags/example_branch_operator.py
[2025-04-21T11:01:42.109+0000] {processor.py:914} INFO - Processing file /home/airflow/.local/lib/python3.12/site-packages/airflow/example_dags/example_branch_operator.py for tasks to queue
[2025-04-21T11:01:42.111+0000] {logging_mixin.py:190} INFO - [2025-04-21T11:01:42.111+0000] {dagbag.py:588} INFO - Filling up the DagBag from /home/airflow/.local/lib/python3.12/site-packages/airflow/example_dags/example_branch_operator.py
[2025-04-21T11:01:42.124+0000] {processor.py:925} INFO - DAG(s) 'example_branch_operator' retrieved from /home/airflow/.local/lib/python3.12/site-packages/airflow/example_dags/example_branch_operator.py
[2025-04-21T11:01:42.145+0000] {logging_mixin.py:190} INFO - [2025-04-21T11:01:42.145+0000] {dag.py:3239} INFO - Sync 1 DAGs
[2025-04-21T11:01:42.165+0000] {logging_mixin.py:190} INFO - [2025-04-21T11:01:42.165+0000] {dag.py:4180} INFO - Setting next_dagrun for example_branch_operator to 2025-04-20 00:00:00+00:00, run_after=2025-04-21 00:00:00+00:00
[2025-04-21T11:01:42.181+0000] {processor.py:208} INFO - Processing /home/airflow/.local/lib/python3.12/site-packages/airflow/example_dags/example_branch_operator.py took 0.077 seconds
[2025-04-21T11:02:12.393+0000] {processor.py:186} INFO - Started process (PID=1239) to work on /home/airflow/.local/lib/python3.12/site-packages/airflow/example_dags/example_branch_operator.py
[2025-04-21T11:02:12.394+0000] {processor.py:914} INFO - Processing file /home/airflow/.local/lib/python3.12/site-packages/airflow/example_dags/example_branch_operator.py for tasks to queue
[2025-04-21T11:02:12.396+0000] {logging_mixin.py:190} INFO - [2025-04-21T11:02:12.396+0000] {dagbag.py:588} INFO - Filling up the DagBag from /home/airflow/.local/lib/python3.12/site-packages/airflow/example_dags/example_branch_operator.py
[2025-04-21T11:02:12.409+0000] {processor.py:925} INFO - DAG(s) 'example_branch_operator' retrieved from /home/airflow/.local/lib/python3.12/site-packages/airflow/example_dags/example_branch_operator.py
[2025-04-21T11:02:12.431+0000] {logging_mixin.py:190} INFO - [2025-04-21T11:02:12.431+0000] {dag.py:3239} INFO - Sync 1 DAGs
[2025-04-21T11:02:12.451+0000] {logging_mixin.py:190} INFO - [2025-04-21T11:02:12.451+0000] {dag.py:4180} INFO - Setting next_dagrun for example_branch_operator to 2025-04-20 00:00:00+00:00, run_after=2025-04-21 00:00:00+00:00
[2025-04-21T11:02:12.467+0000] {processor.py:208} INFO - Processing /home/airflow/.local/lib/python3.12/site-packages/airflow/example_dags/example_branch_operator.py took 0.078 seconds
[2025-04-21T11:02:42.815+0000] {processor.py:186} INFO - Started process (PID=1302) to work on /home/airflow/.local/lib/python3.12/site-packages/airflow/example_dags/example_branch_operator.py
[2025-04-21T11:02:42.816+0000] {processor.py:914} INFO - Processing file /home/airflow/.local/lib/python3.12/site-packages/airflow/example_dags/example_branch_operator.py for tasks to queue
[2025-04-21T11:02:42.818+0000] {logging_mixin.py:190} INFO - [2025-04-21T11:02:42.818+0000] {dagbag.py:588} INFO - Filling up the DagBag from /home/airflow/.local/lib/python3.12/site-packages/airflow/example_dags/example_branch_operator.py
[2025-04-21T11:02:42.832+0000] {processor.py:925} INFO - DAG(s) 'example_branch_operator' retrieved from /home/airflow/.local/lib/python3.12/site-packages/airflow/example_dags/example_branch_operator.py
[2025-04-21T11:02:42.854+0000] {logging_mixin.py:190} INFO - [2025-04-21T11:02:42.853+0000] {dag.py:3239} INFO - Sync 1 DAGs
[2025-04-21T11:02:42.874+0000] {logging_mixin.py:190} INFO - [2025-04-21T11:02:42.874+0000] {dag.py:4180} INFO - Setting next_dagrun for example_branch_operator to 2025-04-20 00:00:00+00:00, run_after=2025-04-21 00:00:00+00:00
[2025-04-21T11:02:42.890+0000] {processor.py:208} INFO - Processing /home/airflow/.local/lib/python3.12/site-packages/airflow/example_dags/example_branch_operator.py took 0.080 seconds
[2025-04-21T11:03:13.186+0000] {processor.py:186} INFO - Started process (PID=1365) to work on /home/airflow/.local/lib/python3.12/site-packages/airflow/example_dags/example_branch_operator.py
[2025-04-21T11:03:13.187+0000] {processor.py:914} INFO - Processing file /home/airflow/.local/lib/python3.12/site-packages/airflow/example_dags/example_branch_operator.py for tasks to queue
[2025-04-21T11:03:13.189+0000] {logging_mixin.py:190} INFO - [2025-04-21T11:03:13.189+0000] {dagbag.py:588} INFO - Filling up the DagBag from /home/airflow/.local/lib/python3.12/site-packages/airflow/example_dags/example_branch_operator.py
[2025-04-21T11:03:13.203+0000] {processor.py:925} INFO - DAG(s) 'example_branch_operator' retrieved from /home/airflow/.local/lib/python3.12/site-packages/airflow/example_dags/example_branch_operator.py
[2025-04-21T11:03:13.226+0000] {logging_mixin.py:190} INFO - [2025-04-21T11:03:13.225+0000] {dag.py:3239} INFO - Sync 1 DAGs
[2025-04-21T11:03:13.246+0000] {logging_mixin.py:190} INFO - [2025-04-21T11:03:13.246+0000] {dag.py:4180} INFO - Setting next_dagrun for example_branch_operator to 2025-04-20 00:00:00+00:00, run_after=2025-04-21 00:00:00+00:00
[2025-04-21T11:03:13.264+0000] {processor.py:208} INFO - Processing /home/airflow/.local/lib/python3.12/site-packages/airflow/example_dags/example_branch_operator.py took 0.082 seconds
[2025-04-21T11:03:44.188+0000] {processor.py:186} INFO - Started process (PID=1428) to work on /home/airflow/.local/lib/python3.12/site-packages/airflow/example_dags/example_branch_operator.py
[2025-04-21T11:03:44.188+0000] {processor.py:914} INFO - Processing file /home/airflow/.local/lib/python3.12/site-packages/airflow/example_dags/example_branch_operator.py for tasks to queue
[2025-04-21T11:03:44.190+0000] {logging_mixin.py:190} INFO - [2025-04-21T11:03:44.190+0000] {dagbag.py:588} INFO - Filling up the DagBag from /home/airflow/.local/lib/python3.12/site-packages/airflow/example_dags/example_branch_operator.py
[2025-04-21T11:03:44.205+0000] {processor.py:925} INFO - DAG(s) 'example_branch_operator' retrieved from /home/airflow/.local/lib/python3.12/site-packages/airflow/example_dags/example_branch_operator.py
[2025-04-21T11:03:44.230+0000] {logging_mixin.py:190} INFO - [2025-04-21T11:03:44.230+0000] {dag.py:3239} INFO - Sync 1 DAGs
[2025-04-21T11:03:44.254+0000] {logging_mixin.py:190} INFO - [2025-04-21T11:03:44.253+0000] {dag.py:4180} INFO - Setting next_dagrun for example_branch_operator to 2025-04-20 00:00:00+00:00, run_after=2025-04-21 00:00:00+00:00
[2025-04-21T11:03:44.270+0000] {processor.py:208} INFO - Processing /home/airflow/.local/lib/python3.12/site-packages/airflow/example_dags/example_branch_operator.py took 0.086 seconds
[2025-04-21T11:04:14.843+0000] {processor.py:186} INFO - Started process (PID=1491) to work on /home/airflow/.local/lib/python3.12/site-packages/airflow/example_dags/example_branch_operator.py
[2025-04-21T11:04:14.844+0000] {processor.py:914} INFO - Processing file /home/airflow/.local/lib/python3.12/site-packages/airflow/example_dags/example_branch_operator.py for tasks to queue
[2025-04-21T11:04:14.845+0000] {logging_mixin.py:190} INFO - [2025-04-21T11:04:14.845+0000] {dagbag.py:588} INFO - Filling up the DagBag from /home/airflow/.local/lib/python3.12/site-packages/airflow/example_dags/example_branch_operator.py
[2025-04-21T11:04:14.858+0000] {processor.py:925} INFO - DAG(s) 'example_branch_operator' retrieved from /home/airflow/.local/lib/python3.12/site-packages/airflow/example_dags/example_branch_operator.py
[2025-04-21T11:04:14.879+0000] {logging_mixin.py:190} INFO - [2025-04-21T11:04:14.879+0000] {dag.py:3239} INFO - Sync 1 DAGs
[2025-04-21T11:04:14.900+0000] {logging_mixin.py:190} INFO - [2025-04-21T11:04:14.900+0000] {dag.py:4180} INFO - Setting next_dagrun for example_branch_operator to 2025-04-20 00:00:00+00:00, run_after=2025-04-21 00:00:00+00:00
[2025-04-21T11:04:14.915+0000] {processor.py:208} INFO - Processing /home/airflow/.local/lib/python3.12/site-packages/airflow/example_dags/example_branch_operator.py took 0.076 seconds
[2025-04-21T11:04:45.593+0000] {processor.py:186} INFO - Started process (PID=1554) to work on /home/airflow/.local/lib/python3.12/site-packages/airflow/example_dags/example_branch_operator.py
[2025-04-21T11:04:45.593+0000] {processor.py:914} INFO - Processing file /home/airflow/.local/lib/python3.12/site-packages/airflow/example_dags/example_branch_operator.py for tasks to queue
[2025-04-21T11:04:45.595+0000] {logging_mixin.py:190} INFO - [2025-04-21T11:04:45.595+0000] {dagbag.py:588} INFO - Filling up the DagBag from /home/airflow/.local/lib/python3.12/site-packages/airflow/example_dags/example_branch_operator.py
[2025-04-21T11:04:45.608+0000] {processor.py:925} INFO - DAG(s) 'example_branch_operator' retrieved from /home/airflow/.local/lib/python3.12/site-packages/airflow/example_dags/example_branch_operator.py
[2025-04-21T11:04:45.631+0000] {logging_mixin.py:190} INFO - [2025-04-21T11:04:45.630+0000] {dag.py:3239} INFO - Sync 1 DAGs
[2025-04-21T11:04:45.650+0000] {logging_mixin.py:190} INFO - [2025-04-21T11:04:45.650+0000] {dag.py:4180} INFO - Setting next_dagrun for example_branch_operator to 2025-04-20 00:00:00+00:00, run_after=2025-04-21 00:00:00+00:00
[2025-04-21T11:04:45.666+0000] {processor.py:208} INFO - Processing /home/airflow/.local/lib/python3.12/site-packages/airflow/example_dags/example_branch_operator.py took 0.078 seconds
[2025-04-21T11:05:16.129+0000] {processor.py:186} INFO - Started process (PID=1617) to work on /home/airflow/.local/lib/python3.12/site-packages/airflow/example_dags/example_branch_operator.py
[2025-04-21T11:05:16.130+0000] {processor.py:914} INFO - Processing file /home/airflow/.local/lib/python3.12/site-packages/airflow/example_dags/example_branch_operator.py for tasks to queue
[2025-04-21T11:05:16.132+0000] {logging_mixin.py:190} INFO - [2025-04-21T11:05:16.131+0000] {dagbag.py:588} INFO - Filling up the DagBag from /home/airflow/.local/lib/python3.12/site-packages/airflow/example_dags/example_branch_operator.py
[2025-04-21T11:05:16.144+0000] {processor.py:925} INFO - DAG(s) 'example_branch_operator' retrieved from /home/airflow/.local/lib/python3.12/site-packages/airflow/example_dags/example_branch_operator.py
[2025-04-21T11:05:16.167+0000] {logging_mixin.py:190} INFO - [2025-04-21T11:05:16.167+0000] {dag.py:3239} INFO - Sync 1 DAGs
[2025-04-21T11:05:16.187+0000] {logging_mixin.py:190} INFO - [2025-04-21T11:05:16.187+0000] {dag.py:4180} INFO - Setting next_dagrun for example_branch_operator to 2025-04-20 00:00:00+00:00, run_after=2025-04-21 00:00:00+00:00
[2025-04-21T11:05:16.201+0000] {processor.py:208} INFO - Processing /home/airflow/.local/lib/python3.12/site-packages/airflow/example_dags/example_branch_operator.py took 0.077 seconds
[2025-04-21T11:05:46.814+0000] {processor.py:186} INFO - Started process (PID=1680) to work on /home/airflow/.local/lib/python3.12/site-packages/airflow/example_dags/example_branch_operator.py
[2025-04-21T11:05:46.814+0000] {processor.py:914} INFO - Processing file /home/airflow/.local/lib/python3.12/site-packages/airflow/example_dags/example_branch_operator.py for tasks to queue
[2025-04-21T11:05:46.816+0000] {logging_mixin.py:190} INFO - [2025-04-21T11:05:46.816+0000] {dagbag.py:588} INFO - Filling up the DagBag from /home/airflow/.local/lib/python3.12/site-packages/airflow/example_dags/example_branch_operator.py
[2025-04-21T11:05:46.828+0000] {processor.py:925} INFO - DAG(s) 'example_branch_operator' retrieved from /home/airflow/.local/lib/python3.12/site-packages/airflow/example_dags/example_branch_operator.py
[2025-04-21T11:05:46.848+0000] {logging_mixin.py:190} INFO - [2025-04-21T11:05:46.848+0000] {dag.py:3239} INFO - Sync 1 DAGs
[2025-04-21T11:05:46.868+0000] {logging_mixin.py:190} INFO - [2025-04-21T11:05:46.867+0000] {dag.py:4180} INFO - Setting next_dagrun for example_branch_operator to 2025-04-20 00:00:00+00:00, run_after=2025-04-21 00:00:00+00:00
[2025-04-21T11:05:46.881+0000] {processor.py:208} INFO - Processing /home/airflow/.local/lib/python3.12/site-packages/airflow/example_dags/example_branch_operator.py took 0.072 seconds
[2025-04-21T11:06:17.309+0000] {processor.py:186} INFO - Started process (PID=1743) to work on /home/airflow/.local/lib/python3.12/site-packages/airflow/example_dags/example_branch_operator.py
[2025-04-21T11:06:17.310+0000] {processor.py:914} INFO - Processing file /home/airflow/.local/lib/python3.12/site-packages/airflow/example_dags/example_branch_operator.py for tasks to queue
[2025-04-21T11:06:17.312+0000] {logging_mixin.py:190} INFO - [2025-04-21T11:06:17.312+0000] {dagbag.py:588} INFO - Filling up the DagBag from /home/airflow/.local/lib/python3.12/site-packages/airflow/example_dags/example_branch_operator.py
[2025-04-21T11:06:17.325+0000] {processor.py:925} INFO - DAG(s) 'example_branch_operator' retrieved from /home/airflow/.local/lib/python3.12/site-packages/airflow/example_dags/example_branch_operator.py
[2025-04-21T11:06:17.344+0000] {logging_mixin.py:190} INFO - [2025-04-21T11:06:17.344+0000] {dag.py:3239} INFO - Sync 1 DAGs
[2025-04-21T11:06:17.363+0000] {logging_mixin.py:190} INFO - [2025-04-21T11:06:17.363+0000] {dag.py:4180} INFO - Setting next_dagrun for example_branch_operator to 2025-04-20 00:00:00+00:00, run_after=2025-04-21 00:00:00+00:00
[2025-04-21T11:06:17.377+0000] {processor.py:208} INFO - Processing /home/airflow/.local/lib/python3.12/site-packages/airflow/example_dags/example_branch_operator.py took 0.071 seconds
[2025-04-21T11:06:47.803+0000] {processor.py:186} INFO - Started process (PID=1806) to work on /home/airflow/.local/lib/python3.12/site-packages/airflow/example_dags/example_branch_operator.py
[2025-04-21T11:06:47.804+0000] {processor.py:914} INFO - Processing file /home/airflow/.local/lib/python3.12/site-packages/airflow/example_dags/example_branch_operator.py for tasks to queue
[2025-04-21T11:06:47.806+0000] {logging_mixin.py:190} INFO - [2025-04-21T11:06:47.806+0000] {dagbag.py:588} INFO - Filling up the DagBag from /home/airflow/.local/lib/python3.12/site-packages/airflow/example_dags/example_branch_operator.py
[2025-04-21T11:06:47.826+0000] {processor.py:925} INFO - DAG(s) 'example_branch_operator' retrieved from /home/airflow/.local/lib/python3.12/site-packages/airflow/example_dags/example_branch_operator.py
[2025-04-21T11:06:47.848+0000] {logging_mixin.py:190} INFO - [2025-04-21T11:06:47.847+0000] {dag.py:3239} INFO - Sync 1 DAGs
[2025-04-21T11:06:47.867+0000] {logging_mixin.py:190} INFO - [2025-04-21T11:06:47.866+0000] {dag.py:4180} INFO - Setting next_dagrun for example_branch_operator to 2025-04-20 00:00:00+00:00, run_after=2025-04-21 00:00:00+00:00
[2025-04-21T11:06:47.881+0000] {processor.py:208} INFO - Processing /home/airflow/.local/lib/python3.12/site-packages/airflow/example_dags/example_branch_operator.py took 0.084 seconds
[2025-04-21T11:07:17.974+0000] {processor.py:186} INFO - Started process (PID=1869) to work on /home/airflow/.local/lib/python3.12/site-packages/airflow/example_dags/example_branch_operator.py
[2025-04-21T11:07:17.974+0000] {processor.py:914} INFO - Processing file /home/airflow/.local/lib/python3.12/site-packages/airflow/example_dags/example_branch_operator.py for tasks to queue
[2025-04-21T11:07:17.976+0000] {logging_mixin.py:190} INFO - [2025-04-21T11:07:17.976+0000] {dagbag.py:588} INFO - Filling up the DagBag from /home/airflow/.local/lib/python3.12/site-packages/airflow/example_dags/example_branch_operator.py
[2025-04-21T11:07:17.991+0000] {processor.py:925} INFO - DAG(s) 'example_branch_operator' retrieved from /home/airflow/.local/lib/python3.12/site-packages/airflow/example_dags/example_branch_operator.py
[2025-04-21T11:07:18.013+0000] {logging_mixin.py:190} INFO - [2025-04-21T11:07:18.012+0000] {dag.py:3239} INFO - Sync 1 DAGs
[2025-04-21T11:07:18.034+0000] {logging_mixin.py:190} INFO - [2025-04-21T11:07:18.033+0000] {dag.py:4180} INFO - Setting next_dagrun for example_branch_operator to 2025-04-20 00:00:00+00:00, run_after=2025-04-21 00:00:00+00:00
[2025-04-21T11:07:18.048+0000] {processor.py:208} INFO - Processing /home/airflow/.local/lib/python3.12/site-packages/airflow/example_dags/example_branch_operator.py took 0.078 seconds
[2025-04-21T11:07:48.106+0000] {processor.py:186} INFO - Started process (PID=1932) to work on /home/airflow/.local/lib/python3.12/site-packages/airflow/example_dags/example_branch_operator.py
[2025-04-21T11:07:48.107+0000] {processor.py:914} INFO - Processing file /home/airflow/.local/lib/python3.12/site-packages/airflow/example_dags/example_branch_operator.py for tasks to queue
[2025-04-21T11:07:48.108+0000] {logging_mixin.py:190} INFO - [2025-04-21T11:07:48.108+0000] {dagbag.py:588} INFO - Filling up the DagBag from /home/airflow/.local/lib/python3.12/site-packages/airflow/example_dags/example_branch_operator.py
[2025-04-21T11:07:48.121+0000] {processor.py:925} INFO - DAG(s) 'example_branch_operator' retrieved from /home/airflow/.local/lib/python3.12/site-packages/airflow/example_dags/example_branch_operator.py
[2025-04-21T11:07:48.141+0000] {logging_mixin.py:190} INFO - [2025-04-21T11:07:48.141+0000] {dag.py:3239} INFO - Sync 1 DAGs
[2025-04-21T11:07:48.159+0000] {logging_mixin.py:190} INFO - [2025-04-21T11:07:48.159+0000] {dag.py:4180} INFO - Setting next_dagrun for example_branch_operator to 2025-04-20 00:00:00+00:00, run_after=2025-04-21 00:00:00+00:00
[2025-04-21T11:07:48.174+0000] {processor.py:208} INFO - Processing /home/airflow/.local/lib/python3.12/site-packages/airflow/example_dags/example_branch_operator.py took 0.072 seconds
[2025-04-21T11:08:18.963+0000] {processor.py:186} INFO - Started process (PID=1995) to work on /home/airflow/.local/lib/python3.12/site-packages/airflow/example_dags/example_branch_operator.py
[2025-04-21T11:08:18.964+0000] {processor.py:914} INFO - Processing file /home/airflow/.local/lib/python3.12/site-packages/airflow/example_dags/example_branch_operator.py for tasks to queue
[2025-04-21T11:08:18.966+0000] {logging_mixin.py:190} INFO - [2025-04-21T11:08:18.966+0000] {dagbag.py:588} INFO - Filling up the DagBag from /home/airflow/.local/lib/python3.12/site-packages/airflow/example_dags/example_branch_operator.py
[2025-04-21T11:08:18.983+0000] {processor.py:925} INFO - DAG(s) 'example_branch_operator' retrieved from /home/airflow/.local/lib/python3.12/site-packages/airflow/example_dags/example_branch_operator.py
[2025-04-21T11:08:19.006+0000] {logging_mixin.py:190} INFO - [2025-04-21T11:08:19.006+0000] {dag.py:3239} INFO - Sync 1 DAGs
[2025-04-21T11:08:19.026+0000] {logging_mixin.py:190} INFO - [2025-04-21T11:08:19.026+0000] {dag.py:4180} INFO - Setting next_dagrun for example_branch_operator to 2025-04-20 00:00:00+00:00, run_after=2025-04-21 00:00:00+00:00
[2025-04-21T11:08:19.042+0000] {processor.py:208} INFO - Processing /home/airflow/.local/lib/python3.12/site-packages/airflow/example_dags/example_branch_operator.py took 0.083 seconds
[2025-04-21T11:08:49.549+0000] {processor.py:186} INFO - Started process (PID=2058) to work on /home/airflow/.local/lib/python3.12/site-packages/airflow/example_dags/example_branch_operator.py
[2025-04-21T11:08:49.550+0000] {processor.py:914} INFO - Processing file /home/airflow/.local/lib/python3.12/site-packages/airflow/example_dags/example_branch_operator.py for tasks to queue
[2025-04-21T11:08:49.552+0000] {logging_mixin.py:190} INFO - [2025-04-21T11:08:49.552+0000] {dagbag.py:588} INFO - Filling up the DagBag from /home/airflow/.local/lib/python3.12/site-packages/airflow/example_dags/example_branch_operator.py
[2025-04-21T11:08:49.567+0000] {processor.py:925} INFO - DAG(s) 'example_branch_operator' retrieved from /home/airflow/.local/lib/python3.12/site-packages/airflow/example_dags/example_branch_operator.py
[2025-04-21T11:08:49.589+0000] {logging_mixin.py:190} INFO - [2025-04-21T11:08:49.589+0000] {dag.py:3239} INFO - Sync 1 DAGs
[2025-04-21T11:08:49.608+0000] {logging_mixin.py:190} INFO - [2025-04-21T11:08:49.608+0000] {dag.py:4180} INFO - Setting next_dagrun for example_branch_operator to 2025-04-20 00:00:00+00:00, run_after=2025-04-21 00:00:00+00:00
[2025-04-21T11:08:49.625+0000] {processor.py:208} INFO - Processing /home/airflow/.local/lib/python3.12/site-packages/airflow/example_dags/example_branch_operator.py took 0.080 seconds
[2025-04-21T11:09:20.469+0000] {processor.py:186} INFO - Started process (PID=2121) to work on /home/airflow/.local/lib/python3.12/site-packages/airflow/example_dags/example_branch_operator.py
[2025-04-21T11:09:20.470+0000] {processor.py:914} INFO - Processing file /home/airflow/.local/lib/python3.12/site-packages/airflow/example_dags/example_branch_operator.py for tasks to queue
[2025-04-21T11:09:20.472+0000] {logging_mixin.py:190} INFO - [2025-04-21T11:09:20.472+0000] {dagbag.py:588} INFO - Filling up the DagBag from /home/airflow/.local/lib/python3.12/site-packages/airflow/example_dags/example_branch_operator.py
[2025-04-21T11:09:20.485+0000] {processor.py:925} INFO - DAG(s) 'example_branch_operator' retrieved from /home/airflow/.local/lib/python3.12/site-packages/airflow/example_dags/example_branch_operator.py
[2025-04-21T11:09:20.508+0000] {logging_mixin.py:190} INFO - [2025-04-21T11:09:20.508+0000] {dag.py:3239} INFO - Sync 1 DAGs
[2025-04-21T11:09:20.530+0000] {logging_mixin.py:190} INFO - [2025-04-21T11:09:20.530+0000] {dag.py:4180} INFO - Setting next_dagrun for example_branch_operator to 2025-04-20 00:00:00+00:00, run_after=2025-04-21 00:00:00+00:00
[2025-04-21T11:09:20.545+0000] {processor.py:208} INFO - Processing /home/airflow/.local/lib/python3.12/site-packages/airflow/example_dags/example_branch_operator.py took 0.081 seconds
[2025-04-21T11:09:51.358+0000] {processor.py:186} INFO - Started process (PID=2184) to work on /home/airflow/.local/lib/python3.12/site-packages/airflow/example_dags/example_branch_operator.py
[2025-04-21T11:09:51.359+0000] {processor.py:914} INFO - Processing file /home/airflow/.local/lib/python3.12/site-packages/airflow/example_dags/example_branch_operator.py for tasks to queue
[2025-04-21T11:09:51.361+0000] {logging_mixin.py:190} INFO - [2025-04-21T11:09:51.361+0000] {dagbag.py:588} INFO - Filling up the DagBag from /home/airflow/.local/lib/python3.12/site-packages/airflow/example_dags/example_branch_operator.py
[2025-04-21T11:09:51.374+0000] {processor.py:925} INFO - DAG(s) 'example_branch_operator' retrieved from /home/airflow/.local/lib/python3.12/site-packages/airflow/example_dags/example_branch_operator.py
[2025-04-21T11:09:51.396+0000] {logging_mixin.py:190} INFO - [2025-04-21T11:09:51.396+0000] {dag.py:3239} INFO - Sync 1 DAGs
[2025-04-21T11:09:51.415+0000] {logging_mixin.py:190} INFO - [2025-04-21T11:09:51.415+0000] {dag.py:4180} INFO - Setting next_dagrun for example_branch_operator to 2025-04-20 00:00:00+00:00, run_after=2025-04-21 00:00:00+00:00
[2025-04-21T11:09:51.429+0000] {processor.py:208} INFO - Processing /home/airflow/.local/lib/python3.12/site-packages/airflow/example_dags/example_branch_operator.py took 0.075 seconds
[2025-04-21T11:10:21.717+0000] {processor.py:186} INFO - Started process (PID=2247) to work on /home/airflow/.local/lib/python3.12/site-packages/airflow/example_dags/example_branch_operator.py
[2025-04-21T11:10:21.717+0000] {processor.py:914} INFO - Processing file /home/airflow/.local/lib/python3.12/site-packages/airflow/example_dags/example_branch_operator.py for tasks to queue
[2025-04-21T11:10:21.719+0000] {logging_mixin.py:190} INFO - [2025-04-21T11:10:21.719+0000] {dagbag.py:588} INFO - Filling up the DagBag from /home/airflow/.local/lib/python3.12/site-packages/airflow/example_dags/example_branch_operator.py
[2025-04-21T11:10:21.731+0000] {processor.py:925} INFO - DAG(s) 'example_branch_operator' retrieved from /home/airflow/.local/lib/python3.12/site-packages/airflow/example_dags/example_branch_operator.py
[2025-04-21T11:10:21.751+0000] {logging_mixin.py:190} INFO - [2025-04-21T11:10:21.751+0000] {dag.py:3239} INFO - Sync 1 DAGs
[2025-04-21T11:10:21.769+0000] {logging_mixin.py:190} INFO - [2025-04-21T11:10:21.769+0000] {dag.py:4180} INFO - Setting next_dagrun for example_branch_operator to 2025-04-20 00:00:00+00:00, run_after=2025-04-21 00:00:00+00:00
[2025-04-21T11:10:21.784+0000] {processor.py:208} INFO - Processing /home/airflow/.local/lib/python3.12/site-packages/airflow/example_dags/example_branch_operator.py took 0.071 seconds
[2025-04-21T11:10:52.417+0000] {processor.py:186} INFO - Started process (PID=2310) to work on /home/airflow/.local/lib/python3.12/site-packages/airflow/example_dags/example_branch_operator.py
[2025-04-21T11:10:52.418+0000] {processor.py:914} INFO - Processing file /home/airflow/.local/lib/python3.12/site-packages/airflow/example_dags/example_branch_operator.py for tasks to queue
[2025-04-21T11:10:52.420+0000] {logging_mixin.py:190} INFO - [2025-04-21T11:10:52.420+0000] {dagbag.py:588} INFO - Filling up the DagBag from /home/airflow/.local/lib/python3.12/site-packages/airflow/example_dags/example_branch_operator.py
[2025-04-21T11:10:52.435+0000] {processor.py:925} INFO - DAG(s) 'example_branch_operator' retrieved from /home/airflow/.local/lib/python3.12/site-packages/airflow/example_dags/example_branch_operator.py
[2025-04-21T11:10:52.458+0000] {logging_mixin.py:190} INFO - [2025-04-21T11:10:52.458+0000] {dag.py:3239} INFO - Sync 1 DAGs
[2025-04-21T11:10:52.480+0000] {logging_mixin.py:190} INFO - [2025-04-21T11:10:52.480+0000] {dag.py:4180} INFO - Setting next_dagrun for example_branch_operator to 2025-04-20 00:00:00+00:00, run_after=2025-04-21 00:00:00+00:00
[2025-04-21T11:10:52.495+0000] {processor.py:208} INFO - Processing /home/airflow/.local/lib/python3.12/site-packages/airflow/example_dags/example_branch_operator.py took 0.081 seconds
[2025-04-21T11:11:23.087+0000] {processor.py:186} INFO - Started process (PID=2373) to work on /home/airflow/.local/lib/python3.12/site-packages/airflow/example_dags/example_branch_operator.py
[2025-04-21T11:11:23.088+0000] {processor.py:914} INFO - Processing file /home/airflow/.local/lib/python3.12/site-packages/airflow/example_dags/example_branch_operator.py for tasks to queue
[2025-04-21T11:11:23.090+0000] {logging_mixin.py:190} INFO - [2025-04-21T11:11:23.089+0000] {dagbag.py:588} INFO - Filling up the DagBag from /home/airflow/.local/lib/python3.12/site-packages/airflow/example_dags/example_branch_operator.py
[2025-04-21T11:11:23.103+0000] {processor.py:925} INFO - DAG(s) 'example_branch_operator' retrieved from /home/airflow/.local/lib/python3.12/site-packages/airflow/example_dags/example_branch_operator.py
[2025-04-21T11:11:23.126+0000] {logging_mixin.py:190} INFO - [2025-04-21T11:11:23.126+0000] {dag.py:3239} INFO - Sync 1 DAGs
[2025-04-21T11:11:23.145+0000] {logging_mixin.py:190} INFO - [2025-04-21T11:11:23.145+0000] {dag.py:4180} INFO - Setting next_dagrun for example_branch_operator to 2025-04-20 00:00:00+00:00, run_after=2025-04-21 00:00:00+00:00
[2025-04-21T11:11:23.161+0000] {processor.py:208} INFO - Processing /home/airflow/.local/lib/python3.12/site-packages/airflow/example_dags/example_branch_operator.py took 0.079 seconds
[2025-04-21T11:11:53.720+0000] {processor.py:186} INFO - Started process (PID=2436) to work on /home/airflow/.local/lib/python3.12/site-packages/airflow/example_dags/example_branch_operator.py
[2025-04-21T11:11:53.721+0000] {processor.py:914} INFO - Processing file /home/airflow/.local/lib/python3.12/site-packages/airflow/example_dags/example_branch_operator.py for tasks to queue
[2025-04-21T11:11:53.723+0000] {logging_mixin.py:190} INFO - [2025-04-21T11:11:53.722+0000] {dagbag.py:588} INFO - Filling up the DagBag from /home/airflow/.local/lib/python3.12/site-packages/airflow/example_dags/example_branch_operator.py
[2025-04-21T11:11:53.737+0000] {processor.py:925} INFO - DAG(s) 'example_branch_operator' retrieved from /home/airflow/.local/lib/python3.12/site-packages/airflow/example_dags/example_branch_operator.py
[2025-04-21T11:11:53.762+0000] {logging_mixin.py:190} INFO - [2025-04-21T11:11:53.762+0000] {dag.py:3239} INFO - Sync 1 DAGs
[2025-04-21T11:11:53.782+0000] {logging_mixin.py:190} INFO - [2025-04-21T11:11:53.781+0000] {dag.py:4180} INFO - Setting next_dagrun for example_branch_operator to 2025-04-20 00:00:00+00:00, run_after=2025-04-21 00:00:00+00:00
[2025-04-21T11:11:53.797+0000] {processor.py:208} INFO - Processing /home/airflow/.local/lib/python3.12/site-packages/airflow/example_dags/example_branch_operator.py took 0.081 seconds
[2025-04-21T11:12:24.588+0000] {processor.py:186} INFO - Started process (PID=2499) to work on /home/airflow/.local/lib/python3.12/site-packages/airflow/example_dags/example_branch_operator.py
[2025-04-21T11:12:24.589+0000] {processor.py:914} INFO - Processing file /home/airflow/.local/lib/python3.12/site-packages/airflow/example_dags/example_branch_operator.py for tasks to queue
[2025-04-21T11:12:24.591+0000] {logging_mixin.py:190} INFO - [2025-04-21T11:12:24.590+0000] {dagbag.py:588} INFO - Filling up the DagBag from /home/airflow/.local/lib/python3.12/site-packages/airflow/example_dags/example_branch_operator.py
[2025-04-21T11:12:24.603+0000] {processor.py:925} INFO - DAG(s) 'example_branch_operator' retrieved from /home/airflow/.local/lib/python3.12/site-packages/airflow/example_dags/example_branch_operator.py
[2025-04-21T11:12:24.626+0000] {logging_mixin.py:190} INFO - [2025-04-21T11:12:24.626+0000] {dag.py:3239} INFO - Sync 1 DAGs
[2025-04-21T11:12:24.647+0000] {logging_mixin.py:190} INFO - [2025-04-21T11:12:24.646+0000] {dag.py:4180} INFO - Setting next_dagrun for example_branch_operator to 2025-04-20 00:00:00+00:00, run_after=2025-04-21 00:00:00+00:00
[2025-04-21T11:12:24.661+0000] {processor.py:208} INFO - Processing /home/airflow/.local/lib/python3.12/site-packages/airflow/example_dags/example_branch_operator.py took 0.077 seconds
[2025-04-21T11:12:54.755+0000] {processor.py:186} INFO - Started process (PID=2562) to work on /home/airflow/.local/lib/python3.12/site-packages/airflow/example_dags/example_branch_operator.py
[2025-04-21T11:12:54.756+0000] {processor.py:914} INFO - Processing file /home/airflow/.local/lib/python3.12/site-packages/airflow/example_dags/example_branch_operator.py for tasks to queue
[2025-04-21T11:12:54.758+0000] {logging_mixin.py:190} INFO - [2025-04-21T11:12:54.758+0000] {dagbag.py:588} INFO - Filling up the DagBag from /home/airflow/.local/lib/python3.12/site-packages/airflow/example_dags/example_branch_operator.py
[2025-04-21T11:12:54.772+0000] {processor.py:925} INFO - DAG(s) 'example_branch_operator' retrieved from /home/airflow/.local/lib/python3.12/site-packages/airflow/example_dags/example_branch_operator.py
[2025-04-21T11:12:54.795+0000] {logging_mixin.py:190} INFO - [2025-04-21T11:12:54.795+0000] {dag.py:3239} INFO - Sync 1 DAGs
[2025-04-21T11:12:54.817+0000] {logging_mixin.py:190} INFO - [2025-04-21T11:12:54.817+0000] {dag.py:4180} INFO - Setting next_dagrun for example_branch_operator to 2025-04-20 00:00:00+00:00, run_after=2025-04-21 00:00:00+00:00
[2025-04-21T11:12:54.833+0000] {processor.py:208} INFO - Processing /home/airflow/.local/lib/python3.12/site-packages/airflow/example_dags/example_branch_operator.py took 0.082 seconds
[2025-04-21T11:13:24.877+0000] {processor.py:186} INFO - Started process (PID=2625) to work on /home/airflow/.local/lib/python3.12/site-packages/airflow/example_dags/example_branch_operator.py
[2025-04-21T11:13:24.878+0000] {processor.py:914} INFO - Processing file /home/airflow/.local/lib/python3.12/site-packages/airflow/example_dags/example_branch_operator.py for tasks to queue
[2025-04-21T11:13:24.880+0000] {logging_mixin.py:190} INFO - [2025-04-21T11:13:24.880+0000] {dagbag.py:588} INFO - Filling up the DagBag from /home/airflow/.local/lib/python3.12/site-packages/airflow/example_dags/example_branch_operator.py
[2025-04-21T11:13:24.892+0000] {processor.py:925} INFO - DAG(s) 'example_branch_operator' retrieved from /home/airflow/.local/lib/python3.12/site-packages/airflow/example_dags/example_branch_operator.py
[2025-04-21T11:13:24.914+0000] {logging_mixin.py:190} INFO - [2025-04-21T11:13:24.914+0000] {dag.py:3239} INFO - Sync 1 DAGs
[2025-04-21T11:13:24.935+0000] {logging_mixin.py:190} INFO - [2025-04-21T11:13:24.935+0000] {dag.py:4180} INFO - Setting next_dagrun for example_branch_operator to 2025-04-20 00:00:00+00:00, run_after=2025-04-21 00:00:00+00:00
[2025-04-21T11:13:24.950+0000] {processor.py:208} INFO - Processing /home/airflow/.local/lib/python3.12/site-packages/airflow/example_dags/example_branch_operator.py took 0.077 seconds
[2025-04-21T11:13:55.004+0000] {processor.py:186} INFO - Started process (PID=2687) to work on /home/airflow/.local/lib/python3.12/site-packages/airflow/example_dags/example_branch_operator.py
[2025-04-21T11:13:55.005+0000] {processor.py:914} INFO - Processing file /home/airflow/.local/lib/python3.12/site-packages/airflow/example_dags/example_branch_operator.py for tasks to queue
[2025-04-21T11:13:55.007+0000] {logging_mixin.py:190} INFO - [2025-04-21T11:13:55.007+0000] {dagbag.py:588} INFO - Filling up the DagBag from /home/airflow/.local/lib/python3.12/site-packages/airflow/example_dags/example_branch_operator.py
[2025-04-21T11:13:55.021+0000] {processor.py:925} INFO - DAG(s) 'example_branch_operator' retrieved from /home/airflow/.local/lib/python3.12/site-packages/airflow/example_dags/example_branch_operator.py
[2025-04-21T11:13:55.043+0000] {logging_mixin.py:190} INFO - [2025-04-21T11:13:55.043+0000] {dag.py:3239} INFO - Sync 1 DAGs
[2025-04-21T11:13:55.064+0000] {logging_mixin.py:190} INFO - [2025-04-21T11:13:55.064+0000] {dag.py:4180} INFO - Setting next_dagrun for example_branch_operator to 2025-04-20 00:00:00+00:00, run_after=2025-04-21 00:00:00+00:00
[2025-04-21T11:13:55.080+0000] {processor.py:208} INFO - Processing /home/airflow/.local/lib/python3.12/site-packages/airflow/example_dags/example_branch_operator.py took 0.080 seconds
[2025-04-21T11:14:25.160+0000] {processor.py:186} INFO - Started process (PID=2750) to work on /home/airflow/.local/lib/python3.12/site-packages/airflow/example_dags/example_branch_operator.py
[2025-04-21T11:14:25.161+0000] {processor.py:914} INFO - Processing file /home/airflow/.local/lib/python3.12/site-packages/airflow/example_dags/example_branch_operator.py for tasks to queue
[2025-04-21T11:14:25.163+0000] {logging_mixin.py:190} INFO - [2025-04-21T11:14:25.163+0000] {dagbag.py:588} INFO - Filling up the DagBag from /home/airflow/.local/lib/python3.12/site-packages/airflow/example_dags/example_branch_operator.py
[2025-04-21T11:14:25.177+0000] {processor.py:925} INFO - DAG(s) 'example_branch_operator' retrieved from /home/airflow/.local/lib/python3.12/site-packages/airflow/example_dags/example_branch_operator.py
[2025-04-21T11:14:25.199+0000] {logging_mixin.py:190} INFO - [2025-04-21T11:14:25.199+0000] {dag.py:3239} INFO - Sync 1 DAGs
[2025-04-21T11:14:25.219+0000] {logging_mixin.py:190} INFO - [2025-04-21T11:14:25.219+0000] {dag.py:4180} INFO - Setting next_dagrun for example_branch_operator to 2025-04-20 00:00:00+00:00, run_after=2025-04-21 00:00:00+00:00
[2025-04-21T11:14:25.235+0000] {processor.py:208} INFO - Processing /home/airflow/.local/lib/python3.12/site-packages/airflow/example_dags/example_branch_operator.py took 0.080 seconds
[2025-04-21T11:14:55.683+0000] {processor.py:186} INFO - Started process (PID=2813) to work on /home/airflow/.local/lib/python3.12/site-packages/airflow/example_dags/example_branch_operator.py
[2025-04-21T11:14:55.684+0000] {processor.py:914} INFO - Processing file /home/airflow/.local/lib/python3.12/site-packages/airflow/example_dags/example_branch_operator.py for tasks to queue
[2025-04-21T11:14:55.686+0000] {logging_mixin.py:190} INFO - [2025-04-21T11:14:55.686+0000] {dagbag.py:588} INFO - Filling up the DagBag from /home/airflow/.local/lib/python3.12/site-packages/airflow/example_dags/example_branch_operator.py
[2025-04-21T11:14:55.699+0000] {processor.py:925} INFO - DAG(s) 'example_branch_operator' retrieved from /home/airflow/.local/lib/python3.12/site-packages/airflow/example_dags/example_branch_operator.py
[2025-04-21T11:14:55.727+0000] {logging_mixin.py:190} INFO - [2025-04-21T11:14:55.726+0000] {dag.py:3239} INFO - Sync 1 DAGs
[2025-04-21T11:14:55.747+0000] {logging_mixin.py:190} INFO - [2025-04-21T11:14:55.747+0000] {dag.py:4180} INFO - Setting next_dagrun for example_branch_operator to 2025-04-20 00:00:00+00:00, run_after=2025-04-21 00:00:00+00:00
[2025-04-21T11:14:55.763+0000] {processor.py:208} INFO - Processing /home/airflow/.local/lib/python3.12/site-packages/airflow/example_dags/example_branch_operator.py took 0.085 seconds
[2025-04-21T11:15:26.206+0000] {processor.py:186} INFO - Started process (PID=2876) to work on /home/airflow/.local/lib/python3.12/site-packages/airflow/example_dags/example_branch_operator.py
[2025-04-21T11:15:26.206+0000] {processor.py:914} INFO - Processing file /home/airflow/.local/lib/python3.12/site-packages/airflow/example_dags/example_branch_operator.py for tasks to queue
[2025-04-21T11:15:26.209+0000] {logging_mixin.py:190} INFO - [2025-04-21T11:15:26.208+0000] {dagbag.py:588} INFO - Filling up the DagBag from /home/airflow/.local/lib/python3.12/site-packages/airflow/example_dags/example_branch_operator.py
[2025-04-21T11:15:26.223+0000] {processor.py:925} INFO - DAG(s) 'example_branch_operator' retrieved from /home/airflow/.local/lib/python3.12/site-packages/airflow/example_dags/example_branch_operator.py
[2025-04-21T11:15:26.246+0000] {logging_mixin.py:190} INFO - [2025-04-21T11:15:26.245+0000] {dag.py:3239} INFO - Sync 1 DAGs
[2025-04-21T11:15:26.268+0000] {logging_mixin.py:190} INFO - [2025-04-21T11:15:26.268+0000] {dag.py:4180} INFO - Setting next_dagrun for example_branch_operator to 2025-04-20 00:00:00+00:00, run_after=2025-04-21 00:00:00+00:00
[2025-04-21T11:15:26.284+0000] {processor.py:208} INFO - Processing /home/airflow/.local/lib/python3.12/site-packages/airflow/example_dags/example_branch_operator.py took 0.083 seconds
[2025-04-21T11:15:56.721+0000] {processor.py:186} INFO - Started process (PID=2939) to work on /home/airflow/.local/lib/python3.12/site-packages/airflow/example_dags/example_branch_operator.py
[2025-04-21T11:15:56.722+0000] {processor.py:914} INFO - Processing file /home/airflow/.local/lib/python3.12/site-packages/airflow/example_dags/example_branch_operator.py for tasks to queue
[2025-04-21T11:15:56.724+0000] {logging_mixin.py:190} INFO - [2025-04-21T11:15:56.724+0000] {dagbag.py:588} INFO - Filling up the DagBag from /home/airflow/.local/lib/python3.12/site-packages/airflow/example_dags/example_branch_operator.py
[2025-04-21T11:15:56.736+0000] {processor.py:925} INFO - DAG(s) 'example_branch_operator' retrieved from /home/airflow/.local/lib/python3.12/site-packages/airflow/example_dags/example_branch_operator.py
[2025-04-21T11:15:56.755+0000] {logging_mixin.py:190} INFO - [2025-04-21T11:15:56.755+0000] {dag.py:3239} INFO - Sync 1 DAGs
[2025-04-21T11:15:56.773+0000] {logging_mixin.py:190} INFO - [2025-04-21T11:15:56.773+0000] {dag.py:4180} INFO - Setting next_dagrun for example_branch_operator to 2025-04-20 00:00:00+00:00, run_after=2025-04-21 00:00:00+00:00
[2025-04-21T11:15:56.787+0000] {processor.py:208} INFO - Processing /home/airflow/.local/lib/python3.12/site-packages/airflow/example_dags/example_branch_operator.py took 0.069 seconds
[2025-04-21T11:16:26.852+0000] {processor.py:186} INFO - Started process (PID=3002) to work on /home/airflow/.local/lib/python3.12/site-packages/airflow/example_dags/example_branch_operator.py
[2025-04-21T11:16:26.852+0000] {processor.py:914} INFO - Processing file /home/airflow/.local/lib/python3.12/site-packages/airflow/example_dags/example_branch_operator.py for tasks to queue
[2025-04-21T11:16:26.855+0000] {logging_mixin.py:190} INFO - [2025-04-21T11:16:26.854+0000] {dagbag.py:588} INFO - Filling up the DagBag from /home/airflow/.local/lib/python3.12/site-packages/airflow/example_dags/example_branch_operator.py
[2025-04-21T11:16:26.866+0000] {processor.py:925} INFO - DAG(s) 'example_branch_operator' retrieved from /home/airflow/.local/lib/python3.12/site-packages/airflow/example_dags/example_branch_operator.py
[2025-04-21T11:16:26.886+0000] {logging_mixin.py:190} INFO - [2025-04-21T11:16:26.886+0000] {dag.py:3239} INFO - Sync 1 DAGs
[2025-04-21T11:16:26.904+0000] {logging_mixin.py:190} INFO - [2025-04-21T11:16:26.904+0000] {dag.py:4180} INFO - Setting next_dagrun for example_branch_operator to 2025-04-20 00:00:00+00:00, run_after=2025-04-21 00:00:00+00:00
[2025-04-21T11:16:26.918+0000] {processor.py:208} INFO - Processing /home/airflow/.local/lib/python3.12/site-packages/airflow/example_dags/example_branch_operator.py took 0.070 seconds
[2025-04-21T11:16:57.106+0000] {processor.py:186} INFO - Started process (PID=3065) to work on /home/airflow/.local/lib/python3.12/site-packages/airflow/example_dags/example_branch_operator.py
[2025-04-21T11:16:57.107+0000] {processor.py:914} INFO - Processing file /home/airflow/.local/lib/python3.12/site-packages/airflow/example_dags/example_branch_operator.py for tasks to queue
[2025-04-21T11:16:57.109+0000] {logging_mixin.py:190} INFO - [2025-04-21T11:16:57.109+0000] {dagbag.py:588} INFO - Filling up the DagBag from /home/airflow/.local/lib/python3.12/site-packages/airflow/example_dags/example_branch_operator.py
[2025-04-21T11:16:57.121+0000] {processor.py:925} INFO - DAG(s) 'example_branch_operator' retrieved from /home/airflow/.local/lib/python3.12/site-packages/airflow/example_dags/example_branch_operator.py
[2025-04-21T11:16:57.144+0000] {logging_mixin.py:190} INFO - [2025-04-21T11:16:57.144+0000] {dag.py:3239} INFO - Sync 1 DAGs
[2025-04-21T11:16:57.162+0000] {logging_mixin.py:190} INFO - [2025-04-21T11:16:57.162+0000] {dag.py:4180} INFO - Setting next_dagrun for example_branch_operator to 2025-04-20 00:00:00+00:00, run_after=2025-04-21 00:00:00+00:00
[2025-04-21T11:16:57.178+0000] {processor.py:208} INFO - Processing /home/airflow/.local/lib/python3.12/site-packages/airflow/example_dags/example_branch_operator.py took 0.075 seconds
[2025-04-21T11:17:27.670+0000] {processor.py:186} INFO - Started process (PID=3128) to work on /home/airflow/.local/lib/python3.12/site-packages/airflow/example_dags/example_branch_operator.py
[2025-04-21T11:17:27.671+0000] {processor.py:914} INFO - Processing file /home/airflow/.local/lib/python3.12/site-packages/airflow/example_dags/example_branch_operator.py for tasks to queue
[2025-04-21T11:17:27.673+0000] {logging_mixin.py:190} INFO - [2025-04-21T11:17:27.673+0000] {dagbag.py:588} INFO - Filling up the DagBag from /home/airflow/.local/lib/python3.12/site-packages/airflow/example_dags/example_branch_operator.py
[2025-04-21T11:17:27.686+0000] {processor.py:925} INFO - DAG(s) 'example_branch_operator' retrieved from /home/airflow/.local/lib/python3.12/site-packages/airflow/example_dags/example_branch_operator.py
[2025-04-21T11:17:27.707+0000] {logging_mixin.py:190} INFO - [2025-04-21T11:17:27.706+0000] {dag.py:3239} INFO - Sync 1 DAGs
[2025-04-21T11:17:27.727+0000] {logging_mixin.py:190} INFO - [2025-04-21T11:17:27.727+0000] {dag.py:4180} INFO - Setting next_dagrun for example_branch_operator to 2025-04-20 00:00:00+00:00, run_after=2025-04-21 00:00:00+00:00
[2025-04-21T11:17:27.747+0000] {processor.py:208} INFO - Processing /home/airflow/.local/lib/python3.12/site-packages/airflow/example_dags/example_branch_operator.py took 0.081 seconds
[2025-04-21T11:17:58.331+0000] {processor.py:186} INFO - Started process (PID=3191) to work on /home/airflow/.local/lib/python3.12/site-packages/airflow/example_dags/example_branch_operator.py
[2025-04-21T11:17:58.332+0000] {processor.py:914} INFO - Processing file /home/airflow/.local/lib/python3.12/site-packages/airflow/example_dags/example_branch_operator.py for tasks to queue
[2025-04-21T11:17:58.334+0000] {logging_mixin.py:190} INFO - [2025-04-21T11:17:58.334+0000] {dagbag.py:588} INFO - Filling up the DagBag from /home/airflow/.local/lib/python3.12/site-packages/airflow/example_dags/example_branch_operator.py
[2025-04-21T11:17:58.347+0000] {processor.py:925} INFO - DAG(s) 'example_branch_operator' retrieved from /home/airflow/.local/lib/python3.12/site-packages/airflow/example_dags/example_branch_operator.py
[2025-04-21T11:17:58.368+0000] {logging_mixin.py:190} INFO - [2025-04-21T11:17:58.368+0000] {dag.py:3239} INFO - Sync 1 DAGs
[2025-04-21T11:17:58.387+0000] {logging_mixin.py:190} INFO - [2025-04-21T11:17:58.387+0000] {dag.py:4180} INFO - Setting next_dagrun for example_branch_operator to 2025-04-20 00:00:00+00:00, run_after=2025-04-21 00:00:00+00:00
[2025-04-21T11:17:58.401+0000] {processor.py:208} INFO - Processing /home/airflow/.local/lib/python3.12/site-packages/airflow/example_dags/example_branch_operator.py took 0.073 seconds
[2025-04-21T11:18:28.858+0000] {processor.py:186} INFO - Started process (PID=3254) to work on /home/airflow/.local/lib/python3.12/site-packages/airflow/example_dags/example_branch_operator.py
[2025-04-21T11:18:28.859+0000] {processor.py:914} INFO - Processing file /home/airflow/.local/lib/python3.12/site-packages/airflow/example_dags/example_branch_operator.py for tasks to queue
[2025-04-21T11:18:28.861+0000] {logging_mixin.py:190} INFO - [2025-04-21T11:18:28.861+0000] {dagbag.py:588} INFO - Filling up the DagBag from /home/airflow/.local/lib/python3.12/site-packages/airflow/example_dags/example_branch_operator.py
[2025-04-21T11:18:28.875+0000] {processor.py:925} INFO - DAG(s) 'example_branch_operator' retrieved from /home/airflow/.local/lib/python3.12/site-packages/airflow/example_dags/example_branch_operator.py
[2025-04-21T11:18:28.898+0000] {logging_mixin.py:190} INFO - [2025-04-21T11:18:28.898+0000] {dag.py:3239} INFO - Sync 1 DAGs
[2025-04-21T11:18:28.917+0000] {logging_mixin.py:190} INFO - [2025-04-21T11:18:28.917+0000] {dag.py:4180} INFO - Setting next_dagrun for example_branch_operator to 2025-04-20 00:00:00+00:00, run_after=2025-04-21 00:00:00+00:00
[2025-04-21T11:18:28.931+0000] {processor.py:208} INFO - Processing /home/airflow/.local/lib/python3.12/site-packages/airflow/example_dags/example_branch_operator.py took 0.077 seconds
[2025-04-21T11:18:59.430+0000] {processor.py:186} INFO - Started process (PID=3317) to work on /home/airflow/.local/lib/python3.12/site-packages/airflow/example_dags/example_branch_operator.py
[2025-04-21T11:18:59.431+0000] {processor.py:914} INFO - Processing file /home/airflow/.local/lib/python3.12/site-packages/airflow/example_dags/example_branch_operator.py for tasks to queue
[2025-04-21T11:18:59.432+0000] {logging_mixin.py:190} INFO - [2025-04-21T11:18:59.432+0000] {dagbag.py:588} INFO - Filling up the DagBag from /home/airflow/.local/lib/python3.12/site-packages/airflow/example_dags/example_branch_operator.py
[2025-04-21T11:18:59.445+0000] {processor.py:925} INFO - DAG(s) 'example_branch_operator' retrieved from /home/airflow/.local/lib/python3.12/site-packages/airflow/example_dags/example_branch_operator.py
[2025-04-21T11:18:59.466+0000] {logging_mixin.py:190} INFO - [2025-04-21T11:18:59.465+0000] {dag.py:3239} INFO - Sync 1 DAGs
[2025-04-21T11:18:59.486+0000] {logging_mixin.py:190} INFO - [2025-04-21T11:18:59.486+0000] {dag.py:4180} INFO - Setting next_dagrun for example_branch_operator to 2025-04-20 00:00:00+00:00, run_after=2025-04-21 00:00:00+00:00
[2025-04-21T11:18:59.501+0000] {processor.py:208} INFO - Processing /home/airflow/.local/lib/python3.12/site-packages/airflow/example_dags/example_branch_operator.py took 0.075 seconds
[2025-04-21T11:19:29.686+0000] {processor.py:186} INFO - Started process (PID=3380) to work on /home/airflow/.local/lib/python3.12/site-packages/airflow/example_dags/example_branch_operator.py
[2025-04-21T11:19:29.687+0000] {processor.py:914} INFO - Processing file /home/airflow/.local/lib/python3.12/site-packages/airflow/example_dags/example_branch_operator.py for tasks to queue
[2025-04-21T11:19:29.689+0000] {logging_mixin.py:190} INFO - [2025-04-21T11:19:29.689+0000] {dagbag.py:588} INFO - Filling up the DagBag from /home/airflow/.local/lib/python3.12/site-packages/airflow/example_dags/example_branch_operator.py
[2025-04-21T11:19:29.701+0000] {processor.py:925} INFO - DAG(s) 'example_branch_operator' retrieved from /home/airflow/.local/lib/python3.12/site-packages/airflow/example_dags/example_branch_operator.py
[2025-04-21T11:19:29.724+0000] {logging_mixin.py:190} INFO - [2025-04-21T11:19:29.724+0000] {dag.py:3239} INFO - Sync 1 DAGs
[2025-04-21T11:19:29.743+0000] {logging_mixin.py:190} INFO - [2025-04-21T11:19:29.743+0000] {dag.py:4180} INFO - Setting next_dagrun for example_branch_operator to 2025-04-20 00:00:00+00:00, run_after=2025-04-21 00:00:00+00:00
[2025-04-21T11:19:29.758+0000] {processor.py:208} INFO - Processing /home/airflow/.local/lib/python3.12/site-packages/airflow/example_dags/example_branch_operator.py took 0.076 seconds
[2025-04-21T11:20:00.098+0000] {processor.py:186} INFO - Started process (PID=3443) to work on /home/airflow/.local/lib/python3.12/site-packages/airflow/example_dags/example_branch_operator.py
[2025-04-21T11:20:00.099+0000] {processor.py:914} INFO - Processing file /home/airflow/.local/lib/python3.12/site-packages/airflow/example_dags/example_branch_operator.py for tasks to queue
[2025-04-21T11:20:00.101+0000] {logging_mixin.py:190} INFO - [2025-04-21T11:20:00.101+0000] {dagbag.py:588} INFO - Filling up the DagBag from /home/airflow/.local/lib/python3.12/site-packages/airflow/example_dags/example_branch_operator.py
[2025-04-21T11:20:00.113+0000] {processor.py:925} INFO - DAG(s) 'example_branch_operator' retrieved from /home/airflow/.local/lib/python3.12/site-packages/airflow/example_dags/example_branch_operator.py
[2025-04-21T11:20:00.137+0000] {logging_mixin.py:190} INFO - [2025-04-21T11:20:00.137+0000] {dag.py:3239} INFO - Sync 1 DAGs
[2025-04-21T11:20:00.155+0000] {logging_mixin.py:190} INFO - [2025-04-21T11:20:00.155+0000] {dag.py:4180} INFO - Setting next_dagrun for example_branch_operator to 2025-04-20 00:00:00+00:00, run_after=2025-04-21 00:00:00+00:00
[2025-04-21T11:20:00.171+0000] {processor.py:208} INFO - Processing /home/airflow/.local/lib/python3.12/site-packages/airflow/example_dags/example_branch_operator.py took 0.076 seconds
[2025-04-21T11:20:30.249+0000] {processor.py:186} INFO - Started process (PID=3506) to work on /home/airflow/.local/lib/python3.12/site-packages/airflow/example_dags/example_branch_operator.py
[2025-04-21T11:20:30.249+0000] {processor.py:914} INFO - Processing file /home/airflow/.local/lib/python3.12/site-packages/airflow/example_dags/example_branch_operator.py for tasks to queue
[2025-04-21T11:20:30.251+0000] {logging_mixin.py:190} INFO - [2025-04-21T11:20:30.251+0000] {dagbag.py:588} INFO - Filling up the DagBag from /home/airflow/.local/lib/python3.12/site-packages/airflow/example_dags/example_branch_operator.py
[2025-04-21T11:20:30.263+0000] {processor.py:925} INFO - DAG(s) 'example_branch_operator' retrieved from /home/airflow/.local/lib/python3.12/site-packages/airflow/example_dags/example_branch_operator.py
[2025-04-21T11:20:30.286+0000] {logging_mixin.py:190} INFO - [2025-04-21T11:20:30.286+0000] {dag.py:3239} INFO - Sync 1 DAGs
[2025-04-21T11:20:30.307+0000] {logging_mixin.py:190} INFO - [2025-04-21T11:20:30.307+0000] {dag.py:4180} INFO - Setting next_dagrun for example_branch_operator to 2025-04-20 00:00:00+00:00, run_after=2025-04-21 00:00:00+00:00
[2025-04-21T11:20:30.323+0000] {processor.py:208} INFO - Processing /home/airflow/.local/lib/python3.12/site-packages/airflow/example_dags/example_branch_operator.py took 0.078 seconds
[2025-04-21T11:21:00.915+0000] {processor.py:186} INFO - Started process (PID=3569) to work on /home/airflow/.local/lib/python3.12/site-packages/airflow/example_dags/example_branch_operator.py
[2025-04-21T11:21:00.915+0000] {processor.py:914} INFO - Processing file /home/airflow/.local/lib/python3.12/site-packages/airflow/example_dags/example_branch_operator.py for tasks to queue
[2025-04-21T11:21:00.917+0000] {logging_mixin.py:190} INFO - [2025-04-21T11:21:00.917+0000] {dagbag.py:588} INFO - Filling up the DagBag from /home/airflow/.local/lib/python3.12/site-packages/airflow/example_dags/example_branch_operator.py
[2025-04-21T11:21:00.930+0000] {processor.py:925} INFO - DAG(s) 'example_branch_operator' retrieved from /home/airflow/.local/lib/python3.12/site-packages/airflow/example_dags/example_branch_operator.py
[2025-04-21T11:21:00.954+0000] {logging_mixin.py:190} INFO - [2025-04-21T11:21:00.953+0000] {dag.py:3239} INFO - Sync 1 DAGs
[2025-04-21T11:21:00.975+0000] {logging_mixin.py:190} INFO - [2025-04-21T11:21:00.975+0000] {dag.py:4180} INFO - Setting next_dagrun for example_branch_operator to 2025-04-20 00:00:00+00:00, run_after=2025-04-21 00:00:00+00:00
[2025-04-21T11:21:00.991+0000] {processor.py:208} INFO - Processing /home/airflow/.local/lib/python3.12/site-packages/airflow/example_dags/example_branch_operator.py took 0.080 seconds
[2025-04-21T11:21:31.171+0000] {processor.py:186} INFO - Started process (PID=3632) to work on /home/airflow/.local/lib/python3.12/site-packages/airflow/example_dags/example_branch_operator.py
[2025-04-21T11:21:31.172+0000] {processor.py:914} INFO - Processing file /home/airflow/.local/lib/python3.12/site-packages/airflow/example_dags/example_branch_operator.py for tasks to queue
[2025-04-21T11:21:31.175+0000] {logging_mixin.py:190} INFO - [2025-04-21T11:21:31.175+0000] {dagbag.py:588} INFO - Filling up the DagBag from /home/airflow/.local/lib/python3.12/site-packages/airflow/example_dags/example_branch_operator.py
[2025-04-21T11:21:31.187+0000] {processor.py:925} INFO - DAG(s) 'example_branch_operator' retrieved from /home/airflow/.local/lib/python3.12/site-packages/airflow/example_dags/example_branch_operator.py
[2025-04-21T11:21:31.207+0000] {logging_mixin.py:190} INFO - [2025-04-21T11:21:31.207+0000] {dag.py:3239} INFO - Sync 1 DAGs
[2025-04-21T11:21:31.225+0000] {logging_mixin.py:190} INFO - [2025-04-21T11:21:31.225+0000] {dag.py:4180} INFO - Setting next_dagrun for example_branch_operator to 2025-04-20 00:00:00+00:00, run_after=2025-04-21 00:00:00+00:00
[2025-04-21T11:21:31.240+0000] {processor.py:208} INFO - Processing /home/airflow/.local/lib/python3.12/site-packages/airflow/example_dags/example_branch_operator.py took 0.072 seconds
[2025-04-21T11:22:01.725+0000] {processor.py:186} INFO - Started process (PID=3695) to work on /home/airflow/.local/lib/python3.12/site-packages/airflow/example_dags/example_branch_operator.py
[2025-04-21T11:22:01.726+0000] {processor.py:914} INFO - Processing file /home/airflow/.local/lib/python3.12/site-packages/airflow/example_dags/example_branch_operator.py for tasks to queue
[2025-04-21T11:22:01.728+0000] {logging_mixin.py:190} INFO - [2025-04-21T11:22:01.727+0000] {dagbag.py:588} INFO - Filling up the DagBag from /home/airflow/.local/lib/python3.12/site-packages/airflow/example_dags/example_branch_operator.py
[2025-04-21T11:22:01.741+0000] {processor.py:925} INFO - DAG(s) 'example_branch_operator' retrieved from /home/airflow/.local/lib/python3.12/site-packages/airflow/example_dags/example_branch_operator.py
[2025-04-21T11:22:01.762+0000] {logging_mixin.py:190} INFO - [2025-04-21T11:22:01.762+0000] {dag.py:3239} INFO - Sync 1 DAGs
[2025-04-21T11:22:01.782+0000] {logging_mixin.py:190} INFO - [2025-04-21T11:22:01.782+0000] {dag.py:4180} INFO - Setting next_dagrun for example_branch_operator to 2025-04-20 00:00:00+00:00, run_after=2025-04-21 00:00:00+00:00
[2025-04-21T11:22:01.798+0000] {processor.py:208} INFO - Processing /home/airflow/.local/lib/python3.12/site-packages/airflow/example_dags/example_branch_operator.py took 0.077 seconds
[2025-04-21T11:22:31.983+0000] {processor.py:186} INFO - Started process (PID=3758) to work on /home/airflow/.local/lib/python3.12/site-packages/airflow/example_dags/example_branch_operator.py
[2025-04-21T11:22:31.984+0000] {processor.py:914} INFO - Processing file /home/airflow/.local/lib/python3.12/site-packages/airflow/example_dags/example_branch_operator.py for tasks to queue
[2025-04-21T11:22:31.986+0000] {logging_mixin.py:190} INFO - [2025-04-21T11:22:31.986+0000] {dagbag.py:588} INFO - Filling up the DagBag from /home/airflow/.local/lib/python3.12/site-packages/airflow/example_dags/example_branch_operator.py
[2025-04-21T11:22:32.000+0000] {processor.py:925} INFO - DAG(s) 'example_branch_operator' retrieved from /home/airflow/.local/lib/python3.12/site-packages/airflow/example_dags/example_branch_operator.py
[2025-04-21T11:22:32.025+0000] {logging_mixin.py:190} INFO - [2025-04-21T11:22:32.025+0000] {dag.py:3239} INFO - Sync 1 DAGs
[2025-04-21T11:22:32.046+0000] {logging_mixin.py:190} INFO - [2025-04-21T11:22:32.046+0000] {dag.py:4180} INFO - Setting next_dagrun for example_branch_operator to 2025-04-20 00:00:00+00:00, run_after=2025-04-21 00:00:00+00:00
[2025-04-21T11:22:32.065+0000] {processor.py:208} INFO - Processing /home/airflow/.local/lib/python3.12/site-packages/airflow/example_dags/example_branch_operator.py took 0.087 seconds
[2025-04-21T11:23:03.496+0000] {processor.py:186} INFO - Started process (PID=3821) to work on /home/airflow/.local/lib/python3.12/site-packages/airflow/example_dags/example_branch_operator.py
[2025-04-21T11:23:03.497+0000] {processor.py:914} INFO - Processing file /home/airflow/.local/lib/python3.12/site-packages/airflow/example_dags/example_branch_operator.py for tasks to queue
[2025-04-21T11:23:03.499+0000] {logging_mixin.py:190} INFO - [2025-04-21T11:23:03.499+0000] {dagbag.py:588} INFO - Filling up the DagBag from /home/airflow/.local/lib/python3.12/site-packages/airflow/example_dags/example_branch_operator.py
[2025-04-21T11:23:03.513+0000] {processor.py:925} INFO - DAG(s) 'example_branch_operator' retrieved from /home/airflow/.local/lib/python3.12/site-packages/airflow/example_dags/example_branch_operator.py
[2025-04-21T11:23:03.535+0000] {logging_mixin.py:190} INFO - [2025-04-21T11:23:03.534+0000] {dag.py:3239} INFO - Sync 1 DAGs
[2025-04-21T11:23:03.560+0000] {logging_mixin.py:190} INFO - [2025-04-21T11:23:03.560+0000] {dag.py:4180} INFO - Setting next_dagrun for example_branch_operator to 2025-04-20 00:00:00+00:00, run_after=2025-04-21 00:00:00+00:00
[2025-04-21T11:23:03.575+0000] {processor.py:208} INFO - Processing /home/airflow/.local/lib/python3.12/site-packages/airflow/example_dags/example_branch_operator.py took 0.083 seconds
[2025-04-21T11:23:36.177+0000] {processor.py:186} INFO - Started process (PID=3884) to work on /home/airflow/.local/lib/python3.12/site-packages/airflow/example_dags/example_branch_operator.py
[2025-04-21T11:23:36.178+0000] {processor.py:914} INFO - Processing file /home/airflow/.local/lib/python3.12/site-packages/airflow/example_dags/example_branch_operator.py for tasks to queue
[2025-04-21T11:23:36.180+0000] {logging_mixin.py:190} INFO - [2025-04-21T11:23:36.180+0000] {dagbag.py:588} INFO - Filling up the DagBag from /home/airflow/.local/lib/python3.12/site-packages/airflow/example_dags/example_branch_operator.py
[2025-04-21T11:23:36.367+0000] {processor.py:925} INFO - DAG(s) 'example_branch_operator' retrieved from /home/airflow/.local/lib/python3.12/site-packages/airflow/example_dags/example_branch_operator.py
[2025-04-21T11:23:36.387+0000] {logging_mixin.py:190} INFO - [2025-04-21T11:23:36.387+0000] {dag.py:3239} INFO - Sync 1 DAGs
[2025-04-21T11:23:36.407+0000] {logging_mixin.py:190} INFO - [2025-04-21T11:23:36.407+0000] {dag.py:4180} INFO - Setting next_dagrun for example_branch_operator to 2025-04-20 00:00:00+00:00, run_after=2025-04-21 00:00:00+00:00
[2025-04-21T11:23:36.425+0000] {processor.py:208} INFO - Processing /home/airflow/.local/lib/python3.12/site-packages/airflow/example_dags/example_branch_operator.py took 0.253 seconds
[2025-04-21T11:24:06.497+0000] {processor.py:186} INFO - Started process (PID=3952) to work on /home/airflow/.local/lib/python3.12/site-packages/airflow/example_dags/example_branch_operator.py
[2025-04-21T11:24:06.497+0000] {processor.py:914} INFO - Processing file /home/airflow/.local/lib/python3.12/site-packages/airflow/example_dags/example_branch_operator.py for tasks to queue
[2025-04-21T11:24:06.499+0000] {logging_mixin.py:190} INFO - [2025-04-21T11:24:06.499+0000] {dagbag.py:588} INFO - Filling up the DagBag from /home/airflow/.local/lib/python3.12/site-packages/airflow/example_dags/example_branch_operator.py
[2025-04-21T11:24:06.512+0000] {processor.py:925} INFO - DAG(s) 'example_branch_operator' retrieved from /home/airflow/.local/lib/python3.12/site-packages/airflow/example_dags/example_branch_operator.py
[2025-04-21T11:24:06.535+0000] {logging_mixin.py:190} INFO - [2025-04-21T11:24:06.535+0000] {dag.py:3239} INFO - Sync 1 DAGs
[2025-04-21T11:24:06.558+0000] {logging_mixin.py:190} INFO - [2025-04-21T11:24:06.557+0000] {dag.py:4180} INFO - Setting next_dagrun for example_branch_operator to 2025-04-20 00:00:00+00:00, run_after=2025-04-21 00:00:00+00:00
[2025-04-21T11:24:06.574+0000] {processor.py:208} INFO - Processing /home/airflow/.local/lib/python3.12/site-packages/airflow/example_dags/example_branch_operator.py took 0.082 seconds
[2025-04-21T11:24:37.111+0000] {processor.py:186} INFO - Started process (PID=4015) to work on /home/airflow/.local/lib/python3.12/site-packages/airflow/example_dags/example_branch_operator.py
[2025-04-21T11:24:37.112+0000] {processor.py:914} INFO - Processing file /home/airflow/.local/lib/python3.12/site-packages/airflow/example_dags/example_branch_operator.py for tasks to queue
[2025-04-21T11:24:37.114+0000] {logging_mixin.py:190} INFO - [2025-04-21T11:24:37.114+0000] {dagbag.py:588} INFO - Filling up the DagBag from /home/airflow/.local/lib/python3.12/site-packages/airflow/example_dags/example_branch_operator.py
[2025-04-21T11:24:37.128+0000] {processor.py:925} INFO - DAG(s) 'example_branch_operator' retrieved from /home/airflow/.local/lib/python3.12/site-packages/airflow/example_dags/example_branch_operator.py
[2025-04-21T11:24:37.150+0000] {logging_mixin.py:190} INFO - [2025-04-21T11:24:37.150+0000] {dag.py:3239} INFO - Sync 1 DAGs
[2025-04-21T11:24:37.172+0000] {logging_mixin.py:190} INFO - [2025-04-21T11:24:37.172+0000] {dag.py:4180} INFO - Setting next_dagrun for example_branch_operator to 2025-04-20 00:00:00+00:00, run_after=2025-04-21 00:00:00+00:00
[2025-04-21T11:24:37.190+0000] {processor.py:208} INFO - Processing /home/airflow/.local/lib/python3.12/site-packages/airflow/example_dags/example_branch_operator.py took 0.083 seconds
[2025-04-21T11:25:07.527+0000] {processor.py:186} INFO - Started process (PID=4078) to work on /home/airflow/.local/lib/python3.12/site-packages/airflow/example_dags/example_branch_operator.py
[2025-04-21T11:25:07.527+0000] {processor.py:914} INFO - Processing file /home/airflow/.local/lib/python3.12/site-packages/airflow/example_dags/example_branch_operator.py for tasks to queue
[2025-04-21T11:25:07.529+0000] {logging_mixin.py:190} INFO - [2025-04-21T11:25:07.529+0000] {dagbag.py:588} INFO - Filling up the DagBag from /home/airflow/.local/lib/python3.12/site-packages/airflow/example_dags/example_branch_operator.py
[2025-04-21T11:25:07.542+0000] {processor.py:925} INFO - DAG(s) 'example_branch_operator' retrieved from /home/airflow/.local/lib/python3.12/site-packages/airflow/example_dags/example_branch_operator.py
[2025-04-21T11:25:07.564+0000] {logging_mixin.py:190} INFO - [2025-04-21T11:25:07.563+0000] {dag.py:3239} INFO - Sync 1 DAGs
[2025-04-21T11:25:07.585+0000] {logging_mixin.py:190} INFO - [2025-04-21T11:25:07.585+0000] {dag.py:4180} INFO - Setting next_dagrun for example_branch_operator to 2025-04-20 00:00:00+00:00, run_after=2025-04-21 00:00:00+00:00
[2025-04-21T11:25:07.604+0000] {processor.py:208} INFO - Processing /home/airflow/.local/lib/python3.12/site-packages/airflow/example_dags/example_branch_operator.py took 0.081 seconds
[2025-04-21T11:25:38.228+0000] {processor.py:186} INFO - Started process (PID=4141) to work on /home/airflow/.local/lib/python3.12/site-packages/airflow/example_dags/example_branch_operator.py
[2025-04-21T11:25:38.229+0000] {processor.py:914} INFO - Processing file /home/airflow/.local/lib/python3.12/site-packages/airflow/example_dags/example_branch_operator.py for tasks to queue
[2025-04-21T11:25:38.231+0000] {logging_mixin.py:190} INFO - [2025-04-21T11:25:38.230+0000] {dagbag.py:588} INFO - Filling up the DagBag from /home/airflow/.local/lib/python3.12/site-packages/airflow/example_dags/example_branch_operator.py
[2025-04-21T11:25:38.243+0000] {processor.py:925} INFO - DAG(s) 'example_branch_operator' retrieved from /home/airflow/.local/lib/python3.12/site-packages/airflow/example_dags/example_branch_operator.py
[2025-04-21T11:25:38.264+0000] {logging_mixin.py:190} INFO - [2025-04-21T11:25:38.264+0000] {dag.py:3239} INFO - Sync 1 DAGs
[2025-04-21T11:25:38.283+0000] {logging_mixin.py:190} INFO - [2025-04-21T11:25:38.283+0000] {dag.py:4180} INFO - Setting next_dagrun for example_branch_operator to 2025-04-20 00:00:00+00:00, run_after=2025-04-21 00:00:00+00:00
[2025-04-21T11:25:38.300+0000] {processor.py:208} INFO - Processing /home/airflow/.local/lib/python3.12/site-packages/airflow/example_dags/example_branch_operator.py took 0.077 seconds
[2025-04-21T11:26:08.922+0000] {processor.py:186} INFO - Started process (PID=4204) to work on /home/airflow/.local/lib/python3.12/site-packages/airflow/example_dags/example_branch_operator.py
[2025-04-21T11:26:08.923+0000] {processor.py:914} INFO - Processing file /home/airflow/.local/lib/python3.12/site-packages/airflow/example_dags/example_branch_operator.py for tasks to queue
[2025-04-21T11:26:08.925+0000] {logging_mixin.py:190} INFO - [2025-04-21T11:26:08.925+0000] {dagbag.py:588} INFO - Filling up the DagBag from /home/airflow/.local/lib/python3.12/site-packages/airflow/example_dags/example_branch_operator.py
[2025-04-21T11:26:08.938+0000] {processor.py:925} INFO - DAG(s) 'example_branch_operator' retrieved from /home/airflow/.local/lib/python3.12/site-packages/airflow/example_dags/example_branch_operator.py
[2025-04-21T11:26:08.958+0000] {logging_mixin.py:190} INFO - [2025-04-21T11:26:08.958+0000] {dag.py:3239} INFO - Sync 1 DAGs
[2025-04-21T11:26:08.976+0000] {logging_mixin.py:190} INFO - [2025-04-21T11:26:08.975+0000] {dag.py:4180} INFO - Setting next_dagrun for example_branch_operator to 2025-04-20 00:00:00+00:00, run_after=2025-04-21 00:00:00+00:00
[2025-04-21T11:26:08.990+0000] {processor.py:208} INFO - Processing /home/airflow/.local/lib/python3.12/site-packages/airflow/example_dags/example_branch_operator.py took 0.071 seconds
[2025-04-21T11:26:39.767+0000] {processor.py:186} INFO - Started process (PID=4267) to work on /home/airflow/.local/lib/python3.12/site-packages/airflow/example_dags/example_branch_operator.py
[2025-04-21T11:26:39.767+0000] {processor.py:914} INFO - Processing file /home/airflow/.local/lib/python3.12/site-packages/airflow/example_dags/example_branch_operator.py for tasks to queue
[2025-04-21T11:26:39.769+0000] {logging_mixin.py:190} INFO - [2025-04-21T11:26:39.769+0000] {dagbag.py:588} INFO - Filling up the DagBag from /home/airflow/.local/lib/python3.12/site-packages/airflow/example_dags/example_branch_operator.py
[2025-04-21T11:26:39.781+0000] {processor.py:925} INFO - DAG(s) 'example_branch_operator' retrieved from /home/airflow/.local/lib/python3.12/site-packages/airflow/example_dags/example_branch_operator.py
[2025-04-21T11:26:39.799+0000] {logging_mixin.py:190} INFO - [2025-04-21T11:26:39.799+0000] {dag.py:3239} INFO - Sync 1 DAGs
[2025-04-21T11:26:39.816+0000] {logging_mixin.py:190} INFO - [2025-04-21T11:26:39.816+0000] {dag.py:4180} INFO - Setting next_dagrun for example_branch_operator to 2025-04-20 00:00:00+00:00, run_after=2025-04-21 00:00:00+00:00
[2025-04-21T11:26:39.829+0000] {processor.py:208} INFO - Processing /home/airflow/.local/lib/python3.12/site-packages/airflow/example_dags/example_branch_operator.py took 0.067 seconds
[2025-04-21T11:27:10.750+0000] {processor.py:186} INFO - Started process (PID=4330) to work on /home/airflow/.local/lib/python3.12/site-packages/airflow/example_dags/example_branch_operator.py
[2025-04-21T11:27:10.751+0000] {processor.py:914} INFO - Processing file /home/airflow/.local/lib/python3.12/site-packages/airflow/example_dags/example_branch_operator.py for tasks to queue
[2025-04-21T11:27:10.753+0000] {logging_mixin.py:190} INFO - [2025-04-21T11:27:10.753+0000] {dagbag.py:588} INFO - Filling up the DagBag from /home/airflow/.local/lib/python3.12/site-packages/airflow/example_dags/example_branch_operator.py
[2025-04-21T11:27:10.768+0000] {processor.py:925} INFO - DAG(s) 'example_branch_operator' retrieved from /home/airflow/.local/lib/python3.12/site-packages/airflow/example_dags/example_branch_operator.py
[2025-04-21T11:27:10.791+0000] {logging_mixin.py:190} INFO - [2025-04-21T11:27:10.791+0000] {dag.py:3239} INFO - Sync 1 DAGs
[2025-04-21T11:27:10.812+0000] {logging_mixin.py:190} INFO - [2025-04-21T11:27:10.812+0000] {dag.py:4180} INFO - Setting next_dagrun for example_branch_operator to 2025-04-20 00:00:00+00:00, run_after=2025-04-21 00:00:00+00:00
[2025-04-21T11:27:10.830+0000] {processor.py:208} INFO - Processing /home/airflow/.local/lib/python3.12/site-packages/airflow/example_dags/example_branch_operator.py took 0.084 seconds
[2025-04-21T11:27:41.419+0000] {processor.py:186} INFO - Started process (PID=4393) to work on /home/airflow/.local/lib/python3.12/site-packages/airflow/example_dags/example_branch_operator.py
[2025-04-21T11:27:41.420+0000] {processor.py:914} INFO - Processing file /home/airflow/.local/lib/python3.12/site-packages/airflow/example_dags/example_branch_operator.py for tasks to queue
[2025-04-21T11:27:41.422+0000] {logging_mixin.py:190} INFO - [2025-04-21T11:27:41.422+0000] {dagbag.py:588} INFO - Filling up the DagBag from /home/airflow/.local/lib/python3.12/site-packages/airflow/example_dags/example_branch_operator.py
[2025-04-21T11:27:41.435+0000] {processor.py:925} INFO - DAG(s) 'example_branch_operator' retrieved from /home/airflow/.local/lib/python3.12/site-packages/airflow/example_dags/example_branch_operator.py
[2025-04-21T11:27:41.456+0000] {logging_mixin.py:190} INFO - [2025-04-21T11:27:41.456+0000] {dag.py:3239} INFO - Sync 1 DAGs
[2025-04-21T11:27:41.473+0000] {logging_mixin.py:190} INFO - [2025-04-21T11:27:41.473+0000] {dag.py:4180} INFO - Setting next_dagrun for example_branch_operator to 2025-04-20 00:00:00+00:00, run_after=2025-04-21 00:00:00+00:00
[2025-04-21T11:27:41.487+0000] {processor.py:208} INFO - Processing /home/airflow/.local/lib/python3.12/site-packages/airflow/example_dags/example_branch_operator.py took 0.071 seconds
[2025-04-21T11:28:12.067+0000] {processor.py:186} INFO - Started process (PID=4456) to work on /home/airflow/.local/lib/python3.12/site-packages/airflow/example_dags/example_branch_operator.py
[2025-04-21T11:28:12.067+0000] {processor.py:914} INFO - Processing file /home/airflow/.local/lib/python3.12/site-packages/airflow/example_dags/example_branch_operator.py for tasks to queue
[2025-04-21T11:28:12.069+0000] {logging_mixin.py:190} INFO - [2025-04-21T11:28:12.069+0000] {dagbag.py:588} INFO - Filling up the DagBag from /home/airflow/.local/lib/python3.12/site-packages/airflow/example_dags/example_branch_operator.py
[2025-04-21T11:28:12.084+0000] {processor.py:925} INFO - DAG(s) 'example_branch_operator' retrieved from /home/airflow/.local/lib/python3.12/site-packages/airflow/example_dags/example_branch_operator.py
[2025-04-21T11:28:12.109+0000] {logging_mixin.py:190} INFO - [2025-04-21T11:28:12.109+0000] {dag.py:3239} INFO - Sync 1 DAGs
[2025-04-21T11:28:12.128+0000] {logging_mixin.py:190} INFO - [2025-04-21T11:28:12.128+0000] {dag.py:4180} INFO - Setting next_dagrun for example_branch_operator to 2025-04-20 00:00:00+00:00, run_after=2025-04-21 00:00:00+00:00
[2025-04-21T11:28:12.145+0000] {processor.py:208} INFO - Processing /home/airflow/.local/lib/python3.12/site-packages/airflow/example_dags/example_branch_operator.py took 0.083 seconds
[2025-04-21T11:28:42.584+0000] {processor.py:186} INFO - Started process (PID=4519) to work on /home/airflow/.local/lib/python3.12/site-packages/airflow/example_dags/example_branch_operator.py
[2025-04-21T11:28:42.585+0000] {processor.py:914} INFO - Processing file /home/airflow/.local/lib/python3.12/site-packages/airflow/example_dags/example_branch_operator.py for tasks to queue
[2025-04-21T11:28:42.587+0000] {logging_mixin.py:190} INFO - [2025-04-21T11:28:42.587+0000] {dagbag.py:588} INFO - Filling up the DagBag from /home/airflow/.local/lib/python3.12/site-packages/airflow/example_dags/example_branch_operator.py
[2025-04-21T11:28:42.600+0000] {processor.py:925} INFO - DAG(s) 'example_branch_operator' retrieved from /home/airflow/.local/lib/python3.12/site-packages/airflow/example_dags/example_branch_operator.py
[2025-04-21T11:28:42.622+0000] {logging_mixin.py:190} INFO - [2025-04-21T11:28:42.621+0000] {dag.py:3239} INFO - Sync 1 DAGs
[2025-04-21T11:28:42.640+0000] {logging_mixin.py:190} INFO - [2025-04-21T11:28:42.640+0000] {dag.py:4180} INFO - Setting next_dagrun for example_branch_operator to 2025-04-20 00:00:00+00:00, run_after=2025-04-21 00:00:00+00:00
[2025-04-21T11:28:42.658+0000] {processor.py:208} INFO - Processing /home/airflow/.local/lib/python3.12/site-packages/airflow/example_dags/example_branch_operator.py took 0.078 seconds
[2025-04-21T11:29:12.977+0000] {processor.py:186} INFO - Started process (PID=4581) to work on /home/airflow/.local/lib/python3.12/site-packages/airflow/example_dags/example_branch_operator.py
[2025-04-21T11:29:12.978+0000] {processor.py:914} INFO - Processing file /home/airflow/.local/lib/python3.12/site-packages/airflow/example_dags/example_branch_operator.py for tasks to queue
[2025-04-21T11:29:12.980+0000] {logging_mixin.py:190} INFO - [2025-04-21T11:29:12.980+0000] {dagbag.py:588} INFO - Filling up the DagBag from /home/airflow/.local/lib/python3.12/site-packages/airflow/example_dags/example_branch_operator.py
[2025-04-21T11:29:12.994+0000] {processor.py:925} INFO - DAG(s) 'example_branch_operator' retrieved from /home/airflow/.local/lib/python3.12/site-packages/airflow/example_dags/example_branch_operator.py
[2025-04-21T11:29:13.013+0000] {logging_mixin.py:190} INFO - [2025-04-21T11:29:13.013+0000] {dag.py:3239} INFO - Sync 1 DAGs
[2025-04-21T11:29:13.032+0000] {logging_mixin.py:190} INFO - [2025-04-21T11:29:13.032+0000] {dag.py:4180} INFO - Setting next_dagrun for example_branch_operator to 2025-04-20 00:00:00+00:00, run_after=2025-04-21 00:00:00+00:00
[2025-04-21T11:29:13.046+0000] {processor.py:208} INFO - Processing /home/airflow/.local/lib/python3.12/site-packages/airflow/example_dags/example_branch_operator.py took 0.073 seconds
[2025-04-21T11:29:43.448+0000] {processor.py:186} INFO - Started process (PID=4645) to work on /home/airflow/.local/lib/python3.12/site-packages/airflow/example_dags/example_branch_operator.py
[2025-04-21T11:29:43.448+0000] {processor.py:914} INFO - Processing file /home/airflow/.local/lib/python3.12/site-packages/airflow/example_dags/example_branch_operator.py for tasks to queue
[2025-04-21T11:29:43.451+0000] {logging_mixin.py:190} INFO - [2025-04-21T11:29:43.451+0000] {dagbag.py:588} INFO - Filling up the DagBag from /home/airflow/.local/lib/python3.12/site-packages/airflow/example_dags/example_branch_operator.py
[2025-04-21T11:29:43.463+0000] {processor.py:925} INFO - DAG(s) 'example_branch_operator' retrieved from /home/airflow/.local/lib/python3.12/site-packages/airflow/example_dags/example_branch_operator.py
[2025-04-21T11:29:43.486+0000] {logging_mixin.py:190} INFO - [2025-04-21T11:29:43.485+0000] {dag.py:3239} INFO - Sync 1 DAGs
[2025-04-21T11:29:43.504+0000] {logging_mixin.py:190} INFO - [2025-04-21T11:29:43.504+0000] {dag.py:4180} INFO - Setting next_dagrun for example_branch_operator to 2025-04-20 00:00:00+00:00, run_after=2025-04-21 00:00:00+00:00
[2025-04-21T11:29:43.519+0000] {processor.py:208} INFO - Processing /home/airflow/.local/lib/python3.12/site-packages/airflow/example_dags/example_branch_operator.py took 0.075 seconds
[2025-04-21T11:30:13.947+0000] {processor.py:186} INFO - Started process (PID=4708) to work on /home/airflow/.local/lib/python3.12/site-packages/airflow/example_dags/example_branch_operator.py
[2025-04-21T11:30:13.948+0000] {processor.py:914} INFO - Processing file /home/airflow/.local/lib/python3.12/site-packages/airflow/example_dags/example_branch_operator.py for tasks to queue
[2025-04-21T11:30:13.950+0000] {logging_mixin.py:190} INFO - [2025-04-21T11:30:13.950+0000] {dagbag.py:588} INFO - Filling up the DagBag from /home/airflow/.local/lib/python3.12/site-packages/airflow/example_dags/example_branch_operator.py
[2025-04-21T11:30:13.963+0000] {processor.py:925} INFO - DAG(s) 'example_branch_operator' retrieved from /home/airflow/.local/lib/python3.12/site-packages/airflow/example_dags/example_branch_operator.py
[2025-04-21T11:30:13.987+0000] {logging_mixin.py:190} INFO - [2025-04-21T11:30:13.987+0000] {dag.py:3239} INFO - Sync 1 DAGs
[2025-04-21T11:30:14.006+0000] {logging_mixin.py:190} INFO - [2025-04-21T11:30:14.006+0000] {dag.py:4180} INFO - Setting next_dagrun for example_branch_operator to 2025-04-20 00:00:00+00:00, run_after=2025-04-21 00:00:00+00:00
[2025-04-21T11:30:14.021+0000] {processor.py:208} INFO - Processing /home/airflow/.local/lib/python3.12/site-packages/airflow/example_dags/example_branch_operator.py took 0.077 seconds
[2025-04-21T11:30:44.410+0000] {processor.py:186} INFO - Started process (PID=4771) to work on /home/airflow/.local/lib/python3.12/site-packages/airflow/example_dags/example_branch_operator.py
[2025-04-21T11:30:44.410+0000] {processor.py:914} INFO - Processing file /home/airflow/.local/lib/python3.12/site-packages/airflow/example_dags/example_branch_operator.py for tasks to queue
[2025-04-21T11:30:44.412+0000] {logging_mixin.py:190} INFO - [2025-04-21T11:30:44.412+0000] {dagbag.py:588} INFO - Filling up the DagBag from /home/airflow/.local/lib/python3.12/site-packages/airflow/example_dags/example_branch_operator.py
[2025-04-21T11:30:44.426+0000] {processor.py:925} INFO - DAG(s) 'example_branch_operator' retrieved from /home/airflow/.local/lib/python3.12/site-packages/airflow/example_dags/example_branch_operator.py
[2025-04-21T11:30:44.447+0000] {logging_mixin.py:190} INFO - [2025-04-21T11:30:44.447+0000] {dag.py:3239} INFO - Sync 1 DAGs
[2025-04-21T11:30:44.465+0000] {logging_mixin.py:190} INFO - [2025-04-21T11:30:44.465+0000] {dag.py:4180} INFO - Setting next_dagrun for example_branch_operator to 2025-04-20 00:00:00+00:00, run_after=2025-04-21 00:00:00+00:00
[2025-04-21T11:30:44.477+0000] {processor.py:208} INFO - Processing /home/airflow/.local/lib/python3.12/site-packages/airflow/example_dags/example_branch_operator.py took 0.072 seconds
[2025-04-21T11:31:14.942+0000] {processor.py:186} INFO - Started process (PID=4834) to work on /home/airflow/.local/lib/python3.12/site-packages/airflow/example_dags/example_branch_operator.py
[2025-04-21T11:31:14.943+0000] {processor.py:914} INFO - Processing file /home/airflow/.local/lib/python3.12/site-packages/airflow/example_dags/example_branch_operator.py for tasks to queue
[2025-04-21T11:31:14.945+0000] {logging_mixin.py:190} INFO - [2025-04-21T11:31:14.944+0000] {dagbag.py:588} INFO - Filling up the DagBag from /home/airflow/.local/lib/python3.12/site-packages/airflow/example_dags/example_branch_operator.py
[2025-04-21T11:31:14.958+0000] {processor.py:925} INFO - DAG(s) 'example_branch_operator' retrieved from /home/airflow/.local/lib/python3.12/site-packages/airflow/example_dags/example_branch_operator.py
[2025-04-21T11:31:14.981+0000] {logging_mixin.py:190} INFO - [2025-04-21T11:31:14.981+0000] {dag.py:3239} INFO - Sync 1 DAGs
[2025-04-21T11:31:14.999+0000] {logging_mixin.py:190} INFO - [2025-04-21T11:31:14.999+0000] {dag.py:4180} INFO - Setting next_dagrun for example_branch_operator to 2025-04-20 00:00:00+00:00, run_after=2025-04-21 00:00:00+00:00
[2025-04-21T11:31:15.015+0000] {processor.py:208} INFO - Processing /home/airflow/.local/lib/python3.12/site-packages/airflow/example_dags/example_branch_operator.py took 0.077 seconds
[2025-04-21T11:31:45.419+0000] {processor.py:186} INFO - Started process (PID=4897) to work on /home/airflow/.local/lib/python3.12/site-packages/airflow/example_dags/example_branch_operator.py
[2025-04-21T11:31:45.420+0000] {processor.py:914} INFO - Processing file /home/airflow/.local/lib/python3.12/site-packages/airflow/example_dags/example_branch_operator.py for tasks to queue
[2025-04-21T11:31:45.423+0000] {logging_mixin.py:190} INFO - [2025-04-21T11:31:45.422+0000] {dagbag.py:588} INFO - Filling up the DagBag from /home/airflow/.local/lib/python3.12/site-packages/airflow/example_dags/example_branch_operator.py
[2025-04-21T11:31:45.438+0000] {processor.py:925} INFO - DAG(s) 'example_branch_operator' retrieved from /home/airflow/.local/lib/python3.12/site-packages/airflow/example_dags/example_branch_operator.py
[2025-04-21T11:31:45.464+0000] {logging_mixin.py:190} INFO - [2025-04-21T11:31:45.464+0000] {dag.py:3239} INFO - Sync 1 DAGs
[2025-04-21T11:31:45.485+0000] {logging_mixin.py:190} INFO - [2025-04-21T11:31:45.485+0000] {dag.py:4180} INFO - Setting next_dagrun for example_branch_operator to 2025-04-20 00:00:00+00:00, run_after=2025-04-21 00:00:00+00:00
[2025-04-21T11:31:45.502+0000] {processor.py:208} INFO - Processing /home/airflow/.local/lib/python3.12/site-packages/airflow/example_dags/example_branch_operator.py took 0.087 seconds
[2025-04-21T11:32:16.139+0000] {processor.py:186} INFO - Started process (PID=4959) to work on /home/airflow/.local/lib/python3.12/site-packages/airflow/example_dags/example_branch_operator.py
[2025-04-21T11:32:16.140+0000] {processor.py:914} INFO - Processing file /home/airflow/.local/lib/python3.12/site-packages/airflow/example_dags/example_branch_operator.py for tasks to queue
[2025-04-21T11:32:16.142+0000] {logging_mixin.py:190} INFO - [2025-04-21T11:32:16.142+0000] {dagbag.py:588} INFO - Filling up the DagBag from /home/airflow/.local/lib/python3.12/site-packages/airflow/example_dags/example_branch_operator.py
[2025-04-21T11:32:16.160+0000] {processor.py:925} INFO - DAG(s) 'example_branch_operator' retrieved from /home/airflow/.local/lib/python3.12/site-packages/airflow/example_dags/example_branch_operator.py
[2025-04-21T11:32:16.188+0000] {logging_mixin.py:190} INFO - [2025-04-21T11:32:16.188+0000] {dag.py:3239} INFO - Sync 1 DAGs
[2025-04-21T11:32:16.211+0000] {logging_mixin.py:190} INFO - [2025-04-21T11:32:16.211+0000] {dag.py:4180} INFO - Setting next_dagrun for example_branch_operator to 2025-04-20 00:00:00+00:00, run_after=2025-04-21 00:00:00+00:00
[2025-04-21T11:32:16.234+0000] {processor.py:208} INFO - Processing /home/airflow/.local/lib/python3.12/site-packages/airflow/example_dags/example_branch_operator.py took 0.100 seconds
[2025-04-21T11:32:47.053+0000] {processor.py:186} INFO - Started process (PID=5022) to work on /home/airflow/.local/lib/python3.12/site-packages/airflow/example_dags/example_branch_operator.py
[2025-04-21T11:32:47.054+0000] {processor.py:914} INFO - Processing file /home/airflow/.local/lib/python3.12/site-packages/airflow/example_dags/example_branch_operator.py for tasks to queue
[2025-04-21T11:32:47.056+0000] {logging_mixin.py:190} INFO - [2025-04-21T11:32:47.056+0000] {dagbag.py:588} INFO - Filling up the DagBag from /home/airflow/.local/lib/python3.12/site-packages/airflow/example_dags/example_branch_operator.py
[2025-04-21T11:32:47.071+0000] {processor.py:925} INFO - DAG(s) 'example_branch_operator' retrieved from /home/airflow/.local/lib/python3.12/site-packages/airflow/example_dags/example_branch_operator.py
[2025-04-21T11:32:47.097+0000] {logging_mixin.py:190} INFO - [2025-04-21T11:32:47.097+0000] {dag.py:3239} INFO - Sync 1 DAGs
[2025-04-21T11:32:47.119+0000] {logging_mixin.py:190} INFO - [2025-04-21T11:32:47.118+0000] {dag.py:4180} INFO - Setting next_dagrun for example_branch_operator to 2025-04-20 00:00:00+00:00, run_after=2025-04-21 00:00:00+00:00
[2025-04-21T11:32:47.139+0000] {processor.py:208} INFO - Processing /home/airflow/.local/lib/python3.12/site-packages/airflow/example_dags/example_branch_operator.py took 0.090 seconds
[2025-04-21T11:33:17.504+0000] {processor.py:186} INFO - Started process (PID=5086) to work on /home/airflow/.local/lib/python3.12/site-packages/airflow/example_dags/example_branch_operator.py
[2025-04-21T11:33:17.505+0000] {processor.py:914} INFO - Processing file /home/airflow/.local/lib/python3.12/site-packages/airflow/example_dags/example_branch_operator.py for tasks to queue
[2025-04-21T11:33:17.507+0000] {logging_mixin.py:190} INFO - [2025-04-21T11:33:17.507+0000] {dagbag.py:588} INFO - Filling up the DagBag from /home/airflow/.local/lib/python3.12/site-packages/airflow/example_dags/example_branch_operator.py
[2025-04-21T11:33:17.524+0000] {processor.py:925} INFO - DAG(s) 'example_branch_operator' retrieved from /home/airflow/.local/lib/python3.12/site-packages/airflow/example_dags/example_branch_operator.py
[2025-04-21T11:33:17.548+0000] {logging_mixin.py:190} INFO - [2025-04-21T11:33:17.547+0000] {dag.py:3239} INFO - Sync 1 DAGs
[2025-04-21T11:33:17.568+0000] {logging_mixin.py:190} INFO - [2025-04-21T11:33:17.568+0000] {dag.py:4180} INFO - Setting next_dagrun for example_branch_operator to 2025-04-20 00:00:00+00:00, run_after=2025-04-21 00:00:00+00:00
[2025-04-21T11:33:17.586+0000] {processor.py:208} INFO - Processing /home/airflow/.local/lib/python3.12/site-packages/airflow/example_dags/example_branch_operator.py took 0.086 seconds
[2025-04-21T11:33:48.062+0000] {processor.py:186} INFO - Started process (PID=5139) to work on /home/airflow/.local/lib/python3.12/site-packages/airflow/example_dags/example_branch_operator.py
[2025-04-21T11:33:48.062+0000] {processor.py:914} INFO - Processing file /home/airflow/.local/lib/python3.12/site-packages/airflow/example_dags/example_branch_operator.py for tasks to queue
[2025-04-21T11:33:48.064+0000] {logging_mixin.py:190} INFO - [2025-04-21T11:33:48.064+0000] {dagbag.py:588} INFO - Filling up the DagBag from /home/airflow/.local/lib/python3.12/site-packages/airflow/example_dags/example_branch_operator.py
[2025-04-21T11:33:48.077+0000] {processor.py:925} INFO - DAG(s) 'example_branch_operator' retrieved from /home/airflow/.local/lib/python3.12/site-packages/airflow/example_dags/example_branch_operator.py
[2025-04-21T11:33:48.098+0000] {logging_mixin.py:190} INFO - [2025-04-21T11:33:48.098+0000] {dag.py:3239} INFO - Sync 1 DAGs
[2025-04-21T11:33:48.118+0000] {logging_mixin.py:190} INFO - [2025-04-21T11:33:48.118+0000] {dag.py:4180} INFO - Setting next_dagrun for example_branch_operator to 2025-04-20 00:00:00+00:00, run_after=2025-04-21 00:00:00+00:00
[2025-04-21T11:33:48.134+0000] {processor.py:208} INFO - Processing /home/airflow/.local/lib/python3.12/site-packages/airflow/example_dags/example_branch_operator.py took 0.077 seconds
[2025-04-21T11:34:18.384+0000] {processor.py:186} INFO - Started process (PID=5203) to work on /home/airflow/.local/lib/python3.12/site-packages/airflow/example_dags/example_branch_operator.py
[2025-04-21T11:34:18.385+0000] {processor.py:914} INFO - Processing file /home/airflow/.local/lib/python3.12/site-packages/airflow/example_dags/example_branch_operator.py for tasks to queue
[2025-04-21T11:34:18.387+0000] {logging_mixin.py:190} INFO - [2025-04-21T11:34:18.387+0000] {dagbag.py:588} INFO - Filling up the DagBag from /home/airflow/.local/lib/python3.12/site-packages/airflow/example_dags/example_branch_operator.py
[2025-04-21T11:34:18.401+0000] {processor.py:925} INFO - DAG(s) 'example_branch_operator' retrieved from /home/airflow/.local/lib/python3.12/site-packages/airflow/example_dags/example_branch_operator.py
[2025-04-21T11:34:18.422+0000] {logging_mixin.py:190} INFO - [2025-04-21T11:34:18.422+0000] {dag.py:3239} INFO - Sync 1 DAGs
[2025-04-21T11:34:18.440+0000] {logging_mixin.py:190} INFO - [2025-04-21T11:34:18.440+0000] {dag.py:4180} INFO - Setting next_dagrun for example_branch_operator to 2025-04-20 00:00:00+00:00, run_after=2025-04-21 00:00:00+00:00
[2025-04-21T11:34:18.456+0000] {processor.py:208} INFO - Processing /home/airflow/.local/lib/python3.12/site-packages/airflow/example_dags/example_branch_operator.py took 0.077 seconds
[2025-04-21T11:34:48.831+0000] {processor.py:186} INFO - Started process (PID=5267) to work on /home/airflow/.local/lib/python3.12/site-packages/airflow/example_dags/example_branch_operator.py
[2025-04-21T11:34:48.832+0000] {processor.py:914} INFO - Processing file /home/airflow/.local/lib/python3.12/site-packages/airflow/example_dags/example_branch_operator.py for tasks to queue
[2025-04-21T11:34:48.833+0000] {logging_mixin.py:190} INFO - [2025-04-21T11:34:48.833+0000] {dagbag.py:588} INFO - Filling up the DagBag from /home/airflow/.local/lib/python3.12/site-packages/airflow/example_dags/example_branch_operator.py
[2025-04-21T11:34:48.846+0000] {processor.py:925} INFO - DAG(s) 'example_branch_operator' retrieved from /home/airflow/.local/lib/python3.12/site-packages/airflow/example_dags/example_branch_operator.py
[2025-04-21T11:34:48.868+0000] {logging_mixin.py:190} INFO - [2025-04-21T11:34:48.867+0000] {dag.py:3239} INFO - Sync 1 DAGs
[2025-04-21T11:34:48.887+0000] {logging_mixin.py:190} INFO - [2025-04-21T11:34:48.887+0000] {dag.py:4180} INFO - Setting next_dagrun for example_branch_operator to 2025-04-20 00:00:00+00:00, run_after=2025-04-21 00:00:00+00:00
[2025-04-21T11:34:48.901+0000] {processor.py:208} INFO - Processing /home/airflow/.local/lib/python3.12/site-packages/airflow/example_dags/example_branch_operator.py took 0.074 seconds
[2025-04-21T11:35:19.644+0000] {processor.py:186} INFO - Started process (PID=5331) to work on /home/airflow/.local/lib/python3.12/site-packages/airflow/example_dags/example_branch_operator.py
[2025-04-21T11:35:19.645+0000] {processor.py:914} INFO - Processing file /home/airflow/.local/lib/python3.12/site-packages/airflow/example_dags/example_branch_operator.py for tasks to queue
[2025-04-21T11:35:19.647+0000] {logging_mixin.py:190} INFO - [2025-04-21T11:35:19.647+0000] {dagbag.py:588} INFO - Filling up the DagBag from /home/airflow/.local/lib/python3.12/site-packages/airflow/example_dags/example_branch_operator.py
[2025-04-21T11:35:19.659+0000] {processor.py:925} INFO - DAG(s) 'example_branch_operator' retrieved from /home/airflow/.local/lib/python3.12/site-packages/airflow/example_dags/example_branch_operator.py
[2025-04-21T11:35:19.679+0000] {logging_mixin.py:190} INFO - [2025-04-21T11:35:19.679+0000] {dag.py:3239} INFO - Sync 1 DAGs
[2025-04-21T11:35:19.697+0000] {logging_mixin.py:190} INFO - [2025-04-21T11:35:19.697+0000] {dag.py:4180} INFO - Setting next_dagrun for example_branch_operator to 2025-04-20 00:00:00+00:00, run_after=2025-04-21 00:00:00+00:00
[2025-04-21T11:35:19.709+0000] {processor.py:208} INFO - Processing /home/airflow/.local/lib/python3.12/site-packages/airflow/example_dags/example_branch_operator.py took 0.070 seconds
[2025-04-21T11:35:50.316+0000] {processor.py:186} INFO - Started process (PID=5395) to work on /home/airflow/.local/lib/python3.12/site-packages/airflow/example_dags/example_branch_operator.py
[2025-04-21T11:35:50.317+0000] {processor.py:914} INFO - Processing file /home/airflow/.local/lib/python3.12/site-packages/airflow/example_dags/example_branch_operator.py for tasks to queue
[2025-04-21T11:35:50.319+0000] {logging_mixin.py:190} INFO - [2025-04-21T11:35:50.319+0000] {dagbag.py:588} INFO - Filling up the DagBag from /home/airflow/.local/lib/python3.12/site-packages/airflow/example_dags/example_branch_operator.py
[2025-04-21T11:35:50.333+0000] {processor.py:925} INFO - DAG(s) 'example_branch_operator' retrieved from /home/airflow/.local/lib/python3.12/site-packages/airflow/example_dags/example_branch_operator.py
[2025-04-21T11:35:50.354+0000] {logging_mixin.py:190} INFO - [2025-04-21T11:35:50.353+0000] {dag.py:3239} INFO - Sync 1 DAGs
[2025-04-21T11:35:50.374+0000] {logging_mixin.py:190} INFO - [2025-04-21T11:35:50.373+0000] {dag.py:4180} INFO - Setting next_dagrun for example_branch_operator to 2025-04-20 00:00:00+00:00, run_after=2025-04-21 00:00:00+00:00
[2025-04-21T11:35:50.389+0000] {processor.py:208} INFO - Processing /home/airflow/.local/lib/python3.12/site-packages/airflow/example_dags/example_branch_operator.py took 0.077 seconds
[2025-04-21T11:36:21.122+0000] {processor.py:186} INFO - Started process (PID=5459) to work on /home/airflow/.local/lib/python3.12/site-packages/airflow/example_dags/example_branch_operator.py
[2025-04-21T11:36:21.123+0000] {processor.py:914} INFO - Processing file /home/airflow/.local/lib/python3.12/site-packages/airflow/example_dags/example_branch_operator.py for tasks to queue
[2025-04-21T11:36:21.125+0000] {logging_mixin.py:190} INFO - [2025-04-21T11:36:21.124+0000] {dagbag.py:588} INFO - Filling up the DagBag from /home/airflow/.local/lib/python3.12/site-packages/airflow/example_dags/example_branch_operator.py
[2025-04-21T11:36:21.141+0000] {processor.py:925} INFO - DAG(s) 'example_branch_operator' retrieved from /home/airflow/.local/lib/python3.12/site-packages/airflow/example_dags/example_branch_operator.py
[2025-04-21T11:36:21.164+0000] {logging_mixin.py:190} INFO - [2025-04-21T11:36:21.164+0000] {dag.py:3239} INFO - Sync 1 DAGs
[2025-04-21T11:36:21.185+0000] {logging_mixin.py:190} INFO - [2025-04-21T11:36:21.184+0000] {dag.py:4180} INFO - Setting next_dagrun for example_branch_operator to 2025-04-20 00:00:00+00:00, run_after=2025-04-21 00:00:00+00:00
[2025-04-21T11:36:21.202+0000] {processor.py:208} INFO - Processing /home/airflow/.local/lib/python3.12/site-packages/airflow/example_dags/example_branch_operator.py took 0.085 seconds
[2025-04-21T11:36:51.814+0000] {processor.py:186} INFO - Started process (PID=5523) to work on /home/airflow/.local/lib/python3.12/site-packages/airflow/example_dags/example_branch_operator.py
[2025-04-21T11:36:51.815+0000] {processor.py:914} INFO - Processing file /home/airflow/.local/lib/python3.12/site-packages/airflow/example_dags/example_branch_operator.py for tasks to queue
[2025-04-21T11:36:51.817+0000] {logging_mixin.py:190} INFO - [2025-04-21T11:36:51.817+0000] {dagbag.py:588} INFO - Filling up the DagBag from /home/airflow/.local/lib/python3.12/site-packages/airflow/example_dags/example_branch_operator.py
[2025-04-21T11:36:51.830+0000] {processor.py:925} INFO - DAG(s) 'example_branch_operator' retrieved from /home/airflow/.local/lib/python3.12/site-packages/airflow/example_dags/example_branch_operator.py
[2025-04-21T11:36:51.851+0000] {logging_mixin.py:190} INFO - [2025-04-21T11:36:51.851+0000] {dag.py:3239} INFO - Sync 1 DAGs
[2025-04-21T11:36:51.871+0000] {logging_mixin.py:190} INFO - [2025-04-21T11:36:51.870+0000] {dag.py:4180} INFO - Setting next_dagrun for example_branch_operator to 2025-04-20 00:00:00+00:00, run_after=2025-04-21 00:00:00+00:00
[2025-04-21T11:36:51.884+0000] {processor.py:208} INFO - Processing /home/airflow/.local/lib/python3.12/site-packages/airflow/example_dags/example_branch_operator.py took 0.075 seconds
[2025-04-21T11:37:22.293+0000] {processor.py:186} INFO - Started process (PID=5586) to work on /home/airflow/.local/lib/python3.12/site-packages/airflow/example_dags/example_branch_operator.py
[2025-04-21T11:37:22.294+0000] {processor.py:914} INFO - Processing file /home/airflow/.local/lib/python3.12/site-packages/airflow/example_dags/example_branch_operator.py for tasks to queue
[2025-04-21T11:37:22.296+0000] {logging_mixin.py:190} INFO - [2025-04-21T11:37:22.296+0000] {dagbag.py:588} INFO - Filling up the DagBag from /home/airflow/.local/lib/python3.12/site-packages/airflow/example_dags/example_branch_operator.py
[2025-04-21T11:37:22.310+0000] {processor.py:925} INFO - DAG(s) 'example_branch_operator' retrieved from /home/airflow/.local/lib/python3.12/site-packages/airflow/example_dags/example_branch_operator.py
[2025-04-21T11:37:22.330+0000] {logging_mixin.py:190} INFO - [2025-04-21T11:37:22.329+0000] {dag.py:3239} INFO - Sync 1 DAGs
[2025-04-21T11:37:22.350+0000] {logging_mixin.py:190} INFO - [2025-04-21T11:37:22.350+0000] {dag.py:4180} INFO - Setting next_dagrun for example_branch_operator to 2025-04-20 00:00:00+00:00, run_after=2025-04-21 00:00:00+00:00
[2025-04-21T11:37:22.364+0000] {processor.py:208} INFO - Processing /home/airflow/.local/lib/python3.12/site-packages/airflow/example_dags/example_branch_operator.py took 0.074 seconds
[2025-04-21T11:37:52.806+0000] {processor.py:186} INFO - Started process (PID=5650) to work on /home/airflow/.local/lib/python3.12/site-packages/airflow/example_dags/example_branch_operator.py
[2025-04-21T11:37:52.807+0000] {processor.py:914} INFO - Processing file /home/airflow/.local/lib/python3.12/site-packages/airflow/example_dags/example_branch_operator.py for tasks to queue
[2025-04-21T11:37:52.809+0000] {logging_mixin.py:190} INFO - [2025-04-21T11:37:52.809+0000] {dagbag.py:588} INFO - Filling up the DagBag from /home/airflow/.local/lib/python3.12/site-packages/airflow/example_dags/example_branch_operator.py
[2025-04-21T11:37:52.822+0000] {processor.py:925} INFO - DAG(s) 'example_branch_operator' retrieved from /home/airflow/.local/lib/python3.12/site-packages/airflow/example_dags/example_branch_operator.py
[2025-04-21T11:37:52.841+0000] {logging_mixin.py:190} INFO - [2025-04-21T11:37:52.841+0000] {dag.py:3239} INFO - Sync 1 DAGs
[2025-04-21T11:37:52.859+0000] {logging_mixin.py:190} INFO - [2025-04-21T11:37:52.859+0000] {dag.py:4180} INFO - Setting next_dagrun for example_branch_operator to 2025-04-20 00:00:00+00:00, run_after=2025-04-21 00:00:00+00:00
[2025-04-21T11:37:52.874+0000] {processor.py:208} INFO - Processing /home/airflow/.local/lib/python3.12/site-packages/airflow/example_dags/example_branch_operator.py took 0.072 seconds
[2025-04-21T11:38:23.367+0000] {processor.py:186} INFO - Started process (PID=5714) to work on /home/airflow/.local/lib/python3.12/site-packages/airflow/example_dags/example_branch_operator.py
[2025-04-21T11:38:23.368+0000] {processor.py:914} INFO - Processing file /home/airflow/.local/lib/python3.12/site-packages/airflow/example_dags/example_branch_operator.py for tasks to queue
[2025-04-21T11:38:23.370+0000] {logging_mixin.py:190} INFO - [2025-04-21T11:38:23.369+0000] {dagbag.py:588} INFO - Filling up the DagBag from /home/airflow/.local/lib/python3.12/site-packages/airflow/example_dags/example_branch_operator.py
[2025-04-21T11:38:23.382+0000] {processor.py:925} INFO - DAG(s) 'example_branch_operator' retrieved from /home/airflow/.local/lib/python3.12/site-packages/airflow/example_dags/example_branch_operator.py
[2025-04-21T11:38:23.404+0000] {logging_mixin.py:190} INFO - [2025-04-21T11:38:23.404+0000] {dag.py:3239} INFO - Sync 1 DAGs
[2025-04-21T11:38:23.424+0000] {logging_mixin.py:190} INFO - [2025-04-21T11:38:23.424+0000] {dag.py:4180} INFO - Setting next_dagrun for example_branch_operator to 2025-04-20 00:00:00+00:00, run_after=2025-04-21 00:00:00+00:00
[2025-04-21T11:38:23.439+0000] {processor.py:208} INFO - Processing /home/airflow/.local/lib/python3.12/site-packages/airflow/example_dags/example_branch_operator.py took 0.076 seconds
[2025-04-21T11:38:53.530+0000] {processor.py:186} INFO - Started process (PID=5778) to work on /home/airflow/.local/lib/python3.12/site-packages/airflow/example_dags/example_branch_operator.py
[2025-04-21T11:38:53.531+0000] {processor.py:914} INFO - Processing file /home/airflow/.local/lib/python3.12/site-packages/airflow/example_dags/example_branch_operator.py for tasks to queue
[2025-04-21T11:38:53.533+0000] {logging_mixin.py:190} INFO - [2025-04-21T11:38:53.533+0000] {dagbag.py:588} INFO - Filling up the DagBag from /home/airflow/.local/lib/python3.12/site-packages/airflow/example_dags/example_branch_operator.py
[2025-04-21T11:38:53.545+0000] {processor.py:925} INFO - DAG(s) 'example_branch_operator' retrieved from /home/airflow/.local/lib/python3.12/site-packages/airflow/example_dags/example_branch_operator.py
[2025-04-21T11:38:53.566+0000] {logging_mixin.py:190} INFO - [2025-04-21T11:38:53.566+0000] {dag.py:3239} INFO - Sync 1 DAGs
[2025-04-21T11:38:53.583+0000] {logging_mixin.py:190} INFO - [2025-04-21T11:38:53.583+0000] {dag.py:4180} INFO - Setting next_dagrun for example_branch_operator to 2025-04-20 00:00:00+00:00, run_after=2025-04-21 00:00:00+00:00
[2025-04-21T11:38:53.598+0000] {processor.py:208} INFO - Processing /home/airflow/.local/lib/python3.12/site-packages/airflow/example_dags/example_branch_operator.py took 0.072 seconds
[2025-04-21T11:39:24.295+0000] {processor.py:186} INFO - Started process (PID=5842) to work on /home/airflow/.local/lib/python3.12/site-packages/airflow/example_dags/example_branch_operator.py
[2025-04-21T11:39:24.296+0000] {processor.py:914} INFO - Processing file /home/airflow/.local/lib/python3.12/site-packages/airflow/example_dags/example_branch_operator.py for tasks to queue
[2025-04-21T11:39:24.297+0000] {logging_mixin.py:190} INFO - [2025-04-21T11:39:24.297+0000] {dagbag.py:588} INFO - Filling up the DagBag from /home/airflow/.local/lib/python3.12/site-packages/airflow/example_dags/example_branch_operator.py
[2025-04-21T11:39:24.310+0000] {processor.py:925} INFO - DAG(s) 'example_branch_operator' retrieved from /home/airflow/.local/lib/python3.12/site-packages/airflow/example_dags/example_branch_operator.py
[2025-04-21T11:39:24.333+0000] {logging_mixin.py:190} INFO - [2025-04-21T11:39:24.332+0000] {dag.py:3239} INFO - Sync 1 DAGs
[2025-04-21T11:39:24.351+0000] {logging_mixin.py:190} INFO - [2025-04-21T11:39:24.351+0000] {dag.py:4180} INFO - Setting next_dagrun for example_branch_operator to 2025-04-20 00:00:00+00:00, run_after=2025-04-21 00:00:00+00:00
[2025-04-21T11:39:24.370+0000] {processor.py:208} INFO - Processing /home/airflow/.local/lib/python3.12/site-packages/airflow/example_dags/example_branch_operator.py took 0.079 seconds
[2025-04-21T11:39:55.022+0000] {processor.py:186} INFO - Started process (PID=5906) to work on /home/airflow/.local/lib/python3.12/site-packages/airflow/example_dags/example_branch_operator.py
[2025-04-21T11:39:55.023+0000] {processor.py:914} INFO - Processing file /home/airflow/.local/lib/python3.12/site-packages/airflow/example_dags/example_branch_operator.py for tasks to queue
[2025-04-21T11:39:55.025+0000] {logging_mixin.py:190} INFO - [2025-04-21T11:39:55.025+0000] {dagbag.py:588} INFO - Filling up the DagBag from /home/airflow/.local/lib/python3.12/site-packages/airflow/example_dags/example_branch_operator.py
[2025-04-21T11:39:55.038+0000] {processor.py:925} INFO - DAG(s) 'example_branch_operator' retrieved from /home/airflow/.local/lib/python3.12/site-packages/airflow/example_dags/example_branch_operator.py
[2025-04-21T11:39:55.062+0000] {logging_mixin.py:190} INFO - [2025-04-21T11:39:55.061+0000] {dag.py:3239} INFO - Sync 1 DAGs
[2025-04-21T11:39:55.081+0000] {logging_mixin.py:190} INFO - [2025-04-21T11:39:55.081+0000] {dag.py:4180} INFO - Setting next_dagrun for example_branch_operator to 2025-04-20 00:00:00+00:00, run_after=2025-04-21 00:00:00+00:00
[2025-04-21T11:39:55.095+0000] {processor.py:208} INFO - Processing /home/airflow/.local/lib/python3.12/site-packages/airflow/example_dags/example_branch_operator.py took 0.078 seconds
[2025-04-21T11:40:26.009+0000] {processor.py:186} INFO - Started process (PID=5970) to work on /home/airflow/.local/lib/python3.12/site-packages/airflow/example_dags/example_branch_operator.py
[2025-04-21T11:40:26.010+0000] {processor.py:914} INFO - Processing file /home/airflow/.local/lib/python3.12/site-packages/airflow/example_dags/example_branch_operator.py for tasks to queue
[2025-04-21T11:40:26.012+0000] {logging_mixin.py:190} INFO - [2025-04-21T11:40:26.012+0000] {dagbag.py:588} INFO - Filling up the DagBag from /home/airflow/.local/lib/python3.12/site-packages/airflow/example_dags/example_branch_operator.py
[2025-04-21T11:40:26.026+0000] {processor.py:925} INFO - DAG(s) 'example_branch_operator' retrieved from /home/airflow/.local/lib/python3.12/site-packages/airflow/example_dags/example_branch_operator.py
[2025-04-21T11:40:26.048+0000] {logging_mixin.py:190} INFO - [2025-04-21T11:40:26.047+0000] {dag.py:3239} INFO - Sync 1 DAGs
[2025-04-21T11:40:26.067+0000] {logging_mixin.py:190} INFO - [2025-04-21T11:40:26.067+0000] {dag.py:4180} INFO - Setting next_dagrun for example_branch_operator to 2025-04-20 00:00:00+00:00, run_after=2025-04-21 00:00:00+00:00
[2025-04-21T11:40:26.082+0000] {processor.py:208} INFO - Processing /home/airflow/.local/lib/python3.12/site-packages/airflow/example_dags/example_branch_operator.py took 0.078 seconds
[2025-04-21T11:40:56.155+0000] {processor.py:186} INFO - Started process (PID=6033) to work on /home/airflow/.local/lib/python3.12/site-packages/airflow/example_dags/example_branch_operator.py
[2025-04-21T11:40:56.156+0000] {processor.py:914} INFO - Processing file /home/airflow/.local/lib/python3.12/site-packages/airflow/example_dags/example_branch_operator.py for tasks to queue
[2025-04-21T11:40:56.158+0000] {logging_mixin.py:190} INFO - [2025-04-21T11:40:56.157+0000] {dagbag.py:588} INFO - Filling up the DagBag from /home/airflow/.local/lib/python3.12/site-packages/airflow/example_dags/example_branch_operator.py
[2025-04-21T11:40:56.170+0000] {processor.py:925} INFO - DAG(s) 'example_branch_operator' retrieved from /home/airflow/.local/lib/python3.12/site-packages/airflow/example_dags/example_branch_operator.py
[2025-04-21T11:40:56.192+0000] {logging_mixin.py:190} INFO - [2025-04-21T11:40:56.192+0000] {dag.py:3239} INFO - Sync 1 DAGs
[2025-04-21T11:40:56.212+0000] {logging_mixin.py:190} INFO - [2025-04-21T11:40:56.212+0000] {dag.py:4180} INFO - Setting next_dagrun for example_branch_operator to 2025-04-20 00:00:00+00:00, run_after=2025-04-21 00:00:00+00:00
[2025-04-21T11:40:56.228+0000] {processor.py:208} INFO - Processing /home/airflow/.local/lib/python3.12/site-packages/airflow/example_dags/example_branch_operator.py took 0.078 seconds
[2025-04-21T11:41:26.270+0000] {processor.py:186} INFO - Started process (PID=6097) to work on /home/airflow/.local/lib/python3.12/site-packages/airflow/example_dags/example_branch_operator.py
[2025-04-21T11:41:26.271+0000] {processor.py:914} INFO - Processing file /home/airflow/.local/lib/python3.12/site-packages/airflow/example_dags/example_branch_operator.py for tasks to queue
[2025-04-21T11:41:26.273+0000] {logging_mixin.py:190} INFO - [2025-04-21T11:41:26.273+0000] {dagbag.py:588} INFO - Filling up the DagBag from /home/airflow/.local/lib/python3.12/site-packages/airflow/example_dags/example_branch_operator.py
[2025-04-21T11:41:26.286+0000] {processor.py:925} INFO - DAG(s) 'example_branch_operator' retrieved from /home/airflow/.local/lib/python3.12/site-packages/airflow/example_dags/example_branch_operator.py
[2025-04-21T11:41:26.309+0000] {logging_mixin.py:190} INFO - [2025-04-21T11:41:26.309+0000] {dag.py:3239} INFO - Sync 1 DAGs
[2025-04-21T11:41:26.329+0000] {logging_mixin.py:190} INFO - [2025-04-21T11:41:26.328+0000] {dag.py:4180} INFO - Setting next_dagrun for example_branch_operator to 2025-04-20 00:00:00+00:00, run_after=2025-04-21 00:00:00+00:00
[2025-04-21T11:41:26.344+0000] {processor.py:208} INFO - Processing /home/airflow/.local/lib/python3.12/site-packages/airflow/example_dags/example_branch_operator.py took 0.078 seconds
[2025-04-21T11:41:56.524+0000] {processor.py:186} INFO - Started process (PID=6161) to work on /home/airflow/.local/lib/python3.12/site-packages/airflow/example_dags/example_branch_operator.py
[2025-04-21T11:41:56.525+0000] {processor.py:914} INFO - Processing file /home/airflow/.local/lib/python3.12/site-packages/airflow/example_dags/example_branch_operator.py for tasks to queue
[2025-04-21T11:41:56.527+0000] {logging_mixin.py:190} INFO - [2025-04-21T11:41:56.527+0000] {dagbag.py:588} INFO - Filling up the DagBag from /home/airflow/.local/lib/python3.12/site-packages/airflow/example_dags/example_branch_operator.py
[2025-04-21T11:41:56.542+0000] {processor.py:925} INFO - DAG(s) 'example_branch_operator' retrieved from /home/airflow/.local/lib/python3.12/site-packages/airflow/example_dags/example_branch_operator.py
[2025-04-21T11:41:56.568+0000] {logging_mixin.py:190} INFO - [2025-04-21T11:41:56.568+0000] {dag.py:3239} INFO - Sync 1 DAGs
[2025-04-21T11:41:56.588+0000] {logging_mixin.py:190} INFO - [2025-04-21T11:41:56.588+0000] {dag.py:4180} INFO - Setting next_dagrun for example_branch_operator to 2025-04-20 00:00:00+00:00, run_after=2025-04-21 00:00:00+00:00
[2025-04-21T11:41:56.605+0000] {processor.py:208} INFO - Processing /home/airflow/.local/lib/python3.12/site-packages/airflow/example_dags/example_branch_operator.py took 0.085 seconds
[2025-04-21T11:42:27.366+0000] {processor.py:186} INFO - Started process (PID=6225) to work on /home/airflow/.local/lib/python3.12/site-packages/airflow/example_dags/example_branch_operator.py
[2025-04-21T11:42:27.367+0000] {processor.py:914} INFO - Processing file /home/airflow/.local/lib/python3.12/site-packages/airflow/example_dags/example_branch_operator.py for tasks to queue
[2025-04-21T11:42:27.369+0000] {logging_mixin.py:190} INFO - [2025-04-21T11:42:27.368+0000] {dagbag.py:588} INFO - Filling up the DagBag from /home/airflow/.local/lib/python3.12/site-packages/airflow/example_dags/example_branch_operator.py
[2025-04-21T11:42:27.382+0000] {processor.py:925} INFO - DAG(s) 'example_branch_operator' retrieved from /home/airflow/.local/lib/python3.12/site-packages/airflow/example_dags/example_branch_operator.py
[2025-04-21T11:42:27.405+0000] {logging_mixin.py:190} INFO - [2025-04-21T11:42:27.404+0000] {dag.py:3239} INFO - Sync 1 DAGs
[2025-04-21T11:42:27.427+0000] {logging_mixin.py:190} INFO - [2025-04-21T11:42:27.427+0000] {dag.py:4180} INFO - Setting next_dagrun for example_branch_operator to 2025-04-20 00:00:00+00:00, run_after=2025-04-21 00:00:00+00:00
[2025-04-21T11:42:27.443+0000] {processor.py:208} INFO - Processing /home/airflow/.local/lib/python3.12/site-packages/airflow/example_dags/example_branch_operator.py took 0.081 seconds
[2025-04-21T11:42:57.993+0000] {processor.py:186} INFO - Started process (PID=6289) to work on /home/airflow/.local/lib/python3.12/site-packages/airflow/example_dags/example_branch_operator.py
[2025-04-21T11:42:57.995+0000] {processor.py:914} INFO - Processing file /home/airflow/.local/lib/python3.12/site-packages/airflow/example_dags/example_branch_operator.py for tasks to queue
[2025-04-21T11:42:57.999+0000] {logging_mixin.py:190} INFO - [2025-04-21T11:42:57.999+0000] {dagbag.py:588} INFO - Filling up the DagBag from /home/airflow/.local/lib/python3.12/site-packages/airflow/example_dags/example_branch_operator.py
[2025-04-21T11:42:58.029+0000] {processor.py:925} INFO - DAG(s) 'example_branch_operator' retrieved from /home/airflow/.local/lib/python3.12/site-packages/airflow/example_dags/example_branch_operator.py
[2025-04-21T11:42:58.084+0000] {logging_mixin.py:190} INFO - [2025-04-21T11:42:58.083+0000] {dag.py:3239} INFO - Sync 1 DAGs
[2025-04-21T11:42:58.136+0000] {logging_mixin.py:190} INFO - [2025-04-21T11:42:58.135+0000] {dag.py:4180} INFO - Setting next_dagrun for example_branch_operator to 2025-04-20 00:00:00+00:00, run_after=2025-04-21 00:00:00+00:00
[2025-04-21T11:42:58.176+0000] {processor.py:208} INFO - Processing /home/airflow/.local/lib/python3.12/site-packages/airflow/example_dags/example_branch_operator.py took 0.191 seconds
[2025-04-21T11:43:28.911+0000] {processor.py:186} INFO - Started process (PID=6353) to work on /home/airflow/.local/lib/python3.12/site-packages/airflow/example_dags/example_branch_operator.py
[2025-04-21T11:43:28.913+0000] {processor.py:914} INFO - Processing file /home/airflow/.local/lib/python3.12/site-packages/airflow/example_dags/example_branch_operator.py for tasks to queue
[2025-04-21T11:43:28.917+0000] {logging_mixin.py:190} INFO - [2025-04-21T11:43:28.916+0000] {dagbag.py:588} INFO - Filling up the DagBag from /home/airflow/.local/lib/python3.12/site-packages/airflow/example_dags/example_branch_operator.py
[2025-04-21T11:43:28.942+0000] {processor.py:925} INFO - DAG(s) 'example_branch_operator' retrieved from /home/airflow/.local/lib/python3.12/site-packages/airflow/example_dags/example_branch_operator.py
[2025-04-21T11:43:28.981+0000] {logging_mixin.py:190} INFO - [2025-04-21T11:43:28.980+0000] {dag.py:3239} INFO - Sync 1 DAGs
[2025-04-21T11:43:29.016+0000] {logging_mixin.py:190} INFO - [2025-04-21T11:43:29.016+0000] {dag.py:4180} INFO - Setting next_dagrun for example_branch_operator to 2025-04-20 00:00:00+00:00, run_after=2025-04-21 00:00:00+00:00
[2025-04-21T11:43:29.046+0000] {processor.py:208} INFO - Processing /home/airflow/.local/lib/python3.12/site-packages/airflow/example_dags/example_branch_operator.py took 0.147 seconds
[2025-04-21T11:43:59.242+0000] {processor.py:186} INFO - Started process (PID=6417) to work on /home/airflow/.local/lib/python3.12/site-packages/airflow/example_dags/example_branch_operator.py
[2025-04-21T11:43:59.243+0000] {processor.py:914} INFO - Processing file /home/airflow/.local/lib/python3.12/site-packages/airflow/example_dags/example_branch_operator.py for tasks to queue
[2025-04-21T11:43:59.249+0000] {logging_mixin.py:190} INFO - [2025-04-21T11:43:59.248+0000] {dagbag.py:588} INFO - Filling up the DagBag from /home/airflow/.local/lib/python3.12/site-packages/airflow/example_dags/example_branch_operator.py
[2025-04-21T11:43:59.285+0000] {processor.py:925} INFO - DAG(s) 'example_branch_operator' retrieved from /home/airflow/.local/lib/python3.12/site-packages/airflow/example_dags/example_branch_operator.py
[2025-04-21T11:43:59.343+0000] {logging_mixin.py:190} INFO - [2025-04-21T11:43:59.343+0000] {dag.py:3239} INFO - Sync 1 DAGs
[2025-04-21T11:43:59.396+0000] {logging_mixin.py:190} INFO - [2025-04-21T11:43:59.396+0000] {dag.py:4180} INFO - Setting next_dagrun for example_branch_operator to 2025-04-20 00:00:00+00:00, run_after=2025-04-21 00:00:00+00:00
[2025-04-21T11:43:59.432+0000] {processor.py:208} INFO - Processing /home/airflow/.local/lib/python3.12/site-packages/airflow/example_dags/example_branch_operator.py took 0.200 seconds
[2025-04-21T11:44:30.203+0000] {processor.py:186} INFO - Started process (PID=6481) to work on /home/airflow/.local/lib/python3.12/site-packages/airflow/example_dags/example_branch_operator.py
[2025-04-21T11:44:30.205+0000] {processor.py:914} INFO - Processing file /home/airflow/.local/lib/python3.12/site-packages/airflow/example_dags/example_branch_operator.py for tasks to queue
[2025-04-21T11:44:30.210+0000] {logging_mixin.py:190} INFO - [2025-04-21T11:44:30.209+0000] {dagbag.py:588} INFO - Filling up the DagBag from /home/airflow/.local/lib/python3.12/site-packages/airflow/example_dags/example_branch_operator.py
[2025-04-21T11:44:30.249+0000] {processor.py:925} INFO - DAG(s) 'example_branch_operator' retrieved from /home/airflow/.local/lib/python3.12/site-packages/airflow/example_dags/example_branch_operator.py
[2025-04-21T11:44:30.300+0000] {logging_mixin.py:190} INFO - [2025-04-21T11:44:30.300+0000] {dag.py:3239} INFO - Sync 1 DAGs
[2025-04-21T11:44:30.352+0000] {logging_mixin.py:190} INFO - [2025-04-21T11:44:30.352+0000] {dag.py:4180} INFO - Setting next_dagrun for example_branch_operator to 2025-04-20 00:00:00+00:00, run_after=2025-04-21 00:00:00+00:00
[2025-04-21T11:44:30.386+0000] {processor.py:208} INFO - Processing /home/airflow/.local/lib/python3.12/site-packages/airflow/example_dags/example_branch_operator.py took 0.194 seconds
[2025-04-21T11:45:00.776+0000] {processor.py:186} INFO - Started process (PID=6545) to work on /home/airflow/.local/lib/python3.12/site-packages/airflow/example_dags/example_branch_operator.py
[2025-04-21T11:45:00.777+0000] {processor.py:914} INFO - Processing file /home/airflow/.local/lib/python3.12/site-packages/airflow/example_dags/example_branch_operator.py for tasks to queue
[2025-04-21T11:45:00.781+0000] {logging_mixin.py:190} INFO - [2025-04-21T11:45:00.781+0000] {dagbag.py:588} INFO - Filling up the DagBag from /home/airflow/.local/lib/python3.12/site-packages/airflow/example_dags/example_branch_operator.py
[2025-04-21T11:45:00.819+0000] {processor.py:925} INFO - DAG(s) 'example_branch_operator' retrieved from /home/airflow/.local/lib/python3.12/site-packages/airflow/example_dags/example_branch_operator.py
[2025-04-21T11:45:00.879+0000] {logging_mixin.py:190} INFO - [2025-04-21T11:45:00.878+0000] {dag.py:3239} INFO - Sync 1 DAGs
[2025-04-21T11:45:00.934+0000] {logging_mixin.py:190} INFO - [2025-04-21T11:45:00.934+0000] {dag.py:4180} INFO - Setting next_dagrun for example_branch_operator to 2025-04-20 00:00:00+00:00, run_after=2025-04-21 00:00:00+00:00
[2025-04-21T11:45:00.973+0000] {processor.py:208} INFO - Processing /home/airflow/.local/lib/python3.12/site-packages/airflow/example_dags/example_branch_operator.py took 0.205 seconds
[2025-04-21T11:45:31.318+0000] {processor.py:186} INFO - Started process (PID=6610) to work on /home/airflow/.local/lib/python3.12/site-packages/airflow/example_dags/example_branch_operator.py
[2025-04-21T11:45:31.319+0000] {processor.py:914} INFO - Processing file /home/airflow/.local/lib/python3.12/site-packages/airflow/example_dags/example_branch_operator.py for tasks to queue
[2025-04-21T11:45:31.324+0000] {logging_mixin.py:190} INFO - [2025-04-21T11:45:31.323+0000] {dagbag.py:588} INFO - Filling up the DagBag from /home/airflow/.local/lib/python3.12/site-packages/airflow/example_dags/example_branch_operator.py
[2025-04-21T11:45:31.364+0000] {processor.py:925} INFO - DAG(s) 'example_branch_operator' retrieved from /home/airflow/.local/lib/python3.12/site-packages/airflow/example_dags/example_branch_operator.py
[2025-04-21T11:45:31.426+0000] {logging_mixin.py:190} INFO - [2025-04-21T11:45:31.426+0000] {dag.py:3239} INFO - Sync 1 DAGs
[2025-04-21T11:45:31.473+0000] {logging_mixin.py:190} INFO - [2025-04-21T11:45:31.473+0000] {dag.py:4180} INFO - Setting next_dagrun for example_branch_operator to 2025-04-20 00:00:00+00:00, run_after=2025-04-21 00:00:00+00:00
[2025-04-21T11:45:31.507+0000] {processor.py:208} INFO - Processing /home/airflow/.local/lib/python3.12/site-packages/airflow/example_dags/example_branch_operator.py took 0.202 seconds
[2025-04-21T11:46:01.706+0000] {processor.py:186} INFO - Started process (PID=6675) to work on /home/airflow/.local/lib/python3.12/site-packages/airflow/example_dags/example_branch_operator.py
[2025-04-21T11:46:01.707+0000] {processor.py:914} INFO - Processing file /home/airflow/.local/lib/python3.12/site-packages/airflow/example_dags/example_branch_operator.py for tasks to queue
[2025-04-21T11:46:01.711+0000] {logging_mixin.py:190} INFO - [2025-04-21T11:46:01.710+0000] {dagbag.py:588} INFO - Filling up the DagBag from /home/airflow/.local/lib/python3.12/site-packages/airflow/example_dags/example_branch_operator.py
[2025-04-21T11:46:01.738+0000] {processor.py:925} INFO - DAG(s) 'example_branch_operator' retrieved from /home/airflow/.local/lib/python3.12/site-packages/airflow/example_dags/example_branch_operator.py
[2025-04-21T11:46:01.784+0000] {logging_mixin.py:190} INFO - [2025-04-21T11:46:01.784+0000] {dag.py:3239} INFO - Sync 1 DAGs
[2025-04-21T11:46:01.822+0000] {logging_mixin.py:190} INFO - [2025-04-21T11:46:01.821+0000] {dag.py:4180} INFO - Setting next_dagrun for example_branch_operator to 2025-04-20 00:00:00+00:00, run_after=2025-04-21 00:00:00+00:00
[2025-04-21T11:46:01.858+0000] {processor.py:208} INFO - Processing /home/airflow/.local/lib/python3.12/site-packages/airflow/example_dags/example_branch_operator.py took 0.162 seconds
[2025-04-21T11:46:32.280+0000] {processor.py:186} INFO - Started process (PID=6737) to work on /home/airflow/.local/lib/python3.12/site-packages/airflow/example_dags/example_branch_operator.py
[2025-04-21T11:46:32.281+0000] {processor.py:914} INFO - Processing file /home/airflow/.local/lib/python3.12/site-packages/airflow/example_dags/example_branch_operator.py for tasks to queue
[2025-04-21T11:46:32.284+0000] {logging_mixin.py:190} INFO - [2025-04-21T11:46:32.284+0000] {dagbag.py:588} INFO - Filling up the DagBag from /home/airflow/.local/lib/python3.12/site-packages/airflow/example_dags/example_branch_operator.py
[2025-04-21T11:46:32.312+0000] {processor.py:925} INFO - DAG(s) 'example_branch_operator' retrieved from /home/airflow/.local/lib/python3.12/site-packages/airflow/example_dags/example_branch_operator.py
[2025-04-21T11:46:32.366+0000] {logging_mixin.py:190} INFO - [2025-04-21T11:46:32.365+0000] {dag.py:3239} INFO - Sync 1 DAGs
[2025-04-21T11:46:32.416+0000] {logging_mixin.py:190} INFO - [2025-04-21T11:46:32.416+0000] {dag.py:4180} INFO - Setting next_dagrun for example_branch_operator to 2025-04-20 00:00:00+00:00, run_after=2025-04-21 00:00:00+00:00
[2025-04-21T11:46:32.452+0000] {processor.py:208} INFO - Processing /home/airflow/.local/lib/python3.12/site-packages/airflow/example_dags/example_branch_operator.py took 0.180 seconds
[2025-04-21T11:47:02.831+0000] {processor.py:186} INFO - Started process (PID=6801) to work on /home/airflow/.local/lib/python3.12/site-packages/airflow/example_dags/example_branch_operator.py
[2025-04-21T11:47:02.833+0000] {processor.py:914} INFO - Processing file /home/airflow/.local/lib/python3.12/site-packages/airflow/example_dags/example_branch_operator.py for tasks to queue
[2025-04-21T11:47:02.837+0000] {logging_mixin.py:190} INFO - [2025-04-21T11:47:02.836+0000] {dagbag.py:588} INFO - Filling up the DagBag from /home/airflow/.local/lib/python3.12/site-packages/airflow/example_dags/example_branch_operator.py
[2025-04-21T11:47:02.876+0000] {processor.py:925} INFO - DAG(s) 'example_branch_operator' retrieved from /home/airflow/.local/lib/python3.12/site-packages/airflow/example_dags/example_branch_operator.py
[2025-04-21T11:47:02.930+0000] {logging_mixin.py:190} INFO - [2025-04-21T11:47:02.930+0000] {dag.py:3239} INFO - Sync 1 DAGs
[2025-04-21T11:47:02.974+0000] {logging_mixin.py:190} INFO - [2025-04-21T11:47:02.974+0000] {dag.py:4180} INFO - Setting next_dagrun for example_branch_operator to 2025-04-20 00:00:00+00:00, run_after=2025-04-21 00:00:00+00:00
[2025-04-21T11:47:03.010+0000] {processor.py:208} INFO - Processing /home/airflow/.local/lib/python3.12/site-packages/airflow/example_dags/example_branch_operator.py took 0.191 seconds
[2025-04-21T11:47:33.287+0000] {processor.py:186} INFO - Started process (PID=6865) to work on /home/airflow/.local/lib/python3.12/site-packages/airflow/example_dags/example_branch_operator.py
[2025-04-21T11:47:33.288+0000] {processor.py:914} INFO - Processing file /home/airflow/.local/lib/python3.12/site-packages/airflow/example_dags/example_branch_operator.py for tasks to queue
[2025-04-21T11:47:33.292+0000] {logging_mixin.py:190} INFO - [2025-04-21T11:47:33.291+0000] {dagbag.py:588} INFO - Filling up the DagBag from /home/airflow/.local/lib/python3.12/site-packages/airflow/example_dags/example_branch_operator.py
[2025-04-21T11:47:33.315+0000] {processor.py:925} INFO - DAG(s) 'example_branch_operator' retrieved from /home/airflow/.local/lib/python3.12/site-packages/airflow/example_dags/example_branch_operator.py
[2025-04-21T11:47:33.351+0000] {logging_mixin.py:190} INFO - [2025-04-21T11:47:33.351+0000] {dag.py:3239} INFO - Sync 1 DAGs
[2025-04-21T11:47:33.381+0000] {logging_mixin.py:190} INFO - [2025-04-21T11:47:33.381+0000] {dag.py:4180} INFO - Setting next_dagrun for example_branch_operator to 2025-04-20 00:00:00+00:00, run_after=2025-04-21 00:00:00+00:00
[2025-04-21T11:47:33.408+0000] {processor.py:208} INFO - Processing /home/airflow/.local/lib/python3.12/site-packages/airflow/example_dags/example_branch_operator.py took 0.130 seconds
[2025-04-21T11:48:03.970+0000] {processor.py:186} INFO - Started process (PID=6929) to work on /home/airflow/.local/lib/python3.12/site-packages/airflow/example_dags/example_branch_operator.py
[2025-04-21T11:48:03.971+0000] {processor.py:914} INFO - Processing file /home/airflow/.local/lib/python3.12/site-packages/airflow/example_dags/example_branch_operator.py for tasks to queue
[2025-04-21T11:48:03.976+0000] {logging_mixin.py:190} INFO - [2025-04-21T11:48:03.975+0000] {dagbag.py:588} INFO - Filling up the DagBag from /home/airflow/.local/lib/python3.12/site-packages/airflow/example_dags/example_branch_operator.py
[2025-04-21T11:48:04.003+0000] {processor.py:925} INFO - DAG(s) 'example_branch_operator' retrieved from /home/airflow/.local/lib/python3.12/site-packages/airflow/example_dags/example_branch_operator.py
[2025-04-21T11:48:04.058+0000] {logging_mixin.py:190} INFO - [2025-04-21T11:48:04.057+0000] {dag.py:3239} INFO - Sync 1 DAGs
[2025-04-21T11:48:04.090+0000] {logging_mixin.py:190} INFO - [2025-04-21T11:48:04.090+0000] {dag.py:4180} INFO - Setting next_dagrun for example_branch_operator to 2025-04-20 00:00:00+00:00, run_after=2025-04-21 00:00:00+00:00
[2025-04-21T11:48:04.124+0000] {processor.py:208} INFO - Processing /home/airflow/.local/lib/python3.12/site-packages/airflow/example_dags/example_branch_operator.py took 0.162 seconds
[2025-04-21T11:48:34.617+0000] {processor.py:186} INFO - Started process (PID=6993) to work on /home/airflow/.local/lib/python3.12/site-packages/airflow/example_dags/example_branch_operator.py
[2025-04-21T11:48:34.619+0000] {processor.py:914} INFO - Processing file /home/airflow/.local/lib/python3.12/site-packages/airflow/example_dags/example_branch_operator.py for tasks to queue
[2025-04-21T11:48:34.625+0000] {logging_mixin.py:190} INFO - [2025-04-21T11:48:34.624+0000] {dagbag.py:588} INFO - Filling up the DagBag from /home/airflow/.local/lib/python3.12/site-packages/airflow/example_dags/example_branch_operator.py
[2025-04-21T11:48:34.664+0000] {processor.py:925} INFO - DAG(s) 'example_branch_operator' retrieved from /home/airflow/.local/lib/python3.12/site-packages/airflow/example_dags/example_branch_operator.py
[2025-04-21T11:48:34.727+0000] {logging_mixin.py:190} INFO - [2025-04-21T11:48:34.726+0000] {dag.py:3239} INFO - Sync 1 DAGs
[2025-04-21T11:48:34.778+0000] {logging_mixin.py:190} INFO - [2025-04-21T11:48:34.777+0000] {dag.py:4180} INFO - Setting next_dagrun for example_branch_operator to 2025-04-20 00:00:00+00:00, run_after=2025-04-21 00:00:00+00:00
[2025-04-21T11:48:34.818+0000] {processor.py:208} INFO - Processing /home/airflow/.local/lib/python3.12/site-packages/airflow/example_dags/example_branch_operator.py took 0.213 seconds
[2025-04-21T11:49:05.081+0000] {processor.py:186} INFO - Started process (PID=7057) to work on /home/airflow/.local/lib/python3.12/site-packages/airflow/example_dags/example_branch_operator.py
[2025-04-21T11:49:05.084+0000] {processor.py:914} INFO - Processing file /home/airflow/.local/lib/python3.12/site-packages/airflow/example_dags/example_branch_operator.py for tasks to queue
[2025-04-21T11:49:05.089+0000] {logging_mixin.py:190} INFO - [2025-04-21T11:49:05.088+0000] {dagbag.py:588} INFO - Filling up the DagBag from /home/airflow/.local/lib/python3.12/site-packages/airflow/example_dags/example_branch_operator.py
[2025-04-21T11:49:05.129+0000] {processor.py:925} INFO - DAG(s) 'example_branch_operator' retrieved from /home/airflow/.local/lib/python3.12/site-packages/airflow/example_dags/example_branch_operator.py
[2025-04-21T11:49:05.190+0000] {logging_mixin.py:190} INFO - [2025-04-21T11:49:05.190+0000] {dag.py:3239} INFO - Sync 1 DAGs
[2025-04-21T11:49:05.245+0000] {logging_mixin.py:190} INFO - [2025-04-21T11:49:05.244+0000] {dag.py:4180} INFO - Setting next_dagrun for example_branch_operator to 2025-04-20 00:00:00+00:00, run_after=2025-04-21 00:00:00+00:00
[2025-04-21T11:49:05.279+0000] {processor.py:208} INFO - Processing /home/airflow/.local/lib/python3.12/site-packages/airflow/example_dags/example_branch_operator.py took 0.211 seconds
[2025-04-21T11:49:35.404+0000] {processor.py:186} INFO - Started process (PID=7121) to work on /home/airflow/.local/lib/python3.12/site-packages/airflow/example_dags/example_branch_operator.py
[2025-04-21T11:49:35.405+0000] {processor.py:914} INFO - Processing file /home/airflow/.local/lib/python3.12/site-packages/airflow/example_dags/example_branch_operator.py for tasks to queue
[2025-04-21T11:49:35.409+0000] {logging_mixin.py:190} INFO - [2025-04-21T11:49:35.408+0000] {dagbag.py:588} INFO - Filling up the DagBag from /home/airflow/.local/lib/python3.12/site-packages/airflow/example_dags/example_branch_operator.py
[2025-04-21T11:49:35.434+0000] {processor.py:925} INFO - DAG(s) 'example_branch_operator' retrieved from /home/airflow/.local/lib/python3.12/site-packages/airflow/example_dags/example_branch_operator.py
[2025-04-21T11:49:35.474+0000] {logging_mixin.py:190} INFO - [2025-04-21T11:49:35.473+0000] {dag.py:3239} INFO - Sync 1 DAGs
[2025-04-21T11:49:35.505+0000] {logging_mixin.py:190} INFO - [2025-04-21T11:49:35.504+0000] {dag.py:4180} INFO - Setting next_dagrun for example_branch_operator to 2025-04-20 00:00:00+00:00, run_after=2025-04-21 00:00:00+00:00
[2025-04-21T11:49:35.532+0000] {processor.py:208} INFO - Processing /home/airflow/.local/lib/python3.12/site-packages/airflow/example_dags/example_branch_operator.py took 0.140 seconds
[2025-04-21T11:50:05.597+0000] {processor.py:186} INFO - Started process (PID=7185) to work on /home/airflow/.local/lib/python3.12/site-packages/airflow/example_dags/example_branch_operator.py
[2025-04-21T11:50:05.599+0000] {processor.py:914} INFO - Processing file /home/airflow/.local/lib/python3.12/site-packages/airflow/example_dags/example_branch_operator.py for tasks to queue
[2025-04-21T11:50:05.604+0000] {logging_mixin.py:190} INFO - [2025-04-21T11:50:05.603+0000] {dagbag.py:588} INFO - Filling up the DagBag from /home/airflow/.local/lib/python3.12/site-packages/airflow/example_dags/example_branch_operator.py
[2025-04-21T11:50:05.640+0000] {processor.py:925} INFO - DAG(s) 'example_branch_operator' retrieved from /home/airflow/.local/lib/python3.12/site-packages/airflow/example_dags/example_branch_operator.py
[2025-04-21T11:50:05.699+0000] {logging_mixin.py:190} INFO - [2025-04-21T11:50:05.698+0000] {dag.py:3239} INFO - Sync 1 DAGs
[2025-04-21T11:50:05.747+0000] {logging_mixin.py:190} INFO - [2025-04-21T11:50:05.747+0000] {dag.py:4180} INFO - Setting next_dagrun for example_branch_operator to 2025-04-20 00:00:00+00:00, run_after=2025-04-21 00:00:00+00:00
[2025-04-21T11:50:05.786+0000] {processor.py:208} INFO - Processing /home/airflow/.local/lib/python3.12/site-packages/airflow/example_dags/example_branch_operator.py took 0.195 seconds
[2025-04-21T11:50:36.898+0000] {processor.py:186} INFO - Started process (PID=7249) to work on /home/airflow/.local/lib/python3.12/site-packages/airflow/example_dags/example_branch_operator.py
[2025-04-21T11:50:36.900+0000] {processor.py:914} INFO - Processing file /home/airflow/.local/lib/python3.12/site-packages/airflow/example_dags/example_branch_operator.py for tasks to queue
[2025-04-21T11:50:36.905+0000] {logging_mixin.py:190} INFO - [2025-04-21T11:50:36.904+0000] {dagbag.py:588} INFO - Filling up the DagBag from /home/airflow/.local/lib/python3.12/site-packages/airflow/example_dags/example_branch_operator.py
[2025-04-21T11:50:36.934+0000] {processor.py:925} INFO - DAG(s) 'example_branch_operator' retrieved from /home/airflow/.local/lib/python3.12/site-packages/airflow/example_dags/example_branch_operator.py
[2025-04-21T11:50:36.990+0000] {logging_mixin.py:190} INFO - [2025-04-21T11:50:36.989+0000] {dag.py:3239} INFO - Sync 1 DAGs
[2025-04-21T11:50:37.028+0000] {logging_mixin.py:190} INFO - [2025-04-21T11:50:37.028+0000] {dag.py:4180} INFO - Setting next_dagrun for example_branch_operator to 2025-04-20 00:00:00+00:00, run_after=2025-04-21 00:00:00+00:00
[2025-04-21T11:50:37.066+0000] {processor.py:208} INFO - Processing /home/airflow/.local/lib/python3.12/site-packages/airflow/example_dags/example_branch_operator.py took 0.179 seconds
[2025-04-21T11:51:07.402+0000] {processor.py:186} INFO - Started process (PID=7313) to work on /home/airflow/.local/lib/python3.12/site-packages/airflow/example_dags/example_branch_operator.py
[2025-04-21T11:51:07.404+0000] {processor.py:914} INFO - Processing file /home/airflow/.local/lib/python3.12/site-packages/airflow/example_dags/example_branch_operator.py for tasks to queue
[2025-04-21T11:51:07.409+0000] {logging_mixin.py:190} INFO - [2025-04-21T11:51:07.408+0000] {dagbag.py:588} INFO - Filling up the DagBag from /home/airflow/.local/lib/python3.12/site-packages/airflow/example_dags/example_branch_operator.py
[2025-04-21T11:51:07.440+0000] {processor.py:925} INFO - DAG(s) 'example_branch_operator' retrieved from /home/airflow/.local/lib/python3.12/site-packages/airflow/example_dags/example_branch_operator.py
[2025-04-21T11:51:07.491+0000] {logging_mixin.py:190} INFO - [2025-04-21T11:51:07.491+0000] {dag.py:3239} INFO - Sync 1 DAGs
[2025-04-21T11:51:07.534+0000] {logging_mixin.py:190} INFO - [2025-04-21T11:51:07.534+0000] {dag.py:4180} INFO - Setting next_dagrun for example_branch_operator to 2025-04-20 00:00:00+00:00, run_after=2025-04-21 00:00:00+00:00
[2025-04-21T11:51:07.571+0000] {processor.py:208} INFO - Processing /home/airflow/.local/lib/python3.12/site-packages/airflow/example_dags/example_branch_operator.py took 0.177 seconds
[2025-04-21T11:51:39.668+0000] {processor.py:186} INFO - Started process (PID=7383) to work on /home/airflow/.local/lib/python3.12/site-packages/airflow/example_dags/example_branch_operator.py
[2025-04-21T11:51:39.669+0000] {processor.py:914} INFO - Processing file /home/airflow/.local/lib/python3.12/site-packages/airflow/example_dags/example_branch_operator.py for tasks to queue
[2025-04-21T11:51:39.672+0000] {logging_mixin.py:190} INFO - [2025-04-21T11:51:39.672+0000] {dagbag.py:588} INFO - Filling up the DagBag from /home/airflow/.local/lib/python3.12/site-packages/airflow/example_dags/example_branch_operator.py
[2025-04-21T11:51:39.695+0000] {processor.py:925} INFO - DAG(s) 'example_branch_operator' retrieved from /home/airflow/.local/lib/python3.12/site-packages/airflow/example_dags/example_branch_operator.py
[2025-04-21T11:51:39.742+0000] {logging_mixin.py:190} INFO - [2025-04-21T11:51:39.742+0000] {dag.py:3239} INFO - Sync 1 DAGs
[2025-04-21T11:51:39.779+0000] {logging_mixin.py:190} INFO - [2025-04-21T11:51:39.779+0000] {dag.py:4180} INFO - Setting next_dagrun for example_branch_operator to 2025-04-20 00:00:00+00:00, run_after=2025-04-21 00:00:00+00:00
[2025-04-21T11:51:39.805+0000] {processor.py:208} INFO - Processing /home/airflow/.local/lib/python3.12/site-packages/airflow/example_dags/example_branch_operator.py took 0.146 seconds
[2025-04-21T11:52:12.373+0000] {processor.py:186} INFO - Started process (PID=7447) to work on /home/airflow/.local/lib/python3.12/site-packages/airflow/example_dags/example_branch_operator.py
[2025-04-21T11:52:12.375+0000] {processor.py:914} INFO - Processing file /home/airflow/.local/lib/python3.12/site-packages/airflow/example_dags/example_branch_operator.py for tasks to queue
[2025-04-21T11:52:12.379+0000] {logging_mixin.py:190} INFO - [2025-04-21T11:52:12.379+0000] {dagbag.py:588} INFO - Filling up the DagBag from /home/airflow/.local/lib/python3.12/site-packages/airflow/example_dags/example_branch_operator.py
[2025-04-21T11:52:12.411+0000] {processor.py:925} INFO - DAG(s) 'example_branch_operator' retrieved from /home/airflow/.local/lib/python3.12/site-packages/airflow/example_dags/example_branch_operator.py
[2025-04-21T11:52:12.454+0000] {logging_mixin.py:190} INFO - [2025-04-21T11:52:12.454+0000] {dag.py:3239} INFO - Sync 1 DAGs
[2025-04-21T11:52:12.501+0000] {logging_mixin.py:190} INFO - [2025-04-21T11:52:12.501+0000] {dag.py:4180} INFO - Setting next_dagrun for example_branch_operator to 2025-04-20 00:00:00+00:00, run_after=2025-04-21 00:00:00+00:00
[2025-04-21T11:52:12.542+0000] {processor.py:208} INFO - Processing /home/airflow/.local/lib/python3.12/site-packages/airflow/example_dags/example_branch_operator.py took 0.181 seconds
[2025-04-21T11:52:43.370+0000] {processor.py:186} INFO - Started process (PID=7511) to work on /home/airflow/.local/lib/python3.12/site-packages/airflow/example_dags/example_branch_operator.py
[2025-04-21T11:52:43.371+0000] {processor.py:914} INFO - Processing file /home/airflow/.local/lib/python3.12/site-packages/airflow/example_dags/example_branch_operator.py for tasks to queue
[2025-04-21T11:52:43.375+0000] {logging_mixin.py:190} INFO - [2025-04-21T11:52:43.375+0000] {dagbag.py:588} INFO - Filling up the DagBag from /home/airflow/.local/lib/python3.12/site-packages/airflow/example_dags/example_branch_operator.py
[2025-04-21T11:52:43.410+0000] {processor.py:925} INFO - DAG(s) 'example_branch_operator' retrieved from /home/airflow/.local/lib/python3.12/site-packages/airflow/example_dags/example_branch_operator.py
[2025-04-21T11:52:43.469+0000] {logging_mixin.py:190} INFO - [2025-04-21T11:52:43.469+0000] {dag.py:3239} INFO - Sync 1 DAGs
[2025-04-21T11:52:43.521+0000] {logging_mixin.py:190} INFO - [2025-04-21T11:52:43.520+0000] {dag.py:4180} INFO - Setting next_dagrun for example_branch_operator to 2025-04-20 00:00:00+00:00, run_after=2025-04-21 00:00:00+00:00
[2025-04-21T11:52:43.554+0000] {processor.py:208} INFO - Processing /home/airflow/.local/lib/python3.12/site-packages/airflow/example_dags/example_branch_operator.py took 0.191 seconds
[2025-04-21T11:53:14.285+0000] {processor.py:186} INFO - Started process (PID=7575) to work on /home/airflow/.local/lib/python3.12/site-packages/airflow/example_dags/example_branch_operator.py
[2025-04-21T11:53:14.287+0000] {processor.py:914} INFO - Processing file /home/airflow/.local/lib/python3.12/site-packages/airflow/example_dags/example_branch_operator.py for tasks to queue
[2025-04-21T11:53:14.292+0000] {logging_mixin.py:190} INFO - [2025-04-21T11:53:14.291+0000] {dagbag.py:588} INFO - Filling up the DagBag from /home/airflow/.local/lib/python3.12/site-packages/airflow/example_dags/example_branch_operator.py
[2025-04-21T11:53:14.315+0000] {processor.py:925} INFO - DAG(s) 'example_branch_operator' retrieved from /home/airflow/.local/lib/python3.12/site-packages/airflow/example_dags/example_branch_operator.py
[2025-04-21T11:53:14.362+0000] {logging_mixin.py:190} INFO - [2025-04-21T11:53:14.361+0000] {dag.py:3239} INFO - Sync 1 DAGs
[2025-04-21T11:53:14.396+0000] {logging_mixin.py:190} INFO - [2025-04-21T11:53:14.396+0000] {dag.py:4180} INFO - Setting next_dagrun for example_branch_operator to 2025-04-20 00:00:00+00:00, run_after=2025-04-21 00:00:00+00:00
[2025-04-21T11:53:14.418+0000] {processor.py:208} INFO - Processing /home/airflow/.local/lib/python3.12/site-packages/airflow/example_dags/example_branch_operator.py took 0.145 seconds
[2025-04-21T11:53:45.310+0000] {processor.py:186} INFO - Started process (PID=7638) to work on /home/airflow/.local/lib/python3.12/site-packages/airflow/example_dags/example_branch_operator.py
[2025-04-21T11:53:45.312+0000] {processor.py:914} INFO - Processing file /home/airflow/.local/lib/python3.12/site-packages/airflow/example_dags/example_branch_operator.py for tasks to queue
[2025-04-21T11:53:45.316+0000] {logging_mixin.py:190} INFO - [2025-04-21T11:53:45.316+0000] {dagbag.py:588} INFO - Filling up the DagBag from /home/airflow/.local/lib/python3.12/site-packages/airflow/example_dags/example_branch_operator.py
[2025-04-21T11:53:45.340+0000] {processor.py:925} INFO - DAG(s) 'example_branch_operator' retrieved from /home/airflow/.local/lib/python3.12/site-packages/airflow/example_dags/example_branch_operator.py
[2025-04-21T11:53:45.397+0000] {logging_mixin.py:190} INFO - [2025-04-21T11:53:45.397+0000] {dag.py:3239} INFO - Sync 1 DAGs
[2025-04-21T11:53:45.450+0000] {logging_mixin.py:190} INFO - [2025-04-21T11:53:45.449+0000] {dag.py:4180} INFO - Setting next_dagrun for example_branch_operator to 2025-04-20 00:00:00+00:00, run_after=2025-04-21 00:00:00+00:00
[2025-04-21T11:53:45.489+0000] {processor.py:208} INFO - Processing /home/airflow/.local/lib/python3.12/site-packages/airflow/example_dags/example_branch_operator.py took 0.189 seconds
[2025-04-21T11:54:15.867+0000] {processor.py:186} INFO - Started process (PID=7702) to work on /home/airflow/.local/lib/python3.12/site-packages/airflow/example_dags/example_branch_operator.py
[2025-04-21T11:54:15.869+0000] {processor.py:914} INFO - Processing file /home/airflow/.local/lib/python3.12/site-packages/airflow/example_dags/example_branch_operator.py for tasks to queue
[2025-04-21T11:54:15.874+0000] {logging_mixin.py:190} INFO - [2025-04-21T11:54:15.873+0000] {dagbag.py:588} INFO - Filling up the DagBag from /home/airflow/.local/lib/python3.12/site-packages/airflow/example_dags/example_branch_operator.py
[2025-04-21T11:54:15.903+0000] {processor.py:925} INFO - DAG(s) 'example_branch_operator' retrieved from /home/airflow/.local/lib/python3.12/site-packages/airflow/example_dags/example_branch_operator.py
[2025-04-21T11:54:15.962+0000] {logging_mixin.py:190} INFO - [2025-04-21T11:54:15.962+0000] {dag.py:3239} INFO - Sync 1 DAGs
[2025-04-21T11:54:16.005+0000] {logging_mixin.py:190} INFO - [2025-04-21T11:54:16.005+0000] {dag.py:4180} INFO - Setting next_dagrun for example_branch_operator to 2025-04-20 00:00:00+00:00, run_after=2025-04-21 00:00:00+00:00
[2025-04-21T11:54:16.034+0000] {processor.py:208} INFO - Processing /home/airflow/.local/lib/python3.12/site-packages/airflow/example_dags/example_branch_operator.py took 0.179 seconds
[2025-04-21T11:54:46.082+0000] {processor.py:186} INFO - Started process (PID=7765) to work on /home/airflow/.local/lib/python3.12/site-packages/airflow/example_dags/example_branch_operator.py
[2025-04-21T11:54:46.083+0000] {processor.py:914} INFO - Processing file /home/airflow/.local/lib/python3.12/site-packages/airflow/example_dags/example_branch_operator.py for tasks to queue
[2025-04-21T11:54:46.086+0000] {logging_mixin.py:190} INFO - [2025-04-21T11:54:46.086+0000] {dagbag.py:588} INFO - Filling up the DagBag from /home/airflow/.local/lib/python3.12/site-packages/airflow/example_dags/example_branch_operator.py
[2025-04-21T11:54:46.107+0000] {processor.py:925} INFO - DAG(s) 'example_branch_operator' retrieved from /home/airflow/.local/lib/python3.12/site-packages/airflow/example_dags/example_branch_operator.py
[2025-04-21T11:54:46.140+0000] {logging_mixin.py:190} INFO - [2025-04-21T11:54:46.140+0000] {dag.py:3239} INFO - Sync 1 DAGs
[2025-04-21T11:54:46.169+0000] {logging_mixin.py:190} INFO - [2025-04-21T11:54:46.169+0000] {dag.py:4180} INFO - Setting next_dagrun for example_branch_operator to 2025-04-20 00:00:00+00:00, run_after=2025-04-21 00:00:00+00:00
[2025-04-21T11:54:46.192+0000] {processor.py:208} INFO - Processing /home/airflow/.local/lib/python3.12/site-packages/airflow/example_dags/example_branch_operator.py took 0.118 seconds
[2025-04-21T11:55:16.750+0000] {processor.py:186} INFO - Started process (PID=7829) to work on /home/airflow/.local/lib/python3.12/site-packages/airflow/example_dags/example_branch_operator.py
[2025-04-21T11:55:16.752+0000] {processor.py:914} INFO - Processing file /home/airflow/.local/lib/python3.12/site-packages/airflow/example_dags/example_branch_operator.py for tasks to queue
[2025-04-21T11:55:16.758+0000] {logging_mixin.py:190} INFO - [2025-04-21T11:55:16.757+0000] {dagbag.py:588} INFO - Filling up the DagBag from /home/airflow/.local/lib/python3.12/site-packages/airflow/example_dags/example_branch_operator.py
[2025-04-21T11:55:16.790+0000] {processor.py:925} INFO - DAG(s) 'example_branch_operator' retrieved from /home/airflow/.local/lib/python3.12/site-packages/airflow/example_dags/example_branch_operator.py
[2025-04-21T11:55:16.855+0000] {logging_mixin.py:190} INFO - [2025-04-21T11:55:16.855+0000] {dag.py:3239} INFO - Sync 1 DAGs
[2025-04-21T11:55:16.906+0000] {logging_mixin.py:190} INFO - [2025-04-21T11:55:16.905+0000] {dag.py:4180} INFO - Setting next_dagrun for example_branch_operator to 2025-04-20 00:00:00+00:00, run_after=2025-04-21 00:00:00+00:00
[2025-04-21T11:55:16.945+0000] {processor.py:208} INFO - Processing /home/airflow/.local/lib/python3.12/site-packages/airflow/example_dags/example_branch_operator.py took 0.205 seconds
[2025-04-21T11:55:47.711+0000] {processor.py:186} INFO - Started process (PID=7893) to work on /home/airflow/.local/lib/python3.12/site-packages/airflow/example_dags/example_branch_operator.py
[2025-04-21T11:55:47.713+0000] {processor.py:914} INFO - Processing file /home/airflow/.local/lib/python3.12/site-packages/airflow/example_dags/example_branch_operator.py for tasks to queue
[2025-04-21T11:55:47.717+0000] {logging_mixin.py:190} INFO - [2025-04-21T11:55:47.717+0000] {dagbag.py:588} INFO - Filling up the DagBag from /home/airflow/.local/lib/python3.12/site-packages/airflow/example_dags/example_branch_operator.py
[2025-04-21T11:55:47.740+0000] {processor.py:925} INFO - DAG(s) 'example_branch_operator' retrieved from /home/airflow/.local/lib/python3.12/site-packages/airflow/example_dags/example_branch_operator.py
[2025-04-21T11:55:47.800+0000] {logging_mixin.py:190} INFO - [2025-04-21T11:55:47.800+0000] {dag.py:3239} INFO - Sync 1 DAGs
[2025-04-21T11:55:47.849+0000] {logging_mixin.py:190} INFO - [2025-04-21T11:55:47.849+0000] {dag.py:4180} INFO - Setting next_dagrun for example_branch_operator to 2025-04-20 00:00:00+00:00, run_after=2025-04-21 00:00:00+00:00
[2025-04-21T11:55:47.890+0000] {processor.py:208} INFO - Processing /home/airflow/.local/lib/python3.12/site-packages/airflow/example_dags/example_branch_operator.py took 0.188 seconds
[2025-04-21T11:56:18.468+0000] {processor.py:186} INFO - Started process (PID=7957) to work on /home/airflow/.local/lib/python3.12/site-packages/airflow/example_dags/example_branch_operator.py
[2025-04-21T11:56:18.470+0000] {processor.py:914} INFO - Processing file /home/airflow/.local/lib/python3.12/site-packages/airflow/example_dags/example_branch_operator.py for tasks to queue
[2025-04-21T11:56:18.475+0000] {logging_mixin.py:190} INFO - [2025-04-21T11:56:18.474+0000] {dagbag.py:588} INFO - Filling up the DagBag from /home/airflow/.local/lib/python3.12/site-packages/airflow/example_dags/example_branch_operator.py
[2025-04-21T11:56:18.513+0000] {processor.py:925} INFO - DAG(s) 'example_branch_operator' retrieved from /home/airflow/.local/lib/python3.12/site-packages/airflow/example_dags/example_branch_operator.py
[2025-04-21T11:56:18.569+0000] {logging_mixin.py:190} INFO - [2025-04-21T11:56:18.569+0000] {dag.py:3239} INFO - Sync 1 DAGs
[2025-04-21T11:56:18.611+0000] {logging_mixin.py:190} INFO - [2025-04-21T11:56:18.610+0000] {dag.py:4180} INFO - Setting next_dagrun for example_branch_operator to 2025-04-20 00:00:00+00:00, run_after=2025-04-21 00:00:00+00:00
[2025-04-21T11:56:18.646+0000] {processor.py:208} INFO - Processing /home/airflow/.local/lib/python3.12/site-packages/airflow/example_dags/example_branch_operator.py took 0.185 seconds
[2025-04-21T11:56:48.840+0000] {processor.py:186} INFO - Started process (PID=8021) to work on /home/airflow/.local/lib/python3.12/site-packages/airflow/example_dags/example_branch_operator.py
[2025-04-21T11:56:48.841+0000] {processor.py:914} INFO - Processing file /home/airflow/.local/lib/python3.12/site-packages/airflow/example_dags/example_branch_operator.py for tasks to queue
[2025-04-21T11:56:48.844+0000] {logging_mixin.py:190} INFO - [2025-04-21T11:56:48.844+0000] {dagbag.py:588} INFO - Filling up the DagBag from /home/airflow/.local/lib/python3.12/site-packages/airflow/example_dags/example_branch_operator.py
[2025-04-21T11:56:48.872+0000] {processor.py:925} INFO - DAG(s) 'example_branch_operator' retrieved from /home/airflow/.local/lib/python3.12/site-packages/airflow/example_dags/example_branch_operator.py
[2025-04-21T11:56:48.911+0000] {logging_mixin.py:190} INFO - [2025-04-21T11:56:48.911+0000] {dag.py:3239} INFO - Sync 1 DAGs
[2025-04-21T11:56:48.943+0000] {logging_mixin.py:190} INFO - [2025-04-21T11:56:48.943+0000] {dag.py:4180} INFO - Setting next_dagrun for example_branch_operator to 2025-04-20 00:00:00+00:00, run_after=2025-04-21 00:00:00+00:00
[2025-04-21T11:56:48.971+0000] {processor.py:208} INFO - Processing /home/airflow/.local/lib/python3.12/site-packages/airflow/example_dags/example_branch_operator.py took 0.138 seconds
[2025-04-21T11:57:19.397+0000] {processor.py:186} INFO - Started process (PID=8084) to work on /home/airflow/.local/lib/python3.12/site-packages/airflow/example_dags/example_branch_operator.py
[2025-04-21T11:57:19.399+0000] {processor.py:914} INFO - Processing file /home/airflow/.local/lib/python3.12/site-packages/airflow/example_dags/example_branch_operator.py for tasks to queue
[2025-04-21T11:57:19.404+0000] {logging_mixin.py:190} INFO - [2025-04-21T11:57:19.404+0000] {dagbag.py:588} INFO - Filling up the DagBag from /home/airflow/.local/lib/python3.12/site-packages/airflow/example_dags/example_branch_operator.py
[2025-04-21T11:57:19.440+0000] {processor.py:925} INFO - DAG(s) 'example_branch_operator' retrieved from /home/airflow/.local/lib/python3.12/site-packages/airflow/example_dags/example_branch_operator.py
[2025-04-21T11:57:19.491+0000] {logging_mixin.py:190} INFO - [2025-04-21T11:57:19.490+0000] {dag.py:3239} INFO - Sync 1 DAGs
[2025-04-21T11:57:19.542+0000] {logging_mixin.py:190} INFO - [2025-04-21T11:57:19.542+0000] {dag.py:4180} INFO - Setting next_dagrun for example_branch_operator to 2025-04-20 00:00:00+00:00, run_after=2025-04-21 00:00:00+00:00
[2025-04-21T11:57:19.581+0000] {processor.py:208} INFO - Processing /home/airflow/.local/lib/python3.12/site-packages/airflow/example_dags/example_branch_operator.py took 0.195 seconds
[2025-04-21T11:57:50.226+0000] {processor.py:186} INFO - Started process (PID=8147) to work on /home/airflow/.local/lib/python3.12/site-packages/airflow/example_dags/example_branch_operator.py
[2025-04-21T11:57:50.228+0000] {processor.py:914} INFO - Processing file /home/airflow/.local/lib/python3.12/site-packages/airflow/example_dags/example_branch_operator.py for tasks to queue
[2025-04-21T11:57:50.233+0000] {logging_mixin.py:190} INFO - [2025-04-21T11:57:50.233+0000] {dagbag.py:588} INFO - Filling up the DagBag from /home/airflow/.local/lib/python3.12/site-packages/airflow/example_dags/example_branch_operator.py
[2025-04-21T11:57:50.269+0000] {processor.py:925} INFO - DAG(s) 'example_branch_operator' retrieved from /home/airflow/.local/lib/python3.12/site-packages/airflow/example_dags/example_branch_operator.py
[2025-04-21T11:57:50.330+0000] {logging_mixin.py:190} INFO - [2025-04-21T11:57:50.329+0000] {dag.py:3239} INFO - Sync 1 DAGs
[2025-04-21T11:57:50.379+0000] {logging_mixin.py:190} INFO - [2025-04-21T11:57:50.379+0000] {dag.py:4180} INFO - Setting next_dagrun for example_branch_operator to 2025-04-20 00:00:00+00:00, run_after=2025-04-21 00:00:00+00:00
[2025-04-21T11:57:50.418+0000] {processor.py:208} INFO - Processing /home/airflow/.local/lib/python3.12/site-packages/airflow/example_dags/example_branch_operator.py took 0.204 seconds
[2025-04-21T11:58:20.553+0000] {processor.py:186} INFO - Started process (PID=8211) to work on /home/airflow/.local/lib/python3.12/site-packages/airflow/example_dags/example_branch_operator.py
[2025-04-21T11:58:20.555+0000] {processor.py:914} INFO - Processing file /home/airflow/.local/lib/python3.12/site-packages/airflow/example_dags/example_branch_operator.py for tasks to queue
[2025-04-21T11:58:20.560+0000] {logging_mixin.py:190} INFO - [2025-04-21T11:58:20.560+0000] {dagbag.py:588} INFO - Filling up the DagBag from /home/airflow/.local/lib/python3.12/site-packages/airflow/example_dags/example_branch_operator.py
[2025-04-21T11:58:20.595+0000] {processor.py:925} INFO - DAG(s) 'example_branch_operator' retrieved from /home/airflow/.local/lib/python3.12/site-packages/airflow/example_dags/example_branch_operator.py
[2025-04-21T11:58:20.657+0000] {logging_mixin.py:190} INFO - [2025-04-21T11:58:20.656+0000] {dag.py:3239} INFO - Sync 1 DAGs
[2025-04-21T11:58:20.706+0000] {logging_mixin.py:190} INFO - [2025-04-21T11:58:20.706+0000] {dag.py:4180} INFO - Setting next_dagrun for example_branch_operator to 2025-04-20 00:00:00+00:00, run_after=2025-04-21 00:00:00+00:00
[2025-04-21T11:58:20.745+0000] {processor.py:208} INFO - Processing /home/airflow/.local/lib/python3.12/site-packages/airflow/example_dags/example_branch_operator.py took 0.203 seconds
[2025-04-21T11:58:51.416+0000] {processor.py:186} INFO - Started process (PID=8274) to work on /home/airflow/.local/lib/python3.12/site-packages/airflow/example_dags/example_branch_operator.py
[2025-04-21T11:58:51.417+0000] {processor.py:914} INFO - Processing file /home/airflow/.local/lib/python3.12/site-packages/airflow/example_dags/example_branch_operator.py for tasks to queue
[2025-04-21T11:58:51.422+0000] {logging_mixin.py:190} INFO - [2025-04-21T11:58:51.421+0000] {dagbag.py:588} INFO - Filling up the DagBag from /home/airflow/.local/lib/python3.12/site-packages/airflow/example_dags/example_branch_operator.py
[2025-04-21T11:58:51.451+0000] {processor.py:925} INFO - DAG(s) 'example_branch_operator' retrieved from /home/airflow/.local/lib/python3.12/site-packages/airflow/example_dags/example_branch_operator.py
[2025-04-21T11:58:51.503+0000] {logging_mixin.py:190} INFO - [2025-04-21T11:58:51.502+0000] {dag.py:3239} INFO - Sync 1 DAGs
[2025-04-21T11:58:51.546+0000] {logging_mixin.py:190} INFO - [2025-04-21T11:58:51.546+0000] {dag.py:4180} INFO - Setting next_dagrun for example_branch_operator to 2025-04-20 00:00:00+00:00, run_after=2025-04-21 00:00:00+00:00
[2025-04-21T11:58:51.581+0000] {processor.py:208} INFO - Processing /home/airflow/.local/lib/python3.12/site-packages/airflow/example_dags/example_branch_operator.py took 0.176 seconds
[2025-04-21T11:59:21.868+0000] {processor.py:186} INFO - Started process (PID=8338) to work on /home/airflow/.local/lib/python3.12/site-packages/airflow/example_dags/example_branch_operator.py
[2025-04-21T11:59:21.870+0000] {processor.py:914} INFO - Processing file /home/airflow/.local/lib/python3.12/site-packages/airflow/example_dags/example_branch_operator.py for tasks to queue
[2025-04-21T11:59:21.875+0000] {logging_mixin.py:190} INFO - [2025-04-21T11:59:21.874+0000] {dagbag.py:588} INFO - Filling up the DagBag from /home/airflow/.local/lib/python3.12/site-packages/airflow/example_dags/example_branch_operator.py
[2025-04-21T11:59:21.905+0000] {processor.py:925} INFO - DAG(s) 'example_branch_operator' retrieved from /home/airflow/.local/lib/python3.12/site-packages/airflow/example_dags/example_branch_operator.py
[2025-04-21T11:59:21.949+0000] {logging_mixin.py:190} INFO - [2025-04-21T11:59:21.949+0000] {dag.py:3239} INFO - Sync 1 DAGs
[2025-04-21T11:59:21.993+0000] {logging_mixin.py:190} INFO - [2025-04-21T11:59:21.993+0000] {dag.py:4180} INFO - Setting next_dagrun for example_branch_operator to 2025-04-20 00:00:00+00:00, run_after=2025-04-21 00:00:00+00:00
[2025-04-21T11:59:22.033+0000] {processor.py:208} INFO - Processing /home/airflow/.local/lib/python3.12/site-packages/airflow/example_dags/example_branch_operator.py took 0.175 seconds
[2025-04-21T11:59:52.358+0000] {processor.py:186} INFO - Started process (PID=8402) to work on /home/airflow/.local/lib/python3.12/site-packages/airflow/example_dags/example_branch_operator.py
[2025-04-21T11:59:52.359+0000] {processor.py:914} INFO - Processing file /home/airflow/.local/lib/python3.12/site-packages/airflow/example_dags/example_branch_operator.py for tasks to queue
[2025-04-21T11:59:52.366+0000] {logging_mixin.py:190} INFO - [2025-04-21T11:59:52.365+0000] {dagbag.py:588} INFO - Filling up the DagBag from /home/airflow/.local/lib/python3.12/site-packages/airflow/example_dags/example_branch_operator.py
[2025-04-21T11:59:52.406+0000] {processor.py:925} INFO - DAG(s) 'example_branch_operator' retrieved from /home/airflow/.local/lib/python3.12/site-packages/airflow/example_dags/example_branch_operator.py
[2025-04-21T11:59:52.464+0000] {logging_mixin.py:190} INFO - [2025-04-21T11:59:52.463+0000] {dag.py:3239} INFO - Sync 1 DAGs
[2025-04-21T11:59:52.522+0000] {logging_mixin.py:190} INFO - [2025-04-21T11:59:52.522+0000] {dag.py:4180} INFO - Setting next_dagrun for example_branch_operator to 2025-04-20 00:00:00+00:00, run_after=2025-04-21 00:00:00+00:00
[2025-04-21T11:59:52.554+0000] {processor.py:208} INFO - Processing /home/airflow/.local/lib/python3.12/site-packages/airflow/example_dags/example_branch_operator.py took 0.209 seconds
[2025-04-21T12:00:22.982+0000] {processor.py:186} INFO - Started process (PID=8466) to work on /home/airflow/.local/lib/python3.12/site-packages/airflow/example_dags/example_branch_operator.py
[2025-04-21T12:00:22.984+0000] {processor.py:914} INFO - Processing file /home/airflow/.local/lib/python3.12/site-packages/airflow/example_dags/example_branch_operator.py for tasks to queue
[2025-04-21T12:00:22.988+0000] {logging_mixin.py:190} INFO - [2025-04-21T12:00:22.987+0000] {dagbag.py:588} INFO - Filling up the DagBag from /home/airflow/.local/lib/python3.12/site-packages/airflow/example_dags/example_branch_operator.py
[2025-04-21T12:00:23.029+0000] {processor.py:925} INFO - DAG(s) 'example_branch_operator' retrieved from /home/airflow/.local/lib/python3.12/site-packages/airflow/example_dags/example_branch_operator.py
[2025-04-21T12:00:23.070+0000] {logging_mixin.py:190} INFO - [2025-04-21T12:00:23.070+0000] {dag.py:3239} INFO - Sync 1 DAGs
[2025-04-21T12:00:23.127+0000] {logging_mixin.py:190} INFO - [2025-04-21T12:00:23.127+0000] {dag.py:4180} INFO - Setting next_dagrun for example_branch_operator to 2025-04-20 00:00:00+00:00, run_after=2025-04-21 00:00:00+00:00
[2025-04-21T12:00:23.167+0000] {processor.py:208} INFO - Processing /home/airflow/.local/lib/python3.12/site-packages/airflow/example_dags/example_branch_operator.py took 0.198 seconds
[2025-04-21T12:00:53.431+0000] {processor.py:186} INFO - Started process (PID=8530) to work on /home/airflow/.local/lib/python3.12/site-packages/airflow/example_dags/example_branch_operator.py
[2025-04-21T12:00:53.433+0000] {processor.py:914} INFO - Processing file /home/airflow/.local/lib/python3.12/site-packages/airflow/example_dags/example_branch_operator.py for tasks to queue
[2025-04-21T12:00:53.440+0000] {logging_mixin.py:190} INFO - [2025-04-21T12:00:53.439+0000] {dagbag.py:588} INFO - Filling up the DagBag from /home/airflow/.local/lib/python3.12/site-packages/airflow/example_dags/example_branch_operator.py
[2025-04-21T12:00:53.485+0000] {processor.py:925} INFO - DAG(s) 'example_branch_operator' retrieved from /home/airflow/.local/lib/python3.12/site-packages/airflow/example_dags/example_branch_operator.py
[2025-04-21T12:00:53.555+0000] {logging_mixin.py:190} INFO - [2025-04-21T12:00:53.554+0000] {dag.py:3239} INFO - Sync 1 DAGs
[2025-04-21T12:00:53.609+0000] {logging_mixin.py:190} INFO - [2025-04-21T12:00:53.608+0000] {dag.py:4180} INFO - Setting next_dagrun for example_branch_operator to 2025-04-20 00:00:00+00:00, run_after=2025-04-21 00:00:00+00:00
[2025-04-21T12:00:53.648+0000] {processor.py:208} INFO - Processing /home/airflow/.local/lib/python3.12/site-packages/airflow/example_dags/example_branch_operator.py took 0.231 seconds
[2025-04-21T12:01:23.962+0000] {processor.py:186} INFO - Started process (PID=8594) to work on /home/airflow/.local/lib/python3.12/site-packages/airflow/example_dags/example_branch_operator.py
[2025-04-21T12:01:23.964+0000] {processor.py:914} INFO - Processing file /home/airflow/.local/lib/python3.12/site-packages/airflow/example_dags/example_branch_operator.py for tasks to queue
[2025-04-21T12:01:23.970+0000] {logging_mixin.py:190} INFO - [2025-04-21T12:01:23.969+0000] {dagbag.py:588} INFO - Filling up the DagBag from /home/airflow/.local/lib/python3.12/site-packages/airflow/example_dags/example_branch_operator.py
[2025-04-21T12:01:24.005+0000] {processor.py:925} INFO - DAG(s) 'example_branch_operator' retrieved from /home/airflow/.local/lib/python3.12/site-packages/airflow/example_dags/example_branch_operator.py
[2025-04-21T12:01:24.061+0000] {logging_mixin.py:190} INFO - [2025-04-21T12:01:24.061+0000] {dag.py:3239} INFO - Sync 1 DAGs
[2025-04-21T12:01:24.115+0000] {logging_mixin.py:190} INFO - [2025-04-21T12:01:24.115+0000] {dag.py:4180} INFO - Setting next_dagrun for example_branch_operator to 2025-04-20 00:00:00+00:00, run_after=2025-04-21 00:00:00+00:00
[2025-04-21T12:01:24.158+0000] {processor.py:208} INFO - Processing /home/airflow/.local/lib/python3.12/site-packages/airflow/example_dags/example_branch_operator.py took 0.209 seconds
[2025-04-21T12:01:54.253+0000] {processor.py:186} INFO - Started process (PID=8658) to work on /home/airflow/.local/lib/python3.12/site-packages/airflow/example_dags/example_branch_operator.py
[2025-04-21T12:01:54.255+0000] {processor.py:914} INFO - Processing file /home/airflow/.local/lib/python3.12/site-packages/airflow/example_dags/example_branch_operator.py for tasks to queue
[2025-04-21T12:01:54.261+0000] {logging_mixin.py:190} INFO - [2025-04-21T12:01:54.260+0000] {dagbag.py:588} INFO - Filling up the DagBag from /home/airflow/.local/lib/python3.12/site-packages/airflow/example_dags/example_branch_operator.py
[2025-04-21T12:01:54.302+0000] {processor.py:925} INFO - DAG(s) 'example_branch_operator' retrieved from /home/airflow/.local/lib/python3.12/site-packages/airflow/example_dags/example_branch_operator.py
[2025-04-21T12:01:54.367+0000] {logging_mixin.py:190} INFO - [2025-04-21T12:01:54.366+0000] {dag.py:3239} INFO - Sync 1 DAGs
[2025-04-21T12:01:54.421+0000] {logging_mixin.py:190} INFO - [2025-04-21T12:01:54.421+0000] {dag.py:4180} INFO - Setting next_dagrun for example_branch_operator to 2025-04-20 00:00:00+00:00, run_after=2025-04-21 00:00:00+00:00
[2025-04-21T12:01:54.463+0000] {processor.py:208} INFO - Processing /home/airflow/.local/lib/python3.12/site-packages/airflow/example_dags/example_branch_operator.py took 0.223 seconds
[2025-04-21T12:02:24.563+0000] {processor.py:186} INFO - Started process (PID=8722) to work on /home/airflow/.local/lib/python3.12/site-packages/airflow/example_dags/example_branch_operator.py
[2025-04-21T12:02:24.565+0000] {processor.py:914} INFO - Processing file /home/airflow/.local/lib/python3.12/site-packages/airflow/example_dags/example_branch_operator.py for tasks to queue
[2025-04-21T12:02:24.570+0000] {logging_mixin.py:190} INFO - [2025-04-21T12:02:24.569+0000] {dagbag.py:588} INFO - Filling up the DagBag from /home/airflow/.local/lib/python3.12/site-packages/airflow/example_dags/example_branch_operator.py
[2025-04-21T12:02:24.604+0000] {processor.py:925} INFO - DAG(s) 'example_branch_operator' retrieved from /home/airflow/.local/lib/python3.12/site-packages/airflow/example_dags/example_branch_operator.py
[2025-04-21T12:02:24.665+0000] {logging_mixin.py:190} INFO - [2025-04-21T12:02:24.664+0000] {dag.py:3239} INFO - Sync 1 DAGs
[2025-04-21T12:02:24.718+0000] {logging_mixin.py:190} INFO - [2025-04-21T12:02:24.717+0000] {dag.py:4180} INFO - Setting next_dagrun for example_branch_operator to 2025-04-20 00:00:00+00:00, run_after=2025-04-21 00:00:00+00:00
[2025-04-21T12:02:24.760+0000] {processor.py:208} INFO - Processing /home/airflow/.local/lib/python3.12/site-packages/airflow/example_dags/example_branch_operator.py took 0.205 seconds
[2025-04-21T12:02:55.293+0000] {processor.py:186} INFO - Started process (PID=8786) to work on /home/airflow/.local/lib/python3.12/site-packages/airflow/example_dags/example_branch_operator.py
[2025-04-21T12:02:55.294+0000] {processor.py:914} INFO - Processing file /home/airflow/.local/lib/python3.12/site-packages/airflow/example_dags/example_branch_operator.py for tasks to queue
[2025-04-21T12:02:55.299+0000] {logging_mixin.py:190} INFO - [2025-04-21T12:02:55.299+0000] {dagbag.py:588} INFO - Filling up the DagBag from /home/airflow/.local/lib/python3.12/site-packages/airflow/example_dags/example_branch_operator.py
[2025-04-21T12:02:55.329+0000] {processor.py:925} INFO - DAG(s) 'example_branch_operator' retrieved from /home/airflow/.local/lib/python3.12/site-packages/airflow/example_dags/example_branch_operator.py
[2025-04-21T12:02:55.393+0000] {logging_mixin.py:190} INFO - [2025-04-21T12:02:55.392+0000] {dag.py:3239} INFO - Sync 1 DAGs
[2025-04-21T12:02:55.432+0000] {logging_mixin.py:190} INFO - [2025-04-21T12:02:55.432+0000] {dag.py:4180} INFO - Setting next_dagrun for example_branch_operator to 2025-04-20 00:00:00+00:00, run_after=2025-04-21 00:00:00+00:00
[2025-04-21T12:02:55.466+0000] {processor.py:208} INFO - Processing /home/airflow/.local/lib/python3.12/site-packages/airflow/example_dags/example_branch_operator.py took 0.183 seconds
[2025-04-21T12:03:25.944+0000] {processor.py:186} INFO - Started process (PID=8850) to work on /home/airflow/.local/lib/python3.12/site-packages/airflow/example_dags/example_branch_operator.py
[2025-04-21T12:03:25.947+0000] {processor.py:914} INFO - Processing file /home/airflow/.local/lib/python3.12/site-packages/airflow/example_dags/example_branch_operator.py for tasks to queue
[2025-04-21T12:03:25.952+0000] {logging_mixin.py:190} INFO - [2025-04-21T12:03:25.951+0000] {dagbag.py:588} INFO - Filling up the DagBag from /home/airflow/.local/lib/python3.12/site-packages/airflow/example_dags/example_branch_operator.py
[2025-04-21T12:03:25.977+0000] {processor.py:925} INFO - DAG(s) 'example_branch_operator' retrieved from /home/airflow/.local/lib/python3.12/site-packages/airflow/example_dags/example_branch_operator.py
[2025-04-21T12:03:26.036+0000] {logging_mixin.py:190} INFO - [2025-04-21T12:03:26.035+0000] {dag.py:3239} INFO - Sync 1 DAGs
[2025-04-21T12:03:26.087+0000] {logging_mixin.py:190} INFO - [2025-04-21T12:03:26.086+0000] {dag.py:4180} INFO - Setting next_dagrun for example_branch_operator to 2025-04-20 00:00:00+00:00, run_after=2025-04-21 00:00:00+00:00
[2025-04-21T12:03:26.126+0000] {processor.py:208} INFO - Processing /home/airflow/.local/lib/python3.12/site-packages/airflow/example_dags/example_branch_operator.py took 0.191 seconds
